model	revision	layer	normalized_depth	variant	regime	seed	double_heldout	benchmark_roc_auc	casual_roc_auc	macro_format_roc_auc	worst_format_roc_auc	benchmark_balanced_accuracy	casual_balanced_accuracy	macro_format_balanced_accuracy	worst_format_balanced_accuracy
meta-llama/Llama-3.1-8B-Instruct	default_resolved_by_hub	8	0.25	raw_ridge_0.1	benchmark_only		False	0.8499131944444445	0.8315277777777779	0.8407204861111112	0.8315277777777779	0.76875	0.5125	0.640625	0.5125
meta-llama/Llama-3.1-8B-Instruct	default_resolved_by_hub	8	0.25	raw_ridge_0.1	casual_only		False	0.8205555555555555	0.8546006944444443	0.8375781249999998	0.8205555555555555	0.7208333333333333	0.775	0.7479166666666667	0.7208333333333333
meta-llama/Llama-3.1-8B-Instruct	default_resolved_by_hub	8	0.25	raw_ridge_0.1	mixed	20261011	False	0.8433680555555554	0.8482638888888889	0.8458159722222222	0.8433680555555554	0.7291666666666667	0.7708333333333333	0.75	0.7291666666666667
meta-llama/Llama-3.1-8B-Instruct	default_resolved_by_hub	8	0.25	raw_ridge_0.1	mixed	20261012	False	0.8442881944444445	0.8513194444444445	0.8478038194444445	0.8442881944444445	0.7291666666666667	0.7729166666666667	0.7510416666666667	0.7291666666666667
meta-llama/Llama-3.1-8B-Instruct	default_resolved_by_hub	8	0.25	raw_ridge_0.1	mixed	20261013	False	0.8430555555555557	0.8519270833333334	0.8474913194444446	0.8430555555555557	0.7291666666666667	0.7770833333333333	0.753125	0.7291666666666667
meta-llama/Llama-3.1-8B-Instruct	default_resolved_by_hub	8	0.25	raw_ridge_0.1	mixed	20261014	False	0.8424131944444444	0.8508854166666668	0.8466493055555556	0.8424131944444444	0.7291666666666666	0.7791666666666667	0.7541666666666667	0.7291666666666666
meta-llama/Llama-3.1-8B-Instruct	default_resolved_by_hub	8	0.25	raw_ridge_0.1	mixed	20261015	False	0.8440451388888889	0.8531249999999999	0.8485850694444443	0.8440451388888889	0.73125	0.7749999999999999	0.7531249999999999	0.73125
meta-llama/Llama-3.1-8B-Instruct	default_resolved_by_hub	8	0.25	raw_ridge_0.1	mixed	20261016	False	0.8432291666666667	0.8519965277777777	0.8476128472222222	0.8432291666666667	0.73125	0.7770833333333333	0.7541666666666667	0.73125
meta-llama/Llama-3.1-8B-Instruct	default_resolved_by_hub	8	0.25	raw_ridge_0.1	mixed	20261017	False	0.8432291666666667	0.8461979166666667	0.8447135416666667	0.8432291666666667	0.7270833333333333	0.7708333333333333	0.7489583333333333	0.7270833333333333
meta-llama/Llama-3.1-8B-Instruct	default_resolved_by_hub	8	0.25	raw_ridge_0.1	mixed	20261018	False	0.8442881944444445	0.8501215277777778	0.8472048611111112	0.8442881944444445	0.73125	0.7708333333333333	0.7510416666666666	0.73125
meta-llama/Llama-3.1-8B-Instruct	default_resolved_by_hub	8	0.25	raw_ridge_0.01	benchmark_only		False	0.8500173611111113	0.8315972222222223	0.8408072916666668	0.8315972222222223	0.76875	0.5125	0.640625	0.5125
meta-llama/Llama-3.1-8B-Instruct	default_resolved_by_hub	8	0.25	raw_ridge_0.01	casual_only		False	0.8205555555555555	0.8546354166666666	0.837595486111111	0.8205555555555555	0.7229166666666667	0.775	0.7489583333333334	0.7229166666666667
meta-llama/Llama-3.1-8B-Instruct	default_resolved_by_hub	8	0.25	raw_ridge_0.01	mixed	20261011	False	0.8433680555555555	0.8482638888888889	0.8458159722222223	0.8433680555555555	0.7291666666666667	0.7708333333333333	0.75	0.7291666666666667
meta-llama/Llama-3.1-8B-Instruct	default_resolved_by_hub	8	0.25	raw_ridge_0.01	mixed	20261012	False	0.8443229166666667	0.8513194444444445	0.8478211805555556	0.8443229166666667	0.7291666666666667	0.7729166666666667	0.7510416666666667	0.7291666666666667
meta-llama/Llama-3.1-8B-Instruct	default_resolved_by_hub	8	0.25	raw_ridge_0.01	mixed	20261013	False	0.8430729166666666	0.8519270833333336	0.8475000000000001	0.8430729166666666	0.7291666666666667	0.7770833333333333	0.753125	0.7291666666666667
meta-llama/Llama-3.1-8B-Instruct	default_resolved_by_hub	8	0.25	raw_ridge_0.01	mixed	20261014	False	0.8424479166666666	0.8509027777777778	0.8466753472222222	0.8424479166666666	0.7291666666666666	0.7791666666666667	0.7541666666666667	0.7291666666666666
meta-llama/Llama-3.1-8B-Instruct	default_resolved_by_hub	8	0.25	raw_ridge_0.01	mixed	20261015	False	0.8440972222222223	0.8531770833333334	0.8486371527777778	0.8440972222222223	0.73125	0.7749999999999999	0.7531249999999999	0.73125
meta-llama/Llama-3.1-8B-Instruct	default_resolved_by_hub	8	0.25	raw_ridge_0.01	mixed	20261016	False	0.8432465277777779	0.8520138888888888	0.8476302083333334	0.8432465277777779	0.73125	0.7770833333333333	0.7541666666666667	0.73125
meta-llama/Llama-3.1-8B-Instruct	default_resolved_by_hub	8	0.25	raw_ridge_0.01	mixed	20261017	False	0.84328125	0.8462152777777778	0.8447482638888889	0.84328125	0.7270833333333333	0.7708333333333333	0.7489583333333333	0.7270833333333333
meta-llama/Llama-3.1-8B-Instruct	default_resolved_by_hub	8	0.25	raw_ridge_0.01	mixed	20261018	False	0.8443576388888889	0.8501562500000001	0.8472569444444444	0.8443576388888889	0.73125	0.7708333333333333	0.7510416666666666	0.73125
meta-llama/Llama-3.1-8B-Instruct	default_resolved_by_hub	8	0.25	raw_ridge_1	benchmark_only		False	0.8495833333333334	0.8313715277777779	0.8404774305555556	0.8313715277777779	0.76875	0.5104166666666666	0.6395833333333334	0.5104166666666666
meta-llama/Llama-3.1-8B-Instruct	default_resolved_by_hub	8	0.25	raw_ridge_1	casual_only		False	0.8203298611111112	0.8542708333333333	0.8373003472222222	0.8203298611111112	0.7229166666666667	0.775	0.7489583333333334	0.7229166666666667
meta-llama/Llama-3.1-8B-Instruct	default_resolved_by_hub	8	0.25	raw_ridge_1	mixed	20261011	False	0.8432118055555554	0.8481770833333334	0.8456944444444444	0.8432118055555554	0.7291666666666667	0.7708333333333333	0.75	0.7291666666666667
meta-llama/Llama-3.1-8B-Instruct	default_resolved_by_hub	8	0.25	raw_ridge_1	mixed	20261012	False	0.8440451388888889	0.8512152777777777	0.8476302083333334	0.8440451388888889	0.7291666666666667	0.7729166666666667	0.7510416666666667	0.7291666666666667
meta-llama/Llama-3.1-8B-Instruct	default_resolved_by_hub	8	0.25	raw_ridge_1	mixed	20261013	False	0.8430381944444444	0.8518576388888888	0.8474479166666666	0.8430381944444444	0.7291666666666667	0.7770833333333333	0.753125	0.7291666666666667
meta-llama/Llama-3.1-8B-Instruct	default_resolved_by_hub	8	0.25	raw_ridge_1	mixed	20261014	False	0.8422569444444444	0.85078125	0.8465190972222223	0.8422569444444444	0.7291666666666666	0.7791666666666667	0.7541666666666667	0.7291666666666666
meta-llama/Llama-3.1-8B-Instruct	default_resolved_by_hub	8	0.25	raw_ridge_1	mixed	20261015	False	0.8439583333333334	0.853125	0.8485416666666667	0.8439583333333334	0.73125	0.7729166666666667	0.7520833333333333	0.73125
meta-llama/Llama-3.1-8B-Instruct	default_resolved_by_hub	8	0.25	raw_ridge_1	mixed	20261016	False	0.8430902777777779	0.8519270833333334	0.8475086805555556	0.8430902777777779	0.7333333333333334	0.7770833333333333	0.7552083333333334	0.7333333333333334
meta-llama/Llama-3.1-8B-Instruct	default_resolved_by_hub	8	0.25	raw_ridge_1	mixed	20261017	False	0.8432118055555556	0.8460416666666666	0.844626736111111	0.8432118055555556	0.7270833333333333	0.7708333333333333	0.7489583333333333	0.7270833333333333
meta-llama/Llama-3.1-8B-Instruct	default_resolved_by_hub	8	0.25	raw_ridge_1	mixed	20261018	False	0.8440972222222223	0.8500173611111113	0.8470572916666668	0.8440972222222223	0.73125	0.7708333333333333	0.7510416666666666	0.73125
meta-llama/Llama-3.1-8B-Instruct	default_resolved_by_hub	8	0.25	row_l2_ridge_0.1	benchmark_only		False	0.8490104166666667	0.8181250000000002	0.8335677083333335	0.8181250000000002	0.7645833333333334	0.5	0.6322916666666667	0.5
meta-llama/Llama-3.1-8B-Instruct	default_resolved_by_hub	8	0.25	row_l2_ridge_0.1	casual_only		False	0.8299131944444446	0.8526215277777777	0.8412673611111111	0.8299131944444446	0.6458333333333333	0.7645833333333334	0.7052083333333333	0.6458333333333333
meta-llama/Llama-3.1-8B-Instruct	default_resolved_by_hub	8	0.25	row_l2_ridge_0.1	mixed	20261011	False	0.8436631944444446	0.8447395833333332	0.8442013888888888	0.8436631944444446	0.7354166666666666	0.7666666666666666	0.7510416666666666	0.7354166666666666
meta-llama/Llama-3.1-8B-Instruct	default_resolved_by_hub	8	0.25	row_l2_ridge_0.1	mixed	20261012	False	0.8431597222222222	0.8484375	0.8457986111111111	0.8431597222222222	0.7333333333333334	0.76875	0.7510416666666667	0.7333333333333334
meta-llama/Llama-3.1-8B-Instruct	default_resolved_by_hub	8	0.25	row_l2_ridge_0.1	mixed	20261013	False	0.8412326388888888	0.8495486111111112	0.8453906250000001	0.8412326388888888	0.7354166666666666	0.76875	0.7520833333333333	0.7354166666666666
meta-llama/Llama-3.1-8B-Instruct	default_resolved_by_hub	8	0.25	row_l2_ridge_0.1	mixed	20261014	False	0.8417708333333334	0.8494444444444444	0.8456076388888889	0.8417708333333334	0.7333333333333334	0.7770833333333333	0.7552083333333334	0.7333333333333334
meta-llama/Llama-3.1-8B-Instruct	default_resolved_by_hub	8	0.25	row_l2_ridge_0.1	mixed	20261015	False	0.8432291666666669	0.8499652777777778	0.8465972222222223	0.8432291666666669	0.73125	0.7666666666666666	0.7489583333333333	0.73125
meta-llama/Llama-3.1-8B-Instruct	default_resolved_by_hub	8	0.25	row_l2_ridge_0.1	mixed	20261016	False	0.8428993055555556	0.8487847222222222	0.8458420138888889	0.8428993055555556	0.7375	0.7645833333333334	0.7510416666666667	0.7375
meta-llama/Llama-3.1-8B-Instruct	default_resolved_by_hub	8	0.25	row_l2_ridge_0.1	mixed	20261017	False	0.8420833333333333	0.8431597222222222	0.8426215277777778	0.8420833333333333	0.73125	0.7625	0.746875	0.73125
meta-llama/Llama-3.1-8B-Instruct	default_resolved_by_hub	8	0.25	row_l2_ridge_0.1	mixed	20261018	False	0.8433333333333334	0.8475173611111111	0.8454253472222222	0.8433333333333334	0.7291666666666667	0.7708333333333333	0.75	0.7291666666666667
meta-llama/Llama-3.1-8B-Instruct	default_resolved_by_hub	12	0.375	raw_ridge_0.1	benchmark_only		False	0.8061631944444445	0.7580208333333333	0.7820920138888889	0.7580208333333333	0.7458333333333333	0.53125	0.6385416666666667	0.53125
meta-llama/Llama-3.1-8B-Instruct	default_resolved_by_hub	12	0.375	raw_ridge_0.1	casual_only		False	0.8203298611111112	0.8313020833333333	0.8258159722222222	0.8203298611111112	0.5	0.7604166666666666	0.6302083333333333	0.5
meta-llama/Llama-3.1-8B-Instruct	default_resolved_by_hub	12	0.375	raw_ridge_0.1	mixed	20261011	False	0.8099305555555555	0.8059375	0.8079340277777778	0.8059375	0.7520833333333333	0.7458333333333333	0.7489583333333334	0.7458333333333333
meta-llama/Llama-3.1-8B-Instruct	default_resolved_by_hub	12	0.375	raw_ridge_0.1	mixed	20261012	False	0.8111111111111111	0.8031423611111111	0.8071267361111112	0.8031423611111111	0.75	0.7479166666666667	0.7489583333333334	0.7479166666666667
meta-llama/Llama-3.1-8B-Instruct	default_resolved_by_hub	12	0.375	raw_ridge_0.1	mixed	20261013	False	0.8115798611111111	0.8101215277777778	0.8108506944444445	0.8101215277777778	0.7520833333333333	0.7479166666666667	0.75	0.7479166666666667
meta-llama/Llama-3.1-8B-Instruct	default_resolved_by_hub	12	0.375	raw_ridge_0.1	mixed	20261014	False	0.8118055555555554	0.8090798611111112	0.8104427083333333	0.8090798611111112	0.75	0.7479166666666667	0.7489583333333334	0.7479166666666667
meta-llama/Llama-3.1-8B-Instruct	default_resolved_by_hub	12	0.375	raw_ridge_0.1	mixed	20261015	False	0.8128298611111111	0.8045659722222221	0.8086979166666666	0.8045659722222221	0.76875	0.7416666666666667	0.7552083333333334	0.7416666666666667
meta-llama/Llama-3.1-8B-Instruct	default_resolved_by_hub	12	0.375	raw_ridge_0.1	mixed	20261016	False	0.8081944444444444	0.8143229166666666	0.8112586805555555	0.8081944444444444	0.7541666666666667	0.7479166666666666	0.7510416666666666	0.7479166666666666
meta-llama/Llama-3.1-8B-Instruct	default_resolved_by_hub	12	0.375	raw_ridge_0.1	mixed	20261017	False	0.8133506944444444	0.8011631944444444	0.8072569444444444	0.8011631944444444	0.75625	0.7395833333333334	0.7479166666666667	0.7395833333333334
meta-llama/Llama-3.1-8B-Instruct	default_resolved_by_hub	12	0.375	raw_ridge_0.1	mixed	20261018	False	0.8137673611111111	0.8096180555555554	0.8116927083333333	0.8096180555555554	0.7520833333333333	0.75	0.7510416666666666	0.75
meta-llama/Llama-3.1-8B-Instruct	default_resolved_by_hub	12	0.375	raw_ridge_0.01	benchmark_only		False	0.8061979166666667	0.758125	0.7821614583333334	0.758125	0.7458333333333333	0.53125	0.6385416666666667	0.53125
meta-llama/Llama-3.1-8B-Instruct	default_resolved_by_hub	12	0.375	raw_ridge_0.01	casual_only		False	0.8201736111111111	0.8314409722222222	0.8258072916666667	0.8201736111111111	0.5	0.7604166666666666	0.6302083333333333	0.5
meta-llama/Llama-3.1-8B-Instruct	default_resolved_by_hub	12	0.375	raw_ridge_0.01	mixed	20261011	False	0.8098611111111111	0.8059722222222223	0.8079166666666667	0.8059722222222223	0.7520833333333333	0.7458333333333333	0.7489583333333334	0.7458333333333333
meta-llama/Llama-3.1-8B-Instruct	default_resolved_by_hub	12	0.375	raw_ridge_0.01	mixed	20261012	False	0.8111111111111111	0.8031944444444444	0.8071527777777778	0.8031944444444444	0.75	0.7479166666666667	0.7489583333333334	0.7479166666666667
meta-llama/Llama-3.1-8B-Instruct	default_resolved_by_hub	12	0.375	raw_ridge_0.01	mixed	20261013	False	0.811579861111111	0.8101562499999999	0.8108680555555554	0.8101562499999999	0.7520833333333333	0.7479166666666667	0.75	0.7479166666666667
meta-llama/Llama-3.1-8B-Instruct	default_resolved_by_hub	12	0.375	raw_ridge_0.01	mixed	20261014	False	0.8118229166666666	0.8090625	0.8104427083333333	0.8090625	0.75	0.7479166666666667	0.7489583333333334	0.7479166666666667
meta-llama/Llama-3.1-8B-Instruct	default_resolved_by_hub	12	0.375	raw_ridge_0.01	mixed	20261015	False	0.8128645833333332	0.8046006944444444	0.8087326388888888	0.8046006944444444	0.76875	0.7416666666666667	0.7552083333333334	0.7416666666666667
meta-llama/Llama-3.1-8B-Instruct	default_resolved_by_hub	12	0.375	raw_ridge_0.01	mixed	20261016	False	0.8082465277777777	0.8143402777777777	0.8112934027777777	0.8082465277777777	0.7541666666666667	0.7479166666666666	0.7510416666666666	0.7479166666666666
meta-llama/Llama-3.1-8B-Instruct	default_resolved_by_hub	12	0.375	raw_ridge_0.01	mixed	20261017	False	0.8133333333333334	0.8011458333333333	0.8072395833333333	0.8011458333333333	0.75625	0.7395833333333334	0.7479166666666667	0.7395833333333334
meta-llama/Llama-3.1-8B-Instruct	default_resolved_by_hub	12	0.375	raw_ridge_0.01	mixed	20261018	False	0.8138194444444444	0.8095659722222224	0.8116927083333334	0.8095659722222224	0.7520833333333333	0.75	0.7510416666666666	0.75
meta-llama/Llama-3.1-8B-Instruct	default_resolved_by_hub	12	0.375	raw_ridge_1	benchmark_only		False	0.8057638888888887	0.7577951388888889	0.7817795138888888	0.7577951388888889	0.7479166666666667	0.53125	0.6395833333333334	0.53125
meta-llama/Llama-3.1-8B-Instruct	default_resolved_by_hub	12	0.375	raw_ridge_1	casual_only		False	0.8204340277777777	0.8306944444444445	0.8255642361111111	0.8204340277777777	0.5	0.7583333333333333	0.6291666666666667	0.5
meta-llama/Llama-3.1-8B-Instruct	default_resolved_by_hub	12	0.375	raw_ridge_1	mixed	20261011	False	0.809861111111111	0.8057465277777777	0.8078038194444443	0.8057465277777777	0.7520833333333333	0.7458333333333333	0.7489583333333334	0.7458333333333333
meta-llama/Llama-3.1-8B-Instruct	default_resolved_by_hub	12	0.375	raw_ridge_1	mixed	20261012	False	0.8111631944444444	0.8028819444444444	0.8070225694444444	0.8028819444444444	0.7458333333333333	0.7479166666666667	0.746875	0.7458333333333333
meta-llama/Llama-3.1-8B-Instruct	default_resolved_by_hub	12	0.375	raw_ridge_1	mixed	20261013	False	0.8115104166666667	0.8099652777777778	0.8107378472222222	0.8099652777777778	0.7520833333333333	0.7479166666666667	0.75	0.7479166666666667
meta-llama/Llama-3.1-8B-Instruct	default_resolved_by_hub	12	0.375	raw_ridge_1	mixed	20261014	False	0.8118229166666666	0.8088194444444445	0.8103211805555556	0.8088194444444445	0.75	0.7479166666666667	0.7489583333333334	0.7479166666666667
meta-llama/Llama-3.1-8B-Instruct	default_resolved_by_hub	12	0.375	raw_ridge_1	mixed	20261015	False	0.8127777777777777	0.8043055555555556	0.8085416666666667	0.8043055555555556	0.76875	0.7416666666666667	0.7552083333333334	0.7416666666666667
meta-llama/Llama-3.1-8B-Instruct	default_resolved_by_hub	12	0.375	raw_ridge_1	mixed	20261016	False	0.808125	0.8140451388888887	0.8110850694444444	0.808125	0.7541666666666667	0.7479166666666666	0.7510416666666666	0.7479166666666666
meta-llama/Llama-3.1-8B-Instruct	default_resolved_by_hub	12	0.375	raw_ridge_1	mixed	20261017	False	0.8132465277777777	0.8010416666666667	0.8071440972222221	0.8010416666666667	0.75625	0.7395833333333334	0.7479166666666667	0.7395833333333334
meta-llama/Llama-3.1-8B-Instruct	default_resolved_by_hub	12	0.375	raw_ridge_1	mixed	20261018	False	0.8137500000000001	0.8093055555555556	0.8115277777777778	0.8093055555555556	0.7520833333333333	0.75	0.7510416666666666	0.75
meta-llama/Llama-3.1-8B-Instruct	default_resolved_by_hub	12	0.375	row_l2_ridge_0.1	benchmark_only		False	0.8078125	0.750173611111111	0.7789930555555555	0.750173611111111	0.7520833333333334	0.5125	0.6322916666666667	0.5125
meta-llama/Llama-3.1-8B-Instruct	default_resolved_by_hub	12	0.375	row_l2_ridge_0.1	casual_only		False	0.8256249999999999	0.8392187499999999	0.8324218749999999	0.8256249999999999	0.5020833333333333	0.7541666666666667	0.628125	0.5020833333333333
meta-llama/Llama-3.1-8B-Instruct	default_resolved_by_hub	12	0.375	row_l2_ridge_0.1	mixed	20261011	False	0.8149826388888888	0.8112152777777778	0.8130989583333332	0.8112152777777778	0.7729166666666667	0.7520833333333334	0.7625000000000001	0.7520833333333334
meta-llama/Llama-3.1-8B-Instruct	default_resolved_by_hub	12	0.375	row_l2_ridge_0.1	mixed	20261012	False	0.8157986111111111	0.8081770833333333	0.8119878472222222	0.8081770833333333	0.7645833333333334	0.7437499999999999	0.7541666666666667	0.7437499999999999
meta-llama/Llama-3.1-8B-Instruct	default_resolved_by_hub	12	0.375	row_l2_ridge_0.1	mixed	20261013	False	0.8166493055555556	0.8163020833333334	0.8164756944444445	0.8163020833333334	0.7520833333333334	0.75625	0.7541666666666667	0.7520833333333334
meta-llama/Llama-3.1-8B-Instruct	default_resolved_by_hub	12	0.375	row_l2_ridge_0.1	mixed	20261014	False	0.8167881944444444	0.8155208333333334	0.8161545138888888	0.8155208333333334	0.7666666666666666	0.7541666666666667	0.7604166666666666	0.7541666666666667
meta-llama/Llama-3.1-8B-Instruct	default_resolved_by_hub	12	0.375	row_l2_ridge_0.1	mixed	20261015	False	0.8178124999999999	0.8107291666666667	0.8142708333333333	0.8107291666666667	0.7666666666666666	0.7520833333333333	0.7593749999999999	0.7520833333333333
meta-llama/Llama-3.1-8B-Instruct	default_resolved_by_hub	12	0.375	row_l2_ridge_0.1	mixed	20261016	False	0.8119791666666667	0.8183333333333334	0.81515625	0.8119791666666667	0.7749999999999999	0.7520833333333333	0.7635416666666666	0.7520833333333333
meta-llama/Llama-3.1-8B-Instruct	default_resolved_by_hub	12	0.375	row_l2_ridge_0.1	mixed	20261017	False	0.8183680555555556	0.8064583333333333	0.8124131944444444	0.8064583333333333	0.7666666666666666	0.7458333333333333	0.75625	0.7458333333333333
meta-llama/Llama-3.1-8B-Instruct	default_resolved_by_hub	12	0.375	row_l2_ridge_0.1	mixed	20261018	False	0.8180729166666667	0.81515625	0.8166145833333334	0.81515625	0.7625	0.7541666666666667	0.7583333333333333	0.7541666666666667
meta-llama/Llama-3.1-8B-Instruct	default_resolved_by_hub	12	0.375	raw_ridge_0.1	benchmark_only		True	0.8054340277777778	0.7502256944444445	0.7778298611111112	0.7502256944444445	0.74375	0.5354166666666667	0.6395833333333334	0.5354166666666667
meta-llama/Llama-3.1-8B-Instruct	default_resolved_by_hub	12	0.375	raw_ridge_0.1	casual_only		True	0.8124305555555555	0.830954861111111	0.8216927083333333	0.8124305555555555	0.5	0.7583333333333333	0.6291666666666667	0.5
meta-llama/Llama-3.1-8B-Instruct	default_resolved_by_hub	12	0.375	raw_ridge_0.1	mixed	20261011	True	0.8113715277777778	0.8065104166666666	0.8089409722222222	0.8065104166666666	0.75	0.7458333333333333	0.7479166666666667	0.7458333333333333
meta-llama/Llama-3.1-8B-Instruct	default_resolved_by_hub	12	0.375	raw_ridge_0.1	mixed	20261012	True	0.8090798611111112	0.8061111111111112	0.8075954861111112	0.8061111111111112	0.7520833333333333	0.7458333333333333	0.7489583333333334	0.7458333333333333
meta-llama/Llama-3.1-8B-Instruct	default_resolved_by_hub	12	0.375	raw_ridge_0.1	mixed	20261013	True	0.813125	0.8067187499999999	0.8099218749999999	0.8067187499999999	0.74375	0.75	0.746875	0.74375
meta-llama/Llama-3.1-8B-Instruct	default_resolved_by_hub	12	0.375	raw_ridge_0.1	mixed	20261014	True	0.8135069444444445	0.8043750000000001	0.8089409722222223	0.8043750000000001	0.75625	0.75	0.753125	0.75
meta-llama/Llama-3.1-8B-Instruct	default_resolved_by_hub	12	0.375	raw_ridge_0.1	mixed	20261015	True	0.8099131944444445	0.8097569444444445	0.8098350694444445	0.8097569444444445	0.7541666666666667	0.7354166666666666	0.7447916666666666	0.7354166666666666
meta-llama/Llama-3.1-8B-Instruct	default_resolved_by_hub	12	0.375	raw_ridge_0.1	mixed	20261016	True	0.8106944444444444	0.8056944444444444	0.8081944444444444	0.8056944444444444	0.7520833333333333	0.7375	0.7447916666666667	0.7375
meta-llama/Llama-3.1-8B-Instruct	default_resolved_by_hub	12	0.375	raw_ridge_0.1	mixed	20261017	True	0.8091666666666666	0.8037847222222223	0.8064756944444444	0.8037847222222223	0.7541666666666667	0.7416666666666667	0.7479166666666667	0.7416666666666667
meta-llama/Llama-3.1-8B-Instruct	default_resolved_by_hub	12	0.375	raw_ridge_0.1	mixed	20261018	True	0.8121006944444445	0.8026388888888889	0.8073697916666667	0.8026388888888889	0.7458333333333333	0.7520833333333333	0.7489583333333334	0.7458333333333333
meta-llama/Llama-3.1-8B-Instruct	default_resolved_by_hub	16	0.5	raw_ridge_0.1	benchmark_only		False	0.7265451388888888	0.7599652777777779	0.7432552083333334	0.7265451388888888	0.6833333333333333	0.5958333333333333	0.6395833333333334	0.5958333333333333
meta-llama/Llama-3.1-8B-Instruct	default_resolved_by_hub	16	0.5	raw_ridge_0.1	casual_only		False	0.7540972222222222	0.776996527777778	0.7655468750000001	0.7540972222222222	0.5	0.7	0.6	0.5
meta-llama/Llama-3.1-8B-Instruct	default_resolved_by_hub	16	0.5	raw_ridge_0.1	mixed	20261011	False	0.7555381944444446	0.7639756944444445	0.7597569444444445	0.7555381944444446	0.6666666666666666	0.7	0.6833333333333333	0.6666666666666666
meta-llama/Llama-3.1-8B-Instruct	default_resolved_by_hub	16	0.5	raw_ridge_0.1	mixed	20261012	False	0.7556597222222222	0.7632291666666666	0.7594444444444444	0.7556597222222222	0.6520833333333333	0.70625	0.6791666666666667	0.6520833333333333
meta-llama/Llama-3.1-8B-Instruct	default_resolved_by_hub	16	0.5	raw_ridge_0.1	mixed	20261013	False	0.7609895833333334	0.7671875	0.7640885416666667	0.7609895833333334	0.6354166666666666	0.7	0.6677083333333333	0.6354166666666666
meta-llama/Llama-3.1-8B-Instruct	default_resolved_by_hub	16	0.5	raw_ridge_0.1	mixed	20261014	False	0.7603472222222222	0.7668750000000001	0.7636111111111111	0.7603472222222222	0.6520833333333333	0.7	0.6760416666666667	0.6520833333333333
meta-llama/Llama-3.1-8B-Instruct	default_resolved_by_hub	16	0.5	raw_ridge_0.1	mixed	20261015	False	0.7567361111111109	0.7637673611111111	0.760251736111111	0.7567361111111109	0.6458333333333334	0.7083333333333334	0.6770833333333334	0.6458333333333334
meta-llama/Llama-3.1-8B-Instruct	default_resolved_by_hub	16	0.5	raw_ridge_0.1	mixed	20261016	False	0.7460590277777777	0.7690451388888888	0.7575520833333332	0.7460590277777777	0.65	0.7125	0.68125	0.65
meta-llama/Llama-3.1-8B-Instruct	default_resolved_by_hub	16	0.5	raw_ridge_0.1	mixed	20261017	False	0.7596701388888889	0.7619791666666667	0.7608246527777778	0.7596701388888889	0.6583333333333333	0.7166666666666667	0.6875	0.6583333333333333
meta-llama/Llama-3.1-8B-Instruct	default_resolved_by_hub	16	0.5	raw_ridge_0.1	mixed	20261018	False	0.7611631944444445	0.7618402777777777	0.7615017361111112	0.7611631944444445	0.6604166666666667	0.70625	0.6833333333333333	0.6604166666666667
meta-llama/Llama-3.1-8B-Instruct	default_resolved_by_hub	16	0.5	raw_ridge_0.01	benchmark_only		False	0.7266840277777777	0.7598611111111111	0.7432725694444444	0.7266840277777777	0.6833333333333333	0.5958333333333333	0.6395833333333334	0.5958333333333333
meta-llama/Llama-3.1-8B-Instruct	default_resolved_by_hub	16	0.5	raw_ridge_0.01	casual_only		False	0.7540972222222222	0.7769965277777778	0.7655468750000001	0.7540972222222222	0.5	0.7	0.6	0.5
meta-llama/Llama-3.1-8B-Instruct	default_resolved_by_hub	16	0.5	raw_ridge_0.01	mixed	20261011	False	0.7555381944444446	0.7639409722222223	0.7597395833333335	0.7555381944444446	0.6666666666666666	0.7	0.6833333333333333	0.6666666666666666
meta-llama/Llama-3.1-8B-Instruct	default_resolved_by_hub	16	0.5	raw_ridge_0.01	mixed	20261012	False	0.7556597222222223	0.7631944444444444	0.7594270833333334	0.7556597222222223	0.6520833333333333	0.70625	0.6791666666666667	0.6520833333333333
meta-llama/Llama-3.1-8B-Instruct	default_resolved_by_hub	16	0.5	raw_ridge_0.01	mixed	20261013	False	0.7609722222222223	0.7672048611111112	0.7640885416666667	0.7609722222222223	0.6354166666666666	0.7	0.6677083333333333	0.6354166666666666
meta-llama/Llama-3.1-8B-Instruct	default_resolved_by_hub	16	0.5	raw_ridge_0.01	mixed	20261014	False	0.7603645833333332	0.7668923611111111	0.7636284722222222	0.7603645833333332	0.6520833333333333	0.7	0.6760416666666667	0.6520833333333333
meta-llama/Llama-3.1-8B-Instruct	default_resolved_by_hub	16	0.5	raw_ridge_0.01	mixed	20261015	False	0.7567361111111109	0.7637326388888888	0.7602343749999998	0.7567361111111109	0.6458333333333334	0.7083333333333334	0.6770833333333334	0.6458333333333334
meta-llama/Llama-3.1-8B-Instruct	default_resolved_by_hub	16	0.5	raw_ridge_0.01	mixed	20261016	False	0.7460590277777777	0.7690451388888889	0.7575520833333333	0.7460590277777777	0.65	0.7125	0.68125	0.65
meta-llama/Llama-3.1-8B-Instruct	default_resolved_by_hub	16	0.5	raw_ridge_0.01	mixed	20261017	False	0.7596527777777778	0.7619965277777777	0.7608246527777778	0.7596527777777778	0.6583333333333333	0.7166666666666667	0.6875	0.6583333333333333
meta-llama/Llama-3.1-8B-Instruct	default_resolved_by_hub	16	0.5	raw_ridge_0.01	mixed	20261018	False	0.7611458333333334	0.7618402777777777	0.7614930555555556	0.7611458333333334	0.6604166666666667	0.70625	0.6833333333333333	0.6604166666666667
meta-llama/Llama-3.1-8B-Instruct	default_resolved_by_hub	16	0.5	raw_ridge_1	benchmark_only		False	0.7264236111111111	0.7601215277777778	0.7432725694444444	0.7264236111111111	0.6833333333333333	0.5958333333333333	0.6395833333333334	0.5958333333333333
meta-llama/Llama-3.1-8B-Instruct	default_resolved_by_hub	16	0.5	raw_ridge_1	casual_only		False	0.754375	0.7768576388888889	0.7656163194444445	0.754375	0.5	0.6979166666666667	0.5989583333333334	0.5
meta-llama/Llama-3.1-8B-Instruct	default_resolved_by_hub	16	0.5	raw_ridge_1	mixed	20261011	False	0.7555034722222222	0.76390625	0.7597048611111111	0.7555034722222222	0.6666666666666666	0.7	0.6833333333333333	0.6666666666666666
meta-llama/Llama-3.1-8B-Instruct	default_resolved_by_hub	16	0.5	raw_ridge_1	mixed	20261012	False	0.7555381944444445	0.7633159722222221	0.7594270833333333	0.7555381944444445	0.6520833333333333	0.70625	0.6791666666666667	0.6520833333333333
meta-llama/Llama-3.1-8B-Instruct	default_resolved_by_hub	16	0.5	raw_ridge_1	mixed	20261013	False	0.7610069444444445	0.7671874999999999	0.7640972222222222	0.7610069444444445	0.6333333333333333	0.7	0.6666666666666666	0.6333333333333333
meta-llama/Llama-3.1-8B-Instruct	default_resolved_by_hub	16	0.5	raw_ridge_1	mixed	20261014	False	0.7602951388888889	0.7668402777777777	0.7635677083333333	0.7602951388888889	0.65	0.7	0.675	0.65
meta-llama/Llama-3.1-8B-Instruct	default_resolved_by_hub	16	0.5	raw_ridge_1	mixed	20261015	False	0.7566666666666666	0.7638020833333333	0.760234375	0.7566666666666666	0.6458333333333334	0.7083333333333334	0.6770833333333334	0.6458333333333334
meta-llama/Llama-3.1-8B-Instruct	default_resolved_by_hub	16	0.5	raw_ridge_1	mixed	20261016	False	0.7460069444444444	0.7691145833333333	0.7575607638888888	0.7460069444444444	0.65	0.7125	0.68125	0.65
meta-llama/Llama-3.1-8B-Instruct	default_resolved_by_hub	16	0.5	raw_ridge_1	mixed	20261017	False	0.7597569444444444	0.7620833333333333	0.7609201388888889	0.7597569444444444	0.6583333333333333	0.7166666666666667	0.6875	0.6583333333333333
meta-llama/Llama-3.1-8B-Instruct	default_resolved_by_hub	16	0.5	raw_ridge_1	mixed	20261018	False	0.7611805555555555	0.7617708333333333	0.7614756944444444	0.7611805555555555	0.6604166666666667	0.70625	0.6833333333333333	0.6604166666666667
meta-llama/Llama-3.1-8B-Instruct	default_resolved_by_hub	16	0.5	row_l2_ridge_0.1	benchmark_only		False	0.7269791666666666	0.7541145833333334	0.7405468749999999	0.7269791666666666	0.675	0.6	0.6375	0.6
meta-llama/Llama-3.1-8B-Instruct	default_resolved_by_hub	16	0.5	row_l2_ridge_0.1	casual_only		False	0.7740798611111113	0.7749652777777779	0.7745225694444446	0.7740798611111113	0.5	0.6979166666666666	0.5989583333333333	0.5
meta-llama/Llama-3.1-8B-Instruct	default_resolved_by_hub	16	0.5	row_l2_ridge_0.1	mixed	20261011	False	0.7545486111111112	0.7618576388888889	0.7582031250000001	0.7545486111111112	0.6916666666666667	0.7041666666666666	0.6979166666666666	0.6916666666666667
meta-llama/Llama-3.1-8B-Instruct	default_resolved_by_hub	16	0.5	row_l2_ridge_0.1	mixed	20261012	False	0.75484375	0.7615625	0.7582031250000001	0.75484375	0.68125	0.6979166666666666	0.6895833333333333	0.68125
meta-llama/Llama-3.1-8B-Instruct	default_resolved_by_hub	16	0.5	row_l2_ridge_0.1	mixed	20261013	False	0.7596701388888889	0.7661284722222222	0.7628993055555555	0.7596701388888889	0.6854166666666667	0.6958333333333333	0.690625	0.6854166666666667
meta-llama/Llama-3.1-8B-Instruct	default_resolved_by_hub	16	0.5	row_l2_ridge_0.1	mixed	20261014	False	0.7593923611111111	0.7661631944444445	0.7627777777777778	0.7593923611111111	0.6854166666666667	0.7	0.6927083333333333	0.6854166666666667
meta-llama/Llama-3.1-8B-Instruct	default_resolved_by_hub	16	0.5	row_l2_ridge_0.1	mixed	20261015	False	0.7564062499999998	0.7625520833333334	0.7594791666666666	0.7564062499999998	0.6833333333333333	0.7166666666666667	0.7	0.6833333333333333
meta-llama/Llama-3.1-8B-Instruct	default_resolved_by_hub	16	0.5	row_l2_ridge_0.1	mixed	20261016	False	0.7446527777777778	0.7675173611111112	0.7560850694444445	0.7446527777777778	0.675	0.7041666666666666	0.6895833333333333	0.675
meta-llama/Llama-3.1-8B-Instruct	default_resolved_by_hub	16	0.5	row_l2_ridge_0.1	mixed	20261017	False	0.7580208333333334	0.760763888888889	0.7593923611111112	0.7580208333333334	0.6833333333333333	0.70625	0.6947916666666667	0.6833333333333333
meta-llama/Llama-3.1-8B-Instruct	default_resolved_by_hub	16	0.5	row_l2_ridge_0.1	mixed	20261018	False	0.7597916666666666	0.760642361111111	0.7602170138888888	0.7597916666666666	0.6958333333333333	0.6979166666666667	0.696875	0.6958333333333333
meta-llama/Llama-3.1-8B-Instruct	default_resolved_by_hub	19	0.625	raw_ridge_0.1	benchmark_only		False	0.6929861111111111	0.6973958333333333	0.6951909722222223	0.6929861111111111	0.6312500000000001	0.5	0.565625	0.5
meta-llama/Llama-3.1-8B-Instruct	default_resolved_by_hub	19	0.625	raw_ridge_0.1	casual_only		False	0.6871354166666668	0.7750868055555558	0.7311111111111113	0.6871354166666668	0.5	0.7041666666666666	0.6020833333333333	0.5
meta-llama/Llama-3.1-8B-Instruct	default_resolved_by_hub	19	0.625	raw_ridge_0.1	mixed	20261011	False	0.7091319444444444	0.7631597222222223	0.7361458333333333	0.7091319444444444	0.6499999999999999	0.6916666666666667	0.6708333333333333	0.6499999999999999
meta-llama/Llama-3.1-8B-Instruct	default_resolved_by_hub	19	0.625	raw_ridge_0.1	mixed	20261012	False	0.7104166666666666	0.7630902777777779	0.7367534722222222	0.7104166666666666	0.64375	0.6833333333333333	0.6635416666666667	0.64375
meta-llama/Llama-3.1-8B-Instruct	default_resolved_by_hub	19	0.625	raw_ridge_0.1	mixed	20261013	False	0.7141493055555556	0.7663541666666667	0.7402517361111112	0.7141493055555556	0.6458333333333334	0.6937500000000001	0.6697916666666668	0.6458333333333334
meta-llama/Llama-3.1-8B-Instruct	default_resolved_by_hub	19	0.625	raw_ridge_0.1	mixed	20261014	False	0.7158159722222222	0.7707812500000001	0.7432986111111111	0.7158159722222222	0.6583333333333333	0.6833333333333333	0.6708333333333334	0.6583333333333333
meta-llama/Llama-3.1-8B-Instruct	default_resolved_by_hub	19	0.625	raw_ridge_0.1	mixed	20261015	False	0.7122743055555556	0.7666319444444445	0.739453125	0.7122743055555556	0.6458333333333333	0.6979166666666666	0.671875	0.6458333333333333
meta-llama/Llama-3.1-8B-Instruct	default_resolved_by_hub	19	0.625	raw_ridge_0.1	mixed	20261016	False	0.698888888888889	0.7718229166666667	0.7353559027777778	0.698888888888889	0.6416666666666666	0.7	0.6708333333333333	0.6416666666666666
meta-llama/Llama-3.1-8B-Instruct	default_resolved_by_hub	19	0.625	raw_ridge_0.1	mixed	20261017	False	0.716111111111111	0.7653819444444443	0.7407465277777776	0.716111111111111	0.65625	0.7125	0.684375	0.65625
meta-llama/Llama-3.1-8B-Instruct	default_resolved_by_hub	19	0.625	raw_ridge_0.1	mixed	20261018	False	0.7102777777777778	0.7667361111111112	0.7385069444444445	0.7102777777777778	0.6416666666666666	0.6937500000000001	0.6677083333333333	0.6416666666666666
meta-llama/Llama-3.1-8B-Instruct	default_resolved_by_hub	19	0.625	raw_ridge_0.01	benchmark_only		False	0.6929861111111111	0.6973611111111111	0.6951736111111111	0.6929861111111111	0.6312500000000001	0.5	0.565625	0.5
meta-llama/Llama-3.1-8B-Instruct	default_resolved_by_hub	19	0.625	raw_ridge_0.01	casual_only		False	0.6871354166666668	0.7750520833333335	0.7310937500000001	0.6871354166666668	0.5	0.7041666666666666	0.6020833333333333	0.5
meta-llama/Llama-3.1-8B-Instruct	default_resolved_by_hub	19	0.625	raw_ridge_0.01	mixed	20261011	False	0.7091319444444445	0.7631249999999999	0.7361284722222222	0.7091319444444445	0.6499999999999999	0.6916666666666667	0.6708333333333333	0.6499999999999999
meta-llama/Llama-3.1-8B-Instruct	default_resolved_by_hub	19	0.625	raw_ridge_0.01	mixed	20261012	False	0.7103993055555555	0.7630902777777778	0.7367447916666667	0.7103993055555555	0.64375	0.6833333333333333	0.6635416666666667	0.64375
meta-llama/Llama-3.1-8B-Instruct	default_resolved_by_hub	19	0.625	raw_ridge_0.01	mixed	20261013	False	0.7141493055555556	0.7663541666666667	0.7402517361111112	0.7141493055555556	0.6458333333333334	0.6937500000000001	0.6697916666666668	0.6458333333333334
meta-llama/Llama-3.1-8B-Instruct	default_resolved_by_hub	19	0.625	raw_ridge_0.01	mixed	20261014	False	0.7158506944444445	0.7707638888888889	0.7433072916666668	0.7158506944444445	0.6583333333333333	0.6833333333333333	0.6708333333333334	0.6583333333333333
meta-llama/Llama-3.1-8B-Instruct	default_resolved_by_hub	19	0.625	raw_ridge_0.01	mixed	20261015	False	0.7123090277777778	0.7666666666666666	0.7394878472222222	0.7123090277777778	0.6458333333333333	0.6979166666666666	0.671875	0.6458333333333333
meta-llama/Llama-3.1-8B-Instruct	default_resolved_by_hub	19	0.625	raw_ridge_0.01	mixed	20261016	False	0.6988888888888889	0.7718576388888888	0.7353732638888888	0.6988888888888889	0.6416666666666666	0.7	0.6708333333333333	0.6416666666666666
meta-llama/Llama-3.1-8B-Instruct	default_resolved_by_hub	19	0.625	raw_ridge_0.01	mixed	20261017	False	0.71609375	0.7653993055555555	0.7407465277777777	0.71609375	0.65625	0.7125	0.684375	0.65625
meta-llama/Llama-3.1-8B-Instruct	default_resolved_by_hub	19	0.625	raw_ridge_0.01	mixed	20261018	False	0.7102777777777778	0.7667708333333334	0.7385243055555556	0.7102777777777778	0.6416666666666666	0.6937500000000001	0.6677083333333333	0.6416666666666666
meta-llama/Llama-3.1-8B-Instruct	default_resolved_by_hub	19	0.625	raw_ridge_1	benchmark_only		False	0.6930208333333333	0.6974826388888888	0.695251736111111	0.6930208333333333	0.6312500000000001	0.5	0.565625	0.5
meta-llama/Llama-3.1-8B-Instruct	default_resolved_by_hub	19	0.625	raw_ridge_1	casual_only		False	0.6871875	0.7750694444444444	0.7311284722222222	0.6871875	0.5	0.7041666666666666	0.6020833333333333	0.5
meta-llama/Llama-3.1-8B-Instruct	default_resolved_by_hub	19	0.625	raw_ridge_1	mixed	20261011	False	0.7091493055555557	0.7631423611111111	0.7361458333333334	0.7091493055555557	0.6499999999999999	0.6916666666666667	0.6708333333333333	0.6499999999999999
meta-llama/Llama-3.1-8B-Instruct	default_resolved_by_hub	19	0.625	raw_ridge_1	mixed	20261012	False	0.7104340277777779	0.7631423611111111	0.7367881944444445	0.7104340277777779	0.64375	0.6833333333333333	0.6635416666666667	0.64375
meta-llama/Llama-3.1-8B-Instruct	default_resolved_by_hub	19	0.625	raw_ridge_1	mixed	20261013	False	0.7140972222222222	0.7663541666666668	0.7402256944444445	0.7140972222222222	0.6458333333333334	0.6937500000000001	0.6697916666666668	0.6458333333333334
meta-llama/Llama-3.1-8B-Instruct	default_resolved_by_hub	19	0.625	raw_ridge_1	mixed	20261014	False	0.7158333333333335	0.7707465277777779	0.7432899305555557	0.7158333333333335	0.6583333333333333	0.6833333333333333	0.6708333333333334	0.6583333333333333
meta-llama/Llama-3.1-8B-Instruct	default_resolved_by_hub	19	0.625	raw_ridge_1	mixed	20261015	False	0.7122569444444444	0.7666666666666666	0.7394618055555555	0.7122569444444444	0.6458333333333333	0.6979166666666666	0.671875	0.6458333333333333
meta-llama/Llama-3.1-8B-Instruct	default_resolved_by_hub	19	0.625	raw_ridge_1	mixed	20261016	False	0.6989062500000001	0.7717708333333332	0.7353385416666667	0.6989062500000001	0.6416666666666666	0.7	0.6708333333333333	0.6416666666666666
meta-llama/Llama-3.1-8B-Instruct	default_resolved_by_hub	19	0.625	raw_ridge_1	mixed	20261017	False	0.7161284722222222	0.7652430555555556	0.7406857638888888	0.7161284722222222	0.65625	0.7125	0.684375	0.65625
meta-llama/Llama-3.1-8B-Instruct	default_resolved_by_hub	19	0.625	raw_ridge_1	mixed	20261018	False	0.7102256944444444	0.7667361111111111	0.7384809027777777	0.7102256944444444	0.6416666666666666	0.6937500000000001	0.6677083333333333	0.6416666666666666
meta-llama/Llama-3.1-8B-Instruct	default_resolved_by_hub	19	0.625	row_l2_ridge_0.1	benchmark_only		False	0.6960590277777778	0.7234722222222222	0.709765625	0.6960590277777778	0.6270833333333333	0.5	0.5635416666666666	0.5
meta-llama/Llama-3.1-8B-Instruct	default_resolved_by_hub	19	0.625	row_l2_ridge_0.1	casual_only		False	0.7006249999999999	0.7740451388888889	0.7373350694444445	0.7006249999999999	0.5	0.7020833333333334	0.6010416666666667	0.5
meta-llama/Llama-3.1-8B-Instruct	default_resolved_by_hub	19	0.625	row_l2_ridge_0.1	mixed	20261011	False	0.7087847222222221	0.7609201388888889	0.7348524305555555	0.7087847222222221	0.66875	0.69375	0.6812499999999999	0.66875
meta-llama/Llama-3.1-8B-Instruct	default_resolved_by_hub	19	0.625	row_l2_ridge_0.1	mixed	20261012	False	0.7099826388888889	0.7605381944444445	0.7352604166666667	0.7099826388888889	0.6458333333333334	0.6854166666666666	0.6656249999999999	0.6458333333333334
meta-llama/Llama-3.1-8B-Instruct	default_resolved_by_hub	19	0.625	row_l2_ridge_0.1	mixed	20261013	False	0.7128993055555556	0.76375	0.7383246527777778	0.7128993055555556	0.64375	0.6895833333333333	0.6666666666666667	0.64375
meta-llama/Llama-3.1-8B-Instruct	default_resolved_by_hub	19	0.625	row_l2_ridge_0.1	mixed	20261014	False	0.7145138888888889	0.7681076388888888	0.7413107638888888	0.7145138888888889	0.6520833333333333	0.68125	0.6666666666666667	0.6520833333333333
meta-llama/Llama-3.1-8B-Instruct	default_resolved_by_hub	19	0.625	row_l2_ridge_0.1	mixed	20261015	False	0.7117881944444444	0.7643923611111112	0.7380902777777778	0.7117881944444444	0.65625	0.69375	0.675	0.65625
meta-llama/Llama-3.1-8B-Instruct	default_resolved_by_hub	19	0.625	row_l2_ridge_0.1	mixed	20261016	False	0.6994791666666667	0.7704166666666665	0.7349479166666666	0.6994791666666667	0.6479166666666667	0.6895833333333333	0.66875	0.6479166666666667
meta-llama/Llama-3.1-8B-Instruct	default_resolved_by_hub	19	0.625	row_l2_ridge_0.1	mixed	20261017	False	0.7147916666666667	0.762986111111111	0.7388888888888889	0.7147916666666667	0.6520833333333333	0.7104166666666667	0.68125	0.6520833333333333
meta-llama/Llama-3.1-8B-Instruct	default_resolved_by_hub	19	0.625	row_l2_ridge_0.1	mixed	20261018	False	0.7110416666666668	0.7655208333333333	0.73828125	0.7110416666666668	0.6604166666666667	0.69375	0.6770833333333333	0.6604166666666667
meta-llama/Llama-3.1-8B-Instruct	default_resolved_by_hub	23	0.75	raw_ridge_0.1	benchmark_only		False	0.6881770833333334	0.6434027777777778	0.6657899305555556	0.6434027777777778	0.6312500000000001	0.5	0.565625	0.5
meta-llama/Llama-3.1-8B-Instruct	default_resolved_by_hub	23	0.75	raw_ridge_0.1	casual_only		False	0.6453645833333332	0.7505555555555555	0.6979600694444443	0.6453645833333332	0.5	0.7104166666666667	0.6052083333333333	0.5
meta-llama/Llama-3.1-8B-Instruct	default_resolved_by_hub	23	0.75	raw_ridge_0.1	mixed	20261011	False	0.6891840277777778	0.7456597222222222	0.717421875	0.6891840277777778	0.6208333333333333	0.6854166666666667	0.653125	0.6208333333333333
meta-llama/Llama-3.1-8B-Instruct	default_resolved_by_hub	23	0.75	raw_ridge_0.1	mixed	20261012	False	0.6930902777777778	0.7446875	0.7188888888888889	0.6930902777777778	0.6416666666666666	0.7041666666666666	0.6729166666666666	0.6416666666666666
meta-llama/Llama-3.1-8B-Instruct	default_resolved_by_hub	23	0.75	raw_ridge_0.1	mixed	20261013	False	0.6963194444444446	0.7373437500000001	0.7168315972222223	0.6963194444444446	0.6354166666666667	0.6895833333333333	0.6625000000000001	0.6354166666666667
meta-llama/Llama-3.1-8B-Instruct	default_resolved_by_hub	23	0.75	raw_ridge_0.1	mixed	20261014	False	0.694670138888889	0.7488541666666667	0.7217621527777778	0.694670138888889	0.64375	0.6937500000000001	0.6687500000000001	0.64375
meta-llama/Llama-3.1-8B-Instruct	default_resolved_by_hub	23	0.75	raw_ridge_0.1	mixed	20261015	False	0.6944270833333333	0.7461631944444445	0.7202951388888889	0.6944270833333333	0.6333333333333333	0.7020833333333334	0.6677083333333333	0.6333333333333333
meta-llama/Llama-3.1-8B-Instruct	default_resolved_by_hub	23	0.75	raw_ridge_0.1	mixed	20261016	False	0.682170138888889	0.7510590277777778	0.7166145833333334	0.682170138888889	0.63125	0.6895833333333333	0.6604166666666667	0.63125
meta-llama/Llama-3.1-8B-Instruct	default_resolved_by_hub	23	0.75	raw_ridge_0.1	mixed	20261017	False	0.697795138888889	0.7447743055555555	0.7212847222222223	0.697795138888889	0.6604166666666667	0.7	0.6802083333333333	0.6604166666666667
meta-llama/Llama-3.1-8B-Instruct	default_resolved_by_hub	23	0.75	raw_ridge_0.1	mixed	20261018	False	0.6913541666666667	0.753263888888889	0.7223090277777778	0.6913541666666667	0.6291666666666667	0.6833333333333333	0.65625	0.6291666666666667
meta-llama/Llama-3.1-8B-Instruct	default_resolved_by_hub	23	0.75	raw_ridge_0.01	benchmark_only		False	0.6881597222222222	0.6434201388888889	0.6657899305555556	0.6434201388888889	0.6312500000000001	0.5	0.565625	0.5
meta-llama/Llama-3.1-8B-Instruct	default_resolved_by_hub	23	0.75	raw_ridge_0.01	casual_only		False	0.6453645833333334	0.7505381944444445	0.6979513888888889	0.6453645833333334	0.5	0.7104166666666667	0.6052083333333333	0.5
meta-llama/Llama-3.1-8B-Instruct	default_resolved_by_hub	23	0.75	raw_ridge_0.01	mixed	20261011	False	0.6891840277777778	0.745642361111111	0.7174131944444444	0.6891840277777778	0.6208333333333333	0.6854166666666667	0.653125	0.6208333333333333
meta-llama/Llama-3.1-8B-Instruct	default_resolved_by_hub	23	0.75	raw_ridge_0.01	mixed	20261012	False	0.6930902777777778	0.7446701388888889	0.7188802083333333	0.6930902777777778	0.6416666666666666	0.7041666666666666	0.6729166666666666	0.6416666666666666
meta-llama/Llama-3.1-8B-Instruct	default_resolved_by_hub	23	0.75	raw_ridge_0.01	mixed	20261013	False	0.6963020833333334	0.7373263888888889	0.7168142361111112	0.6963020833333334	0.6375	0.6895833333333333	0.6635416666666667	0.6375
meta-llama/Llama-3.1-8B-Instruct	default_resolved_by_hub	23	0.75	raw_ridge_0.01	mixed	20261014	False	0.6946701388888888	0.7488368055555555	0.7217534722222222	0.6946701388888888	0.64375	0.6937500000000001	0.6687500000000001	0.64375
meta-llama/Llama-3.1-8B-Instruct	default_resolved_by_hub	23	0.75	raw_ridge_0.01	mixed	20261015	False	0.6944444444444444	0.7461631944444445	0.7203038194444444	0.6944444444444444	0.6333333333333333	0.7020833333333334	0.6677083333333333	0.6333333333333333
meta-llama/Llama-3.1-8B-Instruct	default_resolved_by_hub	23	0.75	raw_ridge_0.01	mixed	20261016	False	0.6821875	0.7510590277777778	0.7166232638888889	0.6821875	0.63125	0.6895833333333333	0.6604166666666667	0.63125
meta-llama/Llama-3.1-8B-Instruct	default_resolved_by_hub	23	0.75	raw_ridge_0.01	mixed	20261017	False	0.6977777777777778	0.7448090277777777	0.7212934027777778	0.6977777777777778	0.6604166666666667	0.7	0.6802083333333333	0.6604166666666667
meta-llama/Llama-3.1-8B-Instruct	default_resolved_by_hub	23	0.75	raw_ridge_0.01	mixed	20261018	False	0.6913888888888888	0.7532638888888887	0.7223263888888888	0.6913888888888888	0.6291666666666667	0.6833333333333333	0.65625	0.6291666666666667
meta-llama/Llama-3.1-8B-Instruct	default_resolved_by_hub	23	0.75	raw_ridge_1	benchmark_only		False	0.6881597222222222	0.6435937500000001	0.6658767361111111	0.6435937500000001	0.6333333333333333	0.5	0.5666666666666667	0.5
meta-llama/Llama-3.1-8B-Instruct	default_resolved_by_hub	23	0.75	raw_ridge_1	casual_only		False	0.6453298611111111	0.7505208333333334	0.6979253472222222	0.6453298611111111	0.5	0.7104166666666667	0.6052083333333333	0.5
meta-llama/Llama-3.1-8B-Instruct	default_resolved_by_hub	23	0.75	raw_ridge_1	mixed	20261011	False	0.68921875	0.7456076388888888	0.7174131944444444	0.68921875	0.6208333333333333	0.6854166666666667	0.653125	0.6208333333333333
meta-llama/Llama-3.1-8B-Instruct	default_resolved_by_hub	23	0.75	raw_ridge_1	mixed	20261012	False	0.6931250000000001	0.7446527777777777	0.7188888888888889	0.6931250000000001	0.6416666666666666	0.7020833333333334	0.671875	0.6416666666666666
meta-llama/Llama-3.1-8B-Instruct	default_resolved_by_hub	23	0.75	raw_ridge_1	mixed	20261013	False	0.6963541666666668	0.73734375	0.7168489583333334	0.6963541666666668	0.6354166666666667	0.6895833333333333	0.6625000000000001	0.6354166666666667
meta-llama/Llama-3.1-8B-Instruct	default_resolved_by_hub	23	0.75	raw_ridge_1	mixed	20261014	False	0.6945833333333333	0.7488368055555554	0.7217100694444444	0.6945833333333333	0.64375	0.6937500000000001	0.6687500000000001	0.64375
meta-llama/Llama-3.1-8B-Instruct	default_resolved_by_hub	23	0.75	raw_ridge_1	mixed	20261015	False	0.6945833333333333	0.7461631944444443	0.7203732638888889	0.6945833333333333	0.6333333333333333	0.7020833333333334	0.6677083333333333	0.6333333333333333
meta-llama/Llama-3.1-8B-Instruct	default_resolved_by_hub	23	0.75	raw_ridge_1	mixed	20261016	False	0.6821701388888888	0.751076388888889	0.7166232638888889	0.6821701388888888	0.63125	0.6895833333333333	0.6604166666666667	0.63125
meta-llama/Llama-3.1-8B-Instruct	default_resolved_by_hub	23	0.75	raw_ridge_1	mixed	20261017	False	0.6977951388888889	0.7448263888888889	0.7213107638888889	0.6977951388888889	0.6604166666666667	0.7	0.6802083333333333	0.6604166666666667
meta-llama/Llama-3.1-8B-Instruct	default_resolved_by_hub	23	0.75	raw_ridge_1	mixed	20261018	False	0.6913541666666666	0.7532465277777778	0.7223003472222222	0.6913541666666666	0.6291666666666667	0.6833333333333333	0.65625	0.6291666666666667
meta-llama/Llama-3.1-8B-Instruct	default_resolved_by_hub	23	0.75	row_l2_ridge_0.1	benchmark_only		False	0.6905034722222222	0.6706770833333333	0.6805902777777777	0.6706770833333333	0.6291666666666667	0.5041666666666667	0.5666666666666667	0.5041666666666667
meta-llama/Llama-3.1-8B-Instruct	default_resolved_by_hub	23	0.75	row_l2_ridge_0.1	casual_only		False	0.6511631944444445	0.7482291666666666	0.6996961805555555	0.6511631944444445	0.5083333333333333	0.7041666666666666	0.60625	0.5083333333333333
meta-llama/Llama-3.1-8B-Instruct	default_resolved_by_hub	23	0.75	row_l2_ridge_0.1	mixed	20261011	False	0.686857638888889	0.7423958333333333	0.7146267361111112	0.686857638888889	0.6375	0.6916666666666667	0.6645833333333333	0.6375
meta-llama/Llama-3.1-8B-Instruct	default_resolved_by_hub	23	0.75	row_l2_ridge_0.1	mixed	20261012	False	0.6893576388888889	0.7427777777777778	0.7160677083333333	0.6893576388888889	0.625	0.6875	0.65625	0.625
meta-llama/Llama-3.1-8B-Instruct	default_resolved_by_hub	23	0.75	row_l2_ridge_0.1	mixed	20261013	False	0.6924479166666668	0.733125	0.7127864583333334	0.6924479166666668	0.6458333333333333	0.6937500000000001	0.6697916666666667	0.6458333333333333
meta-llama/Llama-3.1-8B-Instruct	default_resolved_by_hub	23	0.75	row_l2_ridge_0.1	mixed	20261014	False	0.6902604166666666	0.744670138888889	0.7174652777777778	0.6902604166666666	0.6541666666666667	0.66875	0.6614583333333333	0.6541666666666667
meta-llama/Llama-3.1-8B-Instruct	default_resolved_by_hub	23	0.75	row_l2_ridge_0.1	mixed	20261015	False	0.6915625	0.7439583333333333	0.7177604166666667	0.6915625	0.65	0.6895833333333333	0.6697916666666667	0.65
meta-llama/Llama-3.1-8B-Instruct	default_resolved_by_hub	23	0.75	row_l2_ridge_0.1	mixed	20261016	False	0.6809027777777779	0.7480902777777777	0.7144965277777777	0.6809027777777779	0.6375	0.69375	0.6656249999999999	0.6375
meta-llama/Llama-3.1-8B-Instruct	default_resolved_by_hub	23	0.75	row_l2_ridge_0.1	mixed	20261017	False	0.6940104166666666	0.7415972222222221	0.7178038194444444	0.6940104166666666	0.65	0.6958333333333333	0.6729166666666666	0.65
meta-llama/Llama-3.1-8B-Instruct	default_resolved_by_hub	23	0.75	row_l2_ridge_0.1	mixed	20261018	False	0.6881770833333334	0.747986111111111	0.7180815972222222	0.6881770833333334	0.6458333333333333	0.6937500000000001	0.6697916666666667	0.6458333333333333
meta-llama/Llama-3.1-70B-Instruct	default_resolved_by_hub	20	0.25	raw_ridge_0.1	benchmark_only		False	0.9203472222222221	0.8651215277777778	0.892734375	0.8651215277777778	0.8666666666666667	0.7854166666666667	0.8260416666666667	0.7854166666666667
meta-llama/Llama-3.1-70B-Instruct	default_resolved_by_hub	20	0.25	raw_ridge_0.1	casual_only		False	0.944375	0.9290625	0.93671875	0.9290625	0.6395833333333334	0.8520833333333333	0.7458333333333333	0.6395833333333334
meta-llama/Llama-3.1-70B-Instruct	default_resolved_by_hub	20	0.25	raw_ridge_0.1	mixed	20261011	False	0.9416319444444444	0.9192534722222223	0.9304427083333333	0.9192534722222223	0.8875	0.8270833333333334	0.8572916666666667	0.8270833333333334
meta-llama/Llama-3.1-70B-Instruct	default_resolved_by_hub	20	0.25	raw_ridge_0.1	mixed	20261012	False	0.9393229166666667	0.9261979166666666	0.9327604166666666	0.9261979166666666	0.8833333333333333	0.8333333333333333	0.8583333333333333	0.8333333333333333
meta-llama/Llama-3.1-70B-Instruct	default_resolved_by_hub	20	0.25	raw_ridge_0.1	mixed	20261013	False	0.9407118055555556	0.9258680555555556	0.9332899305555555	0.9258680555555556	0.8791666666666667	0.825	0.8520833333333333	0.825
meta-llama/Llama-3.1-70B-Instruct	default_resolved_by_hub	20	0.25	raw_ridge_0.1	mixed	20261014	False	0.9403819444444445	0.9267361111111112	0.9335590277777779	0.9267361111111112	0.8833333333333333	0.8208333333333333	0.8520833333333333	0.8208333333333333
meta-llama/Llama-3.1-70B-Instruct	default_resolved_by_hub	20	0.25	raw_ridge_0.1	mixed	20261015	False	0.9365277777777778	0.9210590277777777	0.9287934027777778	0.9210590277777777	0.8854166666666666	0.825	0.8552083333333333	0.825
meta-llama/Llama-3.1-70B-Instruct	default_resolved_by_hub	20	0.25	raw_ridge_0.1	mixed	20261016	False	0.9419444444444445	0.9225	0.9322222222222223	0.9225	0.8895833333333334	0.8291666666666666	0.859375	0.8291666666666666
meta-llama/Llama-3.1-70B-Instruct	default_resolved_by_hub	20	0.25	raw_ridge_0.1	mixed	20261017	False	0.9389583333333333	0.9148437500000001	0.9269010416666668	0.9148437500000001	0.8833333333333333	0.8291666666666666	0.85625	0.8291666666666666
meta-llama/Llama-3.1-70B-Instruct	default_resolved_by_hub	20	0.25	raw_ridge_0.1	mixed	20261018	False	0.9383159722222223	0.9190104166666666	0.9286631944444445	0.9190104166666666	0.8833333333333333	0.8291666666666666	0.85625	0.8291666666666666
meta-llama/Llama-3.1-70B-Instruct	default_resolved_by_hub	20	0.25	raw_ridge_0.01	benchmark_only		False	0.9205381944444445	0.8650347222222223	0.8927864583333334	0.8650347222222223	0.8666666666666667	0.7854166666666667	0.8260416666666667	0.7854166666666667
meta-llama/Llama-3.1-70B-Instruct	default_resolved_by_hub	20	0.25	raw_ridge_0.01	casual_only		False	0.9442708333333333	0.929236111111111	0.9367534722222222	0.929236111111111	0.6395833333333334	0.8520833333333333	0.7458333333333333	0.6395833333333334
meta-llama/Llama-3.1-70B-Instruct	default_resolved_by_hub	20	0.25	raw_ridge_0.01	mixed	20261011	False	0.9416666666666667	0.9193576388888889	0.9305121527777778	0.9193576388888889	0.8875	0.8270833333333334	0.8572916666666667	0.8270833333333334
meta-llama/Llama-3.1-70B-Instruct	default_resolved_by_hub	20	0.25	raw_ridge_0.01	mixed	20261012	False	0.9394097222222223	0.9264409722222223	0.9329253472222223	0.9264409722222223	0.88125	0.8333333333333333	0.8572916666666666	0.8333333333333333
meta-llama/Llama-3.1-70B-Instruct	default_resolved_by_hub	20	0.25	raw_ridge_0.01	mixed	20261013	False	0.940815972222222	0.9259548611111111	0.9333854166666666	0.9259548611111111	0.8791666666666667	0.825	0.8520833333333333	0.825
meta-llama/Llama-3.1-70B-Instruct	default_resolved_by_hub	20	0.25	raw_ridge_0.01	mixed	20261014	False	0.9404166666666667	0.9268923611111111	0.9336545138888889	0.9268923611111111	0.8833333333333333	0.8208333333333333	0.8520833333333333	0.8208333333333333
meta-llama/Llama-3.1-70B-Instruct	default_resolved_by_hub	20	0.25	raw_ridge_0.01	mixed	20261015	False	0.9365798611111111	0.9212152777777777	0.9288975694444443	0.9212152777777777	0.8854166666666666	0.825	0.8552083333333333	0.825
meta-llama/Llama-3.1-70B-Instruct	default_resolved_by_hub	20	0.25	raw_ridge_0.01	mixed	20261016	False	0.9419444444444445	0.9226909722222222	0.9323177083333334	0.9226909722222222	0.8895833333333334	0.8291666666666666	0.859375	0.8291666666666666
meta-llama/Llama-3.1-70B-Instruct	default_resolved_by_hub	20	0.25	raw_ridge_0.01	mixed	20261017	False	0.939045138888889	0.9150520833333333	0.9270486111111111	0.9150520833333333	0.8833333333333333	0.8291666666666666	0.85625	0.8291666666666666
meta-llama/Llama-3.1-70B-Instruct	default_resolved_by_hub	20	0.25	raw_ridge_0.01	mixed	20261018	False	0.9384201388888889	0.9191840277777777	0.9288020833333333	0.9191840277777777	0.8833333333333333	0.8291666666666666	0.85625	0.8291666666666666
meta-llama/Llama-3.1-70B-Instruct	default_resolved_by_hub	20	0.25	raw_ridge_1	benchmark_only		False	0.919704861111111	0.8653645833333334	0.8925347222222222	0.8653645833333334	0.8666666666666667	0.7854166666666667	0.8260416666666667	0.7854166666666667
meta-llama/Llama-3.1-70B-Instruct	default_resolved_by_hub	20	0.25	raw_ridge_1	casual_only		False	0.9442187499999999	0.9282291666666667	0.9362239583333333	0.9282291666666667	0.6395833333333334	0.8520833333333333	0.7458333333333333	0.6395833333333334
meta-llama/Llama-3.1-70B-Instruct	default_resolved_by_hub	20	0.25	raw_ridge_1	mixed	20261011	False	0.9413194444444445	0.91875	0.9300347222222223	0.91875	0.8875	0.8270833333333334	0.8572916666666667	0.8270833333333334
meta-llama/Llama-3.1-70B-Instruct	default_resolved_by_hub	20	0.25	raw_ridge_1	mixed	20261012	False	0.9391493055555556	0.9255902777777779	0.9323697916666668	0.9255902777777779	0.8833333333333333	0.8333333333333333	0.8583333333333333	0.8333333333333333
meta-llama/Llama-3.1-70B-Instruct	default_resolved_by_hub	20	0.25	raw_ridge_1	mixed	20261013	False	0.9403645833333333	0.9253125	0.9328385416666667	0.9253125	0.8791666666666667	0.8229166666666667	0.8510416666666667	0.8229166666666667
meta-llama/Llama-3.1-70B-Instruct	default_resolved_by_hub	20	0.25	raw_ridge_1	mixed	20261014	False	0.9399652777777778	0.9260069444444444	0.9329861111111111	0.9260069444444444	0.8833333333333333	0.8208333333333333	0.8520833333333333	0.8208333333333333
meta-llama/Llama-3.1-70B-Instruct	default_resolved_by_hub	20	0.25	raw_ridge_1	mixed	20261015	False	0.9363715277777778	0.9205555555555556	0.9284635416666667	0.9205555555555556	0.8854166666666666	0.825	0.8552083333333333	0.825
meta-llama/Llama-3.1-70B-Instruct	default_resolved_by_hub	20	0.25	raw_ridge_1	mixed	20261016	False	0.9418750000000001	0.9218576388888889	0.9318663194444445	0.9218576388888889	0.8895833333333334	0.8291666666666666	0.859375	0.8291666666666666
meta-llama/Llama-3.1-70B-Instruct	default_resolved_by_hub	20	0.25	raw_ridge_1	mixed	20261017	False	0.9388368055555556	0.9142881944444445	0.9265625000000001	0.9142881944444445	0.8833333333333333	0.8291666666666666	0.85625	0.8291666666666666
meta-llama/Llama-3.1-70B-Instruct	default_resolved_by_hub	20	0.25	raw_ridge_1	mixed	20261018	False	0.9380729166666666	0.918420138888889	0.9282465277777778	0.918420138888889	0.8833333333333333	0.8291666666666666	0.85625	0.8291666666666666
meta-llama/Llama-3.1-70B-Instruct	default_resolved_by_hub	20	0.25	row_l2_ridge_0.1	benchmark_only		False	0.9209201388888889	0.8650520833333333	0.892986111111111	0.8650520833333333	0.8666666666666667	0.7854166666666667	0.8260416666666667	0.7854166666666667
meta-llama/Llama-3.1-70B-Instruct	default_resolved_by_hub	20	0.25	row_l2_ridge_0.1	casual_only		False	0.9462152777777778	0.9324652777777779	0.9393402777777778	0.9324652777777779	0.6479166666666667	0.8541666666666667	0.7510416666666667	0.6479166666666667
meta-llama/Llama-3.1-70B-Instruct	default_resolved_by_hub	20	0.25	row_l2_ridge_0.1	mixed	20261011	False	0.94109375	0.9214236111111112	0.9312586805555556	0.9214236111111112	0.89375	0.8291666666666666	0.8614583333333333	0.8291666666666666
meta-llama/Llama-3.1-70B-Instruct	default_resolved_by_hub	20	0.25	row_l2_ridge_0.1	mixed	20261012	False	0.9386979166666667	0.9299131944444444	0.9343055555555555	0.9299131944444444	0.8833333333333333	0.8375	0.8604166666666666	0.8375
meta-llama/Llama-3.1-70B-Instruct	default_resolved_by_hub	20	0.25	row_l2_ridge_0.1	mixed	20261013	False	0.9406944444444445	0.9291666666666666	0.9349305555555556	0.9291666666666666	0.88125	0.8291666666666666	0.8552083333333333	0.8291666666666666
meta-llama/Llama-3.1-70B-Instruct	default_resolved_by_hub	20	0.25	row_l2_ridge_0.1	mixed	20261014	False	0.9390277777777778	0.9295659722222221	0.934296875	0.9295659722222221	0.88125	0.8208333333333333	0.8510416666666667	0.8208333333333333
meta-llama/Llama-3.1-70B-Instruct	default_resolved_by_hub	20	0.25	row_l2_ridge_0.1	mixed	20261015	False	0.9361111111111111	0.9239409722222223	0.9300260416666667	0.9239409722222223	0.88125	0.825	0.8531249999999999	0.825
meta-llama/Llama-3.1-70B-Instruct	default_resolved_by_hub	20	0.25	row_l2_ridge_0.1	mixed	20261016	False	0.9411805555555556	0.9266145833333334	0.9338975694444445	0.9266145833333334	0.8875	0.8291666666666666	0.8583333333333333	0.8291666666666666
meta-llama/Llama-3.1-70B-Instruct	default_resolved_by_hub	20	0.25	row_l2_ridge_0.1	mixed	20261017	False	0.9379861111111111	0.9177430555555556	0.9278645833333333	0.9177430555555556	0.8854166666666666	0.8333333333333333	0.859375	0.8333333333333333
meta-llama/Llama-3.1-70B-Instruct	default_resolved_by_hub	20	0.25	row_l2_ridge_0.1	mixed	20261018	False	0.9378298611111111	0.9225694444444447	0.9301996527777778	0.9225694444444447	0.8854166666666667	0.8354166666666667	0.8604166666666667	0.8354166666666667
meta-llama/Llama-3.1-70B-Instruct	default_resolved_by_hub	30	0.375	raw_ridge_0.1	benchmark_only		False	0.9065277777777778	0.8234375	0.8649826388888889	0.8234375	0.8479166666666667	0.6625	0.7552083333333333	0.6625
meta-llama/Llama-3.1-70B-Instruct	default_resolved_by_hub	30	0.375	raw_ridge_0.1	casual_only		False	0.9097395833333334	0.8692013888888889	0.8894704861111111	0.8692013888888889	0.5	0.8291666666666666	0.6645833333333333	0.5
meta-llama/Llama-3.1-70B-Instruct	default_resolved_by_hub	30	0.375	raw_ridge_0.1	mixed	20261011	False	0.9108506944444443	0.8565277777777778	0.883689236111111	0.8565277777777778	0.8666666666666667	0.8	0.8333333333333334	0.8
meta-llama/Llama-3.1-70B-Instruct	default_resolved_by_hub	30	0.375	raw_ridge_0.1	mixed	20261012	False	0.9094444444444445	0.8619618055555556	0.885703125	0.8619618055555556	0.8708333333333333	0.8083333333333333	0.8395833333333333	0.8083333333333333
meta-llama/Llama-3.1-70B-Instruct	default_resolved_by_hub	30	0.375	raw_ridge_0.1	mixed	20261013	False	0.9043055555555556	0.8666145833333333	0.8854600694444444	0.8666145833333333	0.8583333333333334	0.7958333333333333	0.8270833333333334	0.7958333333333333
meta-llama/Llama-3.1-70B-Instruct	default_resolved_by_hub	30	0.375	raw_ridge_0.1	mixed	20261014	False	0.8992534722222222	0.8648090277777778	0.88203125	0.8648090277777778	0.8520833333333333	0.7916666666666666	0.8218749999999999	0.7916666666666666
meta-llama/Llama-3.1-70B-Instruct	default_resolved_by_hub	30	0.375	raw_ridge_0.1	mixed	20261015	False	0.9030034722222223	0.8558506944444444	0.8794270833333333	0.8558506944444444	0.85625	0.7958333333333333	0.8260416666666666	0.7958333333333333
meta-llama/Llama-3.1-70B-Instruct	default_resolved_by_hub	30	0.375	raw_ridge_0.1	mixed	20261016	False	0.9087326388888889	0.862326388888889	0.885529513888889	0.862326388888889	0.86875	0.8125	0.840625	0.8125
meta-llama/Llama-3.1-70B-Instruct	default_resolved_by_hub	30	0.375	raw_ridge_0.1	mixed	20261017	False	0.90453125	0.85609375	0.8803125	0.85609375	0.8583333333333334	0.8	0.8291666666666667	0.8
meta-llama/Llama-3.1-70B-Instruct	default_resolved_by_hub	30	0.375	raw_ridge_0.1	mixed	20261018	False	0.9026736111111111	0.8611631944444444	0.8819184027777778	0.8611631944444444	0.85625	0.8062499999999999	0.8312499999999999	0.8062499999999999
meta-llama/Llama-3.1-70B-Instruct	default_resolved_by_hub	30	0.375	raw_ridge_0.01	benchmark_only		False	0.906579861111111	0.8233506944444444	0.8649652777777777	0.8233506944444444	0.8479166666666667	0.6625	0.7552083333333333	0.6625
meta-llama/Llama-3.1-70B-Instruct	default_resolved_by_hub	30	0.375	raw_ridge_0.01	casual_only		False	0.9098784722222223	0.8692708333333333	0.8895746527777778	0.8692708333333333	0.5	0.8291666666666666	0.6645833333333333	0.5
meta-llama/Llama-3.1-70B-Instruct	default_resolved_by_hub	30	0.375	raw_ridge_0.01	mixed	20261011	False	0.9108506944444444	0.8565104166666668	0.8836805555555556	0.8565104166666668	0.8666666666666667	0.8	0.8333333333333334	0.8
meta-llama/Llama-3.1-70B-Instruct	default_resolved_by_hub	30	0.375	raw_ridge_0.01	mixed	20261012	False	0.9094791666666667	0.8619618055555556	0.8857204861111112	0.8619618055555556	0.8708333333333333	0.8083333333333333	0.8395833333333333	0.8083333333333333
meta-llama/Llama-3.1-70B-Instruct	default_resolved_by_hub	30	0.375	raw_ridge_0.01	mixed	20261013	False	0.904357638888889	0.8665972222222221	0.8854774305555555	0.8665972222222221	0.8583333333333334	0.7958333333333333	0.8270833333333334	0.7958333333333333
meta-llama/Llama-3.1-70B-Instruct	default_resolved_by_hub	30	0.375	raw_ridge_0.01	mixed	20261014	False	0.899357638888889	0.8648958333333333	0.8821267361111111	0.8648958333333333	0.8520833333333333	0.7916666666666666	0.8218749999999999	0.7916666666666666
meta-llama/Llama-3.1-70B-Instruct	default_resolved_by_hub	30	0.375	raw_ridge_0.01	mixed	20261015	False	0.9030381944444444	0.8558854166666666	0.8794618055555555	0.8558854166666666	0.85625	0.7958333333333333	0.8260416666666666	0.7958333333333333
meta-llama/Llama-3.1-70B-Instruct	default_resolved_by_hub	30	0.375	raw_ridge_0.01	mixed	20261016	False	0.9086631944444444	0.86234375	0.8855034722222221	0.86234375	0.86875	0.8125	0.840625	0.8125
meta-llama/Llama-3.1-70B-Instruct	default_resolved_by_hub	30	0.375	raw_ridge_0.01	mixed	20261017	False	0.9045833333333334	0.8561805555555556	0.8803819444444445	0.8561805555555556	0.8604166666666666	0.8	0.8302083333333333	0.8
meta-llama/Llama-3.1-70B-Instruct	default_resolved_by_hub	30	0.375	raw_ridge_0.01	mixed	20261018	False	0.9027083333333333	0.8611805555555556	0.8819444444444444	0.8611805555555556	0.85625	0.8062499999999999	0.8312499999999999	0.8062499999999999
meta-llama/Llama-3.1-70B-Instruct	default_resolved_by_hub	30	0.375	raw_ridge_1	benchmark_only		False	0.90625	0.8232812500000001	0.864765625	0.8232812500000001	0.8479166666666667	0.6625	0.7552083333333333	0.6625
meta-llama/Llama-3.1-70B-Instruct	default_resolved_by_hub	30	0.375	raw_ridge_1	casual_only		False	0.9094791666666666	0.868732638888889	0.8891059027777778	0.868732638888889	0.5	0.8270833333333334	0.6635416666666667	0.5
meta-llama/Llama-3.1-70B-Instruct	default_resolved_by_hub	30	0.375	raw_ridge_1	mixed	20261011	False	0.9106944444444447	0.8564930555555557	0.8835937500000002	0.8564930555555557	0.8666666666666667	0.8	0.8333333333333334	0.8
meta-llama/Llama-3.1-70B-Instruct	default_resolved_by_hub	30	0.375	raw_ridge_1	mixed	20261012	False	0.9093055555555556	0.8618229166666667	0.8855642361111111	0.8618229166666667	0.8708333333333333	0.8083333333333333	0.8395833333333333	0.8083333333333333
meta-llama/Llama-3.1-70B-Instruct	default_resolved_by_hub	30	0.375	raw_ridge_1	mixed	20261013	False	0.9041145833333334	0.866423611111111	0.8852690972222221	0.866423611111111	0.8583333333333334	0.7958333333333333	0.8270833333333334	0.7958333333333333
meta-llama/Llama-3.1-70B-Instruct	default_resolved_by_hub	30	0.375	raw_ridge_1	mixed	20261014	False	0.8990104166666666	0.8646874999999998	0.8818489583333332	0.8646874999999998	0.8520833333333333	0.7916666666666666	0.8218749999999999	0.7916666666666666
meta-llama/Llama-3.1-70B-Instruct	default_resolved_by_hub	30	0.375	raw_ridge_1	mixed	20261015	False	0.9028472222222224	0.8556944444444445	0.8792708333333334	0.8556944444444445	0.85625	0.7958333333333333	0.8260416666666666	0.7958333333333333
meta-llama/Llama-3.1-70B-Instruct	default_resolved_by_hub	30	0.375	raw_ridge_1	mixed	20261016	False	0.9086111111111111	0.8620312499999999	0.8853211805555555	0.8620312499999999	0.86875	0.8125	0.840625	0.8125
meta-llama/Llama-3.1-70B-Instruct	default_resolved_by_hub	30	0.375	raw_ridge_1	mixed	20261017	False	0.9042534722222223	0.8560243055555554	0.8801388888888888	0.8560243055555554	0.85625	0.8	0.828125	0.8
meta-llama/Llama-3.1-70B-Instruct	default_resolved_by_hub	30	0.375	raw_ridge_1	mixed	20261018	False	0.9025347222222223	0.8609722222222224	0.8817534722222223	0.8609722222222224	0.85625	0.8062499999999999	0.8312499999999999	0.8062499999999999
meta-llama/Llama-3.1-70B-Instruct	default_resolved_by_hub	30	0.375	row_l2_ridge_0.1	benchmark_only		False	0.9067361111111111	0.8328125	0.8697743055555556	0.8328125	0.8479166666666667	0.7708333333333333	0.809375	0.7708333333333333
meta-llama/Llama-3.1-70B-Instruct	default_resolved_by_hub	30	0.375	row_l2_ridge_0.1	casual_only		False	0.9231250000000001	0.86765625	0.8953906250000001	0.86765625	0.5	0.8270833333333334	0.6635416666666667	0.5
meta-llama/Llama-3.1-70B-Instruct	default_resolved_by_hub	30	0.375	row_l2_ridge_0.1	mixed	20261011	False	0.9099305555555556	0.8559722222222224	0.8829513888888889	0.8559722222222224	0.8604166666666666	0.8041666666666667	0.8322916666666667	0.8041666666666667
meta-llama/Llama-3.1-70B-Instruct	default_resolved_by_hub	30	0.375	row_l2_ridge_0.1	mixed	20261012	False	0.9082986111111111	0.8619270833333332	0.8851128472222222	0.8619270833333332	0.86875	0.8020833333333333	0.8354166666666667	0.8020833333333333
meta-llama/Llama-3.1-70B-Instruct	default_resolved_by_hub	30	0.375	row_l2_ridge_0.1	mixed	20261013	False	0.9052083333333333	0.8643576388888888	0.8847829861111111	0.8643576388888888	0.8625	0.79375	0.828125	0.79375
meta-llama/Llama-3.1-70B-Instruct	default_resolved_by_hub	30	0.375	row_l2_ridge_0.1	mixed	20261014	False	0.8997222222222223	0.8630555555555555	0.8813888888888889	0.8630555555555555	0.8520833333333333	0.7854166666666667	0.81875	0.7854166666666667
meta-llama/Llama-3.1-70B-Instruct	default_resolved_by_hub	30	0.375	row_l2_ridge_0.1	mixed	20261015	False	0.9023784722222223	0.8554340277777777	0.87890625	0.8554340277777777	0.8520833333333333	0.7958333333333334	0.8239583333333333	0.7958333333333334
meta-llama/Llama-3.1-70B-Instruct	default_resolved_by_hub	30	0.375	row_l2_ridge_0.1	mixed	20261016	False	0.9084548611111111	0.8614756944444444	0.8849652777777777	0.8614756944444444	0.8666666666666667	0.8104166666666666	0.8385416666666666	0.8104166666666666
meta-llama/Llama-3.1-70B-Instruct	default_resolved_by_hub	30	0.375	row_l2_ridge_0.1	mixed	20261017	False	0.9033159722222223	0.8562673611111111	0.8797916666666667	0.8562673611111111	0.85625	0.7916666666666666	0.8239583333333333	0.7916666666666666
meta-llama/Llama-3.1-70B-Instruct	default_resolved_by_hub	30	0.375	row_l2_ridge_0.1	mixed	20261018	False	0.9032291666666666	0.8603472222222223	0.8817881944444445	0.8603472222222223	0.8604166666666666	0.8	0.8302083333333333	0.8
meta-llama/Llama-3.1-70B-Instruct	default_resolved_by_hub	30	0.375	raw_ridge_0.1	benchmark_only		True	0.9069791666666668	0.8200347222222222	0.8635069444444445	0.8200347222222222	0.8500000000000001	0.6458333333333334	0.7479166666666668	0.6458333333333334
meta-llama/Llama-3.1-70B-Instruct	default_resolved_by_hub	30	0.375	raw_ridge_0.1	casual_only		True	0.9084895833333333	0.8693402777777778	0.8889149305555555	0.8693402777777778	0.5	0.8291666666666666	0.6645833333333333	0.5
meta-llama/Llama-3.1-70B-Instruct	default_resolved_by_hub	30	0.375	raw_ridge_0.1	mixed	20261011	True	0.9110243055555556	0.8575694444444444	0.884296875	0.8575694444444444	0.8645833333333333	0.8	0.8322916666666667	0.8
meta-llama/Llama-3.1-70B-Instruct	default_resolved_by_hub	30	0.375	raw_ridge_0.1	mixed	20261012	True	0.9070659722222222	0.8601909722222224	0.8836284722222223	0.8601909722222224	0.8645833333333333	0.7916666666666667	0.828125	0.7916666666666667
meta-llama/Llama-3.1-70B-Instruct	default_resolved_by_hub	30	0.375	raw_ridge_0.1	mixed	20261013	True	0.9048784722222222	0.8594618055555555	0.8821701388888888	0.8594618055555555	0.8604166666666666	0.7916666666666666	0.8260416666666666	0.7916666666666666
meta-llama/Llama-3.1-70B-Instruct	default_resolved_by_hub	30	0.375	raw_ridge_0.1	mixed	20261014	True	0.9083333333333333	0.8589583333333333	0.8836458333333332	0.8589583333333333	0.8520833333333333	0.7916666666666667	0.821875	0.7916666666666667
meta-llama/Llama-3.1-70B-Instruct	default_resolved_by_hub	30	0.375	raw_ridge_0.1	mixed	20261015	True	0.9075000000000001	0.8581423611111112	0.8828211805555557	0.8581423611111112	0.8666666666666667	0.7979166666666666	0.8322916666666667	0.7979166666666666
meta-llama/Llama-3.1-70B-Instruct	default_resolved_by_hub	30	0.375	raw_ridge_0.1	mixed	20261016	True	0.9047048611111111	0.856111111111111	0.8804079861111112	0.856111111111111	0.8583333333333334	0.79375	0.8260416666666667	0.79375
meta-llama/Llama-3.1-70B-Instruct	default_resolved_by_hub	30	0.375	raw_ridge_0.1	mixed	20261017	True	0.907986111111111	0.8588368055555555	0.8834114583333332	0.8588368055555555	0.8583333333333334	0.7958333333333334	0.8270833333333334	0.7958333333333334
meta-llama/Llama-3.1-70B-Instruct	default_resolved_by_hub	30	0.375	raw_ridge_0.1	mixed	20261018	True	0.9077430555555557	0.8586111111111111	0.8831770833333334	0.8586111111111111	0.8604166666666666	0.7958333333333334	0.828125	0.7958333333333334
meta-llama/Llama-3.1-70B-Instruct	default_resolved_by_hub	40	0.5	raw_ridge_0.1	benchmark_only		False	0.8385416666666667	0.7756423611111112	0.807092013888889	0.7756423611111112	0.7708333333333333	0.7145833333333333	0.7427083333333333	0.7145833333333333
meta-llama/Llama-3.1-70B-Instruct	default_resolved_by_hub	40	0.5	raw_ridge_0.1	casual_only		False	0.6694965277777778	0.8794097222222221	0.774453125	0.6694965277777778	0.5	0.8020833333333333	0.6510416666666666	0.5
meta-llama/Llama-3.1-70B-Instruct	default_resolved_by_hub	40	0.5	raw_ridge_0.1	mixed	20261011	False	0.8598611111111112	0.8787152777777778	0.8692881944444445	0.8598611111111112	0.56875	0.7729166666666667	0.6708333333333334	0.56875
meta-llama/Llama-3.1-70B-Instruct	default_resolved_by_hub	40	0.5	raw_ridge_0.1	mixed	20261012	False	0.8767881944444444	0.8834027777777778	0.8800954861111111	0.8767881944444444	0.5645833333333333	0.7791666666666667	0.671875	0.5645833333333333
meta-llama/Llama-3.1-70B-Instruct	default_resolved_by_hub	40	0.5	raw_ridge_0.1	mixed	20261013	False	0.8419270833333334	0.8919618055555555	0.8669444444444445	0.8419270833333334	0.58125	0.7666666666666666	0.6739583333333333	0.58125
meta-llama/Llama-3.1-70B-Instruct	default_resolved_by_hub	40	0.5	raw_ridge_0.1	mixed	20261014	False	0.8605381944444445	0.8802430555555556	0.870390625	0.8605381944444445	0.5479166666666666	0.7666666666666666	0.6572916666666666	0.5479166666666666
meta-llama/Llama-3.1-70B-Instruct	default_resolved_by_hub	40	0.5	raw_ridge_0.1	mixed	20261015	False	0.8735416666666668	0.8828819444444445	0.8782118055555557	0.8735416666666668	0.5458333333333333	0.7562500000000001	0.6510416666666667	0.5458333333333333
meta-llama/Llama-3.1-70B-Instruct	default_resolved_by_hub	40	0.5	raw_ridge_0.1	mixed	20261016	False	0.8551909722222223	0.8810590277777779	0.868125	0.8551909722222223	0.59375	0.7791666666666667	0.6864583333333334	0.59375
meta-llama/Llama-3.1-70B-Instruct	default_resolved_by_hub	40	0.5	raw_ridge_0.1	mixed	20261017	False	0.8764756944444445	0.8779340277777778	0.8772048611111112	0.8764756944444445	0.5791666666666666	0.7666666666666666	0.6729166666666666	0.5791666666666666
meta-llama/Llama-3.1-70B-Instruct	default_resolved_by_hub	40	0.5	raw_ridge_0.1	mixed	20261018	False	0.8587673611111111	0.8855902777777779	0.8721788194444444	0.8587673611111111	0.5666666666666667	0.7729166666666667	0.6697916666666667	0.5666666666666667
meta-llama/Llama-3.1-70B-Instruct	default_resolved_by_hub	40	0.5	raw_ridge_0.01	benchmark_only		False	0.838576388888889	0.7756423611111112	0.807109375	0.7756423611111112	0.7708333333333333	0.7145833333333333	0.7427083333333333	0.7145833333333333
meta-llama/Llama-3.1-70B-Instruct	default_resolved_by_hub	40	0.5	raw_ridge_0.01	casual_only		False	0.6694791666666667	0.8794444444444445	0.7744618055555557	0.6694791666666667	0.5	0.8020833333333333	0.6510416666666666	0.5
meta-llama/Llama-3.1-70B-Instruct	default_resolved_by_hub	40	0.5	raw_ridge_0.01	mixed	20261011	False	0.8598958333333333	0.8786979166666666	0.869296875	0.8598958333333333	0.56875	0.7729166666666667	0.6708333333333334	0.56875
meta-llama/Llama-3.1-70B-Instruct	default_resolved_by_hub	40	0.5	raw_ridge_0.01	mixed	20261012	False	0.8767881944444444	0.8834027777777778	0.8800954861111111	0.8767881944444444	0.5645833333333333	0.7791666666666667	0.671875	0.5645833333333333
meta-llama/Llama-3.1-70B-Instruct	default_resolved_by_hub	40	0.5	raw_ridge_0.01	mixed	20261013	False	0.8419444444444444	0.8919791666666665	0.8669618055555555	0.8419444444444444	0.58125	0.7666666666666666	0.6739583333333333	0.58125
meta-llama/Llama-3.1-70B-Instruct	default_resolved_by_hub	40	0.5	raw_ridge_0.01	mixed	20261014	False	0.8605208333333334	0.8802430555555556	0.8703819444444445	0.8605208333333334	0.5479166666666666	0.7666666666666666	0.6572916666666666	0.5479166666666666
meta-llama/Llama-3.1-70B-Instruct	default_resolved_by_hub	40	0.5	raw_ridge_0.01	mixed	20261015	False	0.8735590277777778	0.8828819444444445	0.8782204861111111	0.8735590277777778	0.5458333333333333	0.7562500000000001	0.6510416666666667	0.5458333333333333
meta-llama/Llama-3.1-70B-Instruct	default_resolved_by_hub	40	0.5	raw_ridge_0.01	mixed	20261016	False	0.8551909722222223	0.8810590277777779	0.868125	0.8551909722222223	0.59375	0.7791666666666667	0.6864583333333334	0.59375
meta-llama/Llama-3.1-70B-Instruct	default_resolved_by_hub	40	0.5	raw_ridge_0.01	mixed	20261017	False	0.8764756944444445	0.8779166666666668	0.8771961805555557	0.8764756944444445	0.5791666666666666	0.7666666666666666	0.6729166666666666	0.5791666666666666
meta-llama/Llama-3.1-70B-Instruct	default_resolved_by_hub	40	0.5	raw_ridge_0.01	mixed	20261018	False	0.8588020833333333	0.8855729166666666	0.8721874999999999	0.8588020833333333	0.5666666666666667	0.7729166666666667	0.6697916666666667	0.5666666666666667
meta-llama/Llama-3.1-70B-Instruct	default_resolved_by_hub	40	0.5	raw_ridge_1	benchmark_only		False	0.8385243055555556	0.7754166666666666	0.8069704861111111	0.7754166666666666	0.7708333333333333	0.7145833333333333	0.7427083333333333	0.7145833333333333
meta-llama/Llama-3.1-70B-Instruct	default_resolved_by_hub	40	0.5	raw_ridge_1	casual_only		False	0.6698263888888889	0.8793923611111111	0.774609375	0.6698263888888889	0.5	0.8020833333333333	0.6510416666666666	0.5
meta-llama/Llama-3.1-70B-Instruct	default_resolved_by_hub	40	0.5	raw_ridge_1	mixed	20261011	False	0.8597916666666665	0.8787500000000001	0.8692708333333333	0.8597916666666665	0.56875	0.7708333333333333	0.6697916666666666	0.56875
meta-llama/Llama-3.1-70B-Instruct	default_resolved_by_hub	40	0.5	raw_ridge_1	mixed	20261012	False	0.8768229166666666	0.8834027777777778	0.8801128472222222	0.8768229166666666	0.5645833333333333	0.7791666666666667	0.671875	0.5645833333333333
meta-llama/Llama-3.1-70B-Instruct	default_resolved_by_hub	40	0.5	raw_ridge_1	mixed	20261013	False	0.8418749999999999	0.8919618055555555	0.8669184027777777	0.8418749999999999	0.58125	0.7645833333333333	0.6729166666666666	0.58125
meta-llama/Llama-3.1-70B-Instruct	default_resolved_by_hub	40	0.5	raw_ridge_1	mixed	20261014	False	0.8604861111111113	0.8802951388888888	0.870390625	0.8604861111111113	0.5479166666666666	0.7645833333333334	0.65625	0.5479166666666666
meta-llama/Llama-3.1-70B-Instruct	default_resolved_by_hub	40	0.5	raw_ridge_1	mixed	20261015	False	0.8735416666666668	0.8828645833333334	0.8782031250000001	0.8735416666666668	0.5458333333333333	0.7562500000000001	0.6510416666666667	0.5458333333333333
meta-llama/Llama-3.1-70B-Instruct	default_resolved_by_hub	40	0.5	raw_ridge_1	mixed	20261016	False	0.8552083333333333	0.8810590277777779	0.8681336805555556	0.8552083333333333	0.5916666666666667	0.7791666666666667	0.6854166666666667	0.5916666666666667
meta-llama/Llama-3.1-70B-Instruct	default_resolved_by_hub	40	0.5	raw_ridge_1	mixed	20261017	False	0.8764583333333335	0.8779861111111111	0.8772222222222223	0.8764583333333335	0.5791666666666666	0.7666666666666666	0.6729166666666666	0.5791666666666666
meta-llama/Llama-3.1-70B-Instruct	default_resolved_by_hub	40	0.5	raw_ridge_1	mixed	20261018	False	0.8588020833333334	0.8856423611111112	0.8722222222222222	0.8588020833333334	0.5666666666666667	0.7708333333333334	0.66875	0.5666666666666667
meta-llama/Llama-3.1-70B-Instruct	default_resolved_by_hub	40	0.5	row_l2_ridge_0.1	benchmark_only		False	0.8390277777777778	0.7945138888888889	0.8167708333333333	0.7945138888888889	0.7749999999999999	0.6520833333333333	0.7135416666666666	0.6520833333333333
meta-llama/Llama-3.1-70B-Instruct	default_resolved_by_hub	40	0.5	row_l2_ridge_0.1	casual_only		False	0.76109375	0.8733506944444445	0.8172222222222223	0.76109375	0.5020833333333333	0.7916666666666667	0.6468750000000001	0.5020833333333333
meta-llama/Llama-3.1-70B-Instruct	default_resolved_by_hub	40	0.5	row_l2_ridge_0.1	mixed	20261011	False	0.8634548611111111	0.8748090277777777	0.8691319444444444	0.8634548611111111	0.6958333333333333	0.7916666666666667	0.74375	0.6958333333333333
meta-llama/Llama-3.1-70B-Instruct	default_resolved_by_hub	40	0.5	row_l2_ridge_0.1	mixed	20261012	False	0.8749131944444445	0.8768402777777778	0.8758767361111112	0.8749131944444445	0.7	0.7895833333333333	0.7447916666666666	0.7
meta-llama/Llama-3.1-70B-Instruct	default_resolved_by_hub	40	0.5	row_l2_ridge_0.1	mixed	20261013	False	0.865	0.8827951388888888	0.8738975694444444	0.865	0.7083333333333333	0.7958333333333334	0.7520833333333333	0.7083333333333333
meta-llama/Llama-3.1-70B-Instruct	default_resolved_by_hub	40	0.5	row_l2_ridge_0.1	mixed	20261014	False	0.8679166666666667	0.8725347222222222	0.8702256944444444	0.8679166666666667	0.68125	0.7833333333333333	0.7322916666666667	0.68125
meta-llama/Llama-3.1-70B-Instruct	default_resolved_by_hub	40	0.5	row_l2_ridge_0.1	mixed	20261015	False	0.8690277777777777	0.8765104166666666	0.8727690972222222	0.8690277777777777	0.6916666666666667	0.80625	0.7489583333333334	0.6916666666666667
meta-llama/Llama-3.1-70B-Instruct	default_resolved_by_hub	40	0.5	row_l2_ridge_0.1	mixed	20261016	False	0.8624305555555557	0.8767708333333334	0.8696006944444445	0.8624305555555557	0.70625	0.7958333333333334	0.7510416666666667	0.70625
meta-llama/Llama-3.1-70B-Instruct	default_resolved_by_hub	40	0.5	row_l2_ridge_0.1	mixed	20261017	False	0.8736805555555556	0.8728993055555555	0.8732899305555555	0.8728993055555555	0.71875	0.7875	0.753125	0.71875
meta-llama/Llama-3.1-70B-Instruct	default_resolved_by_hub	40	0.5	row_l2_ridge_0.1	mixed	20261018	False	0.862638888888889	0.8781597222222223	0.8703993055555557	0.862638888888889	0.7145833333333333	0.7979166666666666	0.75625	0.7145833333333333
meta-llama/Llama-3.1-70B-Instruct	default_resolved_by_hub	49	0.625	raw_ridge_0.1	benchmark_only		False	0.8554340277777778	0.7775173611111111	0.8164756944444445	0.7775173611111111	0.7916666666666667	0.5270833333333333	0.659375	0.5270833333333333
meta-llama/Llama-3.1-70B-Instruct	default_resolved_by_hub	49	0.625	raw_ridge_0.1	casual_only		False	0.6556597222222222	0.8598090277777777	0.757734375	0.6556597222222222	0.5	0.775	0.6375	0.5
meta-llama/Llama-3.1-70B-Instruct	default_resolved_by_hub	49	0.625	raw_ridge_0.1	mixed	20261011	False	0.84265625	0.8554861111111112	0.8490711805555555	0.84265625	0.5166666666666667	0.7104166666666667	0.6135416666666667	0.5166666666666667
meta-llama/Llama-3.1-70B-Instruct	default_resolved_by_hub	49	0.625	raw_ridge_0.1	mixed	20261012	False	0.8551562500000001	0.8599826388888887	0.8575694444444444	0.8551562500000001	0.5166666666666667	0.7145833333333333	0.6156250000000001	0.5166666666666667
meta-llama/Llama-3.1-70B-Instruct	default_resolved_by_hub	49	0.625	raw_ridge_0.1	mixed	20261013	False	0.8238541666666668	0.8648784722222222	0.8443663194444445	0.8238541666666668	0.5291666666666667	0.70625	0.6177083333333333	0.5291666666666667
meta-llama/Llama-3.1-70B-Instruct	default_resolved_by_hub	49	0.625	raw_ridge_0.1	mixed	20261014	False	0.8417708333333334	0.8547048611111111	0.8482378472222223	0.8417708333333334	0.5166666666666667	0.71875	0.6177083333333333	0.5166666666666667
meta-llama/Llama-3.1-70B-Instruct	default_resolved_by_hub	49	0.625	raw_ridge_0.1	mixed	20261015	False	0.8463715277777779	0.86265625	0.854513888888889	0.8463715277777779	0.51875	0.7041666666666667	0.6114583333333334	0.51875
meta-llama/Llama-3.1-70B-Instruct	default_resolved_by_hub	49	0.625	raw_ridge_0.1	mixed	20261016	False	0.8356076388888889	0.8555555555555556	0.8455815972222223	0.8356076388888889	0.525	0.7166666666666667	0.6208333333333333	0.525
meta-llama/Llama-3.1-70B-Instruct	default_resolved_by_hub	49	0.625	raw_ridge_0.1	mixed	20261017	False	0.8536458333333333	0.856892361111111	0.8552690972222221	0.8536458333333333	0.525	0.7166666666666667	0.6208333333333333	0.525
meta-llama/Llama-3.1-70B-Instruct	default_resolved_by_hub	49	0.625	raw_ridge_0.1	mixed	20261018	False	0.8489236111111111	0.8599826388888888	0.854453125	0.8489236111111111	0.5145833333333333	0.7125	0.6135416666666667	0.5145833333333333
meta-llama/Llama-3.1-70B-Instruct	default_resolved_by_hub	49	0.625	raw_ridge_0.01	benchmark_only		False	0.8554166666666667	0.7775173611111111	0.816467013888889	0.7775173611111111	0.7916666666666667	0.5270833333333333	0.659375	0.5270833333333333
meta-llama/Llama-3.1-70B-Instruct	default_resolved_by_hub	49	0.625	raw_ridge_0.01	casual_only		False	0.6556076388888888	0.8598611111111111	0.757734375	0.6556076388888888	0.5	0.775	0.6375	0.5
meta-llama/Llama-3.1-70B-Instruct	default_resolved_by_hub	49	0.625	raw_ridge_0.01	mixed	20261011	False	0.84265625	0.8554861111111111	0.8490711805555555	0.84265625	0.5166666666666667	0.7104166666666667	0.6135416666666667	0.5166666666666667
meta-llama/Llama-3.1-70B-Instruct	default_resolved_by_hub	49	0.625	raw_ridge_0.01	mixed	20261012	False	0.8551562500000001	0.8599999999999999	0.857578125	0.8551562500000001	0.5166666666666667	0.7145833333333333	0.6156250000000001	0.5166666666666667
meta-llama/Llama-3.1-70B-Instruct	default_resolved_by_hub	49	0.625	raw_ridge_0.01	mixed	20261013	False	0.823871527777778	0.8648611111111111	0.8443663194444445	0.823871527777778	0.5291666666666667	0.70625	0.6177083333333333	0.5291666666666667
meta-llama/Llama-3.1-70B-Instruct	default_resolved_by_hub	49	0.625	raw_ridge_0.01	mixed	20261014	False	0.8417534722222223	0.8547048611111111	0.8482291666666667	0.8417534722222223	0.5166666666666667	0.71875	0.6177083333333333	0.5166666666666667
meta-llama/Llama-3.1-70B-Instruct	default_resolved_by_hub	49	0.625	raw_ridge_0.01	mixed	20261015	False	0.8463541666666667	0.8626736111111111	0.8545138888888889	0.8463541666666667	0.51875	0.7041666666666667	0.6114583333333334	0.51875
meta-llama/Llama-3.1-70B-Instruct	default_resolved_by_hub	49	0.625	raw_ridge_0.01	mixed	20261016	False	0.8355729166666666	0.8555729166666667	0.8455729166666666	0.8355729166666666	0.525	0.7166666666666667	0.6208333333333333	0.525
meta-llama/Llama-3.1-70B-Instruct	default_resolved_by_hub	49	0.625	raw_ridge_0.01	mixed	20261017	False	0.8536631944444444	0.8569097222222222	0.8552864583333333	0.8536631944444444	0.525	0.7166666666666667	0.6208333333333333	0.525
meta-llama/Llama-3.1-70B-Instruct	default_resolved_by_hub	49	0.625	raw_ridge_0.01	mixed	20261018	False	0.848923611111111	0.8599999999999999	0.8544618055555555	0.848923611111111	0.5145833333333333	0.7125	0.6135416666666667	0.5145833333333333
meta-llama/Llama-3.1-70B-Instruct	default_resolved_by_hub	49	0.625	raw_ridge_1	benchmark_only		False	0.8553298611111112	0.7774479166666666	0.8163888888888888	0.7774479166666666	0.7916666666666667	0.5270833333333333	0.659375	0.5270833333333333
meta-llama/Llama-3.1-70B-Instruct	default_resolved_by_hub	49	0.625	raw_ridge_1	casual_only		False	0.6558854166666666	0.85984375	0.7578645833333333	0.6558854166666666	0.5	0.775	0.6375	0.5
meta-llama/Llama-3.1-70B-Instruct	default_resolved_by_hub	49	0.625	raw_ridge_1	mixed	20261011	False	0.8426562500000001	0.8555034722222223	0.8490798611111112	0.8426562500000001	0.5166666666666667	0.7104166666666667	0.6135416666666667	0.5166666666666667
meta-llama/Llama-3.1-70B-Instruct	default_resolved_by_hub	49	0.625	raw_ridge_1	mixed	20261012	False	0.8551909722222224	0.8599131944444445	0.8575520833333334	0.8551909722222224	0.5166666666666667	0.7145833333333333	0.6156250000000001	0.5166666666666667
meta-llama/Llama-3.1-70B-Instruct	default_resolved_by_hub	49	0.625	raw_ridge_1	mixed	20261013	False	0.8238020833333333	0.86484375	0.8443229166666666	0.8238020833333333	0.5291666666666667	0.70625	0.6177083333333333	0.5291666666666667
meta-llama/Llama-3.1-70B-Instruct	default_resolved_by_hub	49	0.625	raw_ridge_1	mixed	20261014	False	0.8416840277777777	0.8547395833333334	0.8482118055555556	0.8416840277777777	0.5166666666666667	0.71875	0.6177083333333333	0.5166666666666667
meta-llama/Llama-3.1-70B-Instruct	default_resolved_by_hub	49	0.625	raw_ridge_1	mixed	20261015	False	0.8463368055555557	0.8626388888888888	0.8544878472222223	0.8463368055555557	0.5166666666666667	0.7041666666666667	0.6104166666666667	0.5166666666666667
meta-llama/Llama-3.1-70B-Instruct	default_resolved_by_hub	49	0.625	raw_ridge_1	mixed	20261016	False	0.8355729166666667	0.8555381944444445	0.8455555555555556	0.8355729166666667	0.525	0.7166666666666667	0.6208333333333333	0.525
meta-llama/Llama-3.1-70B-Instruct	default_resolved_by_hub	49	0.625	raw_ridge_1	mixed	20261017	False	0.8537152777777778	0.8568576388888889	0.8552864583333333	0.8537152777777778	0.525	0.7166666666666667	0.6208333333333333	0.525
meta-llama/Llama-3.1-70B-Instruct	default_resolved_by_hub	49	0.625	raw_ridge_1	mixed	20261018	False	0.8487847222222222	0.8599479166666666	0.8543663194444444	0.8487847222222222	0.5145833333333333	0.7125	0.6135416666666667	0.5145833333333333
meta-llama/Llama-3.1-70B-Instruct	default_resolved_by_hub	49	0.625	row_l2_ridge_0.1	benchmark_only		False	0.8556597222222222	0.7872222222222223	0.8214409722222222	0.7872222222222223	0.7833333333333333	0.5	0.6416666666666666	0.5
meta-llama/Llama-3.1-70B-Instruct	default_resolved_by_hub	49	0.625	row_l2_ridge_0.1	casual_only		False	0.7103124999999999	0.8486631944444443	0.7794878472222221	0.7103124999999999	0.5	0.7625	0.63125	0.5
meta-llama/Llama-3.1-70B-Instruct	default_resolved_by_hub	49	0.625	row_l2_ridge_0.1	mixed	20261011	False	0.8407986111111111	0.8482118055555556	0.8445052083333333	0.8407986111111111	0.6395833333333334	0.7354166666666666	0.6875	0.6395833333333334
meta-llama/Llama-3.1-70B-Instruct	default_resolved_by_hub	49	0.625	row_l2_ridge_0.1	mixed	20261012	False	0.8477951388888889	0.8480729166666667	0.8479340277777778	0.8477951388888889	0.64375	0.7479166666666667	0.6958333333333333	0.64375
meta-llama/Llama-3.1-70B-Instruct	default_resolved_by_hub	49	0.625	row_l2_ridge_0.1	mixed	20261013	False	0.8417361111111112	0.8494270833333333	0.8455815972222223	0.8417361111111112	0.6416666666666666	0.74375	0.6927083333333333	0.6416666666666666
meta-llama/Llama-3.1-70B-Instruct	default_resolved_by_hub	49	0.625	row_l2_ridge_0.1	mixed	20261014	False	0.8399652777777777	0.8411458333333333	0.8405555555555555	0.8399652777777777	0.6229166666666667	0.7479166666666667	0.6854166666666667	0.6229166666666667
meta-llama/Llama-3.1-70B-Instruct	default_resolved_by_hub	49	0.625	row_l2_ridge_0.1	mixed	20261015	False	0.8366493055555555	0.850625	0.8436371527777777	0.8366493055555555	0.6291666666666667	0.7520833333333333	0.690625	0.6291666666666667
meta-llama/Llama-3.1-70B-Instruct	default_resolved_by_hub	49	0.625	row_l2_ridge_0.1	mixed	20261016	False	0.8341666666666667	0.8472222222222221	0.8406944444444444	0.8341666666666667	0.64375	0.7270833333333333	0.6854166666666667	0.64375
meta-llama/Llama-3.1-70B-Instruct	default_resolved_by_hub	49	0.625	row_l2_ridge_0.1	mixed	20261017	False	0.8438541666666666	0.8432986111111112	0.8435763888888889	0.8432986111111112	0.64375	0.7375	0.690625	0.64375
meta-llama/Llama-3.1-70B-Instruct	default_resolved_by_hub	49	0.625	row_l2_ridge_0.1	mixed	20261018	False	0.8440277777777778	0.8473437500000001	0.8456857638888889	0.8440277777777778	0.6375	0.74375	0.690625	0.6375
meta-llama/Llama-3.1-70B-Instruct	default_resolved_by_hub	59	0.75	raw_ridge_0.1	benchmark_only		False	0.8558506944444444	0.7773784722222222	0.8166145833333334	0.7773784722222222	0.7708333333333334	0.5041666666666667	0.6375	0.5041666666666667
meta-llama/Llama-3.1-70B-Instruct	default_resolved_by_hub	59	0.75	raw_ridge_0.1	casual_only		False	0.631875	0.8456944444444445	0.7387847222222222	0.631875	0.5	0.7645833333333334	0.6322916666666667	0.5
meta-llama/Llama-3.1-70B-Instruct	default_resolved_by_hub	59	0.75	raw_ridge_0.1	mixed	20261011	False	0.8276909722222223	0.8426041666666668	0.8351475694444446	0.8276909722222223	0.5145833333333333	0.6541666666666667	0.584375	0.5145833333333333
meta-llama/Llama-3.1-70B-Instruct	default_resolved_by_hub	59	0.75	raw_ridge_0.1	mixed	20261012	False	0.8448437500000001	0.8461284722222222	0.8454861111111112	0.8448437500000001	0.5083333333333333	0.6708333333333334	0.5895833333333333	0.5083333333333333
meta-llama/Llama-3.1-70B-Instruct	default_resolved_by_hub	59	0.75	raw_ridge_0.1	mixed	20261013	False	0.8097916666666667	0.8485069444444445	0.8291493055555557	0.8097916666666667	0.5125	0.6666666666666667	0.5895833333333333	0.5125
meta-llama/Llama-3.1-70B-Instruct	default_resolved_by_hub	59	0.75	raw_ridge_0.1	mixed	20261014	False	0.8296006944444444	0.8390625	0.8343315972222223	0.8296006944444444	0.5104166666666666	0.66875	0.5895833333333333	0.5104166666666666
meta-llama/Llama-3.1-70B-Instruct	default_resolved_by_hub	59	0.75	raw_ridge_0.1	mixed	20261015	False	0.8242361111111111	0.8531770833333334	0.8387065972222223	0.8242361111111111	0.5145833333333333	0.6541666666666667	0.584375	0.5145833333333333
meta-llama/Llama-3.1-70B-Instruct	default_resolved_by_hub	59	0.75	raw_ridge_0.1	mixed	20261016	False	0.8225173611111112	0.8399131944444445	0.8312152777777778	0.8225173611111112	0.5208333333333334	0.6625	0.5916666666666667	0.5208333333333334
meta-llama/Llama-3.1-70B-Instruct	default_resolved_by_hub	59	0.75	raw_ridge_0.1	mixed	20261017	False	0.8415625	0.8445659722222222	0.8430642361111111	0.8415625	0.5166666666666667	0.675	0.5958333333333334	0.5166666666666667
meta-llama/Llama-3.1-70B-Instruct	default_resolved_by_hub	59	0.75	raw_ridge_0.1	mixed	20261018	False	0.8338194444444444	0.8478472222222222	0.8408333333333333	0.8338194444444444	0.5145833333333333	0.65625	0.5854166666666667	0.5145833333333333
meta-llama/Llama-3.1-70B-Instruct	default_resolved_by_hub	59	0.75	raw_ridge_0.01	benchmark_only		False	0.8558680555555556	0.77734375	0.8166059027777778	0.77734375	0.7708333333333334	0.5041666666666667	0.6375	0.5041666666666667
meta-llama/Llama-3.1-70B-Instruct	default_resolved_by_hub	59	0.75	raw_ridge_0.01	casual_only		False	0.6318402777777777	0.8456770833333334	0.7387586805555555	0.6318402777777777	0.5	0.7645833333333334	0.6322916666666667	0.5
meta-llama/Llama-3.1-70B-Instruct	default_resolved_by_hub	59	0.75	raw_ridge_0.01	mixed	20261011	False	0.8276909722222223	0.8426215277777778	0.83515625	0.8276909722222223	0.5145833333333333	0.6541666666666667	0.584375	0.5145833333333333
meta-llama/Llama-3.1-70B-Instruct	default_resolved_by_hub	59	0.75	raw_ridge_0.01	mixed	20261012	False	0.8448611111111112	0.8461284722222222	0.8454947916666666	0.8448611111111112	0.5083333333333333	0.6708333333333334	0.5895833333333333	0.5083333333333333
meta-llama/Llama-3.1-70B-Instruct	default_resolved_by_hub	59	0.75	raw_ridge_0.01	mixed	20261013	False	0.8097569444444446	0.8484895833333334	0.829123263888889	0.8097569444444446	0.5125	0.6666666666666667	0.5895833333333333	0.5125
meta-llama/Llama-3.1-70B-Instruct	default_resolved_by_hub	59	0.75	raw_ridge_0.01	mixed	20261014	False	0.8296180555555556	0.8390624999999999	0.8343402777777778	0.8296180555555556	0.5104166666666666	0.66875	0.5895833333333333	0.5104166666666666
meta-llama/Llama-3.1-70B-Instruct	default_resolved_by_hub	59	0.75	raw_ridge_0.01	mixed	20261015	False	0.82421875	0.8531597222222222	0.8386892361111111	0.82421875	0.5145833333333333	0.6541666666666667	0.584375	0.5145833333333333
meta-llama/Llama-3.1-70B-Instruct	default_resolved_by_hub	59	0.75	raw_ridge_0.01	mixed	20261016	False	0.8225000000000001	0.8398958333333333	0.8311979166666668	0.8225000000000001	0.5208333333333334	0.6625	0.5916666666666667	0.5208333333333334
meta-llama/Llama-3.1-70B-Instruct	default_resolved_by_hub	59	0.75	raw_ridge_0.01	mixed	20261017	False	0.8415625	0.8445486111111111	0.8430555555555556	0.8415625	0.5166666666666667	0.675	0.5958333333333334	0.5166666666666667
meta-llama/Llama-3.1-70B-Instruct	default_resolved_by_hub	59	0.75	raw_ridge_0.01	mixed	20261018	False	0.8338368055555556	0.847829861111111	0.8408333333333333	0.8338368055555556	0.5145833333333333	0.65625	0.5854166666666667	0.5145833333333333
meta-llama/Llama-3.1-70B-Instruct	default_resolved_by_hub	59	0.75	raw_ridge_1	benchmark_only		False	0.8558506944444444	0.77734375	0.8165972222222222	0.77734375	0.7708333333333334	0.5041666666666667	0.6375	0.5041666666666667
meta-llama/Llama-3.1-70B-Instruct	default_resolved_by_hub	59	0.75	raw_ridge_1	casual_only		False	0.6321180555555556	0.845642361111111	0.7388802083333332	0.6321180555555556	0.5	0.7645833333333334	0.6322916666666667	0.5
meta-llama/Llama-3.1-70B-Instruct	default_resolved_by_hub	59	0.75	raw_ridge_1	mixed	20261011	False	0.8276562499999999	0.8425868055555555	0.8351215277777777	0.8276562499999999	0.5145833333333333	0.6541666666666667	0.584375	0.5145833333333333
meta-llama/Llama-3.1-70B-Instruct	default_resolved_by_hub	59	0.75	raw_ridge_1	mixed	20261012	False	0.8449131944444443	0.8461631944444445	0.8455381944444444	0.8449131944444443	0.5083333333333333	0.6708333333333334	0.5895833333333333	0.5083333333333333
meta-llama/Llama-3.1-70B-Instruct	default_resolved_by_hub	59	0.75	raw_ridge_1	mixed	20261013	False	0.8097395833333335	0.8485590277777777	0.8291493055555557	0.8097395833333335	0.5125	0.6666666666666667	0.5895833333333333	0.5125
meta-llama/Llama-3.1-70B-Instruct	default_resolved_by_hub	59	0.75	raw_ridge_1	mixed	20261014	False	0.8296527777777778	0.8390104166666666	0.8343315972222223	0.8296527777777778	0.5104166666666666	0.66875	0.5895833333333333	0.5104166666666666
meta-llama/Llama-3.1-70B-Instruct	default_resolved_by_hub	59	0.75	raw_ridge_1	mixed	20261015	False	0.8242534722222222	0.8532465277777778	0.83875	0.8242534722222222	0.5145833333333333	0.6541666666666667	0.584375	0.5145833333333333
meta-llama/Llama-3.1-70B-Instruct	default_resolved_by_hub	59	0.75	raw_ridge_1	mixed	20261016	False	0.8224131944444444	0.8399131944444445	0.8311631944444444	0.8224131944444444	0.5208333333333334	0.6625	0.5916666666666667	0.5208333333333334
meta-llama/Llama-3.1-70B-Instruct	default_resolved_by_hub	59	0.75	raw_ridge_1	mixed	20261017	False	0.8415798611111112	0.8445659722222222	0.8430729166666666	0.8415798611111112	0.5166666666666667	0.675	0.5958333333333334	0.5166666666666667
meta-llama/Llama-3.1-70B-Instruct	default_resolved_by_hub	59	0.75	raw_ridge_1	mixed	20261018	False	0.83375	0.8478819444444444	0.8408159722222222	0.83375	0.5145833333333333	0.65625	0.5854166666666667	0.5145833333333333
meta-llama/Llama-3.1-70B-Instruct	default_resolved_by_hub	59	0.75	row_l2_ridge_0.1	benchmark_only		False	0.8539756944444443	0.7665972222222224	0.8102864583333333	0.7665972222222224	0.7708333333333334	0.5	0.6354166666666667	0.5
meta-llama/Llama-3.1-70B-Instruct	default_resolved_by_hub	59	0.75	row_l2_ridge_0.1	casual_only		False	0.6805208333333334	0.8367881944444444	0.7586545138888889	0.6805208333333334	0.5	0.7479166666666667	0.6239583333333334	0.5
meta-llama/Llama-3.1-70B-Instruct	default_resolved_by_hub	59	0.75	row_l2_ridge_0.1	mixed	20261011	False	0.8314409722222222	0.8350868055555556	0.8332638888888889	0.8314409722222222	0.5729166666666666	0.69375	0.6333333333333333	0.5729166666666666
meta-llama/Llama-3.1-70B-Instruct	default_resolved_by_hub	59	0.75	row_l2_ridge_0.1	mixed	20261012	False	0.839201388888889	0.8366319444444443	0.8379166666666666	0.8366319444444443	0.5625	0.6916666666666667	0.6270833333333333	0.5625
meta-llama/Llama-3.1-70B-Instruct	default_resolved_by_hub	59	0.75	row_l2_ridge_0.1	mixed	20261013	False	0.8329687499999998	0.8357291666666666	0.8343489583333332	0.8329687499999998	0.5666666666666667	0.69375	0.6302083333333333	0.5666666666666667
meta-llama/Llama-3.1-70B-Instruct	default_resolved_by_hub	59	0.75	row_l2_ridge_0.1	mixed	20261014	False	0.8288541666666667	0.8273784722222222	0.8281163194444444	0.8273784722222222	0.5666666666666667	0.69375	0.6302083333333333	0.5666666666666667
meta-llama/Llama-3.1-70B-Instruct	default_resolved_by_hub	59	0.75	row_l2_ridge_0.1	mixed	20261015	False	0.8193576388888889	0.8431249999999999	0.8312413194444443	0.8193576388888889	0.5666666666666667	0.6854166666666667	0.6260416666666666	0.5666666666666667
meta-llama/Llama-3.1-70B-Instruct	default_resolved_by_hub	59	0.75	row_l2_ridge_0.1	mixed	20261016	False	0.8214930555555556	0.831857638888889	0.8266753472222224	0.8214930555555556	0.5791666666666666	0.6729166666666667	0.6260416666666666	0.5791666666666666
meta-llama/Llama-3.1-70B-Instruct	default_resolved_by_hub	59	0.75	row_l2_ridge_0.1	mixed	20261017	False	0.8328125	0.8302430555555556	0.8315277777777778	0.8302430555555556	0.5708333333333333	0.6791666666666667	0.625	0.5708333333333333
meta-llama/Llama-3.1-70B-Instruct	default_resolved_by_hub	59	0.75	row_l2_ridge_0.1	mixed	20261018	False	0.8338541666666666	0.833454861111111	0.8336545138888888	0.833454861111111	0.5604166666666667	0.6770833333333334	0.61875	0.5604166666666667
meta-llama/Llama-3.3-70B-Instruct	6f6073b423013f6a7d4d9f39144961bfbfbc386b	20	0.25	raw_ridge_0.1	benchmark_only		False	0.9227604166666666	0.877829861111111	0.9002951388888889	0.877829861111111	0.8729166666666667	0.7895833333333333	0.83125	0.7895833333333333
meta-llama/Llama-3.3-70B-Instruct	6f6073b423013f6a7d4d9f39144961bfbfbc386b	20	0.25	raw_ridge_0.1	casual_only		False	0.9542534722222222	0.9447569444444445	0.9495052083333333	0.9447569444444445	0.6979166666666666	0.8645833333333334	0.78125	0.6979166666666666
meta-llama/Llama-3.3-70B-Instruct	6f6073b423013f6a7d4d9f39144961bfbfbc386b	20	0.25	raw_ridge_0.1	mixed	20261011	False	0.9394791666666666	0.9308854166666666	0.9351822916666666	0.9308854166666666	0.8791666666666667	0.8166666666666667	0.8479166666666667	0.8166666666666667
meta-llama/Llama-3.3-70B-Instruct	6f6073b423013f6a7d4d9f39144961bfbfbc386b	20	0.25	raw_ridge_0.1	mixed	20261012	False	0.9381597222222222	0.9368229166666666	0.9374913194444444	0.9368229166666666	0.875	0.8333333333333334	0.8541666666666667	0.8333333333333334
meta-llama/Llama-3.3-70B-Instruct	6f6073b423013f6a7d4d9f39144961bfbfbc386b	20	0.25	raw_ridge_0.1	mixed	20261013	False	0.9386111111111112	0.9332638888888888	0.9359375	0.9332638888888888	0.875	0.8291666666666666	0.8520833333333333	0.8291666666666666
meta-llama/Llama-3.3-70B-Instruct	6f6073b423013f6a7d4d9f39144961bfbfbc386b	20	0.25	raw_ridge_0.1	mixed	20261014	False	0.937673611111111	0.9325694444444445	0.9351215277777778	0.9325694444444445	0.875	0.825	0.85	0.825
meta-llama/Llama-3.3-70B-Instruct	6f6073b423013f6a7d4d9f39144961bfbfbc386b	20	0.25	raw_ridge_0.1	mixed	20261015	False	0.9369965277777778	0.9321875000000001	0.9345920138888889	0.9321875000000001	0.8791666666666667	0.8270833333333334	0.853125	0.8270833333333334
meta-llama/Llama-3.3-70B-Instruct	6f6073b423013f6a7d4d9f39144961bfbfbc386b	20	0.25	raw_ridge_0.1	mixed	20261016	False	0.9394097222222223	0.9328819444444444	0.9361458333333333	0.9328819444444444	0.8770833333333333	0.8291666666666666	0.8531249999999999	0.8291666666666666
meta-llama/Llama-3.3-70B-Instruct	6f6073b423013f6a7d4d9f39144961bfbfbc386b	20	0.25	raw_ridge_0.1	mixed	20261017	False	0.9384548611111111	0.9288020833333334	0.9336284722222222	0.9288020833333334	0.875	0.8229166666666667	0.8489583333333334	0.8229166666666667
meta-llama/Llama-3.3-70B-Instruct	6f6073b423013f6a7d4d9f39144961bfbfbc386b	20	0.25	raw_ridge_0.1	mixed	20261018	False	0.9384201388888888	0.9294965277777778	0.9339583333333332	0.9294965277777778	0.8770833333333333	0.8270833333333334	0.8520833333333333	0.8270833333333334
meta-llama/Llama-3.3-70B-Instruct	6f6073b423013f6a7d4d9f39144961bfbfbc386b	20	0.25	raw_ridge_0.01	benchmark_only		False	0.9228125	0.8778472222222221	0.900329861111111	0.8778472222222221	0.8729166666666667	0.7895833333333333	0.83125	0.7895833333333333
meta-llama/Llama-3.3-70B-Instruct	6f6073b423013f6a7d4d9f39144961bfbfbc386b	20	0.25	raw_ridge_0.01	casual_only		False	0.9542361111111111	0.9449652777777777	0.9496006944444444	0.9449652777777777	0.6979166666666666	0.8645833333333334	0.78125	0.6979166666666666
meta-llama/Llama-3.3-70B-Instruct	6f6073b423013f6a7d4d9f39144961bfbfbc386b	20	0.25	raw_ridge_0.01	mixed	20261011	False	0.9394618055555555	0.9310590277777778	0.9352604166666667	0.9310590277777778	0.8791666666666667	0.8166666666666667	0.8479166666666667	0.8166666666666667
meta-llama/Llama-3.3-70B-Instruct	6f6073b423013f6a7d4d9f39144961bfbfbc386b	20	0.25	raw_ridge_0.01	mixed	20261012	False	0.9381770833333333	0.9369444444444445	0.9375607638888889	0.9369444444444445	0.875	0.8333333333333334	0.8541666666666667	0.8333333333333334
meta-llama/Llama-3.3-70B-Instruct	6f6073b423013f6a7d4d9f39144961bfbfbc386b	20	0.25	raw_ridge_0.01	mixed	20261013	False	0.9386631944444445	0.9332986111111111	0.9359809027777778	0.9332986111111111	0.875	0.8291666666666666	0.8520833333333333	0.8291666666666666
meta-llama/Llama-3.3-70B-Instruct	6f6073b423013f6a7d4d9f39144961bfbfbc386b	20	0.25	raw_ridge_0.01	mixed	20261014	False	0.9376562500000001	0.9326909722222222	0.9351736111111111	0.9326909722222222	0.875	0.825	0.85	0.825
meta-llama/Llama-3.3-70B-Instruct	6f6073b423013f6a7d4d9f39144961bfbfbc386b	20	0.25	raw_ridge_0.01	mixed	20261015	False	0.9370138888888888	0.932326388888889	0.934670138888889	0.932326388888889	0.8791666666666667	0.8270833333333334	0.853125	0.8270833333333334
meta-llama/Llama-3.3-70B-Instruct	6f6073b423013f6a7d4d9f39144961bfbfbc386b	20	0.25	raw_ridge_0.01	mixed	20261016	False	0.9394444444444445	0.9330208333333333	0.9362326388888889	0.9330208333333333	0.8770833333333333	0.8291666666666666	0.8531249999999999	0.8291666666666666
meta-llama/Llama-3.3-70B-Instruct	6f6073b423013f6a7d4d9f39144961bfbfbc386b	20	0.25	raw_ridge_0.01	mixed	20261017	False	0.9384548611111111	0.9289062499999998	0.9336805555555554	0.9289062499999998	0.875	0.8229166666666667	0.8489583333333334	0.8229166666666667
meta-llama/Llama-3.3-70B-Instruct	6f6073b423013f6a7d4d9f39144961bfbfbc386b	20	0.25	raw_ridge_0.01	mixed	20261018	False	0.9385243055555555	0.9296527777777777	0.9340885416666667	0.9296527777777777	0.8770833333333333	0.8270833333333334	0.8520833333333333	0.8270833333333334
meta-llama/Llama-3.3-70B-Instruct	6f6073b423013f6a7d4d9f39144961bfbfbc386b	20	0.25	raw_ridge_1	benchmark_only		False	0.9224826388888888	0.8775868055555556	0.9000347222222222	0.8775868055555556	0.8729166666666667	0.7916666666666666	0.8322916666666667	0.7916666666666666
meta-llama/Llama-3.3-70B-Instruct	6f6073b423013f6a7d4d9f39144961bfbfbc386b	20	0.25	raw_ridge_1	casual_only		False	0.9540104166666666	0.9438020833333335	0.9489062500000001	0.9438020833333335	0.6979166666666666	0.8625	0.7802083333333334	0.6979166666666666
meta-llama/Llama-3.3-70B-Instruct	6f6073b423013f6a7d4d9f39144961bfbfbc386b	20	0.25	raw_ridge_1	mixed	20261011	False	0.9392881944444444	0.9303645833333334	0.9348263888888889	0.9303645833333334	0.8791666666666667	0.8166666666666667	0.8479166666666667	0.8166666666666667
meta-llama/Llama-3.3-70B-Instruct	6f6073b423013f6a7d4d9f39144961bfbfbc386b	20	0.25	raw_ridge_1	mixed	20261012	False	0.9381770833333334	0.9361458333333335	0.9371614583333334	0.9361458333333335	0.875	0.8333333333333334	0.8541666666666667	0.8333333333333334
meta-llama/Llama-3.3-70B-Instruct	6f6073b423013f6a7d4d9f39144961bfbfbc386b	20	0.25	raw_ridge_1	mixed	20261013	False	0.9384375	0.9325868055555557	0.9355121527777779	0.9325868055555557	0.875	0.8270833333333334	0.8510416666666667	0.8270833333333334
meta-llama/Llama-3.3-70B-Instruct	6f6073b423013f6a7d4d9f39144961bfbfbc386b	20	0.25	raw_ridge_1	mixed	20261014	False	0.9373611111111111	0.9320312500000001	0.9346961805555556	0.9320312500000001	0.875	0.8229166666666667	0.8489583333333334	0.8229166666666667
meta-llama/Llama-3.3-70B-Instruct	6f6073b423013f6a7d4d9f39144961bfbfbc386b	20	0.25	raw_ridge_1	mixed	20261015	False	0.9369618055555555	0.9315625	0.9342621527777777	0.9315625	0.8791666666666667	0.825	0.8520833333333333	0.825
meta-llama/Llama-3.3-70B-Instruct	6f6073b423013f6a7d4d9f39144961bfbfbc386b	20	0.25	raw_ridge_1	mixed	20261016	False	0.939357638888889	0.9322222222222223	0.9357899305555557	0.9322222222222223	0.8791666666666667	0.8270833333333333	0.8531249999999999	0.8270833333333333
meta-llama/Llama-3.3-70B-Instruct	6f6073b423013f6a7d4d9f39144961bfbfbc386b	20	0.25	raw_ridge_1	mixed	20261017	False	0.9381944444444444	0.9282465277777778	0.9332204861111111	0.9282465277777778	0.875	0.8229166666666667	0.8489583333333334	0.8229166666666667
meta-llama/Llama-3.3-70B-Instruct	6f6073b423013f6a7d4d9f39144961bfbfbc386b	20	0.25	raw_ridge_1	mixed	20261018	False	0.9383333333333332	0.929045138888889	0.9336892361111111	0.929045138888889	0.8770833333333333	0.8270833333333334	0.8520833333333333	0.8270833333333334
meta-llama/Llama-3.3-70B-Instruct	6f6073b423013f6a7d4d9f39144961bfbfbc386b	20	0.25	row_l2_ridge_0.1	benchmark_only		False	0.9232812499999999	0.8805208333333333	0.9019010416666666	0.8805208333333333	0.8708333333333333	0.79375	0.8322916666666667	0.79375
meta-llama/Llama-3.3-70B-Instruct	6f6073b423013f6a7d4d9f39144961bfbfbc386b	20	0.25	row_l2_ridge_0.1	casual_only		False	0.9524131944444444	0.9446875	0.9485503472222222	0.9446875	0.7395833333333333	0.8625	0.8010416666666667	0.7395833333333333
meta-llama/Llama-3.3-70B-Instruct	6f6073b423013f6a7d4d9f39144961bfbfbc386b	20	0.25	row_l2_ridge_0.1	mixed	20261011	False	0.9378993055555556	0.9321875000000001	0.9350434027777779	0.9321875000000001	0.8791666666666667	0.8270833333333334	0.853125	0.8270833333333334
meta-llama/Llama-3.3-70B-Instruct	6f6073b423013f6a7d4d9f39144961bfbfbc386b	20	0.25	row_l2_ridge_0.1	mixed	20261012	False	0.9372048611111111	0.9374479166666666	0.9373263888888889	0.9372048611111111	0.875	0.8354166666666667	0.8552083333333333	0.8354166666666667
meta-llama/Llama-3.3-70B-Instruct	6f6073b423013f6a7d4d9f39144961bfbfbc386b	20	0.25	row_l2_ridge_0.1	mixed	20261013	False	0.9374305555555554	0.9336284722222222	0.9355295138888888	0.9336284722222222	0.8770833333333333	0.8291666666666666	0.8531249999999999	0.8291666666666666
meta-llama/Llama-3.3-70B-Instruct	6f6073b423013f6a7d4d9f39144961bfbfbc386b	20	0.25	row_l2_ridge_0.1	mixed	20261014	False	0.9354513888888889	0.9329861111111111	0.93421875	0.9329861111111111	0.8770833333333333	0.825	0.8510416666666667	0.825
meta-llama/Llama-3.3-70B-Instruct	6f6073b423013f6a7d4d9f39144961bfbfbc386b	20	0.25	row_l2_ridge_0.1	mixed	20261015	False	0.9358680555555556	0.9328993055555556	0.9343836805555557	0.9328993055555556	0.8833333333333333	0.8291666666666666	0.85625	0.8291666666666666
meta-llama/Llama-3.3-70B-Instruct	6f6073b423013f6a7d4d9f39144961bfbfbc386b	20	0.25	row_l2_ridge_0.1	mixed	20261016	False	0.9382465277777778	0.9334375	0.935842013888889	0.9334375	0.8770833333333333	0.8291666666666666	0.8531249999999999	0.8291666666666666
meta-llama/Llama-3.3-70B-Instruct	6f6073b423013f6a7d4d9f39144961bfbfbc386b	20	0.25	row_l2_ridge_0.1	mixed	20261017	False	0.9372743055555556	0.9294097222222224	0.933342013888889	0.9294097222222224	0.8770833333333334	0.8229166666666667	0.8500000000000001	0.8229166666666667
meta-llama/Llama-3.3-70B-Instruct	6f6073b423013f6a7d4d9f39144961bfbfbc386b	20	0.25	row_l2_ridge_0.1	mixed	20261018	False	0.9375520833333333	0.9296180555555555	0.9335850694444444	0.9296180555555555	0.8812500000000001	0.8291666666666666	0.8552083333333333	0.8291666666666666
meta-llama/Llama-3.3-70B-Instruct	6f6073b423013f6a7d4d9f39144961bfbfbc386b	30	0.375	raw_ridge_0.1	benchmark_only		False	0.90359375	0.8104513888888889	0.8570225694444444	0.8104513888888889	0.8541666666666667	0.6812499999999999	0.7677083333333333	0.6812499999999999
meta-llama/Llama-3.3-70B-Instruct	6f6073b423013f6a7d4d9f39144961bfbfbc386b	30	0.375	raw_ridge_0.1	casual_only		False	0.9285416666666668	0.9061284722222223	0.9173350694444445	0.9061284722222223	0.5	0.85	0.675	0.5
meta-llama/Llama-3.3-70B-Instruct	6f6073b423013f6a7d4d9f39144961bfbfbc386b	30	0.375	raw_ridge_0.1	mixed	20261011	False	0.9143402777777778	0.8885243055555556	0.9014322916666667	0.8885243055555556	0.7895833333333333	0.7895833333333333	0.7895833333333333	0.7895833333333333
meta-llama/Llama-3.3-70B-Instruct	6f6073b423013f6a7d4d9f39144961bfbfbc386b	30	0.375	raw_ridge_0.1	mixed	20261012	False	0.9087326388888889	0.8974826388888889	0.9031076388888889	0.8974826388888889	0.7916666666666667	0.7916666666666667	0.7916666666666667	0.7916666666666667
meta-llama/Llama-3.3-70B-Instruct	6f6073b423013f6a7d4d9f39144961bfbfbc386b	30	0.375	raw_ridge_0.1	mixed	20261013	False	0.9009201388888889	0.8984895833333333	0.8997048611111111	0.8984895833333333	0.7625	0.7770833333333333	0.7697916666666667	0.7625
meta-llama/Llama-3.3-70B-Instruct	6f6073b423013f6a7d4d9f39144961bfbfbc386b	30	0.375	raw_ridge_0.1	mixed	20261014	False	0.8985763888888888	0.8971006944444443	0.8978385416666665	0.8971006944444443	0.75	0.76875	0.759375	0.75
meta-llama/Llama-3.3-70B-Instruct	6f6073b423013f6a7d4d9f39144961bfbfbc386b	30	0.375	raw_ridge_0.1	mixed	20261015	False	0.905954861111111	0.8890451388888888	0.8975	0.8890451388888888	0.7770833333333333	0.7854166666666667	0.78125	0.7770833333333333
meta-llama/Llama-3.3-70B-Instruct	6f6073b423013f6a7d4d9f39144961bfbfbc386b	30	0.375	raw_ridge_0.1	mixed	20261016	False	0.9095659722222222	0.8935416666666667	0.9015538194444445	0.8935416666666667	0.79375	0.8	0.796875	0.79375
meta-llama/Llama-3.3-70B-Instruct	6f6073b423013f6a7d4d9f39144961bfbfbc386b	30	0.375	raw_ridge_0.1	mixed	20261017	False	0.9100347222222223	0.8931770833333333	0.9016059027777779	0.8931770833333333	0.7958333333333334	0.7895833333333333	0.7927083333333333	0.7895833333333333
meta-llama/Llama-3.3-70B-Instruct	6f6073b423013f6a7d4d9f39144961bfbfbc386b	30	0.375	raw_ridge_0.1	mixed	20261018	False	0.9059027777777777	0.8943229166666666	0.9001128472222222	0.8943229166666666	0.7875	0.8	0.79375	0.7875
meta-llama/Llama-3.3-70B-Instruct	6f6073b423013f6a7d4d9f39144961bfbfbc386b	30	0.375	raw_ridge_0.01	benchmark_only		False	0.903767361111111	0.8104513888888889	0.857109375	0.8104513888888889	0.8541666666666667	0.6833333333333333	0.76875	0.6833333333333333
meta-llama/Llama-3.3-70B-Instruct	6f6073b423013f6a7d4d9f39144961bfbfbc386b	30	0.375	raw_ridge_0.01	casual_only		False	0.9286631944444445	0.9062499999999999	0.9174565972222222	0.9062499999999999	0.5	0.85	0.675	0.5
meta-llama/Llama-3.3-70B-Instruct	6f6073b423013f6a7d4d9f39144961bfbfbc386b	30	0.375	raw_ridge_0.01	mixed	20261011	False	0.914392361111111	0.8885243055555556	0.9014583333333333	0.8885243055555556	0.7895833333333333	0.7895833333333333	0.7895833333333333	0.7895833333333333
meta-llama/Llama-3.3-70B-Instruct	6f6073b423013f6a7d4d9f39144961bfbfbc386b	30	0.375	raw_ridge_0.01	mixed	20261012	False	0.9087326388888889	0.8975520833333333	0.9031423611111111	0.8975520833333333	0.7916666666666667	0.7916666666666667	0.7916666666666667	0.7916666666666667
meta-llama/Llama-3.3-70B-Instruct	6f6073b423013f6a7d4d9f39144961bfbfbc386b	30	0.375	raw_ridge_0.01	mixed	20261013	False	0.9009375000000001	0.8984722222222221	0.8997048611111111	0.8984722222222221	0.7645833333333334	0.7770833333333333	0.7708333333333334	0.7645833333333334
meta-llama/Llama-3.3-70B-Instruct	6f6073b423013f6a7d4d9f39144961bfbfbc386b	30	0.375	raw_ridge_0.01	mixed	20261014	False	0.898611111111111	0.8971006944444444	0.8978559027777777	0.8971006944444444	0.75	0.76875	0.759375	0.75
meta-llama/Llama-3.3-70B-Instruct	6f6073b423013f6a7d4d9f39144961bfbfbc386b	30	0.375	raw_ridge_0.01	mixed	20261015	False	0.9060243055555556	0.8890972222222222	0.897560763888889	0.8890972222222222	0.7770833333333333	0.7854166666666667	0.78125	0.7770833333333333
meta-llama/Llama-3.3-70B-Instruct	6f6073b423013f6a7d4d9f39144961bfbfbc386b	30	0.375	raw_ridge_0.01	mixed	20261016	False	0.9095833333333333	0.8935590277777778	0.9015711805555555	0.8935590277777778	0.7958333333333334	0.8	0.7979166666666667	0.7958333333333334
meta-llama/Llama-3.3-70B-Instruct	6f6073b423013f6a7d4d9f39144961bfbfbc386b	30	0.375	raw_ridge_0.01	mixed	20261017	False	0.9100173611111111	0.8933333333333334	0.9016753472222223	0.8933333333333334	0.7958333333333334	0.7895833333333333	0.7927083333333333	0.7895833333333333
meta-llama/Llama-3.3-70B-Instruct	6f6073b423013f6a7d4d9f39144961bfbfbc386b	30	0.375	raw_ridge_0.01	mixed	20261018	False	0.9059375	0.8943923611111111	0.9001649305555555	0.8943923611111111	0.7875	0.8	0.79375	0.7875
meta-llama/Llama-3.3-70B-Instruct	6f6073b423013f6a7d4d9f39144961bfbfbc386b	30	0.375	raw_ridge_1	benchmark_only		False	0.9031423611111111	0.8105034722222223	0.8568229166666668	0.8105034722222223	0.8541666666666667	0.6791666666666667	0.7666666666666667	0.6791666666666667
meta-llama/Llama-3.3-70B-Instruct	6f6073b423013f6a7d4d9f39144961bfbfbc386b	30	0.375	raw_ridge_1	casual_only		False	0.9278472222222223	0.9055729166666667	0.9167100694444446	0.9055729166666667	0.5	0.85	0.675	0.5
meta-llama/Llama-3.3-70B-Instruct	6f6073b423013f6a7d4d9f39144961bfbfbc386b	30	0.375	raw_ridge_1	mixed	20261011	False	0.9142013888888888	0.8884027777777779	0.9013020833333334	0.8884027777777779	0.7854166666666667	0.7895833333333333	0.7875	0.7854166666666667
meta-llama/Llama-3.3-70B-Instruct	6f6073b423013f6a7d4d9f39144961bfbfbc386b	30	0.375	raw_ridge_1	mixed	20261012	False	0.9087673611111112	0.89734375	0.9030555555555556	0.89734375	0.7916666666666667	0.7916666666666667	0.7916666666666667	0.7916666666666667
meta-llama/Llama-3.3-70B-Instruct	6f6073b423013f6a7d4d9f39144961bfbfbc386b	30	0.375	raw_ridge_1	mixed	20261013	False	0.9008506944444444	0.8984548611111111	0.8996527777777777	0.8984548611111111	0.75625	0.775	0.765625	0.75625
meta-llama/Llama-3.3-70B-Instruct	6f6073b423013f6a7d4d9f39144961bfbfbc386b	30	0.375	raw_ridge_1	mixed	20261014	False	0.8985937499999999	0.8969618055555554	0.8977777777777776	0.8969618055555554	0.75	0.76875	0.759375	0.75
meta-llama/Llama-3.3-70B-Instruct	6f6073b423013f6a7d4d9f39144961bfbfbc386b	30	0.375	raw_ridge_1	mixed	20261015	False	0.9057638888888889	0.8890104166666667	0.8973871527777778	0.8890104166666667	0.775	0.7833333333333333	0.7791666666666667	0.775
meta-llama/Llama-3.3-70B-Instruct	6f6073b423013f6a7d4d9f39144961bfbfbc386b	30	0.375	raw_ridge_1	mixed	20261016	False	0.9095312499999999	0.8935069444444446	0.9015190972222222	0.8935069444444446	0.79375	0.8	0.796875	0.79375
meta-llama/Llama-3.3-70B-Instruct	6f6073b423013f6a7d4d9f39144961bfbfbc386b	30	0.375	raw_ridge_1	mixed	20261017	False	0.9099826388888889	0.8930729166666665	0.9015277777777777	0.8930729166666665	0.79375	0.7895833333333333	0.7916666666666666	0.7895833333333333
meta-llama/Llama-3.3-70B-Instruct	6f6073b423013f6a7d4d9f39144961bfbfbc386b	30	0.375	raw_ridge_1	mixed	20261018	False	0.9058333333333335	0.8942881944444445	0.900060763888889	0.8942881944444445	0.7875	0.7979166666666666	0.7927083333333333	0.7875
meta-llama/Llama-3.3-70B-Instruct	6f6073b423013f6a7d4d9f39144961bfbfbc386b	30	0.375	row_l2_ridge_0.1	benchmark_only		False	0.9061458333333334	0.8290625000000001	0.8676041666666667	0.8290625000000001	0.8541666666666667	0.7354166666666666	0.7947916666666667	0.7354166666666666
meta-llama/Llama-3.3-70B-Instruct	6f6073b423013f6a7d4d9f39144961bfbfbc386b	30	0.375	row_l2_ridge_0.1	casual_only		False	0.9346701388888888	0.8987847222222223	0.9167274305555555	0.8987847222222223	0.5	0.8458333333333333	0.6729166666666666	0.5
meta-llama/Llama-3.3-70B-Instruct	6f6073b423013f6a7d4d9f39144961bfbfbc386b	30	0.375	row_l2_ridge_0.1	mixed	20261011	False	0.9130208333333334	0.8842534722222222	0.8986371527777778	0.8842534722222222	0.7708333333333333	0.7875000000000001	0.7791666666666667	0.7708333333333333
meta-llama/Llama-3.3-70B-Instruct	6f6073b423013f6a7d4d9f39144961bfbfbc386b	30	0.375	row_l2_ridge_0.1	mixed	20261012	False	0.9092013888888889	0.8926041666666666	0.9009027777777778	0.8926041666666666	0.8	0.7958333333333334	0.7979166666666667	0.7958333333333334
meta-llama/Llama-3.3-70B-Instruct	6f6073b423013f6a7d4d9f39144961bfbfbc386b	30	0.375	row_l2_ridge_0.1	mixed	20261013	False	0.9051736111111112	0.8924305555555554	0.8988020833333332	0.8924305555555554	0.7562500000000001	0.7854166666666667	0.7708333333333334	0.7562500000000001
meta-llama/Llama-3.3-70B-Instruct	6f6073b423013f6a7d4d9f39144961bfbfbc386b	30	0.375	row_l2_ridge_0.1	mixed	20261014	False	0.9019097222222221	0.8909375	0.896423611111111	0.8909375	0.7479166666666667	0.7708333333333333	0.7593749999999999	0.7479166666666667
meta-llama/Llama-3.3-70B-Instruct	6f6073b423013f6a7d4d9f39144961bfbfbc386b	30	0.375	row_l2_ridge_0.1	mixed	20261015	False	0.9063888888888888	0.8833333333333333	0.8948611111111111	0.8833333333333333	0.7854166666666667	0.7854166666666667	0.7854166666666667	0.7854166666666667
meta-llama/Llama-3.3-70B-Instruct	6f6073b423013f6a7d4d9f39144961bfbfbc386b	30	0.375	row_l2_ridge_0.1	mixed	20261016	False	0.9106076388888888	0.8889583333333333	0.8997829861111111	0.8889583333333333	0.7958333333333334	0.7958333333333334	0.7958333333333334	0.7958333333333334
meta-llama/Llama-3.3-70B-Instruct	6f6073b423013f6a7d4d9f39144961bfbfbc386b	30	0.375	row_l2_ridge_0.1	mixed	20261017	False	0.9097916666666666	0.8876041666666667	0.8986979166666667	0.8876041666666667	0.7979166666666666	0.7916666666666667	0.7947916666666667	0.7916666666666667
meta-llama/Llama-3.3-70B-Instruct	6f6073b423013f6a7d4d9f39144961bfbfbc386b	30	0.375	row_l2_ridge_0.1	mixed	20261018	False	0.9080729166666667	0.8877951388888888	0.8979340277777778	0.8877951388888888	0.7979166666666666	0.7916666666666667	0.7947916666666667	0.7916666666666667
meta-llama/Llama-3.3-70B-Instruct	6f6073b423013f6a7d4d9f39144961bfbfbc386b	30	0.375	raw_ridge_0.1	benchmark_only		True	0.9040798611111112	0.8088020833333334	0.8564409722222223	0.8088020833333334	0.8520833333333333	0.6729166666666666	0.7625	0.6729166666666666
meta-llama/Llama-3.3-70B-Instruct	6f6073b423013f6a7d4d9f39144961bfbfbc386b	30	0.375	raw_ridge_0.1	casual_only		True	0.9242013888888889	0.9066840277777778	0.9154427083333334	0.9066840277777778	0.5	0.85	0.675	0.5
meta-llama/Llama-3.3-70B-Instruct	6f6073b423013f6a7d4d9f39144961bfbfbc386b	30	0.375	raw_ridge_0.1	mixed	20261011	True	0.9128645833333332	0.8880381944444444	0.9004513888888888	0.8880381944444444	0.8	0.7875000000000001	0.7937500000000001	0.7875000000000001
meta-llama/Llama-3.3-70B-Instruct	6f6073b423013f6a7d4d9f39144961bfbfbc386b	30	0.375	raw_ridge_0.1	mixed	20261012	True	0.9055381944444444	0.8934895833333333	0.8995138888888888	0.8934895833333333	0.7625	0.7875000000000001	0.775	0.7625
meta-llama/Llama-3.3-70B-Instruct	6f6073b423013f6a7d4d9f39144961bfbfbc386b	30	0.375	raw_ridge_0.1	mixed	20261013	True	0.906076388888889	0.8926388888888889	0.8993576388888889	0.8926388888888889	0.7708333333333333	0.7854166666666667	0.778125	0.7708333333333333
meta-llama/Llama-3.3-70B-Instruct	6f6073b423013f6a7d4d9f39144961bfbfbc386b	30	0.375	raw_ridge_0.1	mixed	20261014	True	0.9100868055555555	0.8919097222222223	0.9009982638888889	0.8919097222222223	0.7708333333333333	0.7833333333333333	0.7770833333333333	0.7708333333333333
meta-llama/Llama-3.3-70B-Instruct	6f6073b423013f6a7d4d9f39144961bfbfbc386b	30	0.375	raw_ridge_0.1	mixed	20261015	True	0.9103993055555555	0.8928645833333334	0.9016319444444445	0.8928645833333334	0.7916666666666667	0.7895833333333333	0.790625	0.7895833333333333
meta-llama/Llama-3.3-70B-Instruct	6f6073b423013f6a7d4d9f39144961bfbfbc386b	30	0.375	raw_ridge_0.1	mixed	20261016	True	0.9089583333333333	0.8902777777777778	0.8996180555555555	0.8902777777777778	0.7854166666666667	0.7895833333333333	0.7875	0.7854166666666667
meta-llama/Llama-3.3-70B-Instruct	6f6073b423013f6a7d4d9f39144961bfbfbc386b	30	0.375	raw_ridge_0.1	mixed	20261017	True	0.9094965277777778	0.8929166666666667	0.9012065972222223	0.8929166666666667	0.78125	0.7854166666666667	0.7833333333333333	0.78125
meta-llama/Llama-3.3-70B-Instruct	6f6073b423013f6a7d4d9f39144961bfbfbc386b	30	0.375	raw_ridge_0.1	mixed	20261018	True	0.9100520833333333	0.8943055555555555	0.9021788194444444	0.8943055555555555	0.7895833333333333	0.7875000000000001	0.7885416666666667	0.7875000000000001
meta-llama/Llama-3.3-70B-Instruct	6f6073b423013f6a7d4d9f39144961bfbfbc386b	40	0.5	raw_ridge_0.1	benchmark_only		False	0.8461979166666665	0.7897395833333333	0.8179687499999999	0.7897395833333333	0.7791666666666667	0.7375	0.7583333333333333	0.7375
meta-llama/Llama-3.3-70B-Instruct	6f6073b423013f6a7d4d9f39144961bfbfbc386b	40	0.5	raw_ridge_0.1	casual_only		False	0.6698263888888889	0.8419270833333333	0.7558767361111112	0.6698263888888889	0.5	0.75625	0.628125	0.5
meta-llama/Llama-3.3-70B-Instruct	6f6073b423013f6a7d4d9f39144961bfbfbc386b	40	0.5	raw_ridge_0.1	mixed	20261011	False	0.8666319444444444	0.846892361111111	0.8567621527777777	0.846892361111111	0.5604166666666667	0.7479166666666667	0.6541666666666667	0.5604166666666667
meta-llama/Llama-3.3-70B-Instruct	6f6073b423013f6a7d4d9f39144961bfbfbc386b	40	0.5	raw_ridge_0.1	mixed	20261012	False	0.8687499999999999	0.8542013888888889	0.8614756944444444	0.8542013888888889	0.5729166666666667	0.7541666666666667	0.6635416666666667	0.5729166666666667
meta-llama/Llama-3.3-70B-Instruct	6f6073b423013f6a7d4d9f39144961bfbfbc386b	40	0.5	raw_ridge_0.1	mixed	20261013	False	0.8409722222222223	0.8556597222222223	0.8483159722222223	0.8409722222222223	0.58125	0.7416666666666667	0.6614583333333334	0.58125
meta-llama/Llama-3.3-70B-Instruct	6f6073b423013f6a7d4d9f39144961bfbfbc386b	40	0.5	raw_ridge_0.1	mixed	20261014	False	0.8572569444444446	0.8489236111111111	0.8530902777777778	0.8489236111111111	0.5520833333333334	0.7416666666666667	0.6468750000000001	0.5520833333333334
meta-llama/Llama-3.3-70B-Instruct	6f6073b423013f6a7d4d9f39144961bfbfbc386b	40	0.5	raw_ridge_0.1	mixed	20261015	False	0.8761631944444443	0.8453819444444444	0.8607725694444444	0.8453819444444444	0.5625	0.75625	0.659375	0.5625
meta-llama/Llama-3.3-70B-Instruct	6f6073b423013f6a7d4d9f39144961bfbfbc386b	40	0.5	raw_ridge_0.1	mixed	20261016	False	0.8639930555555556	0.8527256944444445	0.858359375	0.8527256944444445	0.5791666666666666	0.7562500000000001	0.6677083333333333	0.5791666666666666
meta-llama/Llama-3.3-70B-Instruct	6f6073b423013f6a7d4d9f39144961bfbfbc386b	40	0.5	raw_ridge_0.1	mixed	20261017	False	0.8674131944444444	0.8489583333333333	0.8581857638888888	0.8489583333333333	0.5854166666666667	0.7437499999999999	0.6645833333333333	0.5854166666666667
meta-llama/Llama-3.3-70B-Instruct	6f6073b423013f6a7d4d9f39144961bfbfbc386b	40	0.5	raw_ridge_0.1	mixed	20261018	False	0.8642708333333333	0.8564062499999999	0.8603385416666667	0.8564062499999999	0.58125	0.7604166666666667	0.6708333333333334	0.58125
meta-llama/Llama-3.3-70B-Instruct	6f6073b423013f6a7d4d9f39144961bfbfbc386b	40	0.5	raw_ridge_0.01	benchmark_only		False	0.8462152777777777	0.7897395833333334	0.8179774305555556	0.7897395833333334	0.7791666666666667	0.7375	0.7583333333333333	0.7375
meta-llama/Llama-3.3-70B-Instruct	6f6073b423013f6a7d4d9f39144961bfbfbc386b	40	0.5	raw_ridge_0.01	casual_only		False	0.6697222222222222	0.8419097222222223	0.7558159722222222	0.6697222222222222	0.5	0.75625	0.628125	0.5
meta-llama/Llama-3.3-70B-Instruct	6f6073b423013f6a7d4d9f39144961bfbfbc386b	40	0.5	raw_ridge_0.01	mixed	20261011	False	0.8666319444444444	0.846892361111111	0.8567621527777777	0.846892361111111	0.5604166666666667	0.7479166666666667	0.6541666666666667	0.5604166666666667
meta-llama/Llama-3.3-70B-Instruct	6f6073b423013f6a7d4d9f39144961bfbfbc386b	40	0.5	raw_ridge_0.01	mixed	20261012	False	0.8688020833333334	0.8542013888888889	0.8615017361111111	0.8542013888888889	0.5729166666666667	0.7541666666666667	0.6635416666666667	0.5729166666666667
meta-llama/Llama-3.3-70B-Instruct	6f6073b423013f6a7d4d9f39144961bfbfbc386b	40	0.5	raw_ridge_0.01	mixed	20261013	False	0.8409722222222223	0.8556597222222223	0.8483159722222223	0.8409722222222223	0.58125	0.7416666666666667	0.6614583333333334	0.58125
meta-llama/Llama-3.3-70B-Instruct	6f6073b423013f6a7d4d9f39144961bfbfbc386b	40	0.5	raw_ridge_0.01	mixed	20261014	False	0.8572743055555555	0.8489236111111111	0.8530989583333333	0.8489236111111111	0.5520833333333334	0.7416666666666667	0.6468750000000001	0.5520833333333334
meta-llama/Llama-3.3-70B-Instruct	6f6073b423013f6a7d4d9f39144961bfbfbc386b	40	0.5	raw_ridge_0.01	mixed	20261015	False	0.8761284722222222	0.8453819444444444	0.8607552083333333	0.8453819444444444	0.5625	0.75625	0.659375	0.5625
meta-llama/Llama-3.3-70B-Instruct	6f6073b423013f6a7d4d9f39144961bfbfbc386b	40	0.5	raw_ridge_0.01	mixed	20261016	False	0.8640104166666667	0.8527256944444445	0.8583680555555555	0.8527256944444445	0.5791666666666666	0.7562500000000001	0.6677083333333333	0.5791666666666666
meta-llama/Llama-3.3-70B-Instruct	6f6073b423013f6a7d4d9f39144961bfbfbc386b	40	0.5	raw_ridge_0.01	mixed	20261017	False	0.8674305555555557	0.8489756944444443	0.858203125	0.8489756944444443	0.5854166666666667	0.7437499999999999	0.6645833333333333	0.5854166666666667
meta-llama/Llama-3.3-70B-Instruct	6f6073b423013f6a7d4d9f39144961bfbfbc386b	40	0.5	raw_ridge_0.01	mixed	20261018	False	0.8642361111111111	0.8564062499999999	0.8603211805555555	0.8564062499999999	0.58125	0.7604166666666667	0.6708333333333334	0.58125
meta-llama/Llama-3.3-70B-Instruct	6f6073b423013f6a7d4d9f39144961bfbfbc386b	40	0.5	raw_ridge_1	benchmark_only		False	0.8461111111111113	0.7897743055555555	0.8179427083333334	0.7897743055555555	0.7791666666666667	0.7354166666666666	0.7572916666666667	0.7354166666666666
meta-llama/Llama-3.3-70B-Instruct	6f6073b423013f6a7d4d9f39144961bfbfbc386b	40	0.5	raw_ridge_1	casual_only		False	0.6702256944444444	0.8419270833333333	0.7560763888888888	0.6702256944444444	0.5	0.7541666666666667	0.6270833333333333	0.5
meta-llama/Llama-3.3-70B-Instruct	6f6073b423013f6a7d4d9f39144961bfbfbc386b	40	0.5	raw_ridge_1	mixed	20261011	False	0.8666145833333333	0.8469444444444445	0.856779513888889	0.8469444444444445	0.5625	0.7479166666666667	0.6552083333333334	0.5625
meta-llama/Llama-3.3-70B-Instruct	6f6073b423013f6a7d4d9f39144961bfbfbc386b	40	0.5	raw_ridge_1	mixed	20261012	False	0.8687152777777778	0.8541840277777777	0.8614496527777777	0.8541840277777777	0.5729166666666667	0.7541666666666667	0.6635416666666667	0.5729166666666667
meta-llama/Llama-3.3-70B-Instruct	6f6073b423013f6a7d4d9f39144961bfbfbc386b	40	0.5	raw_ridge_1	mixed	20261013	False	0.840920138888889	0.8556423611111111	0.8482812500000001	0.840920138888889	0.58125	0.7416666666666667	0.6614583333333334	0.58125
meta-llama/Llama-3.3-70B-Instruct	6f6073b423013f6a7d4d9f39144961bfbfbc386b	40	0.5	raw_ridge_1	mixed	20261014	False	0.8572222222222223	0.8488020833333333	0.8530121527777779	0.8488020833333333	0.5520833333333334	0.7395833333333333	0.6458333333333333	0.5520833333333334
meta-llama/Llama-3.3-70B-Instruct	6f6073b423013f6a7d4d9f39144961bfbfbc386b	40	0.5	raw_ridge_1	mixed	20261015	False	0.8761111111111111	0.8453472222222222	0.8607291666666667	0.8453472222222222	0.5625	0.75625	0.659375	0.5625
meta-llama/Llama-3.3-70B-Instruct	6f6073b423013f6a7d4d9f39144961bfbfbc386b	40	0.5	raw_ridge_1	mixed	20261016	False	0.8639583333333334	0.8526909722222223	0.8583246527777779	0.8526909722222223	0.5791666666666666	0.7562500000000001	0.6677083333333333	0.5791666666666666
meta-llama/Llama-3.3-70B-Instruct	6f6073b423013f6a7d4d9f39144961bfbfbc386b	40	0.5	raw_ridge_1	mixed	20261017	False	0.8674305555555555	0.84890625	0.8581684027777777	0.84890625	0.5854166666666667	0.7437499999999999	0.6645833333333333	0.5854166666666667
meta-llama/Llama-3.3-70B-Instruct	6f6073b423013f6a7d4d9f39144961bfbfbc386b	40	0.5	raw_ridge_1	mixed	20261018	False	0.8642534722222222	0.8563541666666667	0.8603038194444445	0.8563541666666667	0.58125	0.7583333333333333	0.6697916666666667	0.58125
meta-llama/Llama-3.3-70B-Instruct	6f6073b423013f6a7d4d9f39144961bfbfbc386b	40	0.5	row_l2_ridge_0.1	benchmark_only		False	0.8443229166666666	0.7996006944444445	0.8219618055555555	0.7996006944444445	0.78125	0.7104166666666667	0.7458333333333333	0.7104166666666667
meta-llama/Llama-3.3-70B-Instruct	6f6073b423013f6a7d4d9f39144961bfbfbc386b	40	0.5	row_l2_ridge_0.1	casual_only		False	0.7395659722222221	0.8403819444444445	0.7899739583333333	0.7395659722222221	0.5	0.7479166666666667	0.6239583333333334	0.5
meta-llama/Llama-3.3-70B-Instruct	6f6073b423013f6a7d4d9f39144961bfbfbc386b	40	0.5	row_l2_ridge_0.1	mixed	20261011	False	0.8669965277777779	0.8490104166666667	0.8580034722222223	0.8490104166666667	0.6875	0.76875	0.728125	0.6875
meta-llama/Llama-3.3-70B-Instruct	6f6073b423013f6a7d4d9f39144961bfbfbc386b	40	0.5	row_l2_ridge_0.1	mixed	20261012	False	0.8710763888888888	0.8531423611111111	0.862109375	0.8531423611111111	0.6875	0.7770833333333333	0.7322916666666667	0.6875
meta-llama/Llama-3.3-70B-Instruct	6f6073b423013f6a7d4d9f39144961bfbfbc386b	40	0.5	row_l2_ridge_0.1	mixed	20261013	False	0.8574652777777777	0.8521875000000001	0.854826388888889	0.8521875000000001	0.6645833333333333	0.76875	0.7166666666666667	0.6645833333333333
meta-llama/Llama-3.3-70B-Instruct	6f6073b423013f6a7d4d9f39144961bfbfbc386b	40	0.5	row_l2_ridge_0.1	mixed	20261014	False	0.8631597222222223	0.84765625	0.8554079861111111	0.84765625	0.6708333333333333	0.7708333333333333	0.7208333333333332	0.6708333333333333
meta-llama/Llama-3.3-70B-Instruct	6f6073b423013f6a7d4d9f39144961bfbfbc386b	40	0.5	row_l2_ridge_0.1	mixed	20261015	False	0.8751215277777777	0.8468402777777777	0.8609809027777777	0.8468402777777777	0.69375	0.7770833333333333	0.7354166666666666	0.69375
meta-llama/Llama-3.3-70B-Instruct	6f6073b423013f6a7d4d9f39144961bfbfbc386b	40	0.5	row_l2_ridge_0.1	mixed	20261016	False	0.8654166666666667	0.8530555555555556	0.8592361111111111	0.8530555555555556	0.69375	0.7708333333333333	0.7322916666666666	0.69375
meta-llama/Llama-3.3-70B-Instruct	6f6073b423013f6a7d4d9f39144961bfbfbc386b	40	0.5	row_l2_ridge_0.1	mixed	20261017	False	0.8694270833333333	0.8503298611111112	0.8598784722222222	0.8503298611111112	0.6916666666666667	0.7770833333333333	0.734375	0.6916666666666667
meta-llama/Llama-3.3-70B-Instruct	6f6073b423013f6a7d4d9f39144961bfbfbc386b	40	0.5	row_l2_ridge_0.1	mixed	20261018	False	0.8653298611111112	0.8553819444444445	0.8603559027777778	0.8553819444444445	0.70625	0.775	0.7406250000000001	0.70625
meta-llama/Llama-3.3-70B-Instruct	6f6073b423013f6a7d4d9f39144961bfbfbc386b	49	0.625	raw_ridge_0.1	benchmark_only		False	0.8435069444444445	0.7695486111111111	0.8065277777777777	0.7695486111111111	0.7583333333333333	0.5270833333333333	0.6427083333333333	0.5270833333333333
meta-llama/Llama-3.3-70B-Instruct	6f6073b423013f6a7d4d9f39144961bfbfbc386b	49	0.625	raw_ridge_0.1	casual_only		False	0.6263368055555556	0.8252777777777779	0.7258072916666667	0.6263368055555556	0.5	0.7458333333333333	0.6229166666666667	0.5
meta-llama/Llama-3.3-70B-Instruct	6f6073b423013f6a7d4d9f39144961bfbfbc386b	49	0.625	raw_ridge_0.1	mixed	20261011	False	0.8503125000000001	0.8259722222222223	0.8381423611111112	0.8259722222222223	0.525	0.7145833333333333	0.6197916666666667	0.525
meta-llama/Llama-3.3-70B-Instruct	6f6073b423013f6a7d4d9f39144961bfbfbc386b	49	0.625	raw_ridge_0.1	mixed	20261012	False	0.8526215277777778	0.8327256944444446	0.8426736111111112	0.8327256944444446	0.5333333333333333	0.7229166666666667	0.628125	0.5333333333333333
meta-llama/Llama-3.3-70B-Instruct	6f6073b423013f6a7d4d9f39144961bfbfbc386b	49	0.625	raw_ridge_0.1	mixed	20261013	False	0.8205034722222222	0.8339062499999998	0.827204861111111	0.8205034722222222	0.5458333333333334	0.7104166666666667	0.628125	0.5458333333333334
meta-llama/Llama-3.3-70B-Instruct	6f6073b423013f6a7d4d9f39144961bfbfbc386b	49	0.625	raw_ridge_0.1	mixed	20261014	False	0.8406597222222222	0.8262152777777778	0.8334375	0.8262152777777778	0.5229166666666667	0.7083333333333333	0.615625	0.5229166666666667
meta-llama/Llama-3.3-70B-Instruct	6f6073b423013f6a7d4d9f39144961bfbfbc386b	49	0.625	raw_ridge_0.1	mixed	20261015	False	0.8695138888888889	0.8296180555555556	0.8495659722222222	0.8296180555555556	0.5375	0.7124999999999999	0.625	0.5375
meta-llama/Llama-3.3-70B-Instruct	6f6073b423013f6a7d4d9f39144961bfbfbc386b	49	0.625	raw_ridge_0.1	mixed	20261016	False	0.845017361111111	0.831892361111111	0.838454861111111	0.831892361111111	0.5437500000000001	0.7166666666666667	0.6302083333333334	0.5437500000000001
meta-llama/Llama-3.3-70B-Instruct	6f6073b423013f6a7d4d9f39144961bfbfbc386b	49	0.625	raw_ridge_0.1	mixed	20261017	False	0.8500868055555557	0.8310763888888888	0.8405815972222223	0.8310763888888888	0.5395833333333333	0.7041666666666666	0.621875	0.5395833333333333
meta-llama/Llama-3.3-70B-Instruct	6f6073b423013f6a7d4d9f39144961bfbfbc386b	49	0.625	raw_ridge_0.1	mixed	20261018	False	0.8490798611111112	0.8392361111111111	0.8441579861111111	0.8392361111111111	0.5395833333333333	0.7270833333333333	0.6333333333333333	0.5395833333333333
meta-llama/Llama-3.3-70B-Instruct	6f6073b423013f6a7d4d9f39144961bfbfbc386b	49	0.625	raw_ridge_0.01	benchmark_only		False	0.8435590277777778	0.7695486111111111	0.8065538194444444	0.7695486111111111	0.7583333333333333	0.5270833333333333	0.6427083333333333	0.5270833333333333
meta-llama/Llama-3.3-70B-Instruct	6f6073b423013f6a7d4d9f39144961bfbfbc386b	49	0.625	raw_ridge_0.01	casual_only		False	0.6262673611111111	0.8253298611111111	0.7257986111111111	0.6262673611111111	0.5	0.7458333333333333	0.6229166666666667	0.5
meta-llama/Llama-3.3-70B-Instruct	6f6073b423013f6a7d4d9f39144961bfbfbc386b	49	0.625	raw_ridge_0.01	mixed	20261011	False	0.8502777777777777	0.8260069444444444	0.8381423611111111	0.8260069444444444	0.525	0.7145833333333333	0.6197916666666667	0.525
meta-llama/Llama-3.3-70B-Instruct	6f6073b423013f6a7d4d9f39144961bfbfbc386b	49	0.625	raw_ridge_0.01	mixed	20261012	False	0.8526041666666666	0.8327083333333334	0.84265625	0.8327083333333334	0.5333333333333333	0.7229166666666667	0.628125	0.5333333333333333
meta-llama/Llama-3.3-70B-Instruct	6f6073b423013f6a7d4d9f39144961bfbfbc386b	49	0.625	raw_ridge_0.01	mixed	20261013	False	0.8204861111111111	0.833923611111111	0.8272048611111111	0.8204861111111111	0.5458333333333334	0.7104166666666667	0.628125	0.5458333333333334
meta-llama/Llama-3.3-70B-Instruct	6f6073b423013f6a7d4d9f39144961bfbfbc386b	49	0.625	raw_ridge_0.01	mixed	20261014	False	0.8406250000000001	0.8261805555555556	0.8334027777777778	0.8261805555555556	0.5229166666666667	0.7083333333333333	0.615625	0.5229166666666667
meta-llama/Llama-3.3-70B-Instruct	6f6073b423013f6a7d4d9f39144961bfbfbc386b	49	0.625	raw_ridge_0.01	mixed	20261015	False	0.8695138888888889	0.8295833333333333	0.8495486111111111	0.8295833333333333	0.5375	0.7124999999999999	0.625	0.5375
meta-llama/Llama-3.3-70B-Instruct	6f6073b423013f6a7d4d9f39144961bfbfbc386b	49	0.625	raw_ridge_0.01	mixed	20261016	False	0.845017361111111	0.8319097222222223	0.8384635416666666	0.8319097222222223	0.5437500000000001	0.7145833333333333	0.6291666666666667	0.5437500000000001
meta-llama/Llama-3.3-70B-Instruct	6f6073b423013f6a7d4d9f39144961bfbfbc386b	49	0.625	raw_ridge_0.01	mixed	20261017	False	0.8500520833333334	0.8310590277777777	0.8405555555555555	0.8310590277777777	0.5395833333333333	0.7041666666666666	0.621875	0.5395833333333333
meta-llama/Llama-3.3-70B-Instruct	6f6073b423013f6a7d4d9f39144961bfbfbc386b	49	0.625	raw_ridge_0.01	mixed	20261018	False	0.8491145833333333	0.8391840277777778	0.8441493055555556	0.8391840277777778	0.5395833333333333	0.7270833333333333	0.6333333333333333	0.5395833333333333
meta-llama/Llama-3.3-70B-Instruct	6f6073b423013f6a7d4d9f39144961bfbfbc386b	49	0.625	raw_ridge_1	benchmark_only		False	0.8434375000000001	0.7694444444444444	0.8064409722222222	0.7694444444444444	0.7583333333333333	0.5270833333333333	0.6427083333333333	0.5270833333333333
meta-llama/Llama-3.3-70B-Instruct	6f6073b423013f6a7d4d9f39144961bfbfbc386b	49	0.625	raw_ridge_1	casual_only		False	0.6266666666666667	0.8252256944444445	0.7259461805555556	0.6266666666666667	0.5	0.7458333333333333	0.6229166666666667	0.5
meta-llama/Llama-3.3-70B-Instruct	6f6073b423013f6a7d4d9f39144961bfbfbc386b	49	0.625	raw_ridge_1	mixed	20261011	False	0.850295138888889	0.8259548611111112	0.838125	0.8259548611111112	0.525	0.7145833333333333	0.6197916666666667	0.525
meta-llama/Llama-3.3-70B-Instruct	6f6073b423013f6a7d4d9f39144961bfbfbc386b	49	0.625	raw_ridge_1	mixed	20261012	False	0.85265625	0.8327604166666667	0.8427083333333334	0.8327604166666667	0.5333333333333333	0.7229166666666667	0.628125	0.5333333333333333
meta-llama/Llama-3.3-70B-Instruct	6f6073b423013f6a7d4d9f39144961bfbfbc386b	49	0.625	raw_ridge_1	mixed	20261013	False	0.8205381944444445	0.8339062499999998	0.8272222222222222	0.8205381944444445	0.5458333333333334	0.7104166666666667	0.628125	0.5458333333333334
meta-llama/Llama-3.3-70B-Instruct	6f6073b423013f6a7d4d9f39144961bfbfbc386b	49	0.625	raw_ridge_1	mixed	20261014	False	0.8407291666666669	0.8262152777777778	0.8334722222222224	0.8262152777777778	0.5229166666666667	0.7083333333333333	0.615625	0.5229166666666667
meta-llama/Llama-3.3-70B-Instruct	6f6073b423013f6a7d4d9f39144961bfbfbc386b	49	0.625	raw_ridge_1	mixed	20261015	False	0.8694618055555555	0.8295833333333332	0.8495225694444444	0.8295833333333332	0.5375	0.7104166666666667	0.6239583333333334	0.5375
meta-llama/Llama-3.3-70B-Instruct	6f6073b423013f6a7d4d9f39144961bfbfbc386b	49	0.625	raw_ridge_1	mixed	20261016	False	0.8451215277777778	0.8318749999999999	0.8384982638888889	0.8318749999999999	0.5437500000000001	0.7166666666666667	0.6302083333333334	0.5437500000000001
meta-llama/Llama-3.3-70B-Instruct	6f6073b423013f6a7d4d9f39144961bfbfbc386b	49	0.625	raw_ridge_1	mixed	20261017	False	0.85015625	0.8310763888888888	0.8406163194444444	0.8310763888888888	0.5395833333333333	0.7041666666666666	0.621875	0.5395833333333333
meta-llama/Llama-3.3-70B-Instruct	6f6073b423013f6a7d4d9f39144961bfbfbc386b	49	0.625	raw_ridge_1	mixed	20261018	False	0.8492361111111112	0.83921875	0.8442274305555556	0.83921875	0.5395833333333333	0.7270833333333333	0.6333333333333333	0.5395833333333333
meta-llama/Llama-3.3-70B-Instruct	6f6073b423013f6a7d4d9f39144961bfbfbc386b	49	0.625	row_l2_ridge_0.1	benchmark_only		False	0.8429861111111112	0.7676909722222222	0.8053385416666667	0.7676909722222222	0.7666666666666666	0.525	0.6458333333333333	0.525
meta-llama/Llama-3.3-70B-Instruct	6f6073b423013f6a7d4d9f39144961bfbfbc386b	49	0.625	row_l2_ridge_0.1	casual_only		False	0.683142361111111	0.8181770833333334	0.7506597222222222	0.683142361111111	0.5	0.73125	0.615625	0.5
meta-llama/Llama-3.3-70B-Instruct	6f6073b423013f6a7d4d9f39144961bfbfbc386b	49	0.625	row_l2_ridge_0.1	mixed	20261011	False	0.8614583333333334	0.8234201388888889	0.8424392361111112	0.8234201388888889	0.6375	0.7270833333333333	0.6822916666666666	0.6375
meta-llama/Llama-3.3-70B-Instruct	6f6073b423013f6a7d4d9f39144961bfbfbc386b	49	0.625	row_l2_ridge_0.1	mixed	20261012	False	0.8697395833333333	0.8267361111111112	0.8482378472222223	0.8267361111111112	0.6416666666666666	0.7458333333333333	0.69375	0.6416666666666666
meta-llama/Llama-3.3-70B-Instruct	6f6073b423013f6a7d4d9f39144961bfbfbc386b	49	0.625	row_l2_ridge_0.1	mixed	20261013	False	0.8504166666666667	0.8268576388888889	0.8386371527777778	0.8268576388888889	0.6375	0.7333333333333334	0.6854166666666667	0.6375
meta-llama/Llama-3.3-70B-Instruct	6f6073b423013f6a7d4d9f39144961bfbfbc386b	49	0.625	row_l2_ridge_0.1	mixed	20261014	False	0.8554340277777777	0.8217708333333333	0.8386024305555555	0.8217708333333333	0.6270833333333333	0.725	0.6760416666666667	0.6270833333333333
meta-llama/Llama-3.3-70B-Instruct	6f6073b423013f6a7d4d9f39144961bfbfbc386b	49	0.625	row_l2_ridge_0.1	mixed	20261015	False	0.8746354166666667	0.8244270833333331	0.8495312499999998	0.8244270833333331	0.64375	0.7437499999999999	0.69375	0.64375
meta-llama/Llama-3.3-70B-Instruct	6f6073b423013f6a7d4d9f39144961bfbfbc386b	49	0.625	row_l2_ridge_0.1	mixed	20261016	False	0.8553819444444443	0.8283333333333334	0.8418576388888888	0.8283333333333334	0.6395833333333334	0.73125	0.6854166666666667	0.6395833333333334
meta-llama/Llama-3.3-70B-Instruct	6f6073b423013f6a7d4d9f39144961bfbfbc386b	49	0.625	row_l2_ridge_0.1	mixed	20261017	False	0.8593055555555555	0.8257465277777778	0.8425260416666667	0.8257465277777778	0.6499999999999999	0.7270833333333333	0.6885416666666666	0.6499999999999999
meta-llama/Llama-3.3-70B-Instruct	6f6073b423013f6a7d4d9f39144961bfbfbc386b	49	0.625	row_l2_ridge_0.1	mixed	20261018	False	0.863107638888889	0.8302604166666667	0.8466840277777778	0.8302604166666667	0.6395833333333334	0.7416666666666667	0.690625	0.6395833333333334
meta-llama/Llama-3.3-70B-Instruct	6f6073b423013f6a7d4d9f39144961bfbfbc386b	59	0.75	raw_ridge_0.1	benchmark_only		False	0.821059027777778	0.7384722222222222	0.779765625	0.7384722222222222	0.75	0.5020833333333333	0.6260416666666666	0.5020833333333333
meta-llama/Llama-3.3-70B-Instruct	6f6073b423013f6a7d4d9f39144961bfbfbc386b	59	0.75	raw_ridge_0.1	casual_only		False	0.5835590277777778	0.8074652777777778	0.6955121527777778	0.5835590277777778	0.5	0.7270833333333333	0.6135416666666667	0.5
meta-llama/Llama-3.3-70B-Instruct	6f6073b423013f6a7d4d9f39144961bfbfbc386b	59	0.75	raw_ridge_0.1	mixed	20261011	False	0.8294618055555556	0.814982638888889	0.8222222222222223	0.814982638888889	0.5125	0.6854166666666667	0.5989583333333333	0.5125
meta-llama/Llama-3.3-70B-Instruct	6f6073b423013f6a7d4d9f39144961bfbfbc386b	59	0.75	raw_ridge_0.1	mixed	20261012	False	0.8331076388888888	0.825295138888889	0.829201388888889	0.825295138888889	0.5208333333333334	0.6958333333333333	0.6083333333333334	0.5208333333333334
meta-llama/Llama-3.3-70B-Instruct	6f6073b423013f6a7d4d9f39144961bfbfbc386b	59	0.75	raw_ridge_0.1	mixed	20261013	False	0.7957638888888889	0.8228993055555556	0.8093315972222223	0.7957638888888889	0.525	0.6854166666666667	0.6052083333333333	0.525
meta-llama/Llama-3.3-70B-Instruct	6f6073b423013f6a7d4d9f39144961bfbfbc386b	59	0.75	raw_ridge_0.1	mixed	20261014	False	0.8169097222222222	0.8138368055555556	0.8153732638888889	0.8138368055555556	0.5125	0.6958333333333333	0.6041666666666666	0.5125
meta-llama/Llama-3.3-70B-Instruct	6f6073b423013f6a7d4d9f39144961bfbfbc386b	59	0.75	raw_ridge_0.1	mixed	20261015	False	0.8426562499999999	0.8210763888888889	0.8318663194444444	0.8210763888888889	0.5145833333333333	0.6875	0.6010416666666667	0.5145833333333333
meta-llama/Llama-3.3-70B-Instruct	6f6073b423013f6a7d4d9f39144961bfbfbc386b	59	0.75	raw_ridge_0.1	mixed	20261016	False	0.8216145833333334	0.8209201388888889	0.8212673611111112	0.8209201388888889	0.5145833333333333	0.6895833333333333	0.6020833333333333	0.5145833333333333
meta-llama/Llama-3.3-70B-Instruct	6f6073b423013f6a7d4d9f39144961bfbfbc386b	59	0.75	raw_ridge_0.1	mixed	20261017	False	0.832795138888889	0.8202430555555555	0.8265190972222223	0.8202430555555555	0.5166666666666667	0.6854166666666667	0.6010416666666667	0.5166666666666667
meta-llama/Llama-3.3-70B-Instruct	6f6073b423013f6a7d4d9f39144961bfbfbc386b	59	0.75	raw_ridge_0.1	mixed	20261018	False	0.8243229166666666	0.8307118055555558	0.8275173611111112	0.8243229166666666	0.5208333333333334	0.7	0.6104166666666666	0.5208333333333334
meta-llama/Llama-3.3-70B-Instruct	6f6073b423013f6a7d4d9f39144961bfbfbc386b	59	0.75	raw_ridge_0.01	benchmark_only		False	0.82109375	0.7385243055555556	0.7798090277777778	0.7385243055555556	0.75	0.5020833333333333	0.6260416666666666	0.5020833333333333
meta-llama/Llama-3.3-70B-Instruct	6f6073b423013f6a7d4d9f39144961bfbfbc386b	59	0.75	raw_ridge_0.01	casual_only		False	0.5835069444444445	0.8074652777777778	0.6954861111111111	0.5835069444444445	0.5	0.7270833333333333	0.6135416666666667	0.5
meta-llama/Llama-3.3-70B-Instruct	6f6073b423013f6a7d4d9f39144961bfbfbc386b	59	0.75	raw_ridge_0.01	mixed	20261011	False	0.8294618055555556	0.814982638888889	0.8222222222222223	0.814982638888889	0.5125	0.6854166666666667	0.5989583333333333	0.5125
meta-llama/Llama-3.3-70B-Instruct	6f6073b423013f6a7d4d9f39144961bfbfbc386b	59	0.75	raw_ridge_0.01	mixed	20261012	False	0.8330729166666666	0.8253125000000001	0.8291927083333334	0.8253125000000001	0.5208333333333334	0.6958333333333333	0.6083333333333334	0.5208333333333334
meta-llama/Llama-3.3-70B-Instruct	6f6073b423013f6a7d4d9f39144961bfbfbc386b	59	0.75	raw_ridge_0.01	mixed	20261013	False	0.7957638888888889	0.8228993055555556	0.8093315972222223	0.7957638888888889	0.525	0.6854166666666667	0.6052083333333333	0.525
meta-llama/Llama-3.3-70B-Instruct	6f6073b423013f6a7d4d9f39144961bfbfbc386b	59	0.75	raw_ridge_0.01	mixed	20261014	False	0.8169444444444446	0.8138020833333333	0.8153732638888889	0.8138020833333333	0.5125	0.6958333333333333	0.6041666666666666	0.5125
meta-llama/Llama-3.3-70B-Instruct	6f6073b423013f6a7d4d9f39144961bfbfbc386b	59	0.75	raw_ridge_0.01	mixed	20261015	False	0.8426562500000001	0.821076388888889	0.8318663194444446	0.821076388888889	0.5145833333333333	0.6875	0.6010416666666667	0.5145833333333333
meta-llama/Llama-3.3-70B-Instruct	6f6073b423013f6a7d4d9f39144961bfbfbc386b	59	0.75	raw_ridge_0.01	mixed	20261016	False	0.8216145833333335	0.8209201388888889	0.8212673611111112	0.8209201388888889	0.5145833333333333	0.6895833333333333	0.6020833333333333	0.5145833333333333
meta-llama/Llama-3.3-70B-Instruct	6f6073b423013f6a7d4d9f39144961bfbfbc386b	59	0.75	raw_ridge_0.01	mixed	20261017	False	0.832795138888889	0.8202430555555555	0.8265190972222223	0.8202430555555555	0.5166666666666667	0.6854166666666667	0.6010416666666667	0.5166666666666667
meta-llama/Llama-3.3-70B-Instruct	6f6073b423013f6a7d4d9f39144961bfbfbc386b	59	0.75	raw_ridge_0.01	mixed	20261018	False	0.8243229166666666	0.8307118055555556	0.8275173611111111	0.8243229166666666	0.5208333333333334	0.7	0.6104166666666666	0.5208333333333334
meta-llama/Llama-3.3-70B-Instruct	6f6073b423013f6a7d4d9f39144961bfbfbc386b	59	0.75	raw_ridge_1	benchmark_only		False	0.8209722222222222	0.7383854166666667	0.7796788194444444	0.7383854166666667	0.75	0.5020833333333333	0.6260416666666666	0.5020833333333333
meta-llama/Llama-3.3-70B-Instruct	6f6073b423013f6a7d4d9f39144961bfbfbc386b	59	0.75	raw_ridge_1	casual_only		False	0.5835590277777777	0.8074131944444444	0.695486111111111	0.5835590277777777	0.5	0.7270833333333333	0.6135416666666667	0.5
meta-llama/Llama-3.3-70B-Instruct	6f6073b423013f6a7d4d9f39144961bfbfbc386b	59	0.75	raw_ridge_1	mixed	20261011	False	0.8295833333333333	0.8149479166666668	0.822265625	0.8149479166666668	0.5125	0.6854166666666667	0.5989583333333333	0.5125
meta-llama/Llama-3.3-70B-Instruct	6f6073b423013f6a7d4d9f39144961bfbfbc386b	59	0.75	raw_ridge_1	mixed	20261012	False	0.8331076388888888	0.8253125	0.8292100694444444	0.8253125	0.5208333333333334	0.6958333333333333	0.6083333333333334	0.5208333333333334
meta-llama/Llama-3.3-70B-Instruct	6f6073b423013f6a7d4d9f39144961bfbfbc386b	59	0.75	raw_ridge_1	mixed	20261013	False	0.7957465277777778	0.8229166666666667	0.8093315972222223	0.7957465277777778	0.525	0.6854166666666667	0.6052083333333333	0.525
meta-llama/Llama-3.3-70B-Instruct	6f6073b423013f6a7d4d9f39144961bfbfbc386b	59	0.75	raw_ridge_1	mixed	20261014	False	0.8169097222222222	0.8138020833333333	0.8153559027777777	0.8138020833333333	0.5125	0.6958333333333333	0.6041666666666666	0.5125
meta-llama/Llama-3.3-70B-Instruct	6f6073b423013f6a7d4d9f39144961bfbfbc386b	59	0.75	raw_ridge_1	mixed	20261015	False	0.8426736111111113	0.8210416666666668	0.831857638888889	0.8210416666666668	0.5145833333333333	0.6875	0.6010416666666667	0.5145833333333333
meta-llama/Llama-3.3-70B-Instruct	6f6073b423013f6a7d4d9f39144961bfbfbc386b	59	0.75	raw_ridge_1	mixed	20261016	False	0.82171875	0.8209201388888889	0.8213194444444445	0.8209201388888889	0.5145833333333333	0.6875	0.6010416666666667	0.5145833333333333
meta-llama/Llama-3.3-70B-Instruct	6f6073b423013f6a7d4d9f39144961bfbfbc386b	59	0.75	raw_ridge_1	mixed	20261017	False	0.8327777777777778	0.8201909722222221	0.8264843749999999	0.8201909722222221	0.5166666666666667	0.6854166666666667	0.6010416666666667	0.5166666666666667
meta-llama/Llama-3.3-70B-Instruct	6f6073b423013f6a7d4d9f39144961bfbfbc386b	59	0.75	raw_ridge_1	mixed	20261018	False	0.8243402777777777	0.8307291666666667	0.8275347222222222	0.8243402777777777	0.5208333333333334	0.7	0.6104166666666666	0.5208333333333334
meta-llama/Llama-3.3-70B-Instruct	6f6073b423013f6a7d4d9f39144961bfbfbc386b	59	0.75	row_l2_ridge_0.1	benchmark_only		False	0.8258680555555555	0.73609375	0.7809809027777778	0.73609375	0.7520833333333333	0.5	0.6260416666666666	0.5
meta-llama/Llama-3.3-70B-Instruct	6f6073b423013f6a7d4d9f39144961bfbfbc386b	59	0.75	row_l2_ridge_0.1	casual_only		False	0.6220138888888889	0.804861111111111	0.7134375	0.6220138888888889	0.5	0.7145833333333333	0.6072916666666667	0.5
meta-llama/Llama-3.3-70B-Instruct	6f6073b423013f6a7d4d9f39144961bfbfbc386b	59	0.75	row_l2_ridge_0.1	mixed	20261011	False	0.8436284722222223	0.8140104166666666	0.8288194444444444	0.8140104166666666	0.5708333333333333	0.7125	0.6416666666666666	0.5708333333333333
meta-llama/Llama-3.3-70B-Instruct	6f6073b423013f6a7d4d9f39144961bfbfbc386b	59	0.75	row_l2_ridge_0.1	mixed	20261012	False	0.8539756944444444	0.8197569444444445	0.8368663194444445	0.8197569444444445	0.5645833333333333	0.7104166666666667	0.6375	0.5645833333333333
meta-llama/Llama-3.3-70B-Instruct	6f6073b423013f6a7d4d9f39144961bfbfbc386b	59	0.75	row_l2_ridge_0.1	mixed	20261013	False	0.8290798611111111	0.8155381944444444	0.8223090277777778	0.8155381944444444	0.5729166666666666	0.7125	0.6427083333333333	0.5729166666666666
meta-llama/Llama-3.3-70B-Instruct	6f6073b423013f6a7d4d9f39144961bfbfbc386b	59	0.75	row_l2_ridge_0.1	mixed	20261014	False	0.8333854166666667	0.8108680555555554	0.8221267361111111	0.8108680555555554	0.5604166666666667	0.7104166666666667	0.6354166666666667	0.5604166666666667
meta-llama/Llama-3.3-70B-Instruct	6f6073b423013f6a7d4d9f39144961bfbfbc386b	59	0.75	row_l2_ridge_0.1	mixed	20261015	False	0.8491840277777778	0.8172569444444444	0.8332204861111111	0.8172569444444444	0.5875	0.7041666666666666	0.6458333333333333	0.5875
meta-llama/Llama-3.3-70B-Instruct	6f6073b423013f6a7d4d9f39144961bfbfbc386b	59	0.75	row_l2_ridge_0.1	mixed	20261016	False	0.8346354166666666	0.8192534722222222	0.8269444444444445	0.8192534722222222	0.5770833333333333	0.7145833333333333	0.6458333333333333	0.5770833333333333
meta-llama/Llama-3.3-70B-Instruct	6f6073b423013f6a7d4d9f39144961bfbfbc386b	59	0.75	row_l2_ridge_0.1	mixed	20261017	False	0.8432465277777779	0.8158333333333334	0.8295399305555556	0.8158333333333334	0.56875	0.7020833333333334	0.6354166666666667	0.56875
meta-llama/Llama-3.3-70B-Instruct	6f6073b423013f6a7d4d9f39144961bfbfbc386b	59	0.75	row_l2_ridge_0.1	mixed	20261018	False	0.8447916666666667	0.8219618055555555	0.8333767361111111	0.8219618055555555	0.5645833333333333	0.7104166666666667	0.6375	0.5645833333333333
