model	revision	layer	normalized_depth	variant	regime	seed	double_heldout	benchmark_roc_auc	casual_roc_auc	macro_format_roc_auc	worst_format_roc_auc	benchmark_balanced_accuracy	casual_balanced_accuracy	macro_format_balanced_accuracy	worst_format_balanced_accuracy
meta-llama/Llama-3.1-70B-Instruct	1605565b47bb9346c5515c34102e054115b4f98b	20	0.25	raw_ridge_0.1	benchmark_only		False	0.8656993272569443	0.87230703125	0.8690031792534721	0.8656993272569443	0.77734375	0.798125	0.787734375	0.77734375
meta-llama/Llama-3.1-70B-Instruct	1605565b47bb9346c5515c34102e054115b4f98b	20	0.25	raw_ridge_0.1	casual_only		False	0.8679535590277778	0.8856078125	0.8767806857638889	0.8679535590277778	0.7861979166666666	0.8121875	0.7991927083333332	0.7861979166666666
meta-llama/Llama-3.1-70B-Instruct	1605565b47bb9346c5515c34102e054115b4f98b	20	0.25	raw_ridge_0.1	mixed	20260823	False	0.8627574327256945	0.8758671875000001	0.8693123101128473	0.8627574327256945	0.7776041666666667	0.8065625000000001	0.7920833333333334	0.7776041666666667
meta-llama/Llama-3.1-70B-Instruct	1605565b47bb9346c5515c34102e054115b4f98b	20	0.25	raw_ridge_0.1	mixed	20260824	False	0.8678602430555555	0.8810074218749999	0.8744338324652777	0.8678602430555555	0.7838541666666666	0.8121875000000001	0.7980208333333334	0.7838541666666666
meta-llama/Llama-3.1-70B-Instruct	1605565b47bb9346c5515c34102e054115b4f98b	20	0.25	raw_ridge_0.1	mixed	20260825	False	0.8653127712673612	0.8776515625	0.8714821668836805	0.8653127712673612	0.7770833333333333	0.809375	0.7932291666666667	0.7770833333333333
meta-llama/Llama-3.1-70B-Instruct	1605565b47bb9346c5515c34102e054115b4f98b	20	0.25	raw_ridge_0.1	mixed	20260826	False	0.8675944010416667	0.8810496093750002	0.8743220052083335	0.8675944010416667	0.7841145833333333	0.8121875000000001	0.7981510416666666	0.7841145833333333
meta-llama/Llama-3.1-70B-Instruct	1605565b47bb9346c5515c34102e054115b4f98b	20	0.25	raw_ridge_0.1	mixed	20260827	False	0.8640646701388889	0.8757964843749999	0.8699305772569443	0.8640646701388889	0.778125	0.8084375	0.7932812499999999	0.778125
meta-llama/Llama-3.1-70B-Instruct	1605565b47bb9346c5515c34102e054115b4f98b	20	0.25	raw_ridge_0.1	mixed	20260828	False	0.8650889756944444	0.8791738281249999	0.8721314019097222	0.8650889756944444	0.7809895833333333	0.8109375	0.7959635416666666	0.7809895833333333
meta-llama/Llama-3.1-70B-Instruct	1605565b47bb9346c5515c34102e054115b4f98b	20	0.25	raw_ridge_0.1	mixed	20260829	False	0.86525634765625	0.8777949218750001	0.8715256347656251	0.86525634765625	0.7778645833333333	0.8096874999999999	0.7937760416666666	0.7778645833333333
meta-llama/Llama-3.1-70B-Instruct	1605565b47bb9346c5515c34102e054115b4f98b	20	0.25	raw_ridge_0.1	mixed	20260830	False	0.86664306640625	0.8804511718750001	0.873547119140625	0.86664306640625	0.7796875	0.81	0.7948437500000001	0.7796875
meta-llama/Llama-3.1-70B-Instruct	1605565b47bb9346c5515c34102e054115b4f98b	20	0.25	raw_ridge_0.01	benchmark_only		False	0.8657958984375	0.872378125	0.86908701171875	0.8657958984375	0.77734375	0.798125	0.787734375	0.77734375
meta-llama/Llama-3.1-70B-Instruct	1605565b47bb9346c5515c34102e054115b4f98b	20	0.25	raw_ridge_0.01	casual_only		False	0.8680167643229167	0.8856578125000001	0.8768372884114584	0.8680167643229167	0.7861979166666666	0.8121875	0.7991927083333332	0.7861979166666666
meta-llama/Llama-3.1-70B-Instruct	1605565b47bb9346c5515c34102e054115b4f98b	20	0.25	raw_ridge_0.01	mixed	20260823	False	0.8628282335069444	0.8759320312500001	0.8693801323784722	0.8628282335069444	0.7776041666666667	0.806875	0.7922395833333333	0.7776041666666667
meta-llama/Llama-3.1-70B-Instruct	1605565b47bb9346c5515c34102e054115b4f98b	20	0.25	raw_ridge_0.01	mixed	20260824	False	0.8679237196180556	0.881058203125	0.8744909613715278	0.8679237196180556	0.7841145833333334	0.8121875000000001	0.7981510416666667	0.7841145833333334
meta-llama/Llama-3.1-70B-Instruct	1605565b47bb9346c5515c34102e054115b4f98b	20	0.25	raw_ridge_0.01	mixed	20260825	False	0.8653865559895833	0.87770390625	0.8715452311197917	0.8653865559895833	0.7770833333333333	0.809375	0.7932291666666667	0.7770833333333333
meta-llama/Llama-3.1-70B-Instruct	1605565b47bb9346c5515c34102e054115b4f98b	20	0.25	raw_ridge_0.01	mixed	20260826	False	0.8676608615451389	0.881101953125	0.8743814073350694	0.8676608615451389	0.7841145833333333	0.8121875000000001	0.7981510416666666	0.7841145833333333
meta-llama/Llama-3.1-70B-Instruct	1605565b47bb9346c5515c34102e054115b4f98b	20	0.25	raw_ridge_0.01	mixed	20260827	False	0.8641300455729166	0.875858984375	0.8699945149739583	0.8641300455729166	0.778125	0.8084375	0.7932812499999999	0.778125
meta-llama/Llama-3.1-70B-Instruct	1605565b47bb9346c5515c34102e054115b4f98b	20	0.25	raw_ridge_0.01	mixed	20260828	False	0.8651513671875	0.879233984375	0.8721926757812499	0.8651513671875	0.78125	0.81125	0.79625	0.78125
meta-llama/Llama-3.1-70B-Instruct	1605565b47bb9346c5515c34102e054115b4f98b	20	0.25	raw_ridge_0.01	mixed	20260829	False	0.8653276909722223	0.8778578125000001	0.8715927517361112	0.8653276909722223	0.7778645833333333	0.8096874999999999	0.7937760416666666	0.7778645833333333
meta-llama/Llama-3.1-70B-Instruct	1605565b47bb9346c5515c34102e054115b4f98b	20	0.25	raw_ridge_0.01	mixed	20260830	False	0.8667108832465278	0.880501953125	0.8736064181857639	0.8667108832465278	0.7799479166666667	0.8096875	0.7948177083333334	0.7799479166666667
meta-llama/Llama-3.1-70B-Instruct	1605565b47bb9346c5515c34102e054115b4f98b	20	0.25	raw_ridge_1	benchmark_only		False	0.8652316623263889	0.87189609375	0.8685638780381945	0.8652316623263889	0.7768229166666667	0.7971875	0.7870052083333334	0.7768229166666667
meta-llama/Llama-3.1-70B-Instruct	1605565b47bb9346c5515c34102e054115b4f98b	20	0.25	raw_ridge_1	casual_only		False	0.8676500108506944	0.885359375	0.8765046929253472	0.8676500108506944	0.7854166666666667	0.8121875	0.7988020833333334	0.7854166666666667
meta-llama/Llama-3.1-70B-Instruct	1605565b47bb9346c5515c34102e054115b4f98b	20	0.25	raw_ridge_1	mixed	20260823	False	0.8624235026041667	0.8756003906250001	0.8690119466145834	0.8624235026041667	0.77734375	0.80625	0.791796875	0.77734375
meta-llama/Llama-3.1-70B-Instruct	1605565b47bb9346c5515c34102e054115b4f98b	20	0.25	raw_ridge_1	mixed	20260824	False	0.8674913194444445	0.880725390625	0.8741083550347222	0.8674913194444445	0.7830729166666667	0.8125	0.7977864583333334	0.7830729166666667
meta-llama/Llama-3.1-70B-Instruct	1605565b47bb9346c5515c34102e054115b4f98b	20	0.25	raw_ridge_1	mixed	20260825	False	0.8649774848090277	0.8773882812499999	0.8711828830295139	0.8649774848090277	0.7765625	0.809375	0.79296875	0.7765625
meta-llama/Llama-3.1-70B-Instruct	1605565b47bb9346c5515c34102e054115b4f98b	20	0.25	raw_ridge_1	mixed	20260826	False	0.8672471788194445	0.8807546875000001	0.8740009331597223	0.8672471788194445	0.7841145833333333	0.811875	0.7979947916666666	0.7841145833333333
meta-llama/Llama-3.1-70B-Instruct	1605565b47bb9346c5515c34102e054115b4f98b	20	0.25	raw_ridge_1	mixed	20260827	False	0.86370361328125	0.8755335937500001	0.869618603515625	0.86370361328125	0.77734375	0.8084375	0.7928906250000001	0.77734375
meta-llama/Llama-3.1-70B-Instruct	1605565b47bb9346c5515c34102e054115b4f98b	20	0.25	raw_ridge_1	mixed	20260828	False	0.8647414822048611	0.8788830078125	0.8718122450086805	0.8647414822048611	0.7799479166666667	0.8103125	0.7951302083333334	0.7799479166666667
meta-llama/Llama-3.1-70B-Instruct	1605565b47bb9346c5515c34102e054115b4f98b	20	0.25	raw_ridge_1	mixed	20260829	False	0.8649042426215278	0.87750078125	0.8712025119357638	0.8649042426215278	0.7776041666666667	0.80875	0.7931770833333334	0.7776041666666667
meta-llama/Llama-3.1-70B-Instruct	1605565b47bb9346c5515c34102e054115b4f98b	20	0.25	raw_ridge_1	mixed	20260830	False	0.866303982204861	0.8801753906249998	0.8732396864149304	0.866303982204861	0.7796875000000001	0.8096875	0.7946875	0.7796875000000001
meta-llama/Llama-3.1-70B-Instruct	1605565b47bb9346c5515c34102e054115b4f98b	20	0.25	row_l2_ridge_0.1	benchmark_only		False	0.8660866970486112	0.872907421875	0.8694970594618057	0.8660866970486112	0.7760416666666667	0.7884375	0.7822395833333333	0.7760416666666667
meta-llama/Llama-3.1-70B-Instruct	1605565b47bb9346c5515c34102e054115b4f98b	20	0.25	row_l2_ridge_0.1	casual_only		False	0.8688788519965277	0.8875773437500001	0.878228097873264	0.8688788519965277	0.7822916666666666	0.8106249999999999	0.7964583333333333	0.7822916666666666
meta-llama/Llama-3.1-70B-Instruct	1605565b47bb9346c5515c34102e054115b4f98b	20	0.25	row_l2_ridge_0.1	mixed	20260823	False	0.8636881510416666	0.877590234375	0.8706391927083332	0.8636881510416666	0.77734375	0.8025	0.789921875	0.77734375
meta-llama/Llama-3.1-70B-Instruct	1605565b47bb9346c5515c34102e054115b4f98b	20	0.25	row_l2_ridge_0.1	mixed	20260824	False	0.8687784830729166	0.8828179687499998	0.8757982259114583	0.8687784830729166	0.7802083333333334	0.8096875	0.7949479166666666	0.7802083333333334
meta-llama/Llama-3.1-70B-Instruct	1605565b47bb9346c5515c34102e054115b4f98b	20	0.25	row_l2_ridge_0.1	mixed	20260825	False	0.8660405815972223	0.879334375	0.8726874782986112	0.8660405815972223	0.7755208333333334	0.803125	0.7893229166666667	0.7755208333333334
meta-llama/Llama-3.1-70B-Instruct	1605565b47bb9346c5515c34102e054115b4f98b	20	0.25	row_l2_ridge_0.1	mixed	20260826	False	0.8686395941840279	0.8830527343750001	0.875846164279514	0.8686395941840279	0.7815104166666667	0.81	0.7957552083333334	0.7815104166666667
meta-llama/Llama-3.1-70B-Instruct	1605565b47bb9346c5515c34102e054115b4f98b	20	0.25	row_l2_ridge_0.1	mixed	20260827	False	0.8648065863715277	0.8774472656250001	0.8711269259982639	0.8648065863715277	0.7755208333333333	0.803125	0.7893229166666667	0.7755208333333333
meta-llama/Llama-3.1-70B-Instruct	1605565b47bb9346c5515c34102e054115b4f98b	20	0.25	row_l2_ridge_0.1	mixed	20260828	False	0.8659448242187501	0.88093515625	0.873439990234375	0.8659448242187501	0.7802083333333334	0.8075	0.7938541666666667	0.7802083333333334
meta-llama/Llama-3.1-70B-Instruct	1605565b47bb9346c5515c34102e054115b4f98b	20	0.25	row_l2_ridge_0.1	mixed	20260829	False	0.8657139756944445	0.879246875	0.8724804253472223	0.8657139756944445	0.7752604166666667	0.8046875	0.7899739583333334	0.7752604166666667
meta-llama/Llama-3.1-70B-Instruct	1605565b47bb9346c5515c34102e054115b4f98b	20	0.25	row_l2_ridge_0.1	mixed	20260830	False	0.8674880642361111	0.8821371093749999	0.8748125868055555	0.8674880642361111	0.7760416666666667	0.8078125	0.7919270833333334	0.7760416666666667
meta-llama/Llama-3.1-70B-Instruct	1605565b47bb9346c5515c34102e054115b4f98b	30	0.375	raw_ridge_0.1	benchmark_only		False	0.86427978515625	0.856844921875	0.860562353515625	0.856844921875	0.7903645833333334	0.7737499999999999	0.7820572916666666	0.7737499999999999
meta-llama/Llama-3.1-70B-Instruct	1605565b47bb9346c5515c34102e054115b4f98b	30	0.375	raw_ridge_0.1	casual_only		False	0.8473019748263889	0.857812890625	0.8525574327256944	0.8473019748263889	0.7848958333333333	0.7921875	0.7885416666666667	0.7848958333333333
meta-llama/Llama-3.1-70B-Instruct	1605565b47bb9346c5515c34102e054115b4f98b	30	0.375	raw_ridge_0.1	mixed	20260823	False	0.8546123589409722	0.8568984374999999	0.8557553982204861	0.8546123589409722	0.7848958333333333	0.7790625	0.7819791666666667	0.7790625
meta-llama/Llama-3.1-70B-Instruct	1605565b47bb9346c5515c34102e054115b4f98b	30	0.375	raw_ridge_0.1	mixed	20260824	False	0.8545231119791666	0.8564722656249999	0.8554976888020833	0.8545231119791666	0.78828125	0.781875	0.7850781250000001	0.781875
meta-llama/Llama-3.1-70B-Instruct	1605565b47bb9346c5515c34102e054115b4f98b	30	0.375	raw_ridge_0.1	mixed	20260825	False	0.8518975151909721	0.8551886718749999	0.853543093532986	0.8518975151909721	0.78515625	0.7759375	0.780546875	0.7759375
meta-llama/Llama-3.1-70B-Instruct	1605565b47bb9346c5515c34102e054115b4f98b	30	0.375	raw_ridge_0.1	mixed	20260826	False	0.8560753038194444	0.8590152343749999	0.8575452690972222	0.8560753038194444	0.7895833333333333	0.7831250000000001	0.7863541666666667	0.7831250000000001
meta-llama/Llama-3.1-70B-Instruct	1605565b47bb9346c5515c34102e054115b4f98b	30	0.375	raw_ridge_0.1	mixed	20260827	False	0.8563066948784722	0.857526953125	0.8569168240017362	0.8563066948784722	0.7911458333333333	0.7821875	0.7866666666666666	0.7821875
meta-llama/Llama-3.1-70B-Instruct	1605565b47bb9346c5515c34102e054115b4f98b	30	0.375	raw_ridge_0.1	mixed	20260828	False	0.8538799370659722	0.85723359375	0.8555567654079861	0.8538799370659722	0.7856770833333333	0.7784375	0.7820572916666666	0.7784375
meta-llama/Llama-3.1-70B-Instruct	1605565b47bb9346c5515c34102e054115b4f98b	30	0.375	raw_ridge_0.1	mixed	20260829	False	0.8544007703993056	0.857867578125	0.8561341742621529	0.8544007703993056	0.7890625	0.7821875	0.785625	0.7821875
meta-llama/Llama-3.1-70B-Instruct	1605565b47bb9346c5515c34102e054115b4f98b	30	0.375	raw_ridge_0.1	mixed	20260830	False	0.8555042860243056	0.8580554687500002	0.8567798773871529	0.8555042860243056	0.7885416666666667	0.7803125	0.7844270833333333	0.7803125
meta-llama/Llama-3.1-70B-Instruct	1605565b47bb9346c5515c34102e054115b4f98b	30	0.375	raw_ridge_0.01	benchmark_only		False	0.8643191189236111	0.856856640625	0.8605878797743056	0.856856640625	0.7903645833333334	0.7737499999999999	0.7820572916666666	0.7737499999999999
meta-llama/Llama-3.1-70B-Instruct	1605565b47bb9346c5515c34102e054115b4f98b	30	0.375	raw_ridge_0.01	casual_only		False	0.8473261176215278	0.857827734375	0.8525769259982638	0.8473261176215278	0.7848958333333333	0.7921875	0.7885416666666667	0.7848958333333333
meta-llama/Llama-3.1-70B-Instruct	1605565b47bb9346c5515c34102e054115b4f98b	30	0.375	raw_ridge_0.01	mixed	20260823	False	0.8546419270833333	0.856919140625	0.8557805338541666	0.8546419270833333	0.7848958333333333	0.7790625	0.7819791666666667	0.7790625
meta-llama/Llama-3.1-70B-Instruct	1605565b47bb9346c5515c34102e054115b4f98b	30	0.375	raw_ridge_0.01	mixed	20260824	False	0.8545537651909723	0.856498046875	0.8555259060329861	0.8545537651909723	0.78828125	0.781875	0.7850781250000001	0.781875
meta-llama/Llama-3.1-70B-Instruct	1605565b47bb9346c5515c34102e054115b4f98b	30	0.375	raw_ridge_0.01	mixed	20260825	False	0.8519314236111111	0.8552074218750001	0.8535694227430556	0.8519314236111111	0.7854166666666667	0.77625	0.7808333333333333	0.77625
meta-llama/Llama-3.1-70B-Instruct	1605565b47bb9346c5515c34102e054115b4f98b	30	0.375	raw_ridge_0.01	mixed	20260826	False	0.8561116536458333	0.85903984375	0.8575757486979166	0.8561116536458333	0.7893229166666667	0.7831250000000001	0.7862239583333334	0.7831250000000001
meta-llama/Llama-3.1-70B-Instruct	1605565b47bb9346c5515c34102e054115b4f98b	30	0.375	raw_ridge_0.01	mixed	20260827	False	0.8563389756944444	0.857544921875	0.8569419487847222	0.8563389756944444	0.79140625	0.7821875	0.7867968750000001	0.7821875
meta-llama/Llama-3.1-70B-Instruct	1605565b47bb9346c5515c34102e054115b4f98b	30	0.375	raw_ridge_0.01	mixed	20260828	False	0.8539189995659723	0.857266015625	0.8555925075954862	0.8539189995659723	0.7854166666666667	0.7784375	0.7819270833333334	0.7784375
meta-llama/Llama-3.1-70B-Instruct	1605565b47bb9346c5515c34102e054115b4f98b	30	0.375	raw_ridge_0.01	mixed	20260829	False	0.8544360351562501	0.857890625	0.8561633300781251	0.8544360351562501	0.7890625	0.7821875	0.785625	0.7821875
meta-llama/Llama-3.1-70B-Instruct	1605565b47bb9346c5515c34102e054115b4f98b	30	0.375	raw_ridge_0.01	mixed	20260830	False	0.8555257161458334	0.8580859375	0.8568058268229166	0.8555257161458334	0.7885416666666667	0.7803125	0.7844270833333333	0.7803125
meta-llama/Llama-3.1-70B-Instruct	1605565b47bb9346c5515c34102e054115b4f98b	30	0.375	raw_ridge_1	benchmark_only		False	0.8640684678819445	0.8567164062500001	0.8603924370659723	0.8567164062500001	0.7901041666666666	0.7737499999999999	0.7819270833333333	0.7737499999999999
meta-llama/Llama-3.1-70B-Instruct	1605565b47bb9346c5515c34102e054115b4f98b	30	0.375	raw_ridge_1	casual_only		False	0.8471647135416667	0.8576874999999999	0.8524261067708333	0.8471647135416667	0.7848958333333333	0.7921875	0.7885416666666667	0.7848958333333333
meta-llama/Llama-3.1-70B-Instruct	1605565b47bb9346c5515c34102e054115b4f98b	30	0.375	raw_ridge_1	mixed	20260823	False	0.8544447157118056	0.856775390625	0.8556100531684028	0.8544447157118056	0.7848958333333333	0.7790625	0.7819791666666667	0.7790625
meta-llama/Llama-3.1-70B-Instruct	1605565b47bb9346c5515c34102e054115b4f98b	30	0.375	raw_ridge_1	mixed	20260824	False	0.8543815104166667	0.85634453125	0.8553630208333334	0.8543815104166667	0.78828125	0.7815624999999999	0.784921875	0.7815624999999999
meta-llama/Llama-3.1-70B-Instruct	1605565b47bb9346c5515c34102e054115b4f98b	30	0.375	raw_ridge_1	mixed	20260825	False	0.8517426215277777	0.8550671875	0.8534049045138888	0.8517426215277777	0.7856770833333333	0.7759375	0.7808072916666666	0.7759375
meta-llama/Llama-3.1-70B-Instruct	1605565b47bb9346c5515c34102e054115b4f98b	30	0.375	raw_ridge_1	mixed	20260826	False	0.8559214952256945	0.858891015625	0.8574062554253472	0.8559214952256945	0.7895833333333333	0.7831250000000001	0.7863541666666667	0.7831250000000001
meta-llama/Llama-3.1-70B-Instruct	1605565b47bb9346c5515c34102e054115b4f98b	30	0.375	raw_ridge_1	mixed	20260827	False	0.8561553276909721	0.857409375	0.8567823513454861	0.8561553276909721	0.7911458333333333	0.7821875	0.7866666666666666	0.7821875
meta-llama/Llama-3.1-70B-Instruct	1605565b47bb9346c5515c34102e054115b4f98b	30	0.375	raw_ridge_1	mixed	20260828	False	0.8537296549479167	0.857111328125	0.8554204915364584	0.8537296549479167	0.7856770833333333	0.7784375	0.7820572916666666	0.7784375
meta-llama/Llama-3.1-70B-Instruct	1605565b47bb9346c5515c34102e054115b4f98b	30	0.375	raw_ridge_1	mixed	20260829	False	0.8542278374565972	0.8577257812499999	0.8559768093532986	0.8542278374565972	0.7890625	0.7825	0.78578125	0.7825
meta-llama/Llama-3.1-70B-Instruct	1605565b47bb9346c5515c34102e054115b4f98b	30	0.375	raw_ridge_1	mixed	20260830	False	0.855351291232639	0.857937109375	0.8566442003038195	0.855351291232639	0.78828125	0.78	0.784140625	0.78
meta-llama/Llama-3.1-70B-Instruct	1605565b47bb9346c5515c34102e054115b4f98b	30	0.375	row_l2_ridge_0.1	benchmark_only		False	0.8605265299479166	0.8498945312499999	0.8552105305989582	0.8498945312499999	0.78984375	0.7621875	0.776015625	0.7621875
meta-llama/Llama-3.1-70B-Instruct	1605565b47bb9346c5515c34102e054115b4f98b	30	0.375	row_l2_ridge_0.1	casual_only		False	0.8434686957465278	0.85451953125	0.8489941134982639	0.8434686957465278	0.7864583333333333	0.7921875	0.7893229166666667	0.7864583333333333
meta-llama/Llama-3.1-70B-Instruct	1605565b47bb9346c5515c34102e054115b4f98b	30	0.375	row_l2_ridge_0.1	mixed	20260823	False	0.8510373263888888	0.8529675781249999	0.8520024522569444	0.8510373263888888	0.7835937500000001	0.7784374999999999	0.781015625	0.7784374999999999
meta-llama/Llama-3.1-70B-Instruct	1605565b47bb9346c5515c34102e054115b4f98b	30	0.375	row_l2_ridge_0.1	mixed	20260824	False	0.8516216362847222	0.852737890625	0.8521797634548611	0.8516216362847222	0.7854166666666667	0.7778125	0.7816145833333333	0.7778125
meta-llama/Llama-3.1-70B-Instruct	1605565b47bb9346c5515c34102e054115b4f98b	30	0.375	row_l2_ridge_0.1	mixed	20260825	False	0.8480061848958333	0.8510242187499999	0.8495152018229166	0.8480061848958333	0.784375	0.774375	0.779375	0.774375
meta-llama/Llama-3.1-70B-Instruct	1605565b47bb9346c5515c34102e054115b4f98b	30	0.375	row_l2_ridge_0.1	mixed	20260826	False	0.8531201171875	0.85537890625	0.8542495117187501	0.8531201171875	0.7854166666666667	0.781875	0.7836458333333334	0.781875
meta-llama/Llama-3.1-70B-Instruct	1605565b47bb9346c5515c34102e054115b4f98b	30	0.375	row_l2_ridge_0.1	mixed	20260827	False	0.8530802408854166	0.853409765625	0.8532450032552084	0.8530802408854166	0.78984375	0.7809375000000001	0.785390625	0.7809375000000001
meta-llama/Llama-3.1-70B-Instruct	1605565b47bb9346c5515c34102e054115b4f98b	30	0.375	row_l2_ridge_0.1	mixed	20260828	False	0.8502153862847222	0.852895703125	0.8515555447048611	0.8502153862847222	0.7835937500000001	0.7790625	0.781328125	0.7790625
meta-llama/Llama-3.1-70B-Instruct	1605565b47bb9346c5515c34102e054115b4f98b	30	0.375	row_l2_ridge_0.1	mixed	20260829	False	0.8499468315972223	0.853154296875	0.8515505642361112	0.8499468315972223	0.7846354166666667	0.780625	0.7826302083333334	0.780625
meta-llama/Llama-3.1-70B-Instruct	1605565b47bb9346c5515c34102e054115b4f98b	30	0.375	row_l2_ridge_0.1	mixed	20260830	False	0.8523581271701388	0.8542269531250001	0.8532925401475695	0.8523581271701388	0.7817708333333333	0.7775000000000001	0.7796354166666667	0.7775000000000001
meta-llama/Llama-3.1-70B-Instruct	1605565b47bb9346c5515c34102e054115b4f98b	30	0.375	raw_ridge_0.1	benchmark_only		True	0.8639751519097222	0.8569332031250001	0.8604541775173611	0.8569332031250001	0.7916666666666667	0.771875	0.7817708333333333	0.771875
meta-llama/Llama-3.1-70B-Instruct	1605565b47bb9346c5515c34102e054115b4f98b	30	0.375	raw_ridge_0.1	casual_only		True	0.8471660698784722	0.857506640625	0.8523363552517361	0.8471660698784722	0.78828125	0.7921875	0.790234375	0.78828125
meta-llama/Llama-3.1-70B-Instruct	1605565b47bb9346c5515c34102e054115b4f98b	30	0.375	raw_ridge_0.1	mixed	20260823	True	0.85422119140625	0.8566679687500001	0.855444580078125	0.85422119140625	0.7885416666666667	0.7778125	0.7831770833333334	0.7778125
meta-llama/Llama-3.1-70B-Instruct	1605565b47bb9346c5515c34102e054115b4f98b	30	0.375	raw_ridge_0.1	mixed	20260824	True	0.8546739366319445	0.8570826171874999	0.8558782769097222	0.8546739366319445	0.78828125	0.781875	0.7850781250000001	0.781875
meta-llama/Llama-3.1-70B-Instruct	1605565b47bb9346c5515c34102e054115b4f98b	30	0.375	raw_ridge_0.1	mixed	20260825	True	0.8526505533854167	0.8553742187500001	0.8540123860677085	0.8526505533854167	0.7859375	0.78125	0.78359375	0.78125
meta-llama/Llama-3.1-70B-Instruct	1605565b47bb9346c5515c34102e054115b4f98b	30	0.375	raw_ridge_0.1	mixed	20260826	True	0.8568687608506944	0.859203515625	0.8580361382378472	0.8568687608506944	0.7924479166666667	0.7828124999999999	0.7876302083333333	0.7828124999999999
meta-llama/Llama-3.1-70B-Instruct	1605565b47bb9346c5515c34102e054115b4f98b	30	0.375	raw_ridge_0.1	mixed	20260827	True	0.85549560546875	0.857869921875	0.856682763671875	0.85549560546875	0.7903645833333334	0.7809375	0.7856510416666667	0.7809375
meta-llama/Llama-3.1-70B-Instruct	1605565b47bb9346c5515c34102e054115b4f98b	30	0.375	raw_ridge_0.1	mixed	20260828	True	0.8543798828125	0.8573	0.85583994140625	0.8543798828125	0.7864583333333333	0.78125	0.7838541666666666	0.78125
meta-llama/Llama-3.1-70B-Instruct	1605565b47bb9346c5515c34102e054115b4f98b	30	0.375	raw_ridge_0.1	mixed	20260829	True	0.8555794270833333	0.85788671875	0.8567330729166667	0.8555794270833333	0.7888020833333333	0.7825	0.7856510416666667	0.7825
meta-llama/Llama-3.1-70B-Instruct	1605565b47bb9346c5515c34102e054115b4f98b	30	0.375	raw_ridge_0.1	mixed	20260830	True	0.8541536458333333	0.856053515625	0.8551035807291667	0.8541536458333333	0.78984375	0.7809375000000001	0.785390625	0.7809375000000001
meta-llama/Llama-3.1-70B-Instruct	1605565b47bb9346c5515c34102e054115b4f98b	40	0.5	raw_ridge_0.1	benchmark_only		False	0.8087554253472222	0.813567578125	0.8111615017361111	0.8087554253472222	0.7265625	0.7134375	0.72	0.7134375
meta-llama/Llama-3.1-70B-Instruct	1605565b47bb9346c5515c34102e054115b4f98b	40	0.5	raw_ridge_0.1	casual_only		False	0.7839325629340278	0.793494140625	0.788713351779514	0.7839325629340278	0.7049479166666667	0.7140625	0.7095052083333333	0.7049479166666667
meta-llama/Llama-3.1-70B-Instruct	1605565b47bb9346c5515c34102e054115b4f98b	40	0.5	raw_ridge_0.1	mixed	20260823	False	0.8033696831597221	0.8069140625	0.805141872829861	0.8033696831597221	0.7210937500000001	0.7171875000000001	0.7191406250000001	0.7171875000000001
meta-llama/Llama-3.1-70B-Instruct	1605565b47bb9346c5515c34102e054115b4f98b	40	0.5	raw_ridge_0.1	mixed	20260824	False	0.8040407986111111	0.808036328125	0.8060385633680556	0.8040407986111111	0.7229166666666667	0.719375	0.7211458333333334	0.719375
meta-llama/Llama-3.1-70B-Instruct	1605565b47bb9346c5515c34102e054115b4f98b	40	0.5	raw_ridge_0.1	mixed	20260825	False	0.7972772894965279	0.8029761718749999	0.8001267306857639	0.7972772894965279	0.7171875	0.713125	0.7151562499999999	0.713125
meta-llama/Llama-3.1-70B-Instruct	1605565b47bb9346c5515c34102e054115b4f98b	40	0.5	raw_ridge_0.1	mixed	20260826	False	0.8007682291666667	0.8058769531250001	0.8033225911458334	0.8007682291666667	0.71796875	0.7171875000000001	0.7175781250000001	0.7171875000000001
meta-llama/Llama-3.1-70B-Instruct	1605565b47bb9346c5515c34102e054115b4f98b	40	0.5	raw_ridge_0.1	mixed	20260827	False	0.8011151801215277	0.8053390625	0.8032271213107638	0.8011151801215277	0.721875	0.715625	0.71875	0.715625
meta-llama/Llama-3.1-70B-Instruct	1605565b47bb9346c5515c34102e054115b4f98b	40	0.5	raw_ridge_0.1	mixed	20260828	False	0.7959746636284722	0.80170390625	0.7988392849392361	0.7959746636284722	0.7127604166666667	0.713125	0.7129427083333333	0.7127604166666667
meta-llama/Llama-3.1-70B-Instruct	1605565b47bb9346c5515c34102e054115b4f98b	40	0.5	raw_ridge_0.1	mixed	20260829	False	0.7979812282986111	0.8023269531249999	0.8001540907118054	0.7979812282986111	0.7169270833333334	0.71375	0.7153385416666667	0.71375
meta-llama/Llama-3.1-70B-Instruct	1605565b47bb9346c5515c34102e054115b4f98b	40	0.5	raw_ridge_0.1	mixed	20260830	False	0.8029953342013887	0.8075544921875	0.8052749131944443	0.8029953342013887	0.72109375	0.7178125	0.719453125	0.7178125
meta-llama/Llama-3.1-70B-Instruct	1605565b47bb9346c5515c34102e054115b4f98b	40	0.5	raw_ridge_0.01	benchmark_only		False	0.8087893337673612	0.813592578125	0.8111909559461805	0.8087893337673612	0.7268229166666667	0.7134375	0.7201302083333333	0.7134375
meta-llama/Llama-3.1-70B-Instruct	1605565b47bb9346c5515c34102e054115b4f98b	40	0.5	raw_ridge_0.01	casual_only		False	0.7839645724826388	0.79352734375	0.7887459581163194	0.7839645724826388	0.7049479166666667	0.7140625	0.7095052083333333	0.7049479166666667
meta-llama/Llama-3.1-70B-Instruct	1605565b47bb9346c5515c34102e054115b4f98b	40	0.5	raw_ridge_0.01	mixed	20260823	False	0.8034016927083332	0.8069380859374999	0.8051698893229166	0.8034016927083332	0.7210937500000001	0.7171875000000001	0.7191406250000001	0.7171875000000001
meta-llama/Llama-3.1-70B-Instruct	1605565b47bb9346c5515c34102e054115b4f98b	40	0.5	raw_ridge_0.01	mixed	20260824	False	0.8040728081597224	0.80805859375	0.8060657009548612	0.8040728081597224	0.7229166666666667	0.719375	0.7211458333333334	0.719375
meta-llama/Llama-3.1-70B-Instruct	1605565b47bb9346c5515c34102e054115b4f98b	40	0.5	raw_ridge_0.01	mixed	20260825	False	0.7973109266493056	0.8029992187499999	0.8001550726996527	0.7973109266493056	0.7171875	0.713125	0.7151562499999999	0.713125
meta-llama/Llama-3.1-70B-Instruct	1605565b47bb9346c5515c34102e054115b4f98b	40	0.5	raw_ridge_0.01	mixed	20260826	False	0.8007996961805557	0.8059000000000001	0.8033498480902779	0.8007996961805557	0.71796875	0.7171875000000001	0.7175781250000001	0.7171875000000001
meta-llama/Llama-3.1-70B-Instruct	1605565b47bb9346c5515c34102e054115b4f98b	40	0.5	raw_ridge_0.01	mixed	20260827	False	0.8011485460069444	0.8053613281249999	0.8032549370659722	0.8011485460069444	0.721875	0.715625	0.71875	0.715625
meta-llama/Llama-3.1-70B-Instruct	1605565b47bb9346c5515c34102e054115b4f98b	40	0.5	raw_ridge_0.01	mixed	20260828	False	0.79600830078125	0.8017289062499999	0.7988686035156249	0.79600830078125	0.7127604166666667	0.713125	0.7129427083333333	0.7127604166666667
meta-llama/Llama-3.1-70B-Instruct	1605565b47bb9346c5515c34102e054115b4f98b	40	0.5	raw_ridge_0.01	mixed	20260829	False	0.7980084906684027	0.802347265625	0.8001778781467014	0.7980084906684027	0.7169270833333334	0.71375	0.7153385416666667	0.71375
meta-llama/Llama-3.1-70B-Instruct	1605565b47bb9346c5515c34102e054115b4f98b	40	0.5	raw_ridge_0.01	mixed	20260830	False	0.8030314127604167	0.8075777343750001	0.8053045735677085	0.8030314127604167	0.72109375	0.7178125	0.719453125	0.7178125
meta-llama/Llama-3.1-70B-Instruct	1605565b47bb9346c5515c34102e054115b4f98b	40	0.5	raw_ridge_1	benchmark_only		False	0.8086157226562499	0.813459765625	0.8110377441406249	0.8086157226562499	0.7265625	0.7124999999999999	0.71953125	0.7124999999999999
meta-llama/Llama-3.1-70B-Instruct	1605565b47bb9346c5515c34102e054115b4f98b	40	0.5	raw_ridge_1	casual_only		False	0.783732638888889	0.79336484375	0.7885487413194445	0.783732638888889	0.7049479166666667	0.7140625	0.7095052083333333	0.7049479166666667
meta-llama/Llama-3.1-70B-Instruct	1605565b47bb9346c5515c34102e054115b4f98b	40	0.5	raw_ridge_1	mixed	20260823	False	0.8032137044270833	0.8068078124999999	0.8050107584635415	0.8032137044270833	0.7205729166666667	0.7171875000000001	0.7188802083333334	0.7171875000000001
meta-llama/Llama-3.1-70B-Instruct	1605565b47bb9346c5515c34102e054115b4f98b	40	0.5	raw_ridge_1	mixed	20260824	False	0.8038774956597222	0.8079500000000001	0.8059137478298611	0.8038774956597222	0.7221354166666667	0.7196875	0.7209114583333334	0.7196875
meta-llama/Llama-3.1-70B-Instruct	1605565b47bb9346c5515c34102e054115b4f98b	40	0.5	raw_ridge_1	mixed	20260825	False	0.7971283637152777	0.802877734375	0.8000030490451389	0.7971283637152777	0.7166666666666667	0.713125	0.7148958333333333	0.713125
meta-llama/Llama-3.1-70B-Instruct	1605565b47bb9346c5515c34102e054115b4f98b	40	0.5	raw_ridge_1	mixed	20260826	False	0.800593532986111	0.805772265625	0.8031828993055555	0.800593532986111	0.7177083333333334	0.7175	0.7176041666666667	0.7175
meta-llama/Llama-3.1-70B-Instruct	1605565b47bb9346c5515c34102e054115b4f98b	40	0.5	raw_ridge_1	mixed	20260827	False	0.8009651692708333	0.8052515625000001	0.8031083658854167	0.8009651692708333	0.721875	0.715625	0.71875	0.715625
meta-llama/Llama-3.1-70B-Instruct	1605565b47bb9346c5515c34102e054115b4f98b	40	0.5	raw_ridge_1	mixed	20260828	False	0.7958184136284723	0.80159765625	0.7987080349392361	0.7958184136284723	0.7124999999999999	0.7128125	0.71265625	0.7124999999999999
meta-llama/Llama-3.1-70B-Instruct	1605565b47bb9346c5515c34102e054115b4f98b	40	0.5	raw_ridge_1	mixed	20260829	False	0.7978301323784723	0.802232421875	0.8000312771267362	0.7978301323784723	0.7166666666666667	0.71375	0.7152083333333333	0.71375
meta-llama/Llama-3.1-70B-Instruct	1605565b47bb9346c5515c34102e054115b4f98b	40	0.5	raw_ridge_1	mixed	20260830	False	0.8028306749131944	0.8074460937499999	0.8051383843315971	0.8028306749131944	0.7205729166666667	0.7175	0.7190364583333333	0.7175
meta-llama/Llama-3.1-70B-Instruct	1605565b47bb9346c5515c34102e054115b4f98b	40	0.5	row_l2_ridge_0.1	benchmark_only		False	0.8133002387152777	0.806986328125	0.8101432834201389	0.806986328125	0.7325520833333333	0.7203125	0.7264322916666667	0.7203125
meta-llama/Llama-3.1-70B-Instruct	1605565b47bb9346c5515c34102e054115b4f98b	40	0.5	row_l2_ridge_0.1	casual_only		False	0.7646025933159722	0.7785199218750001	0.7715612575954862	0.7646025933159722	0.6768229166666666	0.701875	0.6893489583333333	0.6768229166666666
meta-llama/Llama-3.1-70B-Instruct	1605565b47bb9346c5515c34102e054115b4f98b	40	0.5	row_l2_ridge_0.1	mixed	20260823	False	0.7936531575520833	0.7954875	0.7945703287760417	0.7936531575520833	0.71328125	0.7084375	0.7108593750000001	0.7084375
meta-llama/Llama-3.1-70B-Instruct	1605565b47bb9346c5515c34102e054115b4f98b	40	0.5	row_l2_ridge_0.1	mixed	20260824	False	0.7965964084201388	0.79702109375	0.7968087510850694	0.7965964084201388	0.7145833333333333	0.7053125	0.7099479166666667	0.7053125
meta-llama/Llama-3.1-70B-Instruct	1605565b47bb9346c5515c34102e054115b4f98b	40	0.5	row_l2_ridge_0.1	mixed	20260825	False	0.7886895073784723	0.79196875	0.7903291286892362	0.7886895073784723	0.7044270833333333	0.7025	0.7034635416666666	0.7025
meta-llama/Llama-3.1-70B-Instruct	1605565b47bb9346c5515c34102e054115b4f98b	40	0.5	row_l2_ridge_0.1	mixed	20260826	False	0.7924072265625	0.795496875	0.79395205078125	0.7924072265625	0.7091145833333333	0.70625	0.7076822916666667	0.70625
meta-llama/Llama-3.1-70B-Instruct	1605565b47bb9346c5515c34102e054115b4f98b	40	0.5	row_l2_ridge_0.1	mixed	20260827	False	0.7939431423611112	0.7949953125	0.7944692274305556	0.7939431423611112	0.7096354166666667	0.7059375	0.7077864583333333	0.7059375
meta-llama/Llama-3.1-70B-Instruct	1605565b47bb9346c5515c34102e054115b4f98b	40	0.5	row_l2_ridge_0.1	mixed	20260828	False	0.7874251302083333	0.79080703125	0.7891160807291666	0.7874251302083333	0.7028645833333333	0.7012499999999999	0.7020572916666666	0.7012499999999999
meta-llama/Llama-3.1-70B-Instruct	1605565b47bb9346c5515c34102e054115b4f98b	40	0.5	row_l2_ridge_0.1	mixed	20260829	False	0.7873597547743055	0.7903625000000001	0.7888611273871529	0.7873597547743055	0.7010416666666667	0.69875	0.6998958333333334	0.69875
meta-llama/Llama-3.1-70B-Instruct	1605565b47bb9346c5515c34102e054115b4f98b	40	0.5	row_l2_ridge_0.1	mixed	20260830	False	0.7945448133680555	0.796887890625	0.7957163519965278	0.7945448133680555	0.71328125	0.70875	0.7110156249999999	0.70875
meta-llama/Llama-3.1-70B-Instruct	1605565b47bb9346c5515c34102e054115b4f98b	49	0.625	raw_ridge_0.1	benchmark_only		False	0.7708824327256945	0.78365234375	0.7772673882378472	0.7708824327256945	0.6815104166666667	0.6809375	0.6812239583333333	0.6809375
meta-llama/Llama-3.1-70B-Instruct	1605565b47bb9346c5515c34102e054115b4f98b	49	0.625	raw_ridge_0.1	casual_only		False	0.7820016818576389	0.77981796875	0.7809098253038194	0.77981796875	0.7010416666666667	0.6946875	0.6978645833333333	0.6946875
meta-llama/Llama-3.1-70B-Instruct	1605565b47bb9346c5515c34102e054115b4f98b	49	0.625	raw_ridge_0.1	mixed	20260823	False	0.7867453342013889	0.7866433593749999	0.7866943467881944	0.7866433593749999	0.69609375	0.694375	0.695234375	0.694375
meta-llama/Llama-3.1-70B-Instruct	1605565b47bb9346c5515c34102e054115b4f98b	49	0.625	raw_ridge_0.1	mixed	20260824	False	0.7856605360243055	0.78557734375	0.7856189398871527	0.78557734375	0.69296875	0.6953125	0.694140625	0.69296875
meta-llama/Llama-3.1-70B-Instruct	1605565b47bb9346c5515c34102e054115b4f98b	49	0.625	raw_ridge_0.1	mixed	20260825	False	0.7801091851128472	0.7821878906249999	0.7811485378689236	0.7801091851128472	0.6971354166666667	0.6965625	0.6968489583333333	0.6965625
meta-llama/Llama-3.1-70B-Instruct	1605565b47bb9346c5515c34102e054115b4f98b	49	0.625	raw_ridge_0.1	mixed	20260826	False	0.7845551215277778	0.785254296875	0.784904709201389	0.7845551215277778	0.69921875	0.694375	0.696796875	0.694375
meta-llama/Llama-3.1-70B-Instruct	1605565b47bb9346c5515c34102e054115b4f98b	49	0.625	raw_ridge_0.1	mixed	20260827	False	0.78341796875	0.7846609375	0.784039453125	0.78341796875	0.6958333333333333	0.6934374999999999	0.6946354166666666	0.6934374999999999
meta-llama/Llama-3.1-70B-Instruct	1605565b47bb9346c5515c34102e054115b4f98b	49	0.625	raw_ridge_0.1	mixed	20260828	False	0.7793307834201388	0.781260546875	0.7802956651475694	0.7793307834201388	0.6927083333333333	0.6925	0.6926041666666667	0.6925
meta-llama/Llama-3.1-70B-Instruct	1605565b47bb9346c5515c34102e054115b4f98b	49	0.625	raw_ridge_0.1	mixed	20260829	False	0.7814439561631945	0.7824277343749999	0.7819358452690972	0.7814439561631945	0.6979166666666667	0.6890624999999999	0.6934895833333333	0.6890624999999999
meta-llama/Llama-3.1-70B-Instruct	1605565b47bb9346c5515c34102e054115b4f98b	49	0.625	raw_ridge_0.1	mixed	20260830	False	0.7858173285590278	0.786684765625	0.7862510470920139	0.7858173285590278	0.69609375	0.6925	0.694296875	0.6925
meta-llama/Llama-3.1-70B-Instruct	1605565b47bb9346c5515c34102e054115b4f98b	49	0.625	raw_ridge_0.01	benchmark_only		False	0.7709041341145835	0.783666796875	0.7772854654947917	0.7709041341145835	0.6815104166666667	0.6812499999999999	0.6813802083333333	0.6812499999999999
meta-llama/Llama-3.1-70B-Instruct	1605565b47bb9346c5515c34102e054115b4f98b	49	0.625	raw_ridge_0.01	casual_only		False	0.7820090060763889	0.779831640625	0.7809203233506945	0.779831640625	0.7010416666666667	0.6946875	0.6978645833333333	0.6946875
meta-llama/Llama-3.1-70B-Instruct	1605565b47bb9346c5515c34102e054115b4f98b	49	0.625	raw_ridge_0.01	mixed	20260823	False	0.7867610677083334	0.7866523437499999	0.7867067057291667	0.7866523437499999	0.69609375	0.694375	0.695234375	0.694375
meta-llama/Llama-3.1-70B-Instruct	1605565b47bb9346c5515c34102e054115b4f98b	49	0.625	raw_ridge_0.01	mixed	20260824	False	0.7856740993923611	0.7855875	0.7856307996961805	0.7855875	0.69296875	0.6953125	0.694140625	0.69296875
meta-llama/Llama-3.1-70B-Instruct	1605565b47bb9346c5515c34102e054115b4f98b	49	0.625	raw_ridge_0.01	mixed	20260825	False	0.7801196289062501	0.7821996093750001	0.7811596191406251	0.7801196289062501	0.6973958333333334	0.6965625	0.6969791666666667	0.6965625
meta-llama/Llama-3.1-70B-Instruct	1605565b47bb9346c5515c34102e054115b4f98b	49	0.625	raw_ridge_0.01	mixed	20260826	False	0.7845662434895834	0.78526484375	0.7849155436197917	0.7845662434895834	0.69921875	0.694375	0.696796875	0.694375
meta-llama/Llama-3.1-70B-Instruct	1605565b47bb9346c5515c34102e054115b4f98b	49	0.625	raw_ridge_0.01	mixed	20260827	False	0.7834334309895834	0.784671484375	0.7840524576822917	0.7834334309895834	0.6958333333333333	0.6934374999999999	0.6946354166666666	0.6934374999999999
meta-llama/Llama-3.1-70B-Instruct	1605565b47bb9346c5515c34102e054115b4f98b	49	0.625	raw_ridge_0.01	mixed	20260828	False	0.7793492296006944	0.781271484375	0.7803103569878472	0.7793492296006944	0.6927083333333333	0.6925	0.6926041666666667	0.6925
meta-llama/Llama-3.1-70B-Instruct	1605565b47bb9346c5515c34102e054115b4f98b	49	0.625	raw_ridge_0.01	mixed	20260829	False	0.7814558919270833	0.782437109375	0.7819465006510417	0.7814558919270833	0.6979166666666667	0.6890624999999999	0.6934895833333333	0.6890624999999999
meta-llama/Llama-3.1-70B-Instruct	1605565b47bb9346c5515c34102e054115b4f98b	49	0.625	raw_ridge_0.01	mixed	20260830	False	0.7858295355902778	0.7866984374999999	0.7862639865451388	0.7858295355902778	0.69609375	0.6925	0.694296875	0.6925
meta-llama/Llama-3.1-70B-Instruct	1605565b47bb9346c5515c34102e054115b4f98b	49	0.625	raw_ridge_1	benchmark_only		False	0.7707866753472221	0.783562890625	0.7771747829861111	0.7707866753472221	0.68203125	0.6809375	0.6814843749999999	0.6809375
meta-llama/Llama-3.1-70B-Instruct	1605565b47bb9346c5515c34102e054115b4f98b	49	0.625	raw_ridge_1	casual_only		False	0.781971435546875	0.7797671875000001	0.7808693115234375	0.7797671875000001	0.7010416666666667	0.6946875	0.6978645833333333	0.6946875
meta-llama/Llama-3.1-70B-Instruct	1605565b47bb9346c5515c34102e054115b4f98b	49	0.625	raw_ridge_1	mixed	20260823	False	0.786659884982639	0.7865921875	0.7866260362413195	0.7865921875	0.69609375	0.694375	0.695234375	0.694375
meta-llama/Llama-3.1-70B-Instruct	1605565b47bb9346c5515c34102e054115b4f98b	49	0.625	raw_ridge_1	mixed	20260824	False	0.7855712890625	0.7855285156249999	0.78554990234375	0.7855285156249999	0.6927083333333334	0.6953125	0.6940104166666667	0.6927083333333334
meta-llama/Llama-3.1-70B-Instruct	1605565b47bb9346c5515c34102e054115b4f98b	49	0.625	raw_ridge_1	mixed	20260825	False	0.7800358072916667	0.782143359375	0.7810895833333333	0.7800358072916667	0.696875	0.6965625	0.69671875	0.6965625
meta-llama/Llama-3.1-70B-Instruct	1605565b47bb9346c5515c34102e054115b4f98b	49	0.625	raw_ridge_1	mixed	20260826	False	0.7844802517361111	0.7851929687499999	0.7848366102430555	0.7844802517361111	0.6989583333333333	0.6940625	0.6965104166666667	0.6940625
meta-llama/Llama-3.1-70B-Instruct	1605565b47bb9346c5515c34102e054115b4f98b	49	0.625	raw_ridge_1	mixed	20260827	False	0.7833433702256944	0.7846000000000001	0.7839716851128473	0.7833433702256944	0.6953125	0.6934374999999999	0.694375	0.6934374999999999
meta-llama/Llama-3.1-70B-Instruct	1605565b47bb9346c5515c34102e054115b4f98b	49	0.625	raw_ridge_1	mixed	20260828	False	0.7792578125	0.7812039062499999	0.780230859375	0.7792578125	0.6924479166666666	0.6925	0.6924739583333333	0.6924479166666666
meta-llama/Llama-3.1-70B-Instruct	1605565b47bb9346c5515c34102e054115b4f98b	49	0.625	raw_ridge_1	mixed	20260829	False	0.7813598632812501	0.782373046875	0.781866455078125	0.7813598632812501	0.6976562500000001	0.6890624999999999	0.693359375	0.6890624999999999
meta-llama/Llama-3.1-70B-Instruct	1605565b47bb9346c5515c34102e054115b4f98b	49	0.625	raw_ridge_1	mixed	20260830	False	0.7857354058159723	0.7866265625	0.7861809841579861	0.7857354058159723	0.69609375	0.6925	0.694296875	0.6925
meta-llama/Llama-3.1-70B-Instruct	1605565b47bb9346c5515c34102e054115b4f98b	49	0.625	row_l2_ridge_0.1	benchmark_only		False	0.7959090169270833	0.7849632812499999	0.7904361490885417	0.7849632812499999	0.7122395833333333	0.698125	0.7051822916666666	0.698125
meta-llama/Llama-3.1-70B-Instruct	1605565b47bb9346c5515c34102e054115b4f98b	49	0.625	row_l2_ridge_0.1	casual_only		False	0.7624565972222221	0.769448828125	0.7659527126736111	0.7624565972222221	0.6763020833333333	0.6875	0.6819010416666667	0.6763020833333333
meta-llama/Llama-3.1-70B-Instruct	1605565b47bb9346c5515c34102e054115b4f98b	49	0.625	row_l2_ridge_0.1	mixed	20260823	False	0.7866392686631944	0.7806402343750001	0.7836397515190973	0.7806402343750001	0.6940104166666667	0.6956249999999999	0.6948177083333333	0.6940104166666667
meta-llama/Llama-3.1-70B-Instruct	1605565b47bb9346c5515c34102e054115b4f98b	49	0.625	row_l2_ridge_0.1	mixed	20260824	False	0.7892827690972222	0.78085546875	0.7850691189236111	0.78085546875	0.7005208333333333	0.6934375	0.6969791666666667	0.6934375
meta-llama/Llama-3.1-70B-Instruct	1605565b47bb9346c5515c34102e054115b4f98b	49	0.625	row_l2_ridge_0.1	mixed	20260825	False	0.7816555447048611	0.7766082031249999	0.7791318739149304	0.7766082031249999	0.69296875	0.688125	0.690546875	0.688125
meta-llama/Llama-3.1-70B-Instruct	1605565b47bb9346c5515c34102e054115b4f98b	49	0.625	row_l2_ridge_0.1	mixed	20260826	False	0.7865692816840277	0.7806867187500001	0.783628000217014	0.7806867187500001	0.6932291666666667	0.69375	0.6934895833333333	0.6932291666666667
meta-llama/Llama-3.1-70B-Instruct	1605565b47bb9346c5515c34102e054115b4f98b	49	0.625	row_l2_ridge_0.1	mixed	20260827	False	0.7862481011284721	0.7802808593749999	0.783264480251736	0.7802808593749999	0.69453125	0.6928125	0.693671875	0.6928125
meta-llama/Llama-3.1-70B-Instruct	1605565b47bb9346c5515c34102e054115b4f98b	49	0.625	row_l2_ridge_0.1	mixed	20260828	False	0.779946017795139	0.775434375	0.7776901963975695	0.775434375	0.6895833333333334	0.6912499999999999	0.6904166666666667	0.6895833333333334
meta-llama/Llama-3.1-70B-Instruct	1605565b47bb9346c5515c34102e054115b4f98b	49	0.625	row_l2_ridge_0.1	mixed	20260829	False	0.7812670898437499	0.7764546875	0.778860888671875	0.7764546875	0.68828125	0.6871875	0.687734375	0.6871875
meta-llama/Llama-3.1-70B-Instruct	1605565b47bb9346c5515c34102e054115b4f98b	49	0.625	row_l2_ridge_0.1	mixed	20260830	False	0.7882280815972221	0.78213046875	0.7851792751736111	0.78213046875	0.6958333333333333	0.693125	0.6944791666666666	0.693125
meta-llama/Llama-3.1-70B-Instruct	1605565b47bb9346c5515c34102e054115b4f98b	59	0.75	raw_ridge_0.1	benchmark_only		False	0.7405832248263888	0.7522691406249999	0.7464261827256944	0.7405832248263888	0.6567708333333333	0.6637500000000001	0.6602604166666667	0.6567708333333333
meta-llama/Llama-3.1-70B-Instruct	1605565b47bb9346c5515c34102e054115b4f98b	59	0.75	raw_ridge_0.1	casual_only		False	0.7443291558159724	0.7458843749999999	0.7451067654079861	0.7443291558159724	0.6705729166666667	0.6699999999999999	0.6702864583333333	0.6699999999999999
meta-llama/Llama-3.1-70B-Instruct	1605565b47bb9346c5515c34102e054115b4f98b	59	0.75	raw_ridge_0.1	mixed	20260823	False	0.74979248046875	0.752521875	0.7511571777343751	0.74979248046875	0.6713541666666667	0.668125	0.6697395833333333	0.668125
meta-llama/Llama-3.1-70B-Instruct	1605565b47bb9346c5515c34102e054115b4f98b	59	0.75	raw_ridge_0.1	mixed	20260824	False	0.7488362630208333	0.7518484375000001	0.7503423502604167	0.7488362630208333	0.6677083333333333	0.663125	0.6654166666666667	0.663125
meta-llama/Llama-3.1-70B-Instruct	1605565b47bb9346c5515c34102e054115b4f98b	59	0.75	raw_ridge_0.1	mixed	20260825	False	0.7430650499131943	0.748298046875	0.7456815483940972	0.7430650499131943	0.66484375	0.66125	0.663046875	0.66125
meta-llama/Llama-3.1-70B-Instruct	1605565b47bb9346c5515c34102e054115b4f98b	59	0.75	raw_ridge_0.1	mixed	20260826	False	0.746689724392361	0.7503003906250001	0.7484950575086806	0.746689724392361	0.6697916666666667	0.66125	0.6655208333333333	0.66125
meta-llama/Llama-3.1-70B-Instruct	1605565b47bb9346c5515c34102e054115b4f98b	59	0.75	raw_ridge_0.1	mixed	20260827	False	0.7445193142361111	0.7496234375	0.7470713758680556	0.7445193142361111	0.6708333333333334	0.6599999999999999	0.6654166666666667	0.6599999999999999
meta-llama/Llama-3.1-70B-Instruct	1605565b47bb9346c5515c34102e054115b4f98b	59	0.75	raw_ridge_0.1	mixed	20260828	False	0.7431654188368055	0.747525	0.7453452094184028	0.7431654188368055	0.6682291666666667	0.6584375	0.6633333333333333	0.6584375
meta-llama/Llama-3.1-70B-Instruct	1605565b47bb9346c5515c34102e054115b4f98b	59	0.75	raw_ridge_0.1	mixed	20260829	False	0.7436867947048611	0.74820546875	0.7459461317274305	0.7436867947048611	0.6666666666666667	0.6628125	0.6647395833333334	0.6628125
meta-llama/Llama-3.1-70B-Instruct	1605565b47bb9346c5515c34102e054115b4f98b	59	0.75	raw_ridge_0.1	mixed	20260830	False	0.7476340060763889	0.7523343750000001	0.7499841905381945	0.7476340060763889	0.66875	0.6637500000000001	0.66625	0.6637500000000001
meta-llama/Llama-3.1-70B-Instruct	1605565b47bb9346c5515c34102e054115b4f98b	59	0.75	raw_ridge_0.01	benchmark_only		False	0.7405927191840278	0.752276171875	0.7464344455295139	0.7405927191840278	0.6567708333333333	0.6637500000000001	0.6602604166666667	0.6567708333333333
meta-llama/Llama-3.1-70B-Instruct	1605565b47bb9346c5515c34102e054115b4f98b	59	0.75	raw_ridge_0.01	casual_only		False	0.7443337673611111	0.745891796875	0.7451127821180555	0.7443337673611111	0.6705729166666667	0.6699999999999999	0.6702864583333333	0.6699999999999999
meta-llama/Llama-3.1-70B-Instruct	1605565b47bb9346c5515c34102e054115b4f98b	59	0.75	raw_ridge_0.01	mixed	20260823	False	0.7498008897569445	0.752523046875	0.7511619683159723	0.7498008897569445	0.6713541666666667	0.668125	0.6697395833333333	0.668125
meta-llama/Llama-3.1-70B-Instruct	1605565b47bb9346c5515c34102e054115b4f98b	59	0.75	raw_ridge_0.01	mixed	20260824	False	0.7488444010416667	0.751857421875	0.7503509114583333	0.7488444010416667	0.6677083333333333	0.663125	0.6654166666666667	0.663125
meta-llama/Llama-3.1-70B-Instruct	1605565b47bb9346c5515c34102e054115b4f98b	59	0.75	raw_ridge_0.01	mixed	20260825	False	0.7430753580729167	0.748301953125	0.7456886555989584	0.7430753580729167	0.66484375	0.66125	0.663046875	0.66125
meta-llama/Llama-3.1-70B-Instruct	1605565b47bb9346c5515c34102e054115b4f98b	59	0.75	raw_ridge_0.01	mixed	20260826	False	0.7466927083333332	0.7503048828125	0.7484987955729165	0.7466927083333332	0.66953125	0.66125	0.665390625	0.66125
meta-llama/Llama-3.1-70B-Instruct	1605565b47bb9346c5515c34102e054115b4f98b	59	0.75	raw_ridge_0.01	mixed	20260827	False	0.7445228407118056	0.7496246093750001	0.7470737250434029	0.7445228407118056	0.6708333333333334	0.6599999999999999	0.6654166666666667	0.6599999999999999
meta-llama/Llama-3.1-70B-Instruct	1605565b47bb9346c5515c34102e054115b4f98b	59	0.75	raw_ridge_0.01	mixed	20260828	False	0.7431727430555555	0.74752734375	0.7453500434027778	0.7431727430555555	0.6682291666666667	0.6584375	0.6633333333333333	0.6584375
meta-llama/Llama-3.1-70B-Instruct	1605565b47bb9346c5515c34102e054115b4f98b	59	0.75	raw_ridge_0.01	mixed	20260829	False	0.7436927625868055	0.74821484375	0.7459538031684028	0.7436927625868055	0.6666666666666667	0.6628125	0.6647395833333334	0.6628125
meta-llama/Llama-3.1-70B-Instruct	1605565b47bb9346c5515c34102e054115b4f98b	59	0.75	raw_ridge_0.01	mixed	20260830	False	0.7476432291666666	0.752337109375	0.7499901692708333	0.7476432291666666	0.66875	0.6637500000000001	0.66625	0.6637500000000001
meta-llama/Llama-3.1-70B-Instruct	1605565b47bb9346c5515c34102e054115b4f98b	59	0.75	raw_ridge_1	benchmark_only		False	0.7405403645833333	0.752237890625	0.7463891276041666	0.7405403645833333	0.6567708333333333	0.6637500000000001	0.6602604166666667	0.6567708333333333
meta-llama/Llama-3.1-70B-Instruct	1605565b47bb9346c5515c34102e054115b4f98b	59	0.75	raw_ridge_1	casual_only		False	0.7442930772569445	0.74586015625	0.7450766167534723	0.7442930772569445	0.6705729166666667	0.6699999999999999	0.6702864583333333	0.6699999999999999
meta-llama/Llama-3.1-70B-Instruct	1605565b47bb9346c5515c34102e054115b4f98b	59	0.75	raw_ridge_1	mixed	20260823	False	0.7497601996527778	0.752508984375	0.751134592013889	0.7497601996527778	0.6713541666666667	0.668125	0.6697395833333333	0.668125
meta-llama/Llama-3.1-70B-Instruct	1605565b47bb9346c5515c34102e054115b4f98b	59	0.75	raw_ridge_1	mixed	20260824	False	0.7488042534722222	0.7518359375000001	0.7503200954861111	0.7488042534722222	0.66796875	0.6628125	0.665390625	0.6628125
meta-llama/Llama-3.1-70B-Instruct	1605565b47bb9346c5515c34102e054115b4f98b	59	0.75	raw_ridge_1	mixed	20260825	False	0.7430372450086805	0.748277734375	0.7456574896918402	0.7430372450086805	0.66484375	0.66125	0.663046875	0.66125
meta-llama/Llama-3.1-70B-Instruct	1605565b47bb9346c5515c34102e054115b4f98b	59	0.75	raw_ridge_1	mixed	20260826	False	0.7466541883680556	0.7502820312500001	0.7484681098090279	0.7466541883680556	0.66953125	0.66125	0.665390625	0.66125
meta-llama/Llama-3.1-70B-Instruct	1605565b47bb9346c5515c34102e054115b4f98b	59	0.75	raw_ridge_1	mixed	20260827	False	0.7444883897569443	0.7496027343749999	0.7470455620659722	0.7444883897569443	0.6708333333333334	0.6599999999999999	0.6654166666666667	0.6599999999999999
meta-llama/Llama-3.1-70B-Instruct	1605565b47bb9346c5515c34102e054115b4f98b	59	0.75	raw_ridge_1	mixed	20260828	False	0.743127170138889	0.747505859375	0.7453165147569445	0.743127170138889	0.66796875	0.6584375	0.663203125	0.6584375
meta-llama/Llama-3.1-70B-Instruct	1605565b47bb9346c5515c34102e054115b4f98b	59	0.75	raw_ridge_1	mixed	20260829	False	0.7436531575520833	0.748191796875	0.7459224772135417	0.7436531575520833	0.6666666666666667	0.6621874999999999	0.6644270833333333	0.6621874999999999
meta-llama/Llama-3.1-70B-Instruct	1605565b47bb9346c5515c34102e054115b4f98b	59	0.75	raw_ridge_1	mixed	20260830	False	0.7476044379340278	0.7523203125000001	0.7499623752170139	0.7476044379340278	0.66875	0.6637500000000001	0.66625	0.6637500000000001
meta-llama/Llama-3.1-70B-Instruct	1605565b47bb9346c5515c34102e054115b4f98b	59	0.75	row_l2_ridge_0.1	benchmark_only		False	0.7657793511284722	0.75705078125	0.761415066189236	0.75705078125	0.6828125	0.6765625	0.6796875	0.6765625
meta-llama/Llama-3.1-70B-Instruct	1605565b47bb9346c5515c34102e054115b4f98b	59	0.75	row_l2_ridge_0.1	casual_only		False	0.7328892686631944	0.7429000000000001	0.7378946343315973	0.7328892686631944	0.6583333333333334	0.670625	0.6644791666666667	0.6583333333333334
meta-llama/Llama-3.1-70B-Instruct	1605565b47bb9346c5515c34102e054115b4f98b	59	0.75	row_l2_ridge_0.1	mixed	20260823	False	0.7553203667534722	0.7525605468750001	0.7539404568142362	0.7525605468750001	0.6669270833333334	0.6715625000000001	0.6692447916666667	0.6669270833333334
meta-llama/Llama-3.1-70B-Instruct	1605565b47bb9346c5515c34102e054115b4f98b	59	0.75	row_l2_ridge_0.1	mixed	20260824	False	0.7577596028645833	0.75333046875	0.7555450358072917	0.75333046875	0.6731770833333334	0.6625	0.6678385416666667	0.6625
meta-llama/Llama-3.1-70B-Instruct	1605565b47bb9346c5515c34102e054115b4f98b	59	0.75	row_l2_ridge_0.1	mixed	20260825	False	0.7497699652777778	0.749061328125	0.7494156467013889	0.749061328125	0.6671875	0.6643749999999999	0.66578125	0.6643749999999999
meta-llama/Llama-3.1-70B-Instruct	1605565b47bb9346c5515c34102e054115b4f98b	59	0.75	row_l2_ridge_0.1	mixed	20260826	False	0.7544901529947916	0.752070703125	0.7532804280598958	0.752070703125	0.67265625	0.6671875	0.669921875	0.6671875
meta-llama/Llama-3.1-70B-Instruct	1605565b47bb9346c5515c34102e054115b4f98b	59	0.75	row_l2_ridge_0.1	mixed	20260827	False	0.7526112196180555	0.7512976562499999	0.7519544379340277	0.7512976562499999	0.6682291666666667	0.6659375000000001	0.6670833333333334	0.6659375000000001
meta-llama/Llama-3.1-70B-Instruct	1605565b47bb9346c5515c34102e054115b4f98b	59	0.75	row_l2_ridge_0.1	mixed	20260828	False	0.7487006293402778	0.74771484375	0.748207736545139	0.74771484375	0.6653645833333333	0.665	0.6651822916666666	0.665
meta-llama/Llama-3.1-70B-Instruct	1605565b47bb9346c5515c34102e054115b4f98b	59	0.75	row_l2_ridge_0.1	mixed	20260829	False	0.7491227213541666	0.7484031250000001	0.7487629231770834	0.7484031250000001	0.6645833333333333	0.6609375	0.6627604166666666	0.6609375
meta-llama/Llama-3.1-70B-Instruct	1605565b47bb9346c5515c34102e054115b4f98b	59	0.75	row_l2_ridge_0.1	mixed	20260830	False	0.7555197482638889	0.753976171875	0.7547479600694444	0.753976171875	0.6705729166666667	0.665	0.6677864583333334	0.665
meta-llama/Llama-3.3-70B-Instruct	6f6073b423013f6a7d4d9f39144961bfbfbc386b	20	0.25	raw_ridge_0.1	benchmark_only		False	0.8568375651041666	0.87965625	0.8682469075520833	0.8568375651041666	0.75546875	0.7984374999999999	0.7769531249999999	0.75546875
meta-llama/Llama-3.3-70B-Instruct	6f6073b423013f6a7d4d9f39144961bfbfbc386b	20	0.25	raw_ridge_0.1	casual_only		False	0.8433254665798611	0.8784722656249999	0.8608988661024305	0.8433254665798611	0.7361979166666667	0.79875	0.7674739583333333	0.7361979166666667
meta-llama/Llama-3.3-70B-Instruct	6f6073b423013f6a7d4d9f39144961bfbfbc386b	20	0.25	raw_ridge_0.1	mixed	20260823	False	0.8474867078993056	0.8770841796875001	0.8622854437934029	0.8474867078993056	0.7486979166666666	0.801875	0.7752864583333333	0.7486979166666666
meta-llama/Llama-3.3-70B-Instruct	6f6073b423013f6a7d4d9f39144961bfbfbc386b	20	0.25	raw_ridge_0.1	mixed	20260824	False	0.8508675130208333	0.8795257812499999	0.8651966471354167	0.8508675130208333	0.74765625	0.8015625	0.774609375	0.74765625
meta-llama/Llama-3.3-70B-Instruct	6f6073b423013f6a7d4d9f39144961bfbfbc386b	20	0.25	raw_ridge_0.1	mixed	20260825	False	0.8482796223958334	0.8769203125	0.8625999674479168	0.8482796223958334	0.7421875	0.7975000000000001	0.76984375	0.7421875
meta-llama/Llama-3.3-70B-Instruct	6f6073b423013f6a7d4d9f39144961bfbfbc386b	20	0.25	raw_ridge_0.1	mixed	20260826	False	0.8505403645833334	0.8805589843749999	0.8655496744791666	0.8505403645833334	0.74609375	0.799375	0.772734375	0.74609375
meta-llama/Llama-3.3-70B-Instruct	6f6073b423013f6a7d4d9f39144961bfbfbc386b	20	0.25	raw_ridge_0.1	mixed	20260827	False	0.8472941080729166	0.8754496093749999	0.8613718587239583	0.8472941080729166	0.74296875	0.799375	0.771171875	0.74296875
meta-llama/Llama-3.3-70B-Instruct	6f6073b423013f6a7d4d9f39144961bfbfbc386b	20	0.25	raw_ridge_0.1	mixed	20260828	False	0.8478572591145833	0.8777226562500001	0.8627899576822917	0.8478572591145833	0.7481770833333333	0.8015625	0.7748697916666667	0.7481770833333333
meta-llama/Llama-3.3-70B-Instruct	6f6073b423013f6a7d4d9f39144961bfbfbc386b	20	0.25	raw_ridge_0.1	mixed	20260829	False	0.8461268446180557	0.8755339843750001	0.8608304144965279	0.8461268446180557	0.7447916666666667	0.7959375	0.7703645833333334	0.7447916666666667
meta-llama/Llama-3.3-70B-Instruct	6f6073b423013f6a7d4d9f39144961bfbfbc386b	20	0.25	raw_ridge_0.1	mixed	20260830	False	0.8502788628472222	0.8805234374999998	0.865401150173611	0.8502788628472222	0.7471354166666666	0.8015625	0.7743489583333333	0.7471354166666666
meta-llama/Llama-3.3-70B-Instruct	6f6073b423013f6a7d4d9f39144961bfbfbc386b	20	0.25	raw_ridge_0.01	benchmark_only		False	0.8569118923611112	0.879708984375	0.8683104383680555	0.8569118923611112	0.7559895833333333	0.7984374999999999	0.7772135416666666	0.7559895833333333
meta-llama/Llama-3.3-70B-Instruct	6f6073b423013f6a7d4d9f39144961bfbfbc386b	20	0.25	raw_ridge_0.01	casual_only		False	0.8433772786458333	0.878501171875	0.8609392252604167	0.8433772786458333	0.7361979166666667	0.79875	0.7674739583333333	0.7361979166666667
meta-llama/Llama-3.3-70B-Instruct	6f6073b423013f6a7d4d9f39144961bfbfbc386b	20	0.25	raw_ridge_0.01	mixed	20260823	False	0.8475358072916668	0.877136328125	0.8623360677083334	0.8475358072916668	0.7486979166666666	0.801875	0.7752864583333333	0.7486979166666666
meta-llama/Llama-3.3-70B-Instruct	6f6073b423013f6a7d4d9f39144961bfbfbc386b	20	0.25	raw_ridge_0.01	mixed	20260824	False	0.8509128146701388	0.879572265625	0.8652425401475694	0.8509128146701388	0.7479166666666667	0.8015625	0.7747395833333333	0.7479166666666667
meta-llama/Llama-3.3-70B-Instruct	6f6073b423013f6a7d4d9f39144961bfbfbc386b	20	0.25	raw_ridge_0.01	mixed	20260825	False	0.8483254665798612	0.8769558593750001	0.8626406629774306	0.8483254665798612	0.7421875	0.7975000000000001	0.76984375	0.7421875
meta-llama/Llama-3.3-70B-Instruct	6f6073b423013f6a7d4d9f39144961bfbfbc386b	20	0.25	raw_ridge_0.01	mixed	20260826	False	0.8505913628472223	0.880591796875	0.8655915798611111	0.8505913628472223	0.74609375	0.799375	0.772734375	0.74609375
meta-llama/Llama-3.3-70B-Instruct	6f6073b423013f6a7d4d9f39144961bfbfbc386b	20	0.25	raw_ridge_0.01	mixed	20260827	False	0.8473472764756944	0.87549140625	0.8614193413628473	0.8473472764756944	0.7432291666666666	0.7996875	0.7714583333333334	0.7432291666666666
meta-llama/Llama-3.3-70B-Instruct	6f6073b423013f6a7d4d9f39144961bfbfbc386b	20	0.25	raw_ridge_0.01	mixed	20260828	False	0.8479139539930556	0.877767578125	0.8628407660590278	0.8479139539930556	0.7479166666666667	0.80125	0.7745833333333334	0.7479166666666667
meta-llama/Llama-3.3-70B-Instruct	6f6073b423013f6a7d4d9f39144961bfbfbc386b	20	0.25	raw_ridge_0.01	mixed	20260829	False	0.8461813693576388	0.8755796874999999	0.8608805284288193	0.8461813693576388	0.7447916666666667	0.7959375	0.7703645833333334	0.7447916666666667
meta-llama/Llama-3.3-70B-Instruct	6f6073b423013f6a7d4d9f39144961bfbfbc386b	20	0.25	raw_ridge_0.01	mixed	20260830	False	0.8503225368923611	0.8805703125	0.8654464246961806	0.8503225368923611	0.7471354166666666	0.8015625	0.7743489583333333	0.7471354166666666
meta-llama/Llama-3.3-70B-Instruct	6f6073b423013f6a7d4d9f39144961bfbfbc386b	20	0.25	raw_ridge_1	benchmark_only		False	0.8564949544270833	0.87941484375	0.8679548990885417	0.8564949544270833	0.7549479166666666	0.7987500000000001	0.7768489583333333	0.7549479166666666
meta-llama/Llama-3.3-70B-Instruct	6f6073b423013f6a7d4d9f39144961bfbfbc386b	20	0.25	raw_ridge_1	casual_only		False	0.8430883789062499	0.878254296875	0.860671337890625	0.8430883789062499	0.7361979166666667	0.79875	0.7674739583333333	0.7361979166666667
meta-llama/Llama-3.3-70B-Instruct	6f6073b423013f6a7d4d9f39144961bfbfbc386b	20	0.25	raw_ridge_1	mixed	20260823	False	0.8472173394097222	0.8768804687499998	0.862048904079861	0.8472173394097222	0.7486979166666666	0.8015625	0.7751302083333333	0.7486979166666666
meta-llama/Llama-3.3-70B-Instruct	6f6073b423013f6a7d4d9f39144961bfbfbc386b	20	0.25	raw_ridge_1	mixed	20260824	False	0.8506032986111112	0.87931328125	0.8649582899305556	0.8506032986111112	0.7471354166666666	0.8015625	0.7743489583333333	0.7471354166666666
meta-llama/Llama-3.3-70B-Instruct	6f6073b423013f6a7d4d9f39144961bfbfbc386b	20	0.25	raw_ridge_1	mixed	20260825	False	0.8480091688368054	0.87672578125	0.8623674750434027	0.8480091688368054	0.7419270833333333	0.7975	0.7697135416666667	0.7419270833333333
meta-llama/Llama-3.3-70B-Instruct	6f6073b423013f6a7d4d9f39144961bfbfbc386b	20	0.25	raw_ridge_1	mixed	20260826	False	0.8502750651041667	0.8803375	0.8653062825520834	0.8502750651041667	0.74609375	0.799375	0.772734375	0.74609375
meta-llama/Llama-3.3-70B-Instruct	6f6073b423013f6a7d4d9f39144961bfbfbc386b	20	0.25	raw_ridge_1	mixed	20260827	False	0.84703369140625	0.87525546875	0.861144580078125	0.84703369140625	0.74296875	0.799375	0.771171875	0.74296875
meta-llama/Llama-3.3-70B-Instruct	6f6073b423013f6a7d4d9f39144961bfbfbc386b	20	0.25	raw_ridge_1	mixed	20260828	False	0.8475900607638889	0.8775085937500002	0.8625493272569446	0.8475900607638889	0.7481770833333333	0.8009375000000001	0.7745572916666668	0.7481770833333333
meta-llama/Llama-3.3-70B-Instruct	6f6073b423013f6a7d4d9f39144961bfbfbc386b	20	0.25	raw_ridge_1	mixed	20260829	False	0.8458710394965276	0.875304296875	0.8605876681857638	0.8458710394965276	0.74453125	0.7953125	0.769921875	0.74453125
meta-llama/Llama-3.3-70B-Instruct	6f6073b423013f6a7d4d9f39144961bfbfbc386b	20	0.25	raw_ridge_1	mixed	20260830	False	0.8500059678819445	0.88028828125	0.8651471245659723	0.8500059678819445	0.7466145833333333	0.8015625	0.7740885416666666	0.7466145833333333
meta-llama/Llama-3.3-70B-Instruct	6f6073b423013f6a7d4d9f39144961bfbfbc386b	20	0.25	row_l2_ridge_0.1	benchmark_only		False	0.8573906792534722	0.882996484375	0.8701935818142361	0.8573906792534722	0.75546875	0.7987500000000001	0.777109375	0.75546875
meta-llama/Llama-3.3-70B-Instruct	6f6073b423013f6a7d4d9f39144961bfbfbc386b	20	0.25	row_l2_ridge_0.1	casual_only		False	0.8443712022569444	0.88103359375	0.8627023980034723	0.8443712022569444	0.7348958333333333	0.795625	0.7652604166666667	0.7348958333333333
meta-llama/Llama-3.3-70B-Instruct	6f6073b423013f6a7d4d9f39144961bfbfbc386b	20	0.25	row_l2_ridge_0.1	mixed	20260823	False	0.8482489691840278	0.8798179687500001	0.8640334689670139	0.8482489691840278	0.7432291666666666	0.8006249999999999	0.7719270833333333	0.7432291666666666
meta-llama/Llama-3.3-70B-Instruct	6f6073b423013f6a7d4d9f39144961bfbfbc386b	20	0.25	row_l2_ridge_0.1	mixed	20260824	False	0.8520084635416667	0.88292578125	0.8674671223958333	0.8520084635416667	0.7408854166666666	0.80625	0.7735677083333333	0.7408854166666666
meta-llama/Llama-3.3-70B-Instruct	6f6073b423013f6a7d4d9f39144961bfbfbc386b	20	0.25	row_l2_ridge_0.1	mixed	20260825	False	0.84881591796875	0.879597265625	0.864206591796875	0.84881591796875	0.7408854166666666	0.799375	0.7701302083333332	0.7408854166666666
meta-llama/Llama-3.3-70B-Instruct	6f6073b423013f6a7d4d9f39144961bfbfbc386b	20	0.25	row_l2_ridge_0.1	mixed	20260826	False	0.8512136501736112	0.8833992187499999	0.8673064344618056	0.8512136501736112	0.7411458333333334	0.80375	0.7724479166666667	0.7411458333333334
meta-llama/Llama-3.3-70B-Instruct	6f6073b423013f6a7d4d9f39144961bfbfbc386b	20	0.25	row_l2_ridge_0.1	mixed	20260827	False	0.8481429036458332	0.87847421875	0.8633085611979165	0.8481429036458332	0.7411458333333334	0.80125	0.7711979166666667	0.7411458333333334
meta-llama/Llama-3.3-70B-Instruct	6f6073b423013f6a7d4d9f39144961bfbfbc386b	20	0.25	row_l2_ridge_0.1	mixed	20260828	False	0.8486748589409722	0.8805660156250001	0.8646204372829862	0.8486748589409722	0.7416666666666667	0.8015625	0.7716145833333333	0.7416666666666667
meta-llama/Llama-3.3-70B-Instruct	6f6073b423013f6a7d4d9f39144961bfbfbc386b	20	0.25	row_l2_ridge_0.1	mixed	20260829	False	0.8468372938368055	0.8782296875	0.8625334906684028	0.8468372938368055	0.7385416666666667	0.7965625000000001	0.7675520833333334	0.7385416666666667
meta-llama/Llama-3.3-70B-Instruct	6f6073b423013f6a7d4d9f39144961bfbfbc386b	20	0.25	row_l2_ridge_0.1	mixed	20260830	False	0.8510164388020832	0.883307421875	0.8671619303385416	0.8510164388020832	0.7421875	0.8034375	0.7728125	0.7421875
meta-llama/Llama-3.3-70B-Instruct	6f6073b423013f6a7d4d9f39144961bfbfbc386b	30	0.375	raw_ridge_0.1	benchmark_only		False	0.7942084418402777	0.808546875	0.8013776584201389	0.7942084418402777	0.7158854166666666	0.716875	0.7163802083333333	0.7158854166666666
meta-llama/Llama-3.3-70B-Instruct	6f6073b423013f6a7d4d9f39144961bfbfbc386b	30	0.375	raw_ridge_0.1	casual_only		False	0.7771072048611112	0.80061015625	0.7888586805555555	0.7771072048611112	0.7294270833333334	0.7625	0.7459635416666667	0.7294270833333334
meta-llama/Llama-3.3-70B-Instruct	6f6073b423013f6a7d4d9f39144961bfbfbc386b	30	0.375	raw_ridge_0.1	mixed	20260823	False	0.7839122178819444	0.803247265625	0.7935797417534722	0.7839122178819444	0.7216145833333334	0.7424999999999999	0.7320572916666667	0.7216145833333334
meta-llama/Llama-3.3-70B-Instruct	6f6073b423013f6a7d4d9f39144961bfbfbc386b	30	0.375	raw_ridge_0.1	mixed	20260824	False	0.7880642361111111	0.804689453125	0.7963768446180555	0.7880642361111111	0.7286458333333333	0.746875	0.7377604166666667	0.7286458333333333
meta-llama/Llama-3.3-70B-Instruct	6f6073b423013f6a7d4d9f39144961bfbfbc386b	30	0.375	raw_ridge_0.1	mixed	20260825	False	0.7803736707899306	0.8007953125	0.7905844916449654	0.7803736707899306	0.7192708333333333	0.7396875	0.7294791666666667	0.7192708333333333
meta-llama/Llama-3.3-70B-Instruct	6f6073b423013f6a7d4d9f39144961bfbfbc386b	30	0.375	raw_ridge_0.1	mixed	20260826	False	0.7863783094618055	0.8063449218750001	0.7963616156684028	0.7863783094618055	0.721875	0.7521875	0.73703125	0.721875
meta-llama/Llama-3.3-70B-Instruct	6f6073b423013f6a7d4d9f39144961bfbfbc386b	30	0.375	raw_ridge_0.1	mixed	20260827	False	0.7841577148437501	0.80313984375	0.793648779296875	0.7841577148437501	0.7216145833333334	0.74375	0.7326822916666667	0.7216145833333334
meta-llama/Llama-3.3-70B-Instruct	6f6073b423013f6a7d4d9f39144961bfbfbc386b	30	0.375	raw_ridge_0.1	mixed	20260828	False	0.7825962999131946	0.8031796875	0.7928879937065973	0.7825962999131946	0.72421875	0.7478125	0.7360156250000001	0.72421875
meta-llama/Llama-3.3-70B-Instruct	6f6073b423013f6a7d4d9f39144961bfbfbc386b	30	0.375	raw_ridge_0.1	mixed	20260829	False	0.7803225368923612	0.799567578125	0.7899450575086806	0.7803225368923612	0.7190104166666667	0.7390625	0.7290364583333333	0.7190104166666667
meta-llama/Llama-3.3-70B-Instruct	6f6073b423013f6a7d4d9f39144961bfbfbc386b	30	0.375	raw_ridge_0.1	mixed	20260830	False	0.7846590169270833	0.804983203125	0.7948211100260416	0.7846590169270833	0.7208333333333334	0.7496875	0.7352604166666667	0.7208333333333334
meta-llama/Llama-3.3-70B-Instruct	6f6073b423013f6a7d4d9f39144961bfbfbc386b	30	0.375	raw_ridge_0.01	benchmark_only		False	0.7942675781249999	0.8085871093749999	0.8014273437499999	0.7942675781249999	0.7158854166666666	0.716875	0.7163802083333333	0.7158854166666666
meta-llama/Llama-3.3-70B-Instruct	6f6073b423013f6a7d4d9f39144961bfbfbc386b	30	0.375	raw_ridge_0.01	casual_only		False	0.7771652560763889	0.800649609375	0.7889074327256944	0.7771652560763889	0.7291666666666667	0.7625	0.7458333333333333	0.7291666666666667
meta-llama/Llama-3.3-70B-Instruct	6f6073b423013f6a7d4d9f39144961bfbfbc386b	30	0.375	raw_ridge_0.01	mixed	20260823	False	0.7839754231770834	0.8032816406250001	0.7936285319010417	0.7839754231770834	0.7216145833333334	0.7424999999999999	0.7320572916666667	0.7216145833333334
meta-llama/Llama-3.3-70B-Instruct	6f6073b423013f6a7d4d9f39144961bfbfbc386b	30	0.375	raw_ridge_0.01	mixed	20260824	False	0.788117947048611	0.8047257812499999	0.7964218641493055	0.788117947048611	0.7286458333333333	0.746875	0.7377604166666667	0.7286458333333333
meta-llama/Llama-3.3-70B-Instruct	6f6073b423013f6a7d4d9f39144961bfbfbc386b	30	0.375	raw_ridge_0.01	mixed	20260825	False	0.7804402669270833	0.800828125	0.7906341959635417	0.7804402669270833	0.71953125	0.7396875	0.729609375	0.71953125
meta-llama/Llama-3.3-70B-Instruct	6f6073b423013f6a7d4d9f39144961bfbfbc386b	30	0.375	raw_ridge_0.01	mixed	20260826	False	0.7864249674479167	0.80638046875	0.7964027180989584	0.7864249674479167	0.721875	0.7521875	0.73703125	0.721875
meta-llama/Llama-3.3-70B-Instruct	6f6073b423013f6a7d4d9f39144961bfbfbc386b	30	0.375	raw_ridge_0.01	mixed	20260827	False	0.7842065429687499	0.8031738281249999	0.793690185546875	0.7842065429687499	0.7216145833333334	0.7440625000000001	0.7328385416666667	0.7216145833333334
meta-llama/Llama-3.3-70B-Instruct	6f6073b423013f6a7d4d9f39144961bfbfbc386b	30	0.375	raw_ridge_0.01	mixed	20260828	False	0.7826448567708334	0.803216796875	0.7929308268229167	0.7826448567708334	0.72421875	0.7478125	0.7360156250000001	0.72421875
meta-llama/Llama-3.3-70B-Instruct	6f6073b423013f6a7d4d9f39144961bfbfbc386b	30	0.375	raw_ridge_0.01	mixed	20260829	False	0.7803719075520833	0.799605859375	0.7899888834635416	0.7803719075520833	0.7190104166666667	0.739375	0.7291927083333334	0.7190104166666667
meta-llama/Llama-3.3-70B-Instruct	6f6073b423013f6a7d4d9f39144961bfbfbc386b	30	0.375	raw_ridge_0.01	mixed	20260830	False	0.7847135416666666	0.8050167968749999	0.7948651692708333	0.7847135416666666	0.7208333333333334	0.7496875	0.7352604166666667	0.7208333333333334
meta-llama/Llama-3.3-70B-Instruct	6f6073b423013f6a7d4d9f39144961bfbfbc386b	30	0.375	raw_ridge_1	benchmark_only		False	0.7938826497395833	0.808369140625	0.8011258951822917	0.7938826497395833	0.7158854166666666	0.71625	0.7160677083333333	0.7158854166666666
meta-llama/Llama-3.3-70B-Instruct	6f6073b423013f6a7d4d9f39144961bfbfbc386b	30	0.375	raw_ridge_1	casual_only		False	0.7768614366319444	0.8004175781249999	0.7886395073784722	0.7768614366319444	0.7291666666666666	0.7618750000000001	0.7455208333333334	0.7291666666666666
meta-llama/Llama-3.3-70B-Instruct	6f6073b423013f6a7d4d9f39144961bfbfbc386b	30	0.375	raw_ridge_1	mixed	20260823	False	0.7836390516493055	0.80309609375	0.7933675726996527	0.7836390516493055	0.7216145833333334	0.7421875	0.7319010416666667	0.7216145833333334
meta-llama/Llama-3.3-70B-Instruct	6f6073b423013f6a7d4d9f39144961bfbfbc386b	30	0.375	raw_ridge_1	mixed	20260824	False	0.78778076171875	0.80453515625	0.796157958984375	0.78778076171875	0.7286458333333333	0.7465625	0.7376041666666666	0.7286458333333333
meta-llama/Llama-3.3-70B-Instruct	6f6073b423013f6a7d4d9f39144961bfbfbc386b	30	0.375	raw_ridge_1	mixed	20260825	False	0.7800930447048611	0.80061328125	0.7903531629774305	0.7800930447048611	0.7192708333333333	0.74	0.7296354166666666	0.7192708333333333
meta-llama/Llama-3.3-70B-Instruct	6f6073b423013f6a7d4d9f39144961bfbfbc386b	30	0.375	raw_ridge_1	mixed	20260826	False	0.7861127387152778	0.806165234375	0.7961389865451389	0.7861127387152778	0.7216145833333334	0.7518750000000001	0.7367447916666667	0.7216145833333334
meta-llama/Llama-3.3-70B-Instruct	6f6073b423013f6a7d4d9f39144961bfbfbc386b	30	0.375	raw_ridge_1	mixed	20260827	False	0.7838563368055556	0.802969921875	0.7934131293402777	0.7838563368055556	0.7213541666666667	0.743125	0.7322395833333334	0.7213541666666667
meta-llama/Llama-3.3-70B-Instruct	6f6073b423013f6a7d4d9f39144961bfbfbc386b	30	0.375	raw_ridge_1	mixed	20260828	False	0.7823251681857639	0.80299296875	0.792659068467882	0.7823251681857639	0.7236979166666666	0.7478125	0.7357552083333333	0.7236979166666666
meta-llama/Llama-3.3-70B-Instruct	6f6073b423013f6a7d4d9f39144961bfbfbc386b	30	0.375	raw_ridge_1	mixed	20260829	False	0.7800349934895833	0.799405859375	0.7897204264322917	0.7800349934895833	0.71875	0.7378125	0.72828125	0.71875
meta-llama/Llama-3.3-70B-Instruct	6f6073b423013f6a7d4d9f39144961bfbfbc386b	30	0.375	raw_ridge_1	mixed	20260830	False	0.7843815104166666	0.804819921875	0.7946007161458333	0.7843815104166666	0.7203125	0.7496875	0.735	0.7203125
meta-llama/Llama-3.3-70B-Instruct	6f6073b423013f6a7d4d9f39144961bfbfbc386b	30	0.375	row_l2_ridge_0.1	benchmark_only		False	0.784096408420139	0.8021476562500001	0.7931220323350695	0.784096408420139	0.70859375	0.7024999999999999	0.705546875	0.7024999999999999
meta-llama/Llama-3.3-70B-Instruct	6f6073b423013f6a7d4d9f39144961bfbfbc386b	30	0.375	row_l2_ridge_0.1	casual_only		False	0.7729234483506944	0.79834921875	0.7856363335503471	0.7729234483506944	0.7182291666666667	0.7621875	0.7402083333333334	0.7182291666666667
meta-llama/Llama-3.3-70B-Instruct	6f6073b423013f6a7d4d9f39144961bfbfbc386b	30	0.375	row_l2_ridge_0.1	mixed	20260823	False	0.7764979383680555	0.798891015625	0.7876944769965277	0.7764979383680555	0.7122395833333333	0.7415625	0.7269010416666666	0.7122395833333333
meta-llama/Llama-3.3-70B-Instruct	6f6073b423013f6a7d4d9f39144961bfbfbc386b	30	0.375	row_l2_ridge_0.1	mixed	20260824	False	0.7821796332465278	0.80145703125	0.7918183322482639	0.7821796332465278	0.72109375	0.7424999999999999	0.7317968749999999	0.72109375
meta-llama/Llama-3.3-70B-Instruct	6f6073b423013f6a7d4d9f39144961bfbfbc386b	30	0.375	row_l2_ridge_0.1	mixed	20260825	False	0.7729017469618056	0.796616796875	0.7847592719184028	0.7729017469618056	0.7109375	0.7365625	0.72375	0.7109375
meta-llama/Llama-3.3-70B-Instruct	6f6073b423013f6a7d4d9f39144961bfbfbc386b	30	0.375	row_l2_ridge_0.1	mixed	20260826	False	0.7789990234375	0.8019316406250001	0.79046533203125	0.7789990234375	0.71640625	0.74625	0.731328125	0.71640625
meta-llama/Llama-3.3-70B-Instruct	6f6073b423013f6a7d4d9f39144961bfbfbc386b	30	0.375	row_l2_ridge_0.1	mixed	20260827	False	0.77743896484375	0.7992414062500001	0.788340185546875	0.77743896484375	0.71328125	0.74	0.7266406249999999	0.71328125
meta-llama/Llama-3.3-70B-Instruct	6f6073b423013f6a7d4d9f39144961bfbfbc386b	30	0.375	row_l2_ridge_0.1	mixed	20260828	False	0.7752330186631944	0.79886328125	0.7870481499565971	0.7752330186631944	0.7153645833333333	0.7446875	0.7300260416666666	0.7153645833333333
meta-llama/Llama-3.3-70B-Instruct	6f6073b423013f6a7d4d9f39144961bfbfbc386b	30	0.375	row_l2_ridge_0.1	mixed	20260829	False	0.7737049696180556	0.795583984375	0.7846444769965277	0.7737049696180556	0.7119791666666666	0.735	0.7234895833333332	0.7119791666666666
meta-llama/Llama-3.3-70B-Instruct	6f6073b423013f6a7d4d9f39144961bfbfbc386b	30	0.375	row_l2_ridge_0.1	mixed	20260830	False	0.77845458984375	0.8017179687500001	0.790086279296875	0.77845458984375	0.71640625	0.745	0.730703125	0.71640625
meta-llama/Llama-3.3-70B-Instruct	6f6073b423013f6a7d4d9f39144961bfbfbc386b	30	0.375	raw_ridge_0.1	benchmark_only		True	0.7942485894097221	0.8091449218750001	0.8016967556423611	0.7942485894097221	0.7184895833333333	0.7203125	0.7194010416666667	0.7184895833333333
meta-llama/Llama-3.3-70B-Instruct	6f6073b423013f6a7d4d9f39144961bfbfbc386b	30	0.375	raw_ridge_0.1	casual_only		True	0.7766636827256945	0.800767578125	0.7887156304253473	0.7766636827256945	0.7289062500000001	0.7596875000000001	0.7442968750000001	0.7289062500000001
meta-llama/Llama-3.3-70B-Instruct	6f6073b423013f6a7d4d9f39144961bfbfbc386b	30	0.375	raw_ridge_0.1	mixed	20260823	True	0.7853800455729166	0.8043625	0.7948712727864583	0.7853800455729166	0.7197916666666666	0.7453125	0.7325520833333333	0.7197916666666666
meta-llama/Llama-3.3-70B-Instruct	6f6073b423013f6a7d4d9f39144961bfbfbc386b	30	0.375	raw_ridge_0.1	mixed	20260824	True	0.784079861111111	0.80373828125	0.7939090711805555	0.784079861111111	0.7223958333333333	0.74125	0.7318229166666667	0.7223958333333333
meta-llama/Llama-3.3-70B-Instruct	6f6073b423013f6a7d4d9f39144961bfbfbc386b	30	0.375	raw_ridge_0.1	mixed	20260825	True	0.7822935655381944	0.8030371093750001	0.7926653374565973	0.7822935655381944	0.7171875000000001	0.746875	0.73203125	0.7171875000000001
meta-llama/Llama-3.3-70B-Instruct	6f6073b423013f6a7d4d9f39144961bfbfbc386b	30	0.375	raw_ridge_0.1	mixed	20260826	True	0.7838077799479166	0.8041515625	0.7939796712239583	0.7838077799479166	0.7184895833333333	0.7450000000000001	0.7317447916666667	0.7184895833333333
meta-llama/Llama-3.3-70B-Instruct	6f6073b423013f6a7d4d9f39144961bfbfbc386b	30	0.375	raw_ridge_0.1	mixed	20260827	True	0.786011013454861	0.8041820312500001	0.7950965223524306	0.786011013454861	0.7231770833333333	0.74375	0.7334635416666666	0.7231770833333333
meta-llama/Llama-3.3-70B-Instruct	6f6073b423013f6a7d4d9f39144961bfbfbc386b	30	0.375	raw_ridge_0.1	mixed	20260828	True	0.7837787543402779	0.803484375	0.793631564670139	0.7837787543402779	0.7182291666666667	0.743125	0.7306770833333334	0.7182291666666667
meta-llama/Llama-3.3-70B-Instruct	6f6073b423013f6a7d4d9f39144961bfbfbc386b	30	0.375	raw_ridge_0.1	mixed	20260829	True	0.7825916883680555	0.8035328125	0.7930622504340277	0.7825916883680555	0.71796875	0.744375	0.731171875	0.71796875
meta-llama/Llama-3.3-70B-Instruct	6f6073b423013f6a7d4d9f39144961bfbfbc386b	30	0.375	raw_ridge_0.1	mixed	20260830	True	0.7845084635416666	0.803565234375	0.7940368489583334	0.7845084635416666	0.7236979166666666	0.7415625	0.7326302083333334	0.7236979166666666
meta-llama/Llama-3.3-70B-Instruct	6f6073b423013f6a7d4d9f39144961bfbfbc386b	40	0.5	raw_ridge_0.1	benchmark_only		False	0.7117290581597223	0.7468496093750001	0.7292893337673612	0.7117290581597223	0.6135416666666667	0.6278125	0.6206770833333333	0.6135416666666667
meta-llama/Llama-3.3-70B-Instruct	6f6073b423013f6a7d4d9f39144961bfbfbc386b	40	0.5	raw_ridge_0.1	casual_only		False	0.7100618489583332	0.751972265625	0.7310170572916665	0.7100618489583332	0.63671875	0.6759375000000001	0.656328125	0.63671875
meta-llama/Llama-3.3-70B-Instruct	6f6073b423013f6a7d4d9f39144961bfbfbc386b	40	0.5	raw_ridge_0.1	mixed	20260823	False	0.7129375542534722	0.750503515625	0.7317205349392361	0.7129375542534722	0.6302083333333333	0.6559375000000001	0.6430729166666667	0.6302083333333333
meta-llama/Llama-3.3-70B-Instruct	6f6073b423013f6a7d4d9f39144961bfbfbc386b	40	0.5	raw_ridge_0.1	mixed	20260824	False	0.7150501844618056	0.754122265625	0.7345862250434028	0.7150501844618056	0.6286458333333333	0.6521874999999999	0.6404166666666666	0.6286458333333333
meta-llama/Llama-3.3-70B-Instruct	6f6073b423013f6a7d4d9f39144961bfbfbc386b	40	0.5	raw_ridge_0.1	mixed	20260825	False	0.7082272677951389	0.74800546875	0.7281163682725694	0.7082272677951389	0.62109375	0.650625	0.635859375	0.62109375
meta-llama/Llama-3.3-70B-Instruct	6f6073b423013f6a7d4d9f39144961bfbfbc386b	40	0.5	raw_ridge_0.1	mixed	20260826	False	0.7138755967881945	0.752891796875	0.7333836968315972	0.7138755967881945	0.6294270833333333	0.6534375	0.6414322916666666	0.6294270833333333
meta-llama/Llama-3.3-70B-Instruct	6f6073b423013f6a7d4d9f39144961bfbfbc386b	40	0.5	raw_ridge_0.1	mixed	20260827	False	0.7098065863715278	0.7493089843749999	0.7295577853732639	0.7098065863715278	0.6236979166666667	0.6528125	0.6382552083333334	0.6236979166666667
meta-llama/Llama-3.3-70B-Instruct	6f6073b423013f6a7d4d9f39144961bfbfbc386b	40	0.5	raw_ridge_0.1	mixed	20260828	False	0.7077303059895834	0.748593359375	0.7281618326822917	0.7077303059895834	0.6270833333333333	0.651875	0.6394791666666666	0.6270833333333333
meta-llama/Llama-3.3-70B-Instruct	6f6073b423013f6a7d4d9f39144961bfbfbc386b	40	0.5	raw_ridge_0.1	mixed	20260829	False	0.7043353949652778	0.743423828125	0.7238796115451389	0.7043353949652778	0.6174479166666667	0.6459375	0.6316927083333334	0.6174479166666667
meta-llama/Llama-3.3-70B-Instruct	6f6073b423013f6a7d4d9f39144961bfbfbc386b	40	0.5	raw_ridge_0.1	mixed	20260830	False	0.7125084092881946	0.7517941406249999	0.7321512749565973	0.7125084092881946	0.62890625	0.6571875	0.643046875	0.62890625
meta-llama/Llama-3.3-70B-Instruct	6f6073b423013f6a7d4d9f39144961bfbfbc386b	40	0.5	raw_ridge_0.01	benchmark_only		False	0.7117472330729167	0.7468726562499999	0.7293099446614583	0.7117472330729167	0.6135416666666667	0.6278125	0.6206770833333333	0.6135416666666667
meta-llama/Llama-3.3-70B-Instruct	6f6073b423013f6a7d4d9f39144961bfbfbc386b	40	0.5	raw_ridge_0.01	casual_only		False	0.7100851779513888	0.7519968749999999	0.7310410264756944	0.7100851779513888	0.63671875	0.6759375000000001	0.656328125	0.63671875
meta-llama/Llama-3.3-70B-Instruct	6f6073b423013f6a7d4d9f39144961bfbfbc386b	40	0.5	raw_ridge_0.01	mixed	20260823	False	0.7129633246527778	0.750521875	0.7317425998263889	0.7129633246527778	0.6302083333333333	0.6559375000000001	0.6430729166666667	0.6302083333333333
meta-llama/Llama-3.3-70B-Instruct	6f6073b423013f6a7d4d9f39144961bfbfbc386b	40	0.5	raw_ridge_0.01	mixed	20260824	False	0.7150743272569444	0.7541386718749999	0.7346064995659722	0.7150743272569444	0.6286458333333333	0.6521874999999999	0.6404166666666666	0.6286458333333333
meta-llama/Llama-3.3-70B-Instruct	6f6073b423013f6a7d4d9f39144961bfbfbc386b	40	0.5	raw_ridge_0.01	mixed	20260825	False	0.7082486979166667	0.7480257812500001	0.7281372395833334	0.7082486979166667	0.62109375	0.650625	0.635859375	0.62109375
meta-llama/Llama-3.3-70B-Instruct	6f6073b423013f6a7d4d9f39144961bfbfbc386b	40	0.5	raw_ridge_0.01	mixed	20260826	False	0.7138951280381944	0.75291015625	0.7334026421440972	0.7138951280381944	0.6294270833333333	0.6534375	0.6414322916666666	0.6294270833333333
meta-llama/Llama-3.3-70B-Instruct	6f6073b423013f6a7d4d9f39144961bfbfbc386b	40	0.5	raw_ridge_0.01	mixed	20260827	False	0.7098293728298612	0.749325	0.7295771864149306	0.7098293728298612	0.6236979166666667	0.6528125	0.6382552083333334	0.6236979166666667
meta-llama/Llama-3.3-70B-Instruct	6f6073b423013f6a7d4d9f39144961bfbfbc386b	40	0.5	raw_ridge_0.01	mixed	20260828	False	0.7077509223090277	0.7486062499999999	0.7281785861545138	0.7077509223090277	0.6270833333333333	0.651875	0.6394791666666666	0.6270833333333333
meta-llama/Llama-3.3-70B-Instruct	6f6073b423013f6a7d4d9f39144961bfbfbc386b	40	0.5	raw_ridge_0.01	mixed	20260829	False	0.70435546875	0.74344375	0.723899609375	0.70435546875	0.6174479166666667	0.6459375	0.6316927083333334	0.6174479166666667
meta-llama/Llama-3.3-70B-Instruct	6f6073b423013f6a7d4d9f39144961bfbfbc386b	40	0.5	raw_ridge_0.01	mixed	20260830	False	0.7125328233506945	0.7518109375	0.7321718804253472	0.7125328233506945	0.62890625	0.6571875	0.643046875	0.62890625
meta-llama/Llama-3.3-70B-Instruct	6f6073b423013f6a7d4d9f39144961bfbfbc386b	40	0.5	raw_ridge_1	benchmark_only		False	0.7116262478298612	0.7467328124999999	0.7291795301649305	0.7116262478298612	0.6135416666666667	0.6275	0.6205208333333333	0.6135416666666667
meta-llama/Llama-3.3-70B-Instruct	6f6073b423013f6a7d4d9f39144961bfbfbc386b	40	0.5	raw_ridge_1	casual_only		False	0.709922146267361	0.751885546875	0.7309038465711806	0.709922146267361	0.63671875	0.6759375000000001	0.656328125	0.63671875
meta-llama/Llama-3.3-70B-Instruct	6f6073b423013f6a7d4d9f39144961bfbfbc386b	40	0.5	raw_ridge_1	mixed	20260823	False	0.7128209092881944	0.750412109375	0.7316165093315972	0.7128209092881944	0.6302083333333333	0.655625	0.6429166666666666	0.6302083333333333
meta-llama/Llama-3.3-70B-Instruct	6f6073b423013f6a7d4d9f39144961bfbfbc386b	40	0.5	raw_ridge_1	mixed	20260824	False	0.7149517144097222	0.754030859375	0.7344912868923611	0.7149517144097222	0.6286458333333333	0.6521874999999999	0.6404166666666666	0.6286458333333333
meta-llama/Llama-3.3-70B-Instruct	6f6073b423013f6a7d4d9f39144961bfbfbc386b	40	0.5	raw_ridge_1	mixed	20260825	False	0.7081073676215279	0.747909375	0.7280083713107639	0.7081073676215279	0.62109375	0.6509375	0.636015625	0.62109375
meta-llama/Llama-3.3-70B-Instruct	6f6073b423013f6a7d4d9f39144961bfbfbc386b	40	0.5	raw_ridge_1	mixed	20260826	False	0.7137605794270834	0.7527988281250001	0.7332797037760417	0.7137605794270834	0.6291666666666667	0.653125	0.6411458333333333	0.6291666666666667
meta-llama/Llama-3.3-70B-Instruct	6f6073b423013f6a7d4d9f39144961bfbfbc386b	40	0.5	raw_ridge_1	mixed	20260827	False	0.7096953667534723	0.74921640625	0.7294558865017362	0.7096953667534723	0.6231770833333333	0.6528125	0.6379947916666666	0.6231770833333333
meta-llama/Llama-3.3-70B-Instruct	6f6073b423013f6a7d4d9f39144961bfbfbc386b	40	0.5	raw_ridge_1	mixed	20260828	False	0.7076215277777778	0.7485078125	0.7280646701388889	0.7076215277777778	0.6270833333333333	0.6515625	0.6393229166666667	0.6270833333333333
meta-llama/Llama-3.3-70B-Instruct	6f6073b423013f6a7d4d9f39144961bfbfbc386b	40	0.5	raw_ridge_1	mixed	20260829	False	0.70422607421875	0.7433441406249999	0.723785107421875	0.70422607421875	0.6171875	0.6459375	0.6315625	0.6171875
meta-llama/Llama-3.3-70B-Instruct	6f6073b423013f6a7d4d9f39144961bfbfbc386b	40	0.5	raw_ridge_1	mixed	20260830	False	0.712394748263889	0.751694140625	0.7320444444444445	0.712394748263889	0.6283854166666667	0.6568750000000001	0.6426302083333334	0.6283854166666667
meta-llama/Llama-3.3-70B-Instruct	6f6073b423013f6a7d4d9f39144961bfbfbc386b	40	0.5	row_l2_ridge_0.1	benchmark_only		False	0.7103266059027779	0.737602734375	0.7239646701388889	0.7103266059027779	0.6127604166666667	0.628125	0.6204427083333334	0.6127604166666667
meta-llama/Llama-3.3-70B-Instruct	6f6073b423013f6a7d4d9f39144961bfbfbc386b	40	0.5	row_l2_ridge_0.1	casual_only		False	0.7102414279513889	0.745188671875	0.7277150499131945	0.7102414279513889	0.6473958333333334	0.6790625	0.6632291666666668	0.6473958333333334
meta-llama/Llama-3.3-70B-Instruct	6f6073b423013f6a7d4d9f39144961bfbfbc386b	40	0.5	row_l2_ridge_0.1	mixed	20260823	False	0.7116235351562501	0.742323828125	0.726973681640625	0.7116235351562501	0.6325520833333333	0.6543749999999999	0.6434635416666666	0.6325520833333333
meta-llama/Llama-3.3-70B-Instruct	6f6073b423013f6a7d4d9f39144961bfbfbc386b	40	0.5	row_l2_ridge_0.1	mixed	20260824	False	0.7152115885416667	0.747003125	0.7311073567708333	0.7152115885416667	0.6346354166666667	0.6581250000000001	0.6463802083333334	0.6346354166666667
meta-llama/Llama-3.3-70B-Instruct	6f6073b423013f6a7d4d9f39144961bfbfbc386b	40	0.5	row_l2_ridge_0.1	mixed	20260825	False	0.7081183539496527	0.7404390625	0.7242787082248263	0.7081183539496527	0.6255208333333333	0.6503125000000001	0.6379166666666667	0.6255208333333333
meta-llama/Llama-3.3-70B-Instruct	6f6073b423013f6a7d4d9f39144961bfbfbc386b	40	0.5	row_l2_ridge_0.1	mixed	20260826	False	0.7133433702256944	0.7443929687499999	0.7288681694878472	0.7133433702256944	0.63046875	0.65375	0.642109375	0.63046875
meta-llama/Llama-3.3-70B-Instruct	6f6073b423013f6a7d4d9f39144961bfbfbc386b	40	0.5	row_l2_ridge_0.1	mixed	20260827	False	0.7102606879340279	0.7425902343749999	0.7264254611545139	0.7102606879340279	0.62734375	0.6528125	0.640078125	0.62734375
meta-llama/Llama-3.3-70B-Instruct	6f6073b423013f6a7d4d9f39144961bfbfbc386b	40	0.5	row_l2_ridge_0.1	mixed	20260828	False	0.7068910047743056	0.7402339843749999	0.7235624945746527	0.7068910047743056	0.62890625	0.6481250000000001	0.638515625	0.62890625
meta-llama/Llama-3.3-70B-Instruct	6f6073b423013f6a7d4d9f39144961bfbfbc386b	40	0.5	row_l2_ridge_0.1	mixed	20260829	False	0.7051841905381944	0.736433984375	0.7208090874565971	0.7051841905381944	0.6231770833333333	0.6453125	0.6342447916666667	0.6231770833333333
meta-llama/Llama-3.3-70B-Instruct	6f6073b423013f6a7d4d9f39144961bfbfbc386b	40	0.5	row_l2_ridge_0.1	mixed	20260830	False	0.7127010091145833	0.744396875	0.7285489420572917	0.7127010091145833	0.6299479166666666	0.656875	0.6434114583333332	0.6299479166666666
meta-llama/Llama-3.3-70B-Instruct	6f6073b423013f6a7d4d9f39144961bfbfbc386b	49	0.625	raw_ridge_0.1	benchmark_only		False	0.7009176974826388	0.7348433593749999	0.7178805284288193	0.7009176974826388	0.6018229166666667	0.620625	0.6112239583333333	0.6018229166666667
meta-llama/Llama-3.3-70B-Instruct	6f6073b423013f6a7d4d9f39144961bfbfbc386b	49	0.625	raw_ridge_0.1	casual_only		False	0.7111507161458334	0.742670703125	0.7269107096354167	0.7111507161458334	0.6322916666666667	0.6671875	0.6497395833333334	0.6322916666666667
meta-llama/Llama-3.3-70B-Instruct	6f6073b423013f6a7d4d9f39144961bfbfbc386b	49	0.625	raw_ridge_0.1	mixed	20260823	False	0.7101280381944444	0.7421093750000001	0.7261187065972222	0.7101280381944444	0.6205729166666667	0.6584375	0.6395052083333334	0.6205729166666667
meta-llama/Llama-3.3-70B-Instruct	6f6073b423013f6a7d4d9f39144961bfbfbc386b	49	0.625	raw_ridge_0.1	mixed	20260824	False	0.7112727864583333	0.7447144531250001	0.7279936197916667	0.7112727864583333	0.6208333333333333	0.653125	0.6369791666666667	0.6208333333333333
meta-llama/Llama-3.3-70B-Instruct	6f6073b423013f6a7d4d9f39144961bfbfbc386b	49	0.625	raw_ridge_0.1	mixed	20260825	False	0.7046950954861111	0.73981328125	0.7222541883680555	0.7046950954861111	0.61328125	0.6509375	0.632109375	0.61328125
meta-llama/Llama-3.3-70B-Instruct	6f6073b423013f6a7d4d9f39144961bfbfbc386b	49	0.625	raw_ridge_0.1	mixed	20260826	False	0.7112638346354166	0.7445425781249999	0.7279032063802082	0.7112638346354166	0.6231770833333333	0.6528125	0.6379947916666666	0.6231770833333333
meta-llama/Llama-3.3-70B-Instruct	6f6073b423013f6a7d4d9f39144961bfbfbc386b	49	0.625	raw_ridge_0.1	mixed	20260827	False	0.7074107530381946	0.741924609375	0.7246676812065973	0.7074107530381946	0.6174479166666667	0.6571875	0.6373177083333333	0.6174479166666667
meta-llama/Llama-3.3-70B-Instruct	6f6073b423013f6a7d4d9f39144961bfbfbc386b	49	0.625	raw_ridge_0.1	mixed	20260828	False	0.7042640516493055	0.73900078125	0.7216324164496528	0.7042640516493055	0.6161458333333334	0.6528125	0.6344791666666667	0.6161458333333334
meta-llama/Llama-3.3-70B-Instruct	6f6073b423013f6a7d4d9f39144961bfbfbc386b	49	0.625	raw_ridge_0.1	mixed	20260829	False	0.7013159179687499	0.734802734375	0.718059326171875	0.7013159179687499	0.6125	0.6446875	0.6285937500000001	0.6125
meta-llama/Llama-3.3-70B-Instruct	6f6073b423013f6a7d4d9f39144961bfbfbc386b	49	0.625	raw_ridge_0.1	mixed	20260830	False	0.7103784179687499	0.744603125	0.727490771484375	0.7103784179687499	0.621875	0.6571875	0.63953125	0.621875
meta-llama/Llama-3.3-70B-Instruct	6f6073b423013f6a7d4d9f39144961bfbfbc386b	49	0.625	raw_ridge_0.01	benchmark_only		False	0.7009290907118055	0.734855078125	0.7178920844184027	0.7009290907118055	0.6018229166666667	0.620625	0.6112239583333333	0.6018229166666667
meta-llama/Llama-3.3-70B-Instruct	6f6073b423013f6a7d4d9f39144961bfbfbc386b	49	0.625	raw_ridge_0.01	casual_only		False	0.7111602105034722	0.7426796875	0.7269199490017362	0.7111602105034722	0.6325520833333333	0.6671875	0.6498697916666667	0.6325520833333333
meta-llama/Llama-3.3-70B-Instruct	6f6073b423013f6a7d4d9f39144961bfbfbc386b	49	0.625	raw_ridge_0.01	mixed	20260823	False	0.7101375325520832	0.7421222656249999	0.7261298990885416	0.7101375325520832	0.6205729166666667	0.6584375	0.6395052083333334	0.6205729166666667
meta-llama/Llama-3.3-70B-Instruct	6f6073b423013f6a7d4d9f39144961bfbfbc386b	49	0.625	raw_ridge_0.01	mixed	20260824	False	0.711285400390625	0.74472734375	0.7280063720703125	0.711285400390625	0.6208333333333333	0.653125	0.6369791666666667	0.6208333333333333
meta-llama/Llama-3.3-70B-Instruct	6f6073b423013f6a7d4d9f39144961bfbfbc386b	49	0.625	raw_ridge_0.01	mixed	20260825	False	0.704703369140625	0.739821484375	0.7222624267578125	0.704703369140625	0.61328125	0.6509375	0.632109375	0.61328125
meta-llama/Llama-3.3-70B-Instruct	6f6073b423013f6a7d4d9f39144961bfbfbc386b	49	0.625	raw_ridge_0.01	mixed	20260826	False	0.7112714301215277	0.744551171875	0.7279113009982638	0.7112714301215277	0.6231770833333333	0.6528125	0.6379947916666666	0.6231770833333333
meta-llama/Llama-3.3-70B-Instruct	6f6073b423013f6a7d4d9f39144961bfbfbc386b	49	0.625	raw_ridge_0.01	mixed	20260827	False	0.7074213324652778	0.741930859375	0.7246760959201389	0.7074213324652778	0.6174479166666667	0.6571875	0.6373177083333333	0.6174479166666667
meta-llama/Llama-3.3-70B-Instruct	6f6073b423013f6a7d4d9f39144961bfbfbc386b	49	0.625	raw_ridge_0.01	mixed	20260828	False	0.7042716471354167	0.7390115234375001	0.7216415852864584	0.7042716471354167	0.6161458333333334	0.6528125	0.6344791666666667	0.6161458333333334
meta-llama/Llama-3.3-70B-Instruct	6f6073b423013f6a7d4d9f39144961bfbfbc386b	49	0.625	raw_ridge_0.01	mixed	20260829	False	0.70132568359375	0.7348111328125	0.718068408203125	0.70132568359375	0.6125	0.645	0.62875	0.6125
meta-llama/Llama-3.3-70B-Instruct	6f6073b423013f6a7d4d9f39144961bfbfbc386b	49	0.625	raw_ridge_0.01	mixed	20260830	False	0.7103876410590277	0.744612109375	0.7274998752170139	0.7103876410590277	0.621875	0.6571875	0.63953125	0.621875
meta-llama/Llama-3.3-70B-Instruct	6f6073b423013f6a7d4d9f39144961bfbfbc386b	49	0.625	raw_ridge_1	benchmark_only		False	0.7008645290798612	0.7347812499999999	0.7178228895399306	0.7008645290798612	0.6015625	0.620625	0.61109375	0.6015625
meta-llama/Llama-3.3-70B-Instruct	6f6073b423013f6a7d4d9f39144961bfbfbc386b	49	0.625	raw_ridge_1	casual_only		False	0.7111021592881944	0.742612109375	0.7268571343315973	0.7111021592881944	0.6322916666666667	0.666875	0.6495833333333334	0.6322916666666667
meta-llama/Llama-3.3-70B-Instruct	6f6073b423013f6a7d4d9f39144961bfbfbc386b	49	0.625	raw_ridge_1	mixed	20260823	False	0.7100762261284722	0.742052734375	0.7260644802517361	0.7100762261284722	0.6203125	0.6584375	0.639375	0.6203125
meta-llama/Llama-3.3-70B-Instruct	6f6073b423013f6a7d4d9f39144961bfbfbc386b	49	0.625	raw_ridge_1	mixed	20260824	False	0.7112228732638889	0.74468125	0.7279520616319444	0.7112228732638889	0.6208333333333333	0.653125	0.6369791666666667	0.6208333333333333
meta-llama/Llama-3.3-70B-Instruct	6f6073b423013f6a7d4d9f39144961bfbfbc386b	49	0.625	raw_ridge_1	mixed	20260825	False	0.7046587456597222	0.7397779296874999	0.7222183376736111	0.7046587456597222	0.6127604166666667	0.6509375	0.6318489583333333	0.6127604166666667
meta-llama/Llama-3.3-70B-Instruct	6f6073b423013f6a7d4d9f39144961bfbfbc386b	49	0.625	raw_ridge_1	mixed	20260826	False	0.7112017144097222	0.744489453125	0.7278455837673612	0.7112017144097222	0.6234375	0.6528125	0.638125	0.6234375
meta-llama/Llama-3.3-70B-Instruct	6f6073b423013f6a7d4d9f39144961bfbfbc386b	49	0.625	raw_ridge_1	mixed	20260827	False	0.7073725043402779	0.7418824218750001	0.724627463107639	0.7073725043402779	0.6174479166666667	0.656875	0.6371614583333334	0.6174479166666667
meta-llama/Llama-3.3-70B-Instruct	6f6073b423013f6a7d4d9f39144961bfbfbc386b	49	0.625	raw_ridge_1	mixed	20260828	False	0.7042130533854167	0.738955078125	0.7215840657552084	0.7042130533854167	0.6161458333333334	0.6525	0.6343229166666666	0.6161458333333334
meta-llama/Llama-3.3-70B-Instruct	6f6073b423013f6a7d4d9f39144961bfbfbc386b	49	0.625	raw_ridge_1	mixed	20260829	False	0.7012654622395833	0.7347644531249999	0.7180149576822916	0.7012654622395833	0.6125	0.6446875	0.6285937500000001	0.6125
meta-llama/Llama-3.3-70B-Instruct	6f6073b423013f6a7d4d9f39144961bfbfbc386b	49	0.625	raw_ridge_1	mixed	20260830	False	0.7103217230902779	0.7445503906250001	0.727436056857639	0.7103217230902779	0.6216145833333333	0.6571875	0.6394010416666667	0.6216145833333333
meta-llama/Llama-3.3-70B-Instruct	6f6073b423013f6a7d4d9f39144961bfbfbc386b	49	0.625	row_l2_ridge_0.1	benchmark_only		False	0.7054896375868056	0.729114453125	0.7173020453559028	0.7054896375868056	0.6065104166666666	0.6328125	0.6196614583333333	0.6065104166666666
meta-llama/Llama-3.3-70B-Instruct	6f6073b423013f6a7d4d9f39144961bfbfbc386b	49	0.625	row_l2_ridge_0.1	casual_only		False	0.7139778645833333	0.7397316406250001	0.7268547526041667	0.7139778645833333	0.64296875	0.6725	0.657734375	0.64296875
meta-llama/Llama-3.3-70B-Instruct	6f6073b423013f6a7d4d9f39144961bfbfbc386b	49	0.625	row_l2_ridge_0.1	mixed	20260823	False	0.7131237792968751	0.7374953125	0.7253095458984375	0.7131237792968751	0.6276041666666667	0.6603125	0.6439583333333334	0.6276041666666667
meta-llama/Llama-3.3-70B-Instruct	6f6073b423013f6a7d4d9f39144961bfbfbc386b	49	0.625	row_l2_ridge_0.1	mixed	20260824	False	0.7159497070312502	0.74126484375	0.7286072753906251	0.7159497070312502	0.63046875	0.65875	0.6446093749999999	0.63046875
meta-llama/Llama-3.3-70B-Instruct	6f6073b423013f6a7d4d9f39144961bfbfbc386b	49	0.625	row_l2_ridge_0.1	mixed	20260825	False	0.7093079969618056	0.7354839843750001	0.7223959906684028	0.7093079969618056	0.6236979166666667	0.6584375	0.6410677083333334	0.6236979166666667
meta-llama/Llama-3.3-70B-Instruct	6f6073b423013f6a7d4d9f39144961bfbfbc386b	49	0.625	row_l2_ridge_0.1	mixed	20260826	False	0.7147962782118057	0.73978515625	0.7272907172309029	0.7147962782118057	0.6315104166666667	0.6596875	0.6455989583333334	0.6315104166666667
meta-llama/Llama-3.3-70B-Instruct	6f6073b423013f6a7d4d9f39144961bfbfbc386b	49	0.625	row_l2_ridge_0.1	mixed	20260827	False	0.7124169921875	0.738610546875	0.72551376953125	0.7124169921875	0.6278645833333334	0.655625	0.6417447916666668	0.6278645833333334
meta-llama/Llama-3.3-70B-Instruct	6f6073b423013f6a7d4d9f39144961bfbfbc386b	49	0.625	row_l2_ridge_0.1	mixed	20260828	False	0.7077010091145833	0.73413671875	0.7209188639322917	0.7077010091145833	0.62265625	0.6553125	0.6389843749999999	0.62265625
meta-llama/Llama-3.3-70B-Instruct	6f6073b423013f6a7d4d9f39144961bfbfbc386b	49	0.625	row_l2_ridge_0.1	mixed	20260829	False	0.7061756727430556	0.730895703125	0.7185356879340278	0.7061756727430556	0.6205729166666667	0.6509375	0.6357552083333333	0.6205729166666667
meta-llama/Llama-3.3-70B-Instruct	6f6073b423013f6a7d4d9f39144961bfbfbc386b	49	0.625	row_l2_ridge_0.1	mixed	20260830	False	0.7146565755208333	0.740833984375	0.7277452799479167	0.7146565755208333	0.6333333333333333	0.663125	0.6482291666666666	0.6333333333333333
meta-llama/Llama-3.3-70B-Instruct	6f6073b423013f6a7d4d9f39144961bfbfbc386b	59	0.75	raw_ridge_0.1	benchmark_only		False	0.685301242404514	0.714769140625	0.7000351915147569	0.685301242404514	0.5984375	0.6115625	0.605	0.5984375
meta-llama/Llama-3.3-70B-Instruct	6f6073b423013f6a7d4d9f39144961bfbfbc386b	59	0.75	raw_ridge_0.1	casual_only		False	0.6966699218750001	0.722875	0.7097724609375	0.6966699218750001	0.6286458333333333	0.650625	0.6396354166666667	0.6286458333333333
meta-llama/Llama-3.3-70B-Instruct	6f6073b423013f6a7d4d9f39144961bfbfbc386b	59	0.75	raw_ridge_0.1	mixed	20260823	False	0.6914192708333333	0.7213515625	0.7063854166666667	0.6914192708333333	0.6140625	0.643125	0.62859375	0.6140625
meta-llama/Llama-3.3-70B-Instruct	6f6073b423013f6a7d4d9f39144961bfbfbc386b	59	0.75	raw_ridge_0.1	mixed	20260824	False	0.6910009765625	0.7244753906250001	0.7077381835937501	0.6910009765625	0.6135416666666667	0.6409374999999999	0.6272395833333333	0.6135416666666667
meta-llama/Llama-3.3-70B-Instruct	6f6073b423013f6a7d4d9f39144961bfbfbc386b	59	0.75	raw_ridge_0.1	mixed	20260825	False	0.6861697048611111	0.72010078125	0.7031352430555555	0.6861697048611111	0.6125	0.64	0.62625	0.6125
meta-llama/Llama-3.3-70B-Instruct	6f6073b423013f6a7d4d9f39144961bfbfbc386b	59	0.75	raw_ridge_0.1	mixed	20260826	False	0.6917518446180556	0.7238304687500001	0.7077911566840278	0.6917518446180556	0.6200520833333334	0.6368750000000001	0.6284635416666667	0.6200520833333334
meta-llama/Llama-3.3-70B-Instruct	6f6073b423013f6a7d4d9f39144961bfbfbc386b	59	0.75	raw_ridge_0.1	mixed	20260827	False	0.6875029839409723	0.721276953125	0.7043899685329862	0.6875029839409723	0.6161458333333334	0.64125	0.6286979166666666	0.6161458333333334
meta-llama/Llama-3.3-70B-Instruct	6f6073b423013f6a7d4d9f39144961bfbfbc386b	59	0.75	raw_ridge_0.1	mixed	20260828	False	0.6845754665798611	0.7180082031249999	0.7012918348524305	0.6845754665798611	0.6130208333333333	0.6378125	0.6254166666666667	0.6130208333333333
meta-llama/Llama-3.3-70B-Instruct	6f6073b423013f6a7d4d9f39144961bfbfbc386b	59	0.75	raw_ridge_0.1	mixed	20260829	False	0.6823114691840279	0.7146406249999999	0.6984760470920139	0.6823114691840279	0.6010416666666667	0.6312500000000001	0.6161458333333334	0.6010416666666667
meta-llama/Llama-3.3-70B-Instruct	6f6073b423013f6a7d4d9f39144961bfbfbc386b	59	0.75	raw_ridge_0.1	mixed	20260830	False	0.6913359917534723	0.72474296875	0.7080394802517361	0.6913359917534723	0.6166666666666667	0.6378125	0.6272395833333333	0.6166666666666667
meta-llama/Llama-3.3-70B-Instruct	6f6073b423013f6a7d4d9f39144961bfbfbc386b	59	0.75	raw_ridge_0.01	benchmark_only		False	0.6853065321180556	0.714774609375	0.7000405707465278	0.6853065321180556	0.5986979166666666	0.6115625	0.6051302083333333	0.5986979166666666
meta-llama/Llama-3.3-70B-Instruct	6f6073b423013f6a7d4d9f39144961bfbfbc386b	59	0.75	raw_ridge_0.01	casual_only		False	0.6966780598958333	0.7228785156250002	0.7097782877604167	0.6966780598958333	0.6286458333333333	0.650625	0.6396354166666667	0.6286458333333333
meta-llama/Llama-3.3-70B-Instruct	6f6073b423013f6a7d4d9f39144961bfbfbc386b	59	0.75	raw_ridge_0.01	mixed	20260823	False	0.69142578125	0.721355859375	0.7063908203125	0.69142578125	0.6140625	0.643125	0.62859375	0.6140625
meta-llama/Llama-3.3-70B-Instruct	6f6073b423013f6a7d4d9f39144961bfbfbc386b	59	0.75	raw_ridge_0.01	mixed	20260824	False	0.6910053168402778	0.7244800781249999	0.7077426974826388	0.6910053168402778	0.6135416666666667	0.6409374999999999	0.6272395833333333	0.6135416666666667
meta-llama/Llama-3.3-70B-Instruct	6f6073b423013f6a7d4d9f39144961bfbfbc386b	59	0.75	raw_ridge_0.01	mixed	20260825	False	0.6861754014756944	0.7201039062500001	0.7031396538628473	0.6861754014756944	0.6125	0.64	0.62625	0.6125
meta-llama/Llama-3.3-70B-Instruct	6f6073b423013f6a7d4d9f39144961bfbfbc386b	59	0.75	raw_ridge_0.01	mixed	20260826	False	0.6917567274305556	0.723838671875	0.7077976996527777	0.6917567274305556	0.6197916666666666	0.6368750000000001	0.6283333333333334	0.6197916666666666
meta-llama/Llama-3.3-70B-Instruct	6f6073b423013f6a7d4d9f39144961bfbfbc386b	59	0.75	raw_ridge_0.01	mixed	20260827	False	0.6875094943576388	0.72127734375	0.7043934190538194	0.6875094943576388	0.6161458333333334	0.64125	0.6286979166666666	0.6161458333333334
meta-llama/Llama-3.3-70B-Instruct	6f6073b423013f6a7d4d9f39144961bfbfbc386b	59	0.75	raw_ridge_0.01	mixed	20260828	False	0.6845822482638889	0.718010546875	0.7012963975694444	0.6845822482638889	0.6130208333333333	0.6378125	0.6254166666666667	0.6130208333333333
meta-llama/Llama-3.3-70B-Instruct	6f6073b423013f6a7d4d9f39144961bfbfbc386b	59	0.75	raw_ridge_0.01	mixed	20260829	False	0.6823139105902778	0.714643359375	0.6984786349826388	0.6823139105902778	0.6010416666666667	0.6312500000000001	0.6161458333333334	0.6010416666666667
meta-llama/Llama-3.3-70B-Instruct	6f6073b423013f6a7d4d9f39144961bfbfbc386b	59	0.75	raw_ridge_0.01	mixed	20260830	False	0.6913400607638889	0.7247503906250001	0.7080452256944445	0.6913400607638889	0.6166666666666667	0.6378125	0.6272395833333333	0.6166666666666667
meta-llama/Llama-3.3-70B-Instruct	6f6073b423013f6a7d4d9f39144961bfbfbc386b	59	0.75	raw_ridge_1	benchmark_only		False	0.6852644856770833	0.714738671875	0.7000015787760416	0.6852644856770833	0.5984375	0.6115625	0.605	0.5984375
meta-llama/Llama-3.3-70B-Instruct	6f6073b423013f6a7d4d9f39144961bfbfbc386b	59	0.75	raw_ridge_1	casual_only		False	0.6966273328993056	0.7228523437500001	0.7097398383246528	0.6966273328993056	0.6286458333333333	0.650625	0.6396354166666667	0.6286458333333333
meta-llama/Llama-3.3-70B-Instruct	6f6073b423013f6a7d4d9f39144961bfbfbc386b	59	0.75	raw_ridge_1	mixed	20260823	False	0.6913945855034722	0.721328125	0.706361355251736	0.6913945855034722	0.6140625	0.643125	0.62859375	0.6140625
meta-llama/Llama-3.3-70B-Instruct	6f6073b423013f6a7d4d9f39144961bfbfbc386b	59	0.75	raw_ridge_1	mixed	20260824	False	0.6909730360243056	0.7244656249999999	0.7077193305121527	0.6909730360243056	0.6130208333333333	0.6409374999999999	0.6269791666666666	0.6130208333333333
meta-llama/Llama-3.3-70B-Instruct	6f6073b423013f6a7d4d9f39144961bfbfbc386b	59	0.75	raw_ridge_1	mixed	20260825	False	0.6861376953125	0.72008203125	0.70310986328125	0.6861376953125	0.6125	0.64	0.62625	0.6125
meta-llama/Llama-3.3-70B-Instruct	6f6073b423013f6a7d4d9f39144961bfbfbc386b	59	0.75	raw_ridge_1	mixed	20260826	False	0.6917222764756945	0.723810546875	0.7077664116753473	0.6917222764756945	0.6200520833333334	0.6365625	0.6283072916666668	0.6200520833333334
meta-llama/Llama-3.3-70B-Instruct	6f6073b423013f6a7d4d9f39144961bfbfbc386b	59	0.75	raw_ridge_1	mixed	20260827	False	0.6874826388888888	0.7212550781250001	0.7043688585069445	0.6874826388888888	0.6161458333333334	0.64125	0.6286979166666666	0.6161458333333334
meta-llama/Llama-3.3-70B-Instruct	6f6073b423013f6a7d4d9f39144961bfbfbc386b	59	0.75	raw_ridge_1	mixed	20260828	False	0.6845553927951389	0.717991796875	0.7012735948350695	0.6845553927951389	0.6130208333333333	0.6378125	0.6254166666666667	0.6130208333333333
meta-llama/Llama-3.3-70B-Instruct	6f6073b423013f6a7d4d9f39144961bfbfbc386b	59	0.75	raw_ridge_1	mixed	20260829	False	0.6822856987847221	0.71461953125	0.6984526150173611	0.6822856987847221	0.6010416666666667	0.6312500000000001	0.6161458333333334	0.6010416666666667
meta-llama/Llama-3.3-70B-Instruct	6f6073b423013f6a7d4d9f39144961bfbfbc386b	59	0.75	raw_ridge_1	mixed	20260830	False	0.6913118489583334	0.724719921875	0.7080158854166667	0.6913118489583334	0.6166666666666667	0.6378125	0.6272395833333333	0.6166666666666667
meta-llama/Llama-3.3-70B-Instruct	6f6073b423013f6a7d4d9f39144961bfbfbc386b	59	0.75	row_l2_ridge_0.1	benchmark_only		False	0.6908406575520833	0.71123203125	0.7010363444010417	0.6908406575520833	0.6033854166666666	0.62125	0.6123177083333333	0.6033854166666666
meta-llama/Llama-3.3-70B-Instruct	6f6073b423013f6a7d4d9f39144961bfbfbc386b	59	0.75	row_l2_ridge_0.1	casual_only		False	0.6963766818576389	0.72384375	0.7101102159288195	0.6963766818576389	0.6294270833333333	0.6540625	0.6417447916666666	0.6294270833333333
meta-llama/Llama-3.3-70B-Instruct	6f6073b423013f6a7d4d9f39144961bfbfbc386b	59	0.75	row_l2_ridge_0.1	mixed	20260823	False	0.695273708767361	0.719875390625	0.7075745496961805	0.695273708767361	0.6190104166666667	0.64375	0.6313802083333333	0.6190104166666667
meta-llama/Llama-3.3-70B-Instruct	6f6073b423013f6a7d4d9f39144961bfbfbc386b	59	0.75	row_l2_ridge_0.1	mixed	20260824	False	0.6959955512152778	0.723784375	0.709889963107639	0.6959955512152778	0.61796875	0.6487499999999999	0.633359375	0.61796875
meta-llama/Llama-3.3-70B-Instruct	6f6073b423013f6a7d4d9f39144961bfbfbc386b	59	0.75	row_l2_ridge_0.1	mixed	20260825	False	0.6909448242187499	0.7188720703125	0.704908447265625	0.6909448242187499	0.6135416666666667	0.6481250000000001	0.6308333333333334	0.6135416666666667
meta-llama/Llama-3.3-70B-Instruct	6f6073b423013f6a7d4d9f39144961bfbfbc386b	59	0.75	row_l2_ridge_0.1	mixed	20260826	False	0.69589111328125	0.7223480468749999	0.7091195800781249	0.69589111328125	0.62421875	0.6471875	0.635703125	0.62421875
meta-llama/Llama-3.3-70B-Instruct	6f6073b423013f6a7d4d9f39144961bfbfbc386b	59	0.75	row_l2_ridge_0.1	mixed	20260827	False	0.6926907009548611	0.72085625	0.7067734754774305	0.6926907009548611	0.6187499999999999	0.6496875	0.6342187499999999	0.6187499999999999
meta-llama/Llama-3.3-70B-Instruct	6f6073b423013f6a7d4d9f39144961bfbfbc386b	59	0.75	row_l2_ridge_0.1	mixed	20260828	False	0.6886903211805555	0.716485546875	0.7025879340277777	0.6886903211805555	0.6153645833333333	0.64375	0.6295572916666667	0.6153645833333333
meta-llama/Llama-3.3-70B-Instruct	6f6073b423013f6a7d4d9f39144961bfbfbc386b	59	0.75	row_l2_ridge_0.1	mixed	20260829	False	0.6873980034722222	0.713688671875	0.7005433376736111	0.6873980034722222	0.6091145833333333	0.6415625	0.6253385416666667	0.6091145833333333
meta-llama/Llama-3.3-70B-Instruct	6f6073b423013f6a7d4d9f39144961bfbfbc386b	59	0.75	row_l2_ridge_0.1	mixed	20260830	False	0.6952937825520834	0.7237945312499999	0.7095441569010417	0.6952937825520834	0.621875	0.6487499999999999	0.6353125	0.621875
