payload_block_id,topic_id,family,control_seed,alpha,depth,endpoint,point
pb_t001_08,t001,C,,1.0,high_interaction,interaction,0.5041750153407852
pb_t001_08,t001,C,,1.0,low_interaction,interaction,0.00022705537086535726
pb_t001_08,t001,C_high_minus_low,,1.0,high_minus_low,interaction,0.5039479599699199
pb_t001_08,t001,C_high_minus_low,,0.5,high_minus_low,interaction,0.2504471717117198
pb_t001_10,t001,C,,1.0,high_interaction,interaction,0.5231807567810097
pb_t001_10,t001,C,,1.0,low_interaction,interaction,-0.0005486827677855336
pb_t001_10,t001,C_high_minus_low,,1.0,high_minus_low,interaction,0.5237294395487953
pb_t001_10,t001,C_high_minus_low,,0.5,high_minus_low,interaction,0.26244050607796576
pb_t001_11,t001,C,,1.0,high_interaction,interaction,0.5691939468909035
pb_t001_11,t001,C,,1.0,low_interaction,interaction,0.002054575736068228
pb_t001_11,t001,C_high_minus_low,,1.0,high_minus_low,interaction,0.5671393711548353
pb_t001_11,t001,C_high_minus_low,,0.5,high_minus_low,interaction,0.2872950117166857
pb_t001_12,t001,C,,1.0,high_interaction,interaction,0.4992042948373692
pb_t001_12,t001,C,,1.0,low_interaction,interaction,-2.2877122899063462e-05
pb_t001_12,t001,C_high_minus_low,,1.0,high_minus_low,interaction,0.4992271719602683
pb_t001_12,t001,C_high_minus_low,,0.5,high_minus_low,interaction,0.2500094264100935
pb_t001_15,t001,C,,1.0,high_interaction,interaction,0.5571789959758725
pb_t001_15,t001,C,,1.0,low_interaction,interaction,0.0012523816246539897
pb_t001_15,t001,C_high_minus_low,,1.0,high_minus_low,interaction,0.5559266143512185
pb_t001_15,t001,C_high_minus_low,,0.5,high_minus_low,interaction,0.28067067017867986
pb_t002_08,t002,C,,1.0,high_interaction,interaction,0.5133776319537339
pb_t002_08,t002,C,,1.0,low_interaction,interaction,-0.0004474845339652381
pb_t002_08,t002,C_high_minus_low,,1.0,high_minus_low,interaction,0.5138251164876991
pb_t002_08,t002,C_high_minus_low,,0.5,high_minus_low,interaction,0.25710508870890314
pb_t002_16,t002,C,,1.0,high_interaction,interaction,0.5573855360605774
pb_t002_16,t002,C,,1.0,low_interaction,interaction,0.0018293363093144336
pb_t002_16,t002,C_high_minus_low,,1.0,high_minus_low,interaction,0.5555561997512629
pb_t002_16,t002,C_high_minus_low,,0.5,high_minus_low,interaction,0.2785208448837121
pb_t002_17,t002,C,,1.0,high_interaction,interaction,0.5722976429029081
pb_t002_17,t002,C,,1.0,low_interaction,interaction,0.0008981492639632318
pb_t002_17,t002,C_high_minus_low,,1.0,high_minus_low,interaction,0.5713994936389448
pb_t002_17,t002,C_high_minus_low,,0.5,high_minus_low,interaction,0.2845911024792883
pb_t002_18,t002,C,,1.0,high_interaction,interaction,0.5787747297076761
pb_t002_18,t002,C,,1.0,low_interaction,interaction,0.0005328055628316744
pb_t002_18,t002,C_high_minus_low,,1.0,high_minus_low,interaction,0.5782419241448444
pb_t002_18,t002,C_high_minus_low,,0.5,high_minus_low,interaction,0.2902879451044924
pb_t002_20,t002,C,,1.0,high_interaction,interaction,0.5240614625767052
pb_t002_20,t002,C,,1.0,low_interaction,interaction,0.0002853968585166862
pb_t002_20,t002,C_high_minus_low,,1.0,high_minus_low,interaction,0.5237760657181885
pb_t002_20,t002,C_high_minus_low,,0.5,high_minus_low,interaction,0.26077474400684697
pb_t004_10,t004,C,,1.0,high_interaction,interaction,0.5928598272367496
pb_t004_10,t004,C,,1.0,low_interaction,interaction,0.000330490632639916
pb_t004_10,t004,C_high_minus_low,,1.0,high_minus_low,interaction,0.5925293366041097
pb_t004_10,t004,C_high_minus_low,,0.5,high_minus_low,interaction,0.2950069308201891
pb_t004_11,t004,C,,1.0,high_interaction,interaction,0.5786037228345856
pb_t004_11,t004,C,,1.0,low_interaction,interaction,-0.0015581197824775725
pb_t004_11,t004,C_high_minus_low,,1.0,high_minus_low,interaction,0.5801618426170632
pb_t004_11,t004,C_high_minus_low,,0.5,high_minus_low,interaction,0.2879687454805418
pb_t004_13,t004,C,,1.0,high_interaction,interaction,0.5007504559166336
pb_t004_13,t004,C,,1.0,low_interaction,interaction,-0.0012591399488475336
pb_t004_13,t004,C_high_minus_low,,1.0,high_minus_low,interaction,0.5020095958654811
pb_t004_13,t004,C_high_minus_low,,0.5,high_minus_low,interaction,0.2510553099142228
pb_t004_17,t004,C,,1.0,high_interaction,interaction,0.5360103703365319
pb_t004_17,t004,C,,1.0,low_interaction,interaction,0.001712343392369477
pb_t004_17,t004,C_high_minus_low,,1.0,high_minus_low,interaction,0.5342980269441624
pb_t004_17,t004,C_high_minus_low,,0.5,high_minus_low,interaction,0.2683052303871226
pb_t004_20,t004,C,,1.0,high_interaction,interaction,0.5447251303020094
pb_t004_20,t004,C,,1.0,low_interaction,interaction,-0.000885967040543327
pb_t004_20,t004,C_high_minus_low,,1.0,high_minus_low,interaction,0.5456110973425528
pb_t004_20,t004,C_high_minus_low,,0.5,high_minus_low,interaction,0.27421747194075985
pb_t006_09,t006,C,,1.0,high_interaction,interaction,0.5757367129030273
pb_t006_09,t006,C,,1.0,low_interaction,interaction,-0.0006131916951433598
pb_t006_09,t006,C_high_minus_low,,1.0,high_minus_low,interaction,0.5763499045981707
pb_t006_09,t006,C_high_minus_low,,0.5,high_minus_low,interaction,0.2887891074786728
pb_t006_10,t006,C,,1.0,high_interaction,interaction,0.5782832638570335
pb_t006_10,t006,C,,1.0,low_interaction,interaction,0.0007393979368069034
pb_t006_10,t006,C_high_minus_low,,1.0,high_minus_low,interaction,0.5775438659202267
pb_t006_10,t006,C_high_minus_low,,0.5,high_minus_low,interaction,0.2887301208835603
pb_t006_12,t006,C,,1.0,high_interaction,interaction,0.5284052530145434
pb_t006_12,t006,C,,1.0,low_interaction,interaction,-0.0016144416765235335
pb_t006_12,t006,C_high_minus_low,,1.0,high_minus_low,interaction,0.530019694691067
pb_t006_12,t006,C_high_minus_low,,0.5,high_minus_low,interaction,0.26616796343937443
pb_t006_18,t006,C,,1.0,high_interaction,interaction,0.554558099572386
pb_t006_18,t006,C,,1.0,low_interaction,interaction,0.00131019395426791
pb_t006_18,t006,C_high_minus_low,,1.0,high_minus_low,interaction,0.5532479056181181
pb_t006_18,t006,C_high_minus_low,,0.5,high_minus_low,interaction,0.2774558027718613
pb_t006_19,t006,C,,1.0,high_interaction,interaction,0.5153624951685484
pb_t006_19,t006,C,,1.0,low_interaction,interaction,0.001273527175670899
pb_t006_19,t006,C_high_minus_low,,1.0,high_minus_low,interaction,0.5140889679928775
pb_t006_19,t006,C_high_minus_low,,0.5,high_minus_low,interaction,0.25780999497557616
pb_t007_09,t007,C,,1.0,high_interaction,interaction,0.581591710029483
pb_t007_09,t007,C,,1.0,low_interaction,interaction,-0.0008780238694150767
pb_t007_09,t007,C_high_minus_low,,1.0,high_minus_low,interaction,0.582469733898898
pb_t007_09,t007,C_high_minus_low,,0.5,high_minus_low,interaction,0.29113922477869814
pb_t007_10,t007,C,,1.0,high_interaction,interaction,0.5380976068278639
pb_t007_10,t007,C,,1.0,low_interaction,interaction,0.0010042207052155423
pb_t007_10,t007,C_high_minus_low,,1.0,high_minus_low,interaction,0.5370933861226483
pb_t007_10,t007,C_high_minus_low,,0.5,high_minus_low,interaction,0.2690263849259153
pb_t007_16,t007,C,,1.0,high_interaction,interaction,0.5403420130400459
pb_t007_16,t007,C,,1.0,low_interaction,interaction,0.00020566641545617312
pb_t007_16,t007,C_high_minus_low,,1.0,high_minus_low,interaction,0.5401363466245898
pb_t007_16,t007,C_high_minus_low,,0.5,high_minus_low,interaction,0.27129937548905597
pb_t007_17,t007,C,,1.0,high_interaction,interaction,0.5344445303324097
pb_t007_17,t007,C,,1.0,low_interaction,interaction,-0.00063315165128327
pb_t007_17,t007,C_high_minus_low,,1.0,high_minus_low,interaction,0.535077681983693
pb_t007_17,t007,C_high_minus_low,,0.5,high_minus_low,interaction,0.2669330124464079
pb_t007_19,t007,C,,1.0,high_interaction,interaction,0.5011908354248718
pb_t007_19,t007,C,,1.0,low_interaction,interaction,-0.0007659117975058911
pb_t007_19,t007,C_high_minus_low,,1.0,high_minus_low,interaction,0.5019567472223776
pb_t007_19,t007,C_high_minus_low,,0.5,high_minus_low,interaction,0.2510407956529503
pb_t008_09,t008,C,,1.0,high_interaction,interaction,0.610609885412281
pb_t008_09,t008,C,,1.0,low_interaction,interaction,-7.079869942967314e-08
pb_t008_09,t008,C_high_minus_low,,1.0,high_minus_low,interaction,0.6106099562109805
pb_t008_09,t008,C_high_minus_low,,0.5,high_minus_low,interaction,0.3031442513127615
pb_t008_11,t008,C,,1.0,high_interaction,interaction,0.5808095776373067
pb_t008_11,t008,C,,1.0,low_interaction,interaction,0.0007015493226372235
pb_t008_11,t008,C_high_minus_low,,1.0,high_minus_low,interaction,0.5801080283146695
pb_t008_11,t008,C_high_minus_low,,0.5,high_minus_low,interaction,0.28994641706916807
pb_t008_16,t008,C,,1.0,high_interaction,interaction,0.507519245909395
pb_t008_16,t008,C,,1.0,low_interaction,interaction,5.231788714438711e-05
pb_t008_16,t008,C_high_minus_low,,1.0,high_minus_low,interaction,0.5074669280222506
pb_t008_16,t008,C_high_minus_low,,0.5,high_minus_low,interaction,0.2545831382279921
pb_t008_17,t008,C,,1.0,high_interaction,interaction,0.5237351995857898
pb_t008_17,t008,C,,1.0,low_interaction,interaction,0.000720951015388697
pb_t008_17,t008,C_high_minus_low,,1.0,high_minus_low,interaction,0.5230142485704011
pb_t008_17,t008,C_high_minus_low,,0.5,high_minus_low,interaction,0.26137840210364544
pb_t008_20,t008,C,,1.0,high_interaction,interaction,0.559173964501471
pb_t008_20,t008,C,,1.0,low_interaction,interaction,0.001823662467738043
pb_t008_20,t008,C_high_minus_low,,1.0,high_minus_low,interaction,0.557350302033733
pb_t008_20,t008,C_high_minus_low,,0.5,high_minus_low,interaction,0.27901048707390586
pb_t009_07,t009,C,,1.0,high_interaction,interaction,0.5598574802220018
pb_t009_07,t009,C,,1.0,low_interaction,interaction,-0.00039520045592220804
pb_t009_07,t009,C_high_minus_low,,1.0,high_minus_low,interaction,0.560252680677924
pb_t009_07,t009,C_high_minus_low,,0.5,high_minus_low,interaction,0.2808755000820351
pb_t009_12,t009,C,,1.0,high_interaction,interaction,0.4888226261643372
pb_t009_12,t009,C,,1.0,low_interaction,interaction,-0.000452083782676091
pb_t009_12,t009,C_high_minus_low,,1.0,high_minus_low,interaction,0.4892747099470133
pb_t009_12,t009,C_high_minus_low,,0.5,high_minus_low,interaction,0.24412769515730334
pb_t009_15,t009,C,,1.0,high_interaction,interaction,0.568496196791557
pb_t009_15,t009,C,,1.0,low_interaction,interaction,-0.0008032692186254209
pb_t009_15,t009,C_high_minus_low,,1.0,high_minus_low,interaction,0.5692994660101824
pb_t009_15,t009,C_high_minus_low,,0.5,high_minus_low,interaction,0.283460938880155
pb_t009_17,t009,C,,1.0,high_interaction,interaction,0.5369606925328231
pb_t009_17,t009,C,,1.0,low_interaction,interaction,0.0026812848807564443
pb_t009_17,t009,C_high_minus_low,,1.0,high_minus_low,interaction,0.5342794076520666
pb_t009_17,t009,C_high_minus_low,,0.5,high_minus_low,interaction,0.2693601969868037
pb_t009_19,t009,C,,1.0,high_interaction,interaction,0.5189919460183393
pb_t009_19,t009,C,,1.0,low_interaction,interaction,0.0017844141716133177
pb_t009_19,t009,C_high_minus_low,,1.0,high_minus_low,interaction,0.517207531846726
pb_t009_19,t009,C_high_minus_low,,0.5,high_minus_low,interaction,0.25929436793443794
pb_t010_09,t010,C,,1.0,high_interaction,interaction,0.5355469249669236
pb_t010_09,t010,C,,1.0,low_interaction,interaction,0.0025032021664443283
pb_t010_09,t010,C_high_minus_low,,1.0,high_minus_low,interaction,0.5330437228004793
pb_t010_09,t010,C_high_minus_low,,0.5,high_minus_low,interaction,0.26837559733495997
pb_t010_12,t010,C,,1.0,high_interaction,interaction,0.558041599018363
pb_t010_12,t010,C,,1.0,low_interaction,interaction,0.0010861540632903903
pb_t010_12,t010,C_high_minus_low,,1.0,high_minus_low,interaction,0.5569554449550727
pb_t010_12,t010,C_high_minus_low,,0.5,high_minus_low,interaction,0.27999059640676105
pb_t010_17,t010,C,,1.0,high_interaction,interaction,0.5024333760416709
pb_t010_17,t010,C,,1.0,low_interaction,interaction,-0.0006736858018091194
pb_t010_17,t010,C_high_minus_low,,1.0,high_minus_low,interaction,0.5031070618434801
pb_t010_17,t010,C_high_minus_low,,0.5,high_minus_low,interaction,0.25071520011765785
pb_t010_19,t010,C,,1.0,high_interaction,interaction,0.5495400046573562
pb_t010_19,t010,C,,1.0,low_interaction,interaction,0.0001124663610573053
pb_t010_19,t010,C_high_minus_low,,1.0,high_minus_low,interaction,0.5494275382962989
pb_t010_19,t010,C_high_minus_low,,0.5,high_minus_low,interaction,0.27439068130867106
pb_t010_20,t010,C,,1.0,high_interaction,interaction,0.5631353357470276
pb_t010_20,t010,C,,1.0,low_interaction,interaction,-0.0017999060217975121
pb_t010_20,t010,C_high_minus_low,,1.0,high_minus_low,interaction,0.564935241768825
pb_t010_20,t010,C_high_minus_low,,0.5,high_minus_low,interaction,0.2811954838597693
pb_t016_09,t016,C,,1.0,high_interaction,interaction,0.6093660324459363
pb_t016_09,t016,C,,1.0,low_interaction,interaction,0.0024134881115111862
pb_t016_09,t016,C_high_minus_low,,1.0,high_minus_low,interaction,0.6069525443344251
pb_t016_09,t016,C_high_minus_low,,0.5,high_minus_low,interaction,0.3069076644947698
pb_t016_10,t016,C,,1.0,high_interaction,interaction,0.518318334025477
pb_t016_10,t016,C,,1.0,low_interaction,interaction,0.0006352292620067888
pb_t016_10,t016,C_high_minus_low,,1.0,high_minus_low,interaction,0.5176831047634702
pb_t016_10,t016,C_high_minus_low,,0.5,high_minus_low,interaction,0.25880705409495497
pb_t016_12,t016,C,,1.0,high_interaction,interaction,0.5731293673322172
pb_t016_12,t016,C,,1.0,low_interaction,interaction,0.0027097935440072393
pb_t016_12,t016,C_high_minus_low,,1.0,high_minus_low,interaction,0.57041957378821
pb_t016_12,t016,C_high_minus_low,,0.5,high_minus_low,interaction,0.28694875608428067
pb_t016_17,t016,C,,1.0,high_interaction,interaction,0.5014826190545979
pb_t016_17,t016,C,,1.0,low_interaction,interaction,0.0019561053932361052
pb_t016_17,t016,C_high_minus_low,,1.0,high_minus_low,interaction,0.4995265136613618
pb_t016_17,t016,C_high_minus_low,,0.5,high_minus_low,interaction,0.2484968479611869
pb_t016_20,t016,C,,1.0,high_interaction,interaction,0.5742183076558441
pb_t016_20,t016,C,,1.0,low_interaction,interaction,0.0001166074350277604
pb_t016_20,t016,C_high_minus_low,,1.0,high_minus_low,interaction,0.5741017002208164
pb_t016_20,t016,C_high_minus_low,,0.5,high_minus_low,interaction,0.2881715509938709
pb_t018_08,t018,C,,1.0,high_interaction,interaction,0.547996433241034
pb_t018_08,t018,C,,1.0,low_interaction,interaction,0.001353964588739907
pb_t018_08,t018,C_high_minus_low,,1.0,high_minus_low,interaction,0.546642468652294
pb_t018_08,t018,C_high_minus_low,,0.5,high_minus_low,interaction,0.2748443663464412
pb_t018_10,t018,C,,1.0,high_interaction,interaction,0.5599942740545915
pb_t018_10,t018,C,,1.0,low_interaction,interaction,0.00018239645255234156
pb_t018_10,t018,C_high_minus_low,,1.0,high_minus_low,interaction,0.5598118776020391
pb_t018_10,t018,C_high_minus_low,,0.5,high_minus_low,interaction,0.2805204267112025
pb_t018_11,t018,C,,1.0,high_interaction,interaction,0.5331554178146355
pb_t018_11,t018,C,,1.0,low_interaction,interaction,-0.0005255538811919617
pb_t018_11,t018,C_high_minus_low,,1.0,high_minus_low,interaction,0.5336809716958274
pb_t018_11,t018,C_high_minus_low,,0.5,high_minus_low,interaction,0.26649968096757104
pb_t018_14,t018,C,,1.0,high_interaction,interaction,0.6007338270332379
pb_t018_14,t018,C,,1.0,low_interaction,interaction,0.0005946356726488239
pb_t018_14,t018,C_high_minus_low,,1.0,high_minus_low,interaction,0.600139191360589
pb_t018_14,t018,C_high_minus_low,,0.5,high_minus_low,interaction,0.3003453714148274
pb_t018_18,t018,C,,1.0,high_interaction,interaction,0.6004052727402468
pb_t018_18,t018,C,,1.0,low_interaction,interaction,0.0007463077681586413
pb_t018_18,t018,C_high_minus_low,,1.0,high_minus_low,interaction,0.5996589649720881
pb_t018_18,t018,C_high_minus_low,,0.5,high_minus_low,interaction,0.29681106413326225
pb_t023_09,t023,C,,1.0,high_interaction,interaction,0.6097472566368122
pb_t023_09,t023,C,,1.0,low_interaction,interaction,-0.0010959290574958415
pb_t023_09,t023,C_high_minus_low,,1.0,high_minus_low,interaction,0.6108431856943081
pb_t023_09,t023,C_high_minus_low,,0.5,high_minus_low,interaction,0.3037256267283424
pb_t023_12,t023,C,,1.0,high_interaction,interaction,0.49579324052079193
pb_t023_12,t023,C,,1.0,low_interaction,interaction,0.0011930068749518446
pb_t023_12,t023,C_high_minus_low,,1.0,high_minus_low,interaction,0.4946002336458401
pb_t023_12,t023,C_high_minus_low,,0.5,high_minus_low,interaction,0.24992618139591755
pb_t023_13,t023,C,,1.0,high_interaction,interaction,0.5253222514119366
pb_t023_13,t023,C,,1.0,low_interaction,interaction,0.0024458662136792103
pb_t023_13,t023,C_high_minus_low,,1.0,high_minus_low,interaction,0.5228763851982573
pb_t023_13,t023,C_high_minus_low,,0.5,high_minus_low,interaction,0.26193970153391205
pb_t023_17,t023,C,,1.0,high_interaction,interaction,0.5885383893154865
pb_t023_17,t023,C,,1.0,low_interaction,interaction,-0.00041146664207656415
pb_t023_17,t023,C_high_minus_low,,1.0,high_minus_low,interaction,0.5889498559575631
pb_t023_17,t023,C_high_minus_low,,0.5,high_minus_low,interaction,0.2930264463144223
pb_t023_20,t023,C,,1.0,high_interaction,interaction,0.5433909256366659
pb_t023_20,t023,C,,1.0,low_interaction,interaction,-5.399013487093068e-06
pb_t023_20,t023,C_high_minus_low,,1.0,high_minus_low,interaction,0.543396324650153
pb_t023_20,t023,C_high_minus_low,,0.5,high_minus_low,interaction,0.27294996303421676
pb_t029_07,t029,C,,1.0,high_interaction,interaction,0.5314340365917949
pb_t029_07,t029,C,,1.0,low_interaction,interaction,0.0005908433950836631
pb_t029_07,t029,C_high_minus_low,,1.0,high_minus_low,interaction,0.5308431931967112
pb_t029_07,t029,C_high_minus_low,,0.5,high_minus_low,interaction,0.26660743151249067
pb_t029_09,t029,C,,1.0,high_interaction,interaction,0.5909270466359704
pb_t029_09,t029,C,,1.0,low_interaction,interaction,0.00012044982752612103
pb_t029_09,t029,C_high_minus_low,,1.0,high_minus_low,interaction,0.5908065968084443
pb_t029_09,t029,C_high_minus_low,,0.5,high_minus_low,interaction,0.2976883461241663
pb_t029_10,t029,C,,1.0,high_interaction,interaction,0.5662723053846616
pb_t029_10,t029,C,,1.0,low_interaction,interaction,0.0021193240706125402
pb_t029_10,t029,C_high_minus_low,,1.0,high_minus_low,interaction,0.564152981314049
pb_t029_10,t029,C_high_minus_low,,0.5,high_minus_low,interaction,0.2827801064301572
pb_t029_11,t029,C,,1.0,high_interaction,interaction,0.5262729358465048
pb_t029_11,t029,C,,1.0,low_interaction,interaction,0.002569073748317338
pb_t029_11,t029,C_high_minus_low,,1.0,high_minus_low,interaction,0.5237038620981874
pb_t029_11,t029,C_high_minus_low,,0.5,high_minus_low,interaction,0.26248851463994427
pb_t029_12,t029,C,,1.0,high_interaction,interaction,0.479268960255167
pb_t029_12,t029,C,,1.0,low_interaction,interaction,-0.00038727541884416304
pb_t029_12,t029,C_high_minus_low,,1.0,high_minus_low,interaction,0.47965623567401117
pb_t029_12,t029,C_high_minus_low,,0.5,high_minus_low,interaction,0.2383929186896285
pb_t031_06,t031,C,,1.0,high_interaction,interaction,0.5310278353644252
pb_t031_06,t031,C,,1.0,low_interaction,interaction,0.0007290447896841946
pb_t031_06,t031,C_high_minus_low,,1.0,high_minus_low,interaction,0.530298790574741
pb_t031_06,t031,C_high_minus_low,,0.5,high_minus_low,interaction,0.2670513243408733
pb_t031_09,t031,C,,1.0,high_interaction,interaction,0.5377534487440742
pb_t031_09,t031,C,,1.0,low_interaction,interaction,0.0010816439501408366
pb_t031_09,t031,C_high_minus_low,,1.0,high_minus_low,interaction,0.5366718047939333
pb_t031_09,t031,C_high_minus_low,,0.5,high_minus_low,interaction,0.26766871163837863
pb_t031_12,t031,C,,1.0,high_interaction,interaction,0.5456262360846752
pb_t031_12,t031,C,,1.0,low_interaction,interaction,0.0020242000106243927
pb_t031_12,t031,C_high_minus_low,,1.0,high_minus_low,interaction,0.5436020360740508
pb_t031_12,t031,C_high_minus_low,,0.5,high_minus_low,interaction,0.2716372897249369
pb_t031_13,t031,C,,1.0,high_interaction,interaction,0.4852503739537494
pb_t031_13,t031,C,,1.0,low_interaction,interaction,-0.0010053965722191572
pb_t031_13,t031,C_high_minus_low,,1.0,high_minus_low,interaction,0.4862557705259686
pb_t031_13,t031,C_high_minus_low,,0.5,high_minus_low,interaction,0.24255314755246507
pb_t031_16,t031,C,,1.0,high_interaction,interaction,0.5584288193373136
pb_t031_16,t031,C,,1.0,low_interaction,interaction,0.0010636349058164944
pb_t031_16,t031,C_high_minus_low,,1.0,high_minus_low,interaction,0.5573651844314971
pb_t031_16,t031,C_high_minus_low,,0.5,high_minus_low,interaction,0.280275836849399
pb_t032_08,t032,C,,1.0,high_interaction,interaction,0.5351997363160944
pb_t032_08,t032,C,,1.0,low_interaction,interaction,0.0020626918553761663
pb_t032_08,t032,C_high_minus_low,,1.0,high_minus_low,interaction,0.5331370444607182
pb_t032_08,t032,C_high_minus_low,,0.5,high_minus_low,interaction,0.2682655756165716
pb_t032_09,t032,C,,1.0,high_interaction,interaction,0.5106805415661007
pb_t032_09,t032,C,,1.0,low_interaction,interaction,0.0011196275537441712
pb_t032_09,t032,C_high_minus_low,,1.0,high_minus_low,interaction,0.5095609140123565
pb_t032_09,t032,C_high_minus_low,,0.5,high_minus_low,interaction,0.2530212842676858
pb_t032_13,t032,C,,1.0,high_interaction,interaction,0.5296291138088493
pb_t032_13,t032,C,,1.0,low_interaction,interaction,-0.0002898732308239567
pb_t032_13,t032,C_high_minus_low,,1.0,high_minus_low,interaction,0.5299189870396732
pb_t032_13,t032,C_high_minus_low,,0.5,high_minus_low,interaction,0.2638729746024712
pb_t032_15,t032,C,,1.0,high_interaction,interaction,0.4794832788892678
pb_t032_15,t032,C,,1.0,low_interaction,interaction,-0.0017818340851592622
pb_t032_15,t032,C_high_minus_low,,1.0,high_minus_low,interaction,0.48126511297442703
pb_t032_15,t032,C_high_minus_low,,0.5,high_minus_low,interaction,0.23909873270500656
pb_t032_16,t032,C,,1.0,high_interaction,interaction,0.5280797585515585
pb_t032_16,t032,C,,1.0,low_interaction,interaction,0.0026202078283825182
pb_t032_16,t032,C_high_minus_low,,1.0,high_minus_low,interaction,0.525459550723176
pb_t032_16,t032,C_high_minus_low,,0.5,high_minus_low,interaction,0.2646548995256584
pb_t035_06,t035,C,,1.0,high_interaction,interaction,0.5154207304035391
pb_t035_06,t035,C,,1.0,low_interaction,interaction,5.303911014300448e-05
pb_t035_06,t035,C_high_minus_low,,1.0,high_minus_low,interaction,0.5153676912933961
pb_t035_06,t035,C_high_minus_low,,0.5,high_minus_low,interaction,0.25652493392732373
pb_t035_13,t035,C,,1.0,high_interaction,interaction,0.5172718608334893
pb_t035_13,t035,C,,1.0,low_interaction,interaction,0.0002919013650304683
pb_t035_13,t035,C_high_minus_low,,1.0,high_minus_low,interaction,0.5169799594684589
pb_t035_13,t035,C_high_minus_low,,0.5,high_minus_low,interaction,0.2609168881442648
pb_t035_15,t035,C,,1.0,high_interaction,interaction,0.5482576373946809
pb_t035_15,t035,C,,1.0,low_interaction,interaction,0.0010447439397053397
pb_t035_15,t035,C_high_minus_low,,1.0,high_minus_low,interaction,0.5472128934549756
pb_t035_15,t035,C_high_minus_low,,0.5,high_minus_low,interaction,0.2735037306006186
pb_t035_20,t035,C,,1.0,high_interaction,interaction,0.5632306923856262
pb_t035_20,t035,C,,1.0,low_interaction,interaction,0.001227437335320488
pb_t035_20,t035,C_high_minus_low,,1.0,high_minus_low,interaction,0.5620032550503057
pb_t035_20,t035,C_high_minus_low,,0.5,high_minus_low,interaction,0.28024150897414063
pb_t035_22,t035,C,,1.0,high_interaction,interaction,0.5936247498530228
pb_t035_22,t035,C,,1.0,low_interaction,interaction,0.0015966556612378423
pb_t035_22,t035,C_high_minus_low,,1.0,high_minus_low,interaction,0.592028094191785
pb_t035_22,t035,C_high_minus_low,,0.5,high_minus_low,interaction,0.29607261870177437
pb_t040_08,t040,C,,1.0,high_interaction,interaction,0.5505559370965721
pb_t040_08,t040,C,,1.0,low_interaction,interaction,0.000694316645169028
pb_t040_08,t040,C_high_minus_low,,1.0,high_minus_low,interaction,0.5498616204514031
pb_t040_08,t040,C_high_minus_low,,0.5,high_minus_low,interaction,0.27630603824176725
pb_t040_10,t040,C,,1.0,high_interaction,interaction,0.576463868551357
pb_t040_10,t040,C,,1.0,low_interaction,interaction,0.0008745185111299156
pb_t040_10,t040,C_high_minus_low,,1.0,high_minus_low,interaction,0.575589350040227
pb_t040_10,t040,C_high_minus_low,,0.5,high_minus_low,interaction,0.28750803425156785
pb_t040_13,t040,C,,1.0,high_interaction,interaction,0.541380833714091
pb_t040_13,t040,C,,1.0,low_interaction,interaction,0.000214207057145722
pb_t040_13,t040,C_high_minus_low,,1.0,high_minus_low,interaction,0.5411666266569453
pb_t040_13,t040,C_high_minus_low,,0.5,high_minus_low,interaction,0.2685720329613441
pb_t040_14,t040,C,,1.0,high_interaction,interaction,0.5162311003766978
pb_t040_14,t040,C,,1.0,low_interaction,interaction,0.0021490483074152176
pb_t040_14,t040,C_high_minus_low,,1.0,high_minus_low,interaction,0.5140820520692826
pb_t040_14,t040,C_high_minus_low,,0.5,high_minus_low,interaction,0.2585575799137339
pb_t040_15,t040,C,,1.0,high_interaction,interaction,0.6040244235627713
pb_t040_15,t040,C,,1.0,low_interaction,interaction,-0.0016493169885336302
pb_t040_15,t040,C_high_minus_low,,1.0,high_minus_low,interaction,0.605673740551305
pb_t040_15,t040,C_high_minus_low,,0.5,high_minus_low,interaction,0.3015101551407688
pb_t001_08,t001,random_high_minus_low,20261201,1.0,high_minus_low,interaction,0.03017922461268766
pb_t001_10,t001,random_high_minus_low,20261201,1.0,high_minus_low,interaction,0.010888478472586241
pb_t001_11,t001,random_high_minus_low,20261201,1.0,high_minus_low,interaction,0.025815939517195845
pb_t001_12,t001,random_high_minus_low,20261201,1.0,high_minus_low,interaction,0.029835713161304317
pb_t001_15,t001,random_high_minus_low,20261201,1.0,high_minus_low,interaction,0.015537279895149421
pb_t002_08,t002,random_high_minus_low,20261201,1.0,high_minus_low,interaction,0.03363911765509985
pb_t002_16,t002,random_high_minus_low,20261201,1.0,high_minus_low,interaction,0.017114327610444697
pb_t002_17,t002,random_high_minus_low,20261201,1.0,high_minus_low,interaction,0.022331746016510577
pb_t002_18,t002,random_high_minus_low,20261201,1.0,high_minus_low,interaction,0.03179464147511826
pb_t002_20,t002,random_high_minus_low,20261201,1.0,high_minus_low,interaction,0.008186167709890658
pb_t004_10,t004,random_high_minus_low,20261201,1.0,high_minus_low,interaction,0.01968000283708518
pb_t004_11,t004,random_high_minus_low,20261201,1.0,high_minus_low,interaction,0.03388529759504736
pb_t004_13,t004,random_high_minus_low,20261201,1.0,high_minus_low,interaction,0.03892645038630912
pb_t004_17,t004,random_high_minus_low,20261201,1.0,high_minus_low,interaction,0.009687323702023052
pb_t004_20,t004,random_high_minus_low,20261201,1.0,high_minus_low,interaction,0.01720242253818566
pb_t006_09,t006,random_high_minus_low,20261201,1.0,high_minus_low,interaction,0.031342560390288834
pb_t006_10,t006,random_high_minus_low,20261201,1.0,high_minus_low,interaction,0.013905855325957077
pb_t006_12,t006,random_high_minus_low,20261201,1.0,high_minus_low,interaction,0.01509417226007247
pb_t006_18,t006,random_high_minus_low,20261201,1.0,high_minus_low,interaction,0.03422134297605543
pb_t006_19,t006,random_high_minus_low,20261201,1.0,high_minus_low,interaction,0.03296328935993056
pb_t007_09,t007,random_high_minus_low,20261201,1.0,high_minus_low,interaction,0.01567420748355504
pb_t007_10,t007,random_high_minus_low,20261201,1.0,high_minus_low,interaction,0.009997872647357901
pb_t007_16,t007,random_high_minus_low,20261201,1.0,high_minus_low,interaction,0.02990879864639422
pb_t007_17,t007,random_high_minus_low,20261201,1.0,high_minus_low,interaction,0.04240174831281655
pb_t007_19,t007,random_high_minus_low,20261201,1.0,high_minus_low,interaction,0.021669275164276806
pb_t008_09,t008,random_high_minus_low,20261201,1.0,high_minus_low,interaction,0.032256672351464344
pb_t008_11,t008,random_high_minus_low,20261201,1.0,high_minus_low,interaction,0.02362201880443299
pb_t008_16,t008,random_high_minus_low,20261201,1.0,high_minus_low,interaction,0.020814983817517653
pb_t008_17,t008,random_high_minus_low,20261201,1.0,high_minus_low,interaction,0.041733186524899886
pb_t008_20,t008,random_high_minus_low,20261201,1.0,high_minus_low,interaction,0.04074404987149712
pb_t009_07,t009,random_high_minus_low,20261201,1.0,high_minus_low,interaction,0.025577776360464627
pb_t009_12,t009,random_high_minus_low,20261201,1.0,high_minus_low,interaction,0.008947778564357948
pb_t009_15,t009,random_high_minus_low,20261201,1.0,high_minus_low,interaction,0.03067881368048676
pb_t009_17,t009,random_high_minus_low,20261201,1.0,high_minus_low,interaction,0.015033146137071376
pb_t009_19,t009,random_high_minus_low,20261201,1.0,high_minus_low,interaction,0.031545103023181593
pb_t010_09,t010,random_high_minus_low,20261201,1.0,high_minus_low,interaction,0.027477521190175925
pb_t010_12,t010,random_high_minus_low,20261201,1.0,high_minus_low,interaction,0.031856326604349255
pb_t010_17,t010,random_high_minus_low,20261201,1.0,high_minus_low,interaction,0.03429823611027711
pb_t010_19,t010,random_high_minus_low,20261201,1.0,high_minus_low,interaction,0.02965498758796814
pb_t010_20,t010,random_high_minus_low,20261201,1.0,high_minus_low,interaction,0.01913539013652896
pb_t016_09,t016,random_high_minus_low,20261201,1.0,high_minus_low,interaction,0.030378025430530507
pb_t016_10,t016,random_high_minus_low,20261201,1.0,high_minus_low,interaction,0.01658965643688886
pb_t016_12,t016,random_high_minus_low,20261201,1.0,high_minus_low,interaction,0.027903544428168548
pb_t016_17,t016,random_high_minus_low,20261201,1.0,high_minus_low,interaction,0.035657032769447455
pb_t016_20,t016,random_high_minus_low,20261201,1.0,high_minus_low,interaction,0.026683314416311412
pb_t018_08,t018,random_high_minus_low,20261201,1.0,high_minus_low,interaction,0.01621097367779075
pb_t018_10,t018,random_high_minus_low,20261201,1.0,high_minus_low,interaction,0.03700770470924252
pb_t018_11,t018,random_high_minus_low,20261201,1.0,high_minus_low,interaction,0.01346645287003305
pb_t018_14,t018,random_high_minus_low,20261201,1.0,high_minus_low,interaction,0.02376475246111381
pb_t018_18,t018,random_high_minus_low,20261201,1.0,high_minus_low,interaction,0.026958188008199158
pb_t023_09,t023,random_high_minus_low,20261201,1.0,high_minus_low,interaction,0.026935612429296776
pb_t023_12,t023,random_high_minus_low,20261201,1.0,high_minus_low,interaction,0.02893886595381235
pb_t023_13,t023,random_high_minus_low,20261201,1.0,high_minus_low,interaction,0.020337573643392948
pb_t023_17,t023,random_high_minus_low,20261201,1.0,high_minus_low,interaction,0.029919553161346236
pb_t023_20,t023,random_high_minus_low,20261201,1.0,high_minus_low,interaction,0.032959434374660444
pb_t029_07,t029,random_high_minus_low,20261201,1.0,high_minus_low,interaction,0.03485651962724519
pb_t029_09,t029,random_high_minus_low,20261201,1.0,high_minus_low,interaction,0.04101252138136214
pb_t029_10,t029,random_high_minus_low,20261201,1.0,high_minus_low,interaction,0.012073626724824087
pb_t029_11,t029,random_high_minus_low,20261201,1.0,high_minus_low,interaction,0.01909769412422484
pb_t029_12,t029,random_high_minus_low,20261201,1.0,high_minus_low,interaction,0.03586926828585619
pb_t031_06,t031,random_high_minus_low,20261201,1.0,high_minus_low,interaction,0.034672661100395234
pb_t031_09,t031,random_high_minus_low,20261201,1.0,high_minus_low,interaction,0.026787277188565786
pb_t031_12,t031,random_high_minus_low,20261201,1.0,high_minus_low,interaction,0.019425466181872783
pb_t031_13,t031,random_high_minus_low,20261201,1.0,high_minus_low,interaction,0.009725203265336026
pb_t031_16,t031,random_high_minus_low,20261201,1.0,high_minus_low,interaction,0.024158809200670903
pb_t032_08,t032,random_high_minus_low,20261201,1.0,high_minus_low,interaction,0.03385072133336489
pb_t032_09,t032,random_high_minus_low,20261201,1.0,high_minus_low,interaction,0.023733620813266857
pb_t032_13,t032,random_high_minus_low,20261201,1.0,high_minus_low,interaction,0.024032433604010875
pb_t032_15,t032,random_high_minus_low,20261201,1.0,high_minus_low,interaction,0.01881709052688319
pb_t032_16,t032,random_high_minus_low,20261201,1.0,high_minus_low,interaction,0.017813023817528542
pb_t035_06,t035,random_high_minus_low,20261201,1.0,high_minus_low,interaction,0.019882835844285386
pb_t035_13,t035,random_high_minus_low,20261201,1.0,high_minus_low,interaction,0.039198404082763164
pb_t035_15,t035,random_high_minus_low,20261201,1.0,high_minus_low,interaction,0.028374893361224285
pb_t035_20,t035,random_high_minus_low,20261201,1.0,high_minus_low,interaction,0.01670796647445123
pb_t035_22,t035,random_high_minus_low,20261201,1.0,high_minus_low,interaction,0.028764230514111346
pb_t040_08,t040,random_high_minus_low,20261201,1.0,high_minus_low,interaction,0.017562410499071396
pb_t040_10,t040,random_high_minus_low,20261201,1.0,high_minus_low,interaction,0.026657842106203748
pb_t040_13,t040,random_high_minus_low,20261201,1.0,high_minus_low,interaction,0.024824095828081223
pb_t040_14,t040,random_high_minus_low,20261201,1.0,high_minus_low,interaction,0.009755725399165157
pb_t040_15,t040,random_high_minus_low,20261201,1.0,high_minus_low,interaction,0.027828417523539158
pb_t001_08,t001,random_high_minus_low,20261202,1.0,high_minus_low,interaction,0.023282541469115382
pb_t001_10,t001,random_high_minus_low,20261202,1.0,high_minus_low,interaction,0.019462938718175688
pb_t001_11,t001,random_high_minus_low,20261202,1.0,high_minus_low,interaction,0.017362653397563352
pb_t001_12,t001,random_high_minus_low,20261202,1.0,high_minus_low,interaction,0.015031851942851912
pb_t001_15,t001,random_high_minus_low,20261202,1.0,high_minus_low,interaction,0.01357443355948559
pb_t002_08,t002,random_high_minus_low,20261202,1.0,high_minus_low,interaction,0.030475157507307286
pb_t002_16,t002,random_high_minus_low,20261202,1.0,high_minus_low,interaction,0.02568726300857752
pb_t002_17,t002,random_high_minus_low,20261202,1.0,high_minus_low,interaction,0.018198241633900984
pb_t002_18,t002,random_high_minus_low,20261202,1.0,high_minus_low,interaction,0.022905808225858627
pb_t002_20,t002,random_high_minus_low,20261202,1.0,high_minus_low,interaction,0.02195701082111342
pb_t004_10,t004,random_high_minus_low,20261202,1.0,high_minus_low,interaction,0.023161022893272827
pb_t004_11,t004,random_high_minus_low,20261202,1.0,high_minus_low,interaction,0.01606386279692913
pb_t004_13,t004,random_high_minus_low,20261202,1.0,high_minus_low,interaction,0.01681626981762424
pb_t004_17,t004,random_high_minus_low,20261202,1.0,high_minus_low,interaction,0.011076160550260655
pb_t004_20,t004,random_high_minus_low,20261202,1.0,high_minus_low,interaction,0.018191611201257646
pb_t006_09,t006,random_high_minus_low,20261202,1.0,high_minus_low,interaction,0.018773605604430216
pb_t006_10,t006,random_high_minus_low,20261202,1.0,high_minus_low,interaction,0.012243863474326433
pb_t006_12,t006,random_high_minus_low,20261202,1.0,high_minus_low,interaction,0.012080424720016332
pb_t006_18,t006,random_high_minus_low,20261202,1.0,high_minus_low,interaction,0.017858782091675643
pb_t006_19,t006,random_high_minus_low,20261202,1.0,high_minus_low,interaction,0.014285740767764663
pb_t007_09,t007,random_high_minus_low,20261202,1.0,high_minus_low,interaction,0.0285294969137554
pb_t007_10,t007,random_high_minus_low,20261202,1.0,high_minus_low,interaction,0.01682572825305479
pb_t007_16,t007,random_high_minus_low,20261202,1.0,high_minus_low,interaction,0.017835826867595897
pb_t007_17,t007,random_high_minus_low,20261202,1.0,high_minus_low,interaction,0.026807591187572172
pb_t007_19,t007,random_high_minus_low,20261202,1.0,high_minus_low,interaction,0.018448079987493024
pb_t008_09,t008,random_high_minus_low,20261202,1.0,high_minus_low,interaction,0.0308787121075911
pb_t008_11,t008,random_high_minus_low,20261202,1.0,high_minus_low,interaction,0.022673405238005484
pb_t008_16,t008,random_high_minus_low,20261202,1.0,high_minus_low,interaction,0.019160882228117893
pb_t008_17,t008,random_high_minus_low,20261202,1.0,high_minus_low,interaction,0.02888906838949725
pb_t008_20,t008,random_high_minus_low,20261202,1.0,high_minus_low,interaction,0.023404486535047342
pb_t009_07,t009,random_high_minus_low,20261202,1.0,high_minus_low,interaction,0.01874089725038015
pb_t009_12,t009,random_high_minus_low,20261202,1.0,high_minus_low,interaction,0.011966598328225627
pb_t009_15,t009,random_high_minus_low,20261202,1.0,high_minus_low,interaction,0.02844732268667467
pb_t009_17,t009,random_high_minus_low,20261202,1.0,high_minus_low,interaction,0.023592939940351977
pb_t009_19,t009,random_high_minus_low,20261202,1.0,high_minus_low,interaction,0.01674188732872168
pb_t010_09,t010,random_high_minus_low,20261202,1.0,high_minus_low,interaction,0.014278608864708647
pb_t010_12,t010,random_high_minus_low,20261202,1.0,high_minus_low,interaction,0.027242216335616045
pb_t010_17,t010,random_high_minus_low,20261202,1.0,high_minus_low,interaction,0.017946657205287812
pb_t010_19,t010,random_high_minus_low,20261202,1.0,high_minus_low,interaction,0.02527087208545109
pb_t010_20,t010,random_high_minus_low,20261202,1.0,high_minus_low,interaction,0.01883083791001844
pb_t016_09,t016,random_high_minus_low,20261202,1.0,high_minus_low,interaction,0.022372016672226436
pb_t016_10,t016,random_high_minus_low,20261202,1.0,high_minus_low,interaction,0.012101490222966669
pb_t016_12,t016,random_high_minus_low,20261202,1.0,high_minus_low,interaction,0.017565937165690874
pb_t016_17,t016,random_high_minus_low,20261202,1.0,high_minus_low,interaction,0.02415641265657107
pb_t016_20,t016,random_high_minus_low,20261202,1.0,high_minus_low,interaction,0.03129653515065424
pb_t018_08,t018,random_high_minus_low,20261202,1.0,high_minus_low,interaction,0.026694416285961142
pb_t018_10,t018,random_high_minus_low,20261202,1.0,high_minus_low,interaction,0.028923375133367544
pb_t018_11,t018,random_high_minus_low,20261202,1.0,high_minus_low,interaction,0.016416040710503718
pb_t018_14,t018,random_high_minus_low,20261202,1.0,high_minus_low,interaction,0.022676266903585277
pb_t018_18,t018,random_high_minus_low,20261202,1.0,high_minus_low,interaction,0.020983669923305935
pb_t023_09,t023,random_high_minus_low,20261202,1.0,high_minus_low,interaction,0.02948407092866064
pb_t023_12,t023,random_high_minus_low,20261202,1.0,high_minus_low,interaction,0.03024890506744961
pb_t023_13,t023,random_high_minus_low,20261202,1.0,high_minus_low,interaction,0.0198197216881729
pb_t023_17,t023,random_high_minus_low,20261202,1.0,high_minus_low,interaction,0.029900672499061906
pb_t023_20,t023,random_high_minus_low,20261202,1.0,high_minus_low,interaction,0.013004497341680594
pb_t029_07,t029,random_high_minus_low,20261202,1.0,high_minus_low,interaction,0.013991287632381893
pb_t029_09,t029,random_high_minus_low,20261202,1.0,high_minus_low,interaction,0.01678715943740401
pb_t029_10,t029,random_high_minus_low,20261202,1.0,high_minus_low,interaction,0.02173408480842975
pb_t029_11,t029,random_high_minus_low,20261202,1.0,high_minus_low,interaction,0.016552341348540705
pb_t029_12,t029,random_high_minus_low,20261202,1.0,high_minus_low,interaction,0.007989943586616635
pb_t031_06,t031,random_high_minus_low,20261202,1.0,high_minus_low,interaction,0.016345048314664268
pb_t031_09,t031,random_high_minus_low,20261202,1.0,high_minus_low,interaction,0.013568123011035332
pb_t031_12,t031,random_high_minus_low,20261202,1.0,high_minus_low,interaction,0.0269827682984172
pb_t031_13,t031,random_high_minus_low,20261202,1.0,high_minus_low,interaction,0.007928325697251347
pb_t031_16,t031,random_high_minus_low,20261202,1.0,high_minus_low,interaction,0.020686679415152155
pb_t032_08,t032,random_high_minus_low,20261202,1.0,high_minus_low,interaction,0.023896712343014843
pb_t032_09,t032,random_high_minus_low,20261202,1.0,high_minus_low,interaction,0.019009976568011323
pb_t032_13,t032,random_high_minus_low,20261202,1.0,high_minus_low,interaction,0.021784837054010176
pb_t032_15,t032,random_high_minus_low,20261202,1.0,high_minus_low,interaction,0.005932303541250574
pb_t032_16,t032,random_high_minus_low,20261202,1.0,high_minus_low,interaction,0.024357749604700076
pb_t035_06,t035,random_high_minus_low,20261202,1.0,high_minus_low,interaction,0.026207217056471173
pb_t035_13,t035,random_high_minus_low,20261202,1.0,high_minus_low,interaction,0.01521976623118002
pb_t035_15,t035,random_high_minus_low,20261202,1.0,high_minus_low,interaction,0.027640767685638043
pb_t035_20,t035,random_high_minus_low,20261202,1.0,high_minus_low,interaction,0.027286146052066286
pb_t035_22,t035,random_high_minus_low,20261202,1.0,high_minus_low,interaction,0.03332725270599296
pb_t040_08,t040,random_high_minus_low,20261202,1.0,high_minus_low,interaction,0.032763362675805166
pb_t040_10,t040,random_high_minus_low,20261202,1.0,high_minus_low,interaction,0.036006034485281266
pb_t040_13,t040,random_high_minus_low,20261202,1.0,high_minus_low,interaction,0.018478619849589078
pb_t040_14,t040,random_high_minus_low,20261202,1.0,high_minus_low,interaction,0.009282300302287522
pb_t040_15,t040,random_high_minus_low,20261202,1.0,high_minus_low,interaction,0.02723622890192522
pb_t001_08,t001,random_high_minus_low,20261203,1.0,high_minus_low,interaction,-0.0029991309174538924
pb_t001_10,t001,random_high_minus_low,20261203,1.0,high_minus_low,interaction,0.0012755561591478726
pb_t001_11,t001,random_high_minus_low,20261203,1.0,high_minus_low,interaction,-0.01191429820700409
pb_t001_12,t001,random_high_minus_low,20261203,1.0,high_minus_low,interaction,0.002211029045716388
pb_t001_15,t001,random_high_minus_low,20261203,1.0,high_minus_low,interaction,-0.007858699717742978
pb_t002_08,t002,random_high_minus_low,20261203,1.0,high_minus_low,interaction,0.010679307177361137
pb_t002_16,t002,random_high_minus_low,20261203,1.0,high_minus_low,interaction,-0.008206114946847918
pb_t002_17,t002,random_high_minus_low,20261203,1.0,high_minus_low,interaction,-0.0102360646935944
pb_t002_18,t002,random_high_minus_low,20261203,1.0,high_minus_low,interaction,-0.021125223602154908
pb_t002_20,t002,random_high_minus_low,20261203,1.0,high_minus_low,interaction,0.012752282775516762
pb_t004_10,t004,random_high_minus_low,20261203,1.0,high_minus_low,interaction,-0.027872774223905383
pb_t004_11,t004,random_high_minus_low,20261203,1.0,high_minus_low,interaction,0.0032754654195521716
pb_t004_13,t004,random_high_minus_low,20261203,1.0,high_minus_low,interaction,-0.00237692697706716
pb_t004_17,t004,random_high_minus_low,20261203,1.0,high_minus_low,interaction,0.009454335933344002
pb_t004_20,t004,random_high_minus_low,20261203,1.0,high_minus_low,interaction,-0.011669060813830361
pb_t006_09,t006,random_high_minus_low,20261203,1.0,high_minus_low,interaction,-0.008972916386979656
pb_t006_10,t006,random_high_minus_low,20261203,1.0,high_minus_low,interaction,-0.004116551072285859
pb_t006_12,t006,random_high_minus_low,20261203,1.0,high_minus_low,interaction,0.0034259376616626756
pb_t006_18,t006,random_high_minus_low,20261203,1.0,high_minus_low,interaction,1.9028609926692195e-05
pb_t006_19,t006,random_high_minus_low,20261203,1.0,high_minus_low,interaction,-0.0180645752005542
pb_t007_09,t007,random_high_minus_low,20261203,1.0,high_minus_low,interaction,-0.0028729496838626072
pb_t007_10,t007,random_high_minus_low,20261203,1.0,high_minus_low,interaction,-0.008427348211657932
pb_t007_16,t007,random_high_minus_low,20261203,1.0,high_minus_low,interaction,5.507199551847811e-05
pb_t007_17,t007,random_high_minus_low,20261203,1.0,high_minus_low,interaction,-0.0028724342351589445
pb_t007_19,t007,random_high_minus_low,20261203,1.0,high_minus_low,interaction,0.016103346265694755
pb_t008_09,t008,random_high_minus_low,20261203,1.0,high_minus_low,interaction,-0.01008771516221884
pb_t008_11,t008,random_high_minus_low,20261203,1.0,high_minus_low,interaction,-0.0017955656020049182
pb_t008_16,t008,random_high_minus_low,20261203,1.0,high_minus_low,interaction,0.021125271971487395
pb_t008_17,t008,random_high_minus_low,20261203,1.0,high_minus_low,interaction,-0.0009442218604959225
pb_t008_20,t008,random_high_minus_low,20261203,1.0,high_minus_low,interaction,-0.0021629225651308066
pb_t009_07,t009,random_high_minus_low,20261203,1.0,high_minus_low,interaction,-0.0046267726544366216
pb_t009_12,t009,random_high_minus_low,20261203,1.0,high_minus_low,interaction,0.01775565475615761
pb_t009_15,t009,random_high_minus_low,20261203,1.0,high_minus_low,interaction,-0.01093450129863157
pb_t009_17,t009,random_high_minus_low,20261203,1.0,high_minus_low,interaction,0.008873481922067746
pb_t009_19,t009,random_high_minus_low,20261203,1.0,high_minus_low,interaction,-0.008122092111338821
pb_t010_09,t010,random_high_minus_low,20261203,1.0,high_minus_low,interaction,0.01060934140546578
pb_t010_12,t010,random_high_minus_low,20261203,1.0,high_minus_low,interaction,-0.010266539654061447
pb_t010_17,t010,random_high_minus_low,20261203,1.0,high_minus_low,interaction,-0.007813879697242173
pb_t010_19,t010,random_high_minus_low,20261203,1.0,high_minus_low,interaction,0.004735660875178548
pb_t010_20,t010,random_high_minus_low,20261203,1.0,high_minus_low,interaction,-0.001617180602868118
pb_t016_09,t016,random_high_minus_low,20261203,1.0,high_minus_low,interaction,-0.008472510913510692
pb_t016_10,t016,random_high_minus_low,20261203,1.0,high_minus_low,interaction,-0.0012038863884167815
pb_t016_12,t016,random_high_minus_low,20261203,1.0,high_minus_low,interaction,0.009641293182788533
pb_t016_17,t016,random_high_minus_low,20261203,1.0,high_minus_low,interaction,-0.0028418029555388885
pb_t016_20,t016,random_high_minus_low,20261203,1.0,high_minus_low,interaction,0.011683816157713491
pb_t018_08,t018,random_high_minus_low,20261203,1.0,high_minus_low,interaction,-0.0037646624496951355
pb_t018_10,t018,random_high_minus_low,20261203,1.0,high_minus_low,interaction,-0.0017861982173698852
pb_t018_11,t018,random_high_minus_low,20261203,1.0,high_minus_low,interaction,0.021496082225356396
pb_t018_14,t018,random_high_minus_low,20261203,1.0,high_minus_low,interaction,-0.012152341046081365
pb_t018_18,t018,random_high_minus_low,20261203,1.0,high_minus_low,interaction,-0.019080600875568173
pb_t023_09,t023,random_high_minus_low,20261203,1.0,high_minus_low,interaction,-0.007799604242257868
pb_t023_12,t023,random_high_minus_low,20261203,1.0,high_minus_low,interaction,0.011985974479983447
pb_t023_13,t023,random_high_minus_low,20261203,1.0,high_minus_low,interaction,0.006535727356355897
pb_t023_17,t023,random_high_minus_low,20261203,1.0,high_minus_low,interaction,6.043805545708977e-06
pb_t023_20,t023,random_high_minus_low,20261203,1.0,high_minus_low,interaction,-0.0007714874274257384
pb_t029_07,t029,random_high_minus_low,20261203,1.0,high_minus_low,interaction,0.0062619082021633694
pb_t029_09,t029,random_high_minus_low,20261203,1.0,high_minus_low,interaction,-0.0009886310586558246
pb_t029_10,t029,random_high_minus_low,20261203,1.0,high_minus_low,interaction,0.0012169860421875293
pb_t029_11,t029,random_high_minus_low,20261203,1.0,high_minus_low,interaction,0.02381077478738039
pb_t029_12,t029,random_high_minus_low,20261203,1.0,high_minus_low,interaction,0.01142027723458942
pb_t031_06,t031,random_high_minus_low,20261203,1.0,high_minus_low,interaction,0.0054352762374727075
pb_t031_09,t031,random_high_minus_low,20261203,1.0,high_minus_low,interaction,-0.0009617890160818447
pb_t031_12,t031,random_high_minus_low,20261203,1.0,high_minus_low,interaction,-0.008452030790585943
pb_t031_13,t031,random_high_minus_low,20261203,1.0,high_minus_low,interaction,0.017250081739412514
pb_t031_16,t031,random_high_minus_low,20261203,1.0,high_minus_low,interaction,0.0012949797381168584
pb_t032_08,t032,random_high_minus_low,20261203,1.0,high_minus_low,interaction,-0.0029362885766227023
pb_t032_09,t032,random_high_minus_low,20261203,1.0,high_minus_low,interaction,-0.003968743879818843
pb_t032_13,t032,random_high_minus_low,20261203,1.0,high_minus_low,interaction,-3.071463099195079e-05
pb_t032_15,t032,random_high_minus_low,20261203,1.0,high_minus_low,interaction,0.0035321750224108278
pb_t032_16,t032,random_high_minus_low,20261203,1.0,high_minus_low,interaction,-0.0036896072506992584
pb_t035_06,t035,random_high_minus_low,20261203,1.0,high_minus_low,interaction,0.007956156791589225
pb_t035_13,t035,random_high_minus_low,20261203,1.0,high_minus_low,interaction,-0.008622117662976509
pb_t035_15,t035,random_high_minus_low,20261203,1.0,high_minus_low,interaction,0.005378360376412419
pb_t035_20,t035,random_high_minus_low,20261203,1.0,high_minus_low,interaction,-0.019247162597663604
pb_t035_22,t035,random_high_minus_low,20261203,1.0,high_minus_low,interaction,-0.0009327731734393568
pb_t040_08,t040,random_high_minus_low,20261203,1.0,high_minus_low,interaction,-0.016143660828985485
pb_t040_10,t040,random_high_minus_low,20261203,1.0,high_minus_low,interaction,0.008856141968213042
pb_t040_13,t040,random_high_minus_low,20261203,1.0,high_minus_low,interaction,-0.01050763315911788
pb_t040_14,t040,random_high_minus_low,20261203,1.0,high_minus_low,interaction,-0.005927227243897868
pb_t040_15,t040,random_high_minus_low,20261203,1.0,high_minus_low,interaction,-0.0006212743514891258
pb_t001_08,t001,random_high_minus_low,20261204,1.0,high_minus_low,interaction,-0.019228091469593506
pb_t001_10,t001,random_high_minus_low,20261204,1.0,high_minus_low,interaction,-0.036278562023046884
pb_t001_11,t001,random_high_minus_low,20261204,1.0,high_minus_low,interaction,-0.028246682663858658
pb_t001_12,t001,random_high_minus_low,20261204,1.0,high_minus_low,interaction,-0.014775371240817885
pb_t001_15,t001,random_high_minus_low,20261204,1.0,high_minus_low,interaction,-0.01265824934076441
pb_t002_08,t002,random_high_minus_low,20261204,1.0,high_minus_low,interaction,-0.01142151185059583
pb_t002_16,t002,random_high_minus_low,20261204,1.0,high_minus_low,interaction,-0.011268734799253053
pb_t002_17,t002,random_high_minus_low,20261204,1.0,high_minus_low,interaction,-0.02714922848614535
pb_t002_18,t002,random_high_minus_low,20261204,1.0,high_minus_low,interaction,-0.026061468754425214
pb_t002_20,t002,random_high_minus_low,20261204,1.0,high_minus_low,interaction,-0.02083677251149464
pb_t004_10,t004,random_high_minus_low,20261204,1.0,high_minus_low,interaction,-0.016943619717202475
pb_t004_11,t004,random_high_minus_low,20261204,1.0,high_minus_low,interaction,-0.023823889717210847
pb_t004_13,t004,random_high_minus_low,20261204,1.0,high_minus_low,interaction,-0.02348821485840507
pb_t004_17,t004,random_high_minus_low,20261204,1.0,high_minus_low,interaction,-0.028991631736526
pb_t004_20,t004,random_high_minus_low,20261204,1.0,high_minus_low,interaction,0.0015286328092728569
pb_t006_09,t006,random_high_minus_low,20261204,1.0,high_minus_low,interaction,-0.029051153318861003
pb_t006_10,t006,random_high_minus_low,20261204,1.0,high_minus_low,interaction,-0.01513698710625006
pb_t006_12,t006,random_high_minus_low,20261204,1.0,high_minus_low,interaction,-0.030671900876287097
pb_t006_18,t006,random_high_minus_low,20261204,1.0,high_minus_low,interaction,-0.024259204325915627
pb_t006_19,t006,random_high_minus_low,20261204,1.0,high_minus_low,interaction,-0.03368699837132651
pb_t007_09,t007,random_high_minus_low,20261204,1.0,high_minus_low,interaction,-0.0012227530716366422
pb_t007_10,t007,random_high_minus_low,20261204,1.0,high_minus_low,interaction,-0.03591516003420038
pb_t007_16,t007,random_high_minus_low,20261204,1.0,high_minus_low,interaction,0.002797693435774147
pb_t007_17,t007,random_high_minus_low,20261204,1.0,high_minus_low,interaction,-0.01729116379403481
pb_t007_19,t007,random_high_minus_low,20261204,1.0,high_minus_low,interaction,-0.021098983836770276
pb_t008_09,t008,random_high_minus_low,20261204,1.0,high_minus_low,interaction,-0.03402698293360345
pb_t008_11,t008,random_high_minus_low,20261204,1.0,high_minus_low,interaction,-0.0015917867656847326
pb_t008_16,t008,random_high_minus_low,20261204,1.0,high_minus_low,interaction,-0.01759227310366171
pb_t008_17,t008,random_high_minus_low,20261204,1.0,high_minus_low,interaction,-0.018552675453129792
pb_t008_20,t008,random_high_minus_low,20261204,1.0,high_minus_low,interaction,-0.02498279768037255
pb_t009_07,t009,random_high_minus_low,20261204,1.0,high_minus_low,interaction,-0.013058368697555096
pb_t009_12,t009,random_high_minus_low,20261204,1.0,high_minus_low,interaction,-0.018250563727088453
pb_t009_15,t009,random_high_minus_low,20261204,1.0,high_minus_low,interaction,-0.027316487050919734
pb_t009_17,t009,random_high_minus_low,20261204,1.0,high_minus_low,interaction,-0.0327672529856487
pb_t009_19,t009,random_high_minus_low,20261204,1.0,high_minus_low,interaction,-0.01643991157707945
pb_t010_09,t010,random_high_minus_low,20261204,1.0,high_minus_low,interaction,-0.02203656690684524
pb_t010_12,t010,random_high_minus_low,20261204,1.0,high_minus_low,interaction,0.007775730770900758
pb_t010_17,t010,random_high_minus_low,20261204,1.0,high_minus_low,interaction,-0.02085662292945805
pb_t010_19,t010,random_high_minus_low,20261204,1.0,high_minus_low,interaction,-0.024363404236266567
pb_t010_20,t010,random_high_minus_low,20261204,1.0,high_minus_low,interaction,0.0015914258483790678
pb_t016_09,t016,random_high_minus_low,20261204,1.0,high_minus_low,interaction,-0.025520598411265534
pb_t016_10,t016,random_high_minus_low,20261204,1.0,high_minus_low,interaction,-0.015923683006652617
pb_t016_12,t016,random_high_minus_low,20261204,1.0,high_minus_low,interaction,-0.015518054637128641
pb_t016_17,t016,random_high_minus_low,20261204,1.0,high_minus_low,interaction,-0.021678602069753538
pb_t016_20,t016,random_high_minus_low,20261204,1.0,high_minus_low,interaction,-0.027769868243890175
pb_t018_08,t018,random_high_minus_low,20261204,1.0,high_minus_low,interaction,-0.03785313034095073
pb_t018_10,t018,random_high_minus_low,20261204,1.0,high_minus_low,interaction,-0.024452211331247968
pb_t018_11,t018,random_high_minus_low,20261204,1.0,high_minus_low,interaction,-0.013964097144569471
pb_t018_14,t018,random_high_minus_low,20261204,1.0,high_minus_low,interaction,0.004315375055376346
pb_t018_18,t018,random_high_minus_low,20261204,1.0,high_minus_low,interaction,-0.024873437349992034
pb_t023_09,t023,random_high_minus_low,20261204,1.0,high_minus_low,interaction,0.002982836764533453
pb_t023_12,t023,random_high_minus_low,20261204,1.0,high_minus_low,interaction,-0.0006154832583281379
pb_t023_13,t023,random_high_minus_low,20261204,1.0,high_minus_low,interaction,-0.02458934822343191
pb_t023_17,t023,random_high_minus_low,20261204,1.0,high_minus_low,interaction,-0.022829802630191513
pb_t023_20,t023,random_high_minus_low,20261204,1.0,high_minus_low,interaction,-0.016040541651293854
pb_t029_07,t029,random_high_minus_low,20261204,1.0,high_minus_low,interaction,-0.013529559831933118
pb_t029_09,t029,random_high_minus_low,20261204,1.0,high_minus_low,interaction,-0.009281027496060808
pb_t029_10,t029,random_high_minus_low,20261204,1.0,high_minus_low,interaction,0.0006287002540105863
pb_t029_11,t029,random_high_minus_low,20261204,1.0,high_minus_low,interaction,-0.015206304580387322
pb_t029_12,t029,random_high_minus_low,20261204,1.0,high_minus_low,interaction,-0.012526292635548168
pb_t031_06,t031,random_high_minus_low,20261204,1.0,high_minus_low,interaction,-0.02558008095876061
pb_t031_09,t031,random_high_minus_low,20261204,1.0,high_minus_low,interaction,-0.0012830311790295473
pb_t031_12,t031,random_high_minus_low,20261204,1.0,high_minus_low,interaction,-0.011773335695139688
pb_t031_13,t031,random_high_minus_low,20261204,1.0,high_minus_low,interaction,-0.015916069488198684
pb_t031_16,t031,random_high_minus_low,20261204,1.0,high_minus_low,interaction,-0.01408406068541193
pb_t032_08,t032,random_high_minus_low,20261204,1.0,high_minus_low,interaction,-0.029849823207022966
pb_t032_09,t032,random_high_minus_low,20261204,1.0,high_minus_low,interaction,-0.024904622264861818
pb_t032_13,t032,random_high_minus_low,20261204,1.0,high_minus_low,interaction,-1.836333354806566e-05
pb_t032_15,t032,random_high_minus_low,20261204,1.0,high_minus_low,interaction,-0.027080568423729155
pb_t032_16,t032,random_high_minus_low,20261204,1.0,high_minus_low,interaction,-0.02530331303579932
pb_t035_06,t035,random_high_minus_low,20261204,1.0,high_minus_low,interaction,-0.015345583536641809
pb_t035_13,t035,random_high_minus_low,20261204,1.0,high_minus_low,interaction,-0.019407966106828226
pb_t035_15,t035,random_high_minus_low,20261204,1.0,high_minus_low,interaction,-0.02306778569181056
pb_t035_20,t035,random_high_minus_low,20261204,1.0,high_minus_low,interaction,-0.014924247762425211
pb_t035_22,t035,random_high_minus_low,20261204,1.0,high_minus_low,interaction,-0.011341150226734053
pb_t040_08,t040,random_high_minus_low,20261204,1.0,high_minus_low,interaction,-0.013339900552195832
pb_t040_10,t040,random_high_minus_low,20261204,1.0,high_minus_low,interaction,-0.020078467388278395
pb_t040_13,t040,random_high_minus_low,20261204,1.0,high_minus_low,interaction,-0.005897697074727438
pb_t040_14,t040,random_high_minus_low,20261204,1.0,high_minus_low,interaction,-0.01693621823346453
pb_t040_15,t040,random_high_minus_low,20261204,1.0,high_minus_low,interaction,-0.011565788275686033
pb_t001_08,t001,random_high_minus_low,20261205,1.0,high_minus_low,interaction,0.0012665294919729695
pb_t001_10,t001,random_high_minus_low,20261205,1.0,high_minus_low,interaction,-0.014509001559708985
pb_t001_11,t001,random_high_minus_low,20261205,1.0,high_minus_low,interaction,-0.01439577560495963
pb_t001_12,t001,random_high_minus_low,20261205,1.0,high_minus_low,interaction,-0.002255420138875093
pb_t001_15,t001,random_high_minus_low,20261205,1.0,high_minus_low,interaction,-0.009823052098836242
pb_t002_08,t002,random_high_minus_low,20261205,1.0,high_minus_low,interaction,0.004787285391721848
pb_t002_16,t002,random_high_minus_low,20261205,1.0,high_minus_low,interaction,-0.015092165893240164
pb_t002_17,t002,random_high_minus_low,20261205,1.0,high_minus_low,interaction,0.0035897098122006253
pb_t002_18,t002,random_high_minus_low,20261205,1.0,high_minus_low,interaction,-0.004144575398477714
pb_t002_20,t002,random_high_minus_low,20261205,1.0,high_minus_low,interaction,-0.005185403268922407
pb_t004_10,t004,random_high_minus_low,20261205,1.0,high_minus_low,interaction,-0.019533878255835944
pb_t004_11,t004,random_high_minus_low,20261205,1.0,high_minus_low,interaction,0.005293879279588688
pb_t004_13,t004,random_high_minus_low,20261205,1.0,high_minus_low,interaction,-0.00032055264179827483
pb_t004_17,t004,random_high_minus_low,20261205,1.0,high_minus_low,interaction,-0.007798563905893892
pb_t004_20,t004,random_high_minus_low,20261205,1.0,high_minus_low,interaction,-0.003358800799776999
pb_t006_09,t006,random_high_minus_low,20261205,1.0,high_minus_low,interaction,-0.023367208488918878
pb_t006_10,t006,random_high_minus_low,20261205,1.0,high_minus_low,interaction,-0.011696255090880417
pb_t006_12,t006,random_high_minus_low,20261205,1.0,high_minus_low,interaction,-0.017628493593376204
pb_t006_18,t006,random_high_minus_low,20261205,1.0,high_minus_low,interaction,-0.005903169045165633
pb_t006_19,t006,random_high_minus_low,20261205,1.0,high_minus_low,interaction,0.004826848357608062
pb_t007_09,t007,random_high_minus_low,20261205,1.0,high_minus_low,interaction,-0.011036120238282706
pb_t007_10,t007,random_high_minus_low,20261205,1.0,high_minus_low,interaction,0.0045252760706690365
pb_t007_16,t007,random_high_minus_low,20261205,1.0,high_minus_low,interaction,0.0003366864928991361
pb_t007_17,t007,random_high_minus_low,20261205,1.0,high_minus_low,interaction,0.0060712673962963
pb_t007_19,t007,random_high_minus_low,20261205,1.0,high_minus_low,interaction,-0.008255740161722817
pb_t008_09,t008,random_high_minus_low,20261205,1.0,high_minus_low,interaction,-0.01871533374862476
pb_t008_11,t008,random_high_minus_low,20261205,1.0,high_minus_low,interaction,-0.00469099154476014
pb_t008_16,t008,random_high_minus_low,20261205,1.0,high_minus_low,interaction,-0.011197565861408007
pb_t008_17,t008,random_high_minus_low,20261205,1.0,high_minus_low,interaction,0.016253438723834942
pb_t008_20,t008,random_high_minus_low,20261205,1.0,high_minus_low,interaction,0.002857453327531093
pb_t009_07,t009,random_high_minus_low,20261205,1.0,high_minus_low,interaction,-0.005477406997390408
pb_t009_12,t009,random_high_minus_low,20261205,1.0,high_minus_low,interaction,-0.014293559570393433
pb_t009_15,t009,random_high_minus_low,20261205,1.0,high_minus_low,interaction,-0.01091323654650057
pb_t009_17,t009,random_high_minus_low,20261205,1.0,high_minus_low,interaction,-0.006597409585099186
pb_t009_19,t009,random_high_minus_low,20261205,1.0,high_minus_low,interaction,0.0036694482734999307
pb_t010_09,t010,random_high_minus_low,20261205,1.0,high_minus_low,interaction,-0.004261584067860753
pb_t010_12,t010,random_high_minus_low,20261205,1.0,high_minus_low,interaction,-0.01150165603017618
pb_t010_17,t010,random_high_minus_low,20261205,1.0,high_minus_low,interaction,-0.004137810180002671
pb_t010_19,t010,random_high_minus_low,20261205,1.0,high_minus_low,interaction,-0.006244429958285541
pb_t010_20,t010,random_high_minus_low,20261205,1.0,high_minus_low,interaction,-0.005536188378293769
pb_t016_09,t016,random_high_minus_low,20261205,1.0,high_minus_low,interaction,-0.010842827230459434
pb_t016_10,t016,random_high_minus_low,20261205,1.0,high_minus_low,interaction,0.0018321562163335996
pb_t016_12,t016,random_high_minus_low,20261205,1.0,high_minus_low,interaction,0.003188958786808218
pb_t016_17,t016,random_high_minus_low,20261205,1.0,high_minus_low,interaction,0.007036066315371493
pb_t016_20,t016,random_high_minus_low,20261205,1.0,high_minus_low,interaction,0.004823243138353673
pb_t018_08,t018,random_high_minus_low,20261205,1.0,high_minus_low,interaction,-0.0004025853377792137
pb_t018_10,t018,random_high_minus_low,20261205,1.0,high_minus_low,interaction,0.0026987925478632545
pb_t018_11,t018,random_high_minus_low,20261205,1.0,high_minus_low,interaction,-0.000529203939468531
pb_t018_14,t018,random_high_minus_low,20261205,1.0,high_minus_low,interaction,-0.010163670034235822
pb_t018_18,t018,random_high_minus_low,20261205,1.0,high_minus_low,interaction,-0.007452346404352328
pb_t023_09,t023,random_high_minus_low,20261205,1.0,high_minus_low,interaction,-0.0057979622402244
pb_t023_12,t023,random_high_minus_low,20261205,1.0,high_minus_low,interaction,-0.0018864426985236347
pb_t023_13,t023,random_high_minus_low,20261205,1.0,high_minus_low,interaction,-0.011380504657403177
pb_t023_17,t023,random_high_minus_low,20261205,1.0,high_minus_low,interaction,-0.016818219321022114
pb_t023_20,t023,random_high_minus_low,20261205,1.0,high_minus_low,interaction,-0.0043323155792801635
pb_t029_07,t029,random_high_minus_low,20261205,1.0,high_minus_low,interaction,-0.007972861006387126
pb_t029_09,t029,random_high_minus_low,20261205,1.0,high_minus_low,interaction,-0.0036433110187121163
pb_t029_10,t029,random_high_minus_low,20261205,1.0,high_minus_low,interaction,-0.017086859068704427
pb_t029_11,t029,random_high_minus_low,20261205,1.0,high_minus_low,interaction,-0.00143983657651528
pb_t029_12,t029,random_high_minus_low,20261205,1.0,high_minus_low,interaction,-0.008365388448079252
pb_t031_06,t031,random_high_minus_low,20261205,1.0,high_minus_low,interaction,0.0003201557136428268
pb_t031_09,t031,random_high_minus_low,20261205,1.0,high_minus_low,interaction,0.001079936675692954
pb_t031_12,t031,random_high_minus_low,20261205,1.0,high_minus_low,interaction,-0.017364560661461845
pb_t031_13,t031,random_high_minus_low,20261205,1.0,high_minus_low,interaction,-0.011942681505339876
pb_t031_16,t031,random_high_minus_low,20261205,1.0,high_minus_low,interaction,-0.004720481437598703
pb_t032_08,t032,random_high_minus_low,20261205,1.0,high_minus_low,interaction,0.0009393366888644286
pb_t032_09,t032,random_high_minus_low,20261205,1.0,high_minus_low,interaction,0.0017205192757605728
pb_t032_13,t032,random_high_minus_low,20261205,1.0,high_minus_low,interaction,-0.01064225564812707
pb_t032_15,t032,random_high_minus_low,20261205,1.0,high_minus_low,interaction,-0.014850664192838018
pb_t032_16,t032,random_high_minus_low,20261205,1.0,high_minus_low,interaction,-0.022176042826771512
pb_t035_06,t035,random_high_minus_low,20261205,1.0,high_minus_low,interaction,0.003241551374068425
pb_t035_13,t035,random_high_minus_low,20261205,1.0,high_minus_low,interaction,-0.0007902013077148937
pb_t035_15,t035,random_high_minus_low,20261205,1.0,high_minus_low,interaction,0.0008630144409188939
pb_t035_20,t035,random_high_minus_low,20261205,1.0,high_minus_low,interaction,-0.023440215019123942
pb_t035_22,t035,random_high_minus_low,20261205,1.0,high_minus_low,interaction,-0.005299807916563069
pb_t040_08,t040,random_high_minus_low,20261205,1.0,high_minus_low,interaction,-0.013607647997358389
pb_t040_10,t040,random_high_minus_low,20261205,1.0,high_minus_low,interaction,-0.0022099013131291314
pb_t040_13,t040,random_high_minus_low,20261205,1.0,high_minus_low,interaction,0.005418996897750707
pb_t040_14,t040,random_high_minus_low,20261205,1.0,high_minus_low,interaction,-0.00401877255149559
pb_t040_15,t040,random_high_minus_low,20261205,1.0,high_minus_low,interaction,-0.0011678699158591162
pb_t001_08,t001,random_high_minus_low,20261206,1.0,high_minus_low,interaction,-0.014888302053422545
pb_t001_10,t001,random_high_minus_low,20261206,1.0,high_minus_low,interaction,-0.013034211954969885
pb_t001_11,t001,random_high_minus_low,20261206,1.0,high_minus_low,interaction,-0.009290639205698722
pb_t001_12,t001,random_high_minus_low,20261206,1.0,high_minus_low,interaction,-0.010706438090397551
pb_t001_15,t001,random_high_minus_low,20261206,1.0,high_minus_low,interaction,-0.003769990009388031
pb_t002_08,t002,random_high_minus_low,20261206,1.0,high_minus_low,interaction,-0.02017398496785416
pb_t002_16,t002,random_high_minus_low,20261206,1.0,high_minus_low,interaction,-0.016374190178533227
pb_t002_17,t002,random_high_minus_low,20261206,1.0,high_minus_low,interaction,-0.008287447266665202
pb_t002_18,t002,random_high_minus_low,20261206,1.0,high_minus_low,interaction,-0.00329551357195734
pb_t002_20,t002,random_high_minus_low,20261206,1.0,high_minus_low,interaction,-0.02229205902813792
pb_t004_10,t004,random_high_minus_low,20261206,1.0,high_minus_low,interaction,-0.03154586307156243
pb_t004_11,t004,random_high_minus_low,20261206,1.0,high_minus_low,interaction,-0.01588518497215507
pb_t004_13,t004,random_high_minus_low,20261206,1.0,high_minus_low,interaction,-0.015004175283857949
pb_t004_17,t004,random_high_minus_low,20261206,1.0,high_minus_low,interaction,-0.018002198831552595
pb_t004_20,t004,random_high_minus_low,20261206,1.0,high_minus_low,interaction,-0.004053390659533871
pb_t006_09,t006,random_high_minus_low,20261206,1.0,high_minus_low,interaction,-0.017561321613612946
pb_t006_10,t006,random_high_minus_low,20261206,1.0,high_minus_low,interaction,-0.012146544269461781
pb_t006_12,t006,random_high_minus_low,20261206,1.0,high_minus_low,interaction,-0.026055845301800704
pb_t006_18,t006,random_high_minus_low,20261206,1.0,high_minus_low,interaction,-0.006105115586663855
pb_t006_19,t006,random_high_minus_low,20261206,1.0,high_minus_low,interaction,-0.02051799764546153
pb_t007_09,t007,random_high_minus_low,20261206,1.0,high_minus_low,interaction,-0.03785527686520129
pb_t007_10,t007,random_high_minus_low,20261206,1.0,high_minus_low,interaction,-0.024827478401056393
pb_t007_16,t007,random_high_minus_low,20261206,1.0,high_minus_low,interaction,-0.015473502962364773
pb_t007_17,t007,random_high_minus_low,20261206,1.0,high_minus_low,interaction,-0.013480342078082583
pb_t007_19,t007,random_high_minus_low,20261206,1.0,high_minus_low,interaction,-0.01347277394894583
pb_t008_09,t008,random_high_minus_low,20261206,1.0,high_minus_low,interaction,-0.028840278611799518
pb_t008_11,t008,random_high_minus_low,20261206,1.0,high_minus_low,interaction,-0.016317442299906178
pb_t008_16,t008,random_high_minus_low,20261206,1.0,high_minus_low,interaction,-0.026966480382920478
pb_t008_17,t008,random_high_minus_low,20261206,1.0,high_minus_low,interaction,-0.016541645814594018
pb_t008_20,t008,random_high_minus_low,20261206,1.0,high_minus_low,interaction,-0.02434397540104728
pb_t009_07,t009,random_high_minus_low,20261206,1.0,high_minus_low,interaction,-0.0037981596242011744
pb_t009_12,t009,random_high_minus_low,20261206,1.0,high_minus_low,interaction,-0.012511224991287354
pb_t009_15,t009,random_high_minus_low,20261206,1.0,high_minus_low,interaction,-0.008133115404050026
pb_t009_17,t009,random_high_minus_low,20261206,1.0,high_minus_low,interaction,-0.01432668465201969
pb_t009_19,t009,random_high_minus_low,20261206,1.0,high_minus_low,interaction,-0.009557603082147929
pb_t010_09,t010,random_high_minus_low,20261206,1.0,high_minus_low,interaction,-0.015147151845671912
pb_t010_12,t010,random_high_minus_low,20261206,1.0,high_minus_low,interaction,-0.012978778305824843
pb_t010_17,t010,random_high_minus_low,20261206,1.0,high_minus_low,interaction,-0.004842151866381296
pb_t010_19,t010,random_high_minus_low,20261206,1.0,high_minus_low,interaction,-0.01032073765690295
pb_t010_20,t010,random_high_minus_low,20261206,1.0,high_minus_low,interaction,-0.002074922386795385
pb_t016_09,t016,random_high_minus_low,20261206,1.0,high_minus_low,interaction,-0.031073791696458207
pb_t016_10,t016,random_high_minus_low,20261206,1.0,high_minus_low,interaction,-0.02821618557394659
pb_t016_12,t016,random_high_minus_low,20261206,1.0,high_minus_low,interaction,-0.012753756658252445
pb_t016_17,t016,random_high_minus_low,20261206,1.0,high_minus_low,interaction,-0.018837074264827038
pb_t016_20,t016,random_high_minus_low,20261206,1.0,high_minus_low,interaction,-0.010808524504947995
pb_t018_08,t018,random_high_minus_low,20261206,1.0,high_minus_low,interaction,-0.01306745064971306
pb_t018_10,t018,random_high_minus_low,20261206,1.0,high_minus_low,interaction,-0.025532910221792153
pb_t018_11,t018,random_high_minus_low,20261206,1.0,high_minus_low,interaction,-0.02447288557519911
pb_t018_14,t018,random_high_minus_low,20261206,1.0,high_minus_low,interaction,-0.00046710088715658953
pb_t018_18,t018,random_high_minus_low,20261206,1.0,high_minus_low,interaction,-0.010013225114113625
pb_t023_09,t023,random_high_minus_low,20261206,1.0,high_minus_low,interaction,-0.009552498479745259
pb_t023_12,t023,random_high_minus_low,20261206,1.0,high_minus_low,interaction,-0.016691872374092795
pb_t023_13,t023,random_high_minus_low,20261206,1.0,high_minus_low,interaction,-0.004687655810278355
pb_t023_17,t023,random_high_minus_low,20261206,1.0,high_minus_low,interaction,-0.012050073010087276
pb_t023_20,t023,random_high_minus_low,20261206,1.0,high_minus_low,interaction,-0.008984951924604448
pb_t029_07,t029,random_high_minus_low,20261206,1.0,high_minus_low,interaction,-0.01884173337612347
pb_t029_09,t029,random_high_minus_low,20261206,1.0,high_minus_low,interaction,-0.003020996777855246
pb_t029_10,t029,random_high_minus_low,20261206,1.0,high_minus_low,interaction,-0.016595535056848715
pb_t029_11,t029,random_high_minus_low,20261206,1.0,high_minus_low,interaction,-0.017691518545769783
pb_t029_12,t029,random_high_minus_low,20261206,1.0,high_minus_low,interaction,-0.010538938495949743
pb_t031_06,t031,random_high_minus_low,20261206,1.0,high_minus_low,interaction,-0.011268427050552287
pb_t031_09,t031,random_high_minus_low,20261206,1.0,high_minus_low,interaction,-0.005107698306972475
pb_t031_12,t031,random_high_minus_low,20261206,1.0,high_minus_low,interaction,-0.021390420276685983
pb_t031_13,t031,random_high_minus_low,20261206,1.0,high_minus_low,interaction,-0.016034834092141823
pb_t031_16,t031,random_high_minus_low,20261206,1.0,high_minus_low,interaction,-0.012772504439570481
pb_t032_08,t032,random_high_minus_low,20261206,1.0,high_minus_low,interaction,-0.018317203198448522
pb_t032_09,t032,random_high_minus_low,20261206,1.0,high_minus_low,interaction,-0.014135843086601235
pb_t032_13,t032,random_high_minus_low,20261206,1.0,high_minus_low,interaction,-0.015885621540654465
pb_t032_15,t032,random_high_minus_low,20261206,1.0,high_minus_low,interaction,-0.00987289320257392
pb_t032_16,t032,random_high_minus_low,20261206,1.0,high_minus_low,interaction,-0.0067010440953197215
pb_t035_06,t035,random_high_minus_low,20261206,1.0,high_minus_low,interaction,-0.023081896055057987
pb_t035_13,t035,random_high_minus_low,20261206,1.0,high_minus_low,interaction,-0.01785839093198632
pb_t035_15,t035,random_high_minus_low,20261206,1.0,high_minus_low,interaction,-0.012834018932985757
pb_t035_20,t035,random_high_minus_low,20261206,1.0,high_minus_low,interaction,-0.018689646555938185
pb_t035_22,t035,random_high_minus_low,20261206,1.0,high_minus_low,interaction,-0.012589317143226635
pb_t040_08,t040,random_high_minus_low,20261206,1.0,high_minus_low,interaction,-0.02442715924479683
pb_t040_10,t040,random_high_minus_low,20261206,1.0,high_minus_low,interaction,-0.006267789343996979
pb_t040_13,t040,random_high_minus_low,20261206,1.0,high_minus_low,interaction,-0.018760754074849135
pb_t040_14,t040,random_high_minus_low,20261206,1.0,high_minus_low,interaction,-0.013239943506643507
pb_t040_15,t040,random_high_minus_low,20261206,1.0,high_minus_low,interaction,-0.003004120537633983
pb_t001_08,t001,random_high_minus_low,20261207,1.0,high_minus_low,interaction,0.0016152416028667447
pb_t001_10,t001,random_high_minus_low,20261207,1.0,high_minus_low,interaction,-0.013653858503463137
pb_t001_11,t001,random_high_minus_low,20261207,1.0,high_minus_low,interaction,-0.03133723437336176
pb_t001_12,t001,random_high_minus_low,20261207,1.0,high_minus_low,interaction,-0.006662262585634276
pb_t001_15,t001,random_high_minus_low,20261207,1.0,high_minus_low,interaction,-0.016761985139807627
pb_t002_08,t002,random_high_minus_low,20261207,1.0,high_minus_low,interaction,-0.01176362938948071
pb_t002_16,t002,random_high_minus_low,20261207,1.0,high_minus_low,interaction,-0.03449474815789975
pb_t002_17,t002,random_high_minus_low,20261207,1.0,high_minus_low,interaction,-0.012713437727784837
pb_t002_18,t002,random_high_minus_low,20261207,1.0,high_minus_low,interaction,-0.013624371023112494
pb_t002_20,t002,random_high_minus_low,20261207,1.0,high_minus_low,interaction,-0.006378948642279121
pb_t004_10,t004,random_high_minus_low,20261207,1.0,high_minus_low,interaction,-0.041418184116112235
pb_t004_11,t004,random_high_minus_low,20261207,1.0,high_minus_low,interaction,-0.009391898315482403
pb_t004_13,t004,random_high_minus_low,20261207,1.0,high_minus_low,interaction,-0.011022634739843287
pb_t004_17,t004,random_high_minus_low,20261207,1.0,high_minus_low,interaction,-0.006759580365275213
pb_t004_20,t004,random_high_minus_low,20261207,1.0,high_minus_low,interaction,-0.012678531786682002
pb_t006_09,t006,random_high_minus_low,20261207,1.0,high_minus_low,interaction,-0.026868736066917857
pb_t006_10,t006,random_high_minus_low,20261207,1.0,high_minus_low,interaction,-0.004830762799556289
pb_t006_12,t006,random_high_minus_low,20261207,1.0,high_minus_low,interaction,-0.01893672349660309
pb_t006_18,t006,random_high_minus_low,20261207,1.0,high_minus_low,interaction,-0.015146826753709045
pb_t006_19,t006,random_high_minus_low,20261207,1.0,high_minus_low,interaction,0.0009802237871074002
pb_t007_09,t007,random_high_minus_low,20261207,1.0,high_minus_low,interaction,-0.03084602465335313
pb_t007_10,t007,random_high_minus_low,20261207,1.0,high_minus_low,interaction,-0.0018465026608908463
pb_t007_16,t007,random_high_minus_low,20261207,1.0,high_minus_low,interaction,-0.017582649655058923
pb_t007_17,t007,random_high_minus_low,20261207,1.0,high_minus_low,interaction,-0.011118466298439125
pb_t007_19,t007,random_high_minus_low,20261207,1.0,high_minus_low,interaction,-0.004751515099583862
pb_t008_09,t008,random_high_minus_low,20261207,1.0,high_minus_low,interaction,-0.03020432440708623
pb_t008_11,t008,random_high_minus_low,20261207,1.0,high_minus_low,interaction,-0.0006752223771577122
pb_t008_16,t008,random_high_minus_low,20261207,1.0,high_minus_low,interaction,0.009920233130799337
pb_t008_17,t008,random_high_minus_low,20261207,1.0,high_minus_low,interaction,-0.004284362537279731
pb_t008_20,t008,random_high_minus_low,20261207,1.0,high_minus_low,interaction,-0.003323732988187972
pb_t009_07,t009,random_high_minus_low,20261207,1.0,high_minus_low,interaction,-0.020559618050401386
pb_t009_12,t009,random_high_minus_low,20261207,1.0,high_minus_low,interaction,0.001696090801712318
pb_t009_15,t009,random_high_minus_low,20261207,1.0,high_minus_low,interaction,-0.026814714116814388
pb_t009_17,t009,random_high_minus_low,20261207,1.0,high_minus_low,interaction,-0.006380817134958202
pb_t009_19,t009,random_high_minus_low,20261207,1.0,high_minus_low,interaction,0.010080257853329888
pb_t010_09,t010,random_high_minus_low,20261207,1.0,high_minus_low,interaction,-0.013502696166445317
pb_t010_12,t010,random_high_minus_low,20261207,1.0,high_minus_low,interaction,-0.036076622237574844
pb_t010_17,t010,random_high_minus_low,20261207,1.0,high_minus_low,interaction,-0.011956839444118317
pb_t010_19,t010,random_high_minus_low,20261207,1.0,high_minus_low,interaction,-0.018335916803410506
pb_t010_20,t010,random_high_minus_low,20261207,1.0,high_minus_low,interaction,-0.012467212850800427
pb_t016_09,t016,random_high_minus_low,20261207,1.0,high_minus_low,interaction,-0.03903771920228579
pb_t016_10,t016,random_high_minus_low,20261207,1.0,high_minus_low,interaction,-0.011688271046035273
pb_t016_12,t016,random_high_minus_low,20261207,1.0,high_minus_low,interaction,-3.884730752908168e-06
pb_t016_17,t016,random_high_minus_low,20261207,1.0,high_minus_low,interaction,0.0026763190522596583
pb_t016_20,t016,random_high_minus_low,20261207,1.0,high_minus_low,interaction,-0.01062897131369977
pb_t018_08,t018,random_high_minus_low,20261207,1.0,high_minus_low,interaction,-0.006303522788720759
pb_t018_10,t018,random_high_minus_low,20261207,1.0,high_minus_low,interaction,-0.002213828755972869
pb_t018_11,t018,random_high_minus_low,20261207,1.0,high_minus_low,interaction,-0.012325143608734664
pb_t018_14,t018,random_high_minus_low,20261207,1.0,high_minus_low,interaction,-0.01650707412208876
pb_t018_18,t018,random_high_minus_low,20261207,1.0,high_minus_low,interaction,-0.05044607370718627
pb_t023_09,t023,random_high_minus_low,20261207,1.0,high_minus_low,interaction,-0.008287961325244496
pb_t023_12,t023,random_high_minus_low,20261207,1.0,high_minus_low,interaction,-0.012731263723519508
pb_t023_13,t023,random_high_minus_low,20261207,1.0,high_minus_low,interaction,-0.015562082301813197
pb_t023_17,t023,random_high_minus_low,20261207,1.0,high_minus_low,interaction,-0.024580966925950687
pb_t023_20,t023,random_high_minus_low,20261207,1.0,high_minus_low,interaction,-0.006023936900826043
pb_t029_07,t029,random_high_minus_low,20261207,1.0,high_minus_low,interaction,-0.012323199192593701
pb_t029_09,t029,random_high_minus_low,20261207,1.0,high_minus_low,interaction,-0.0076613370365600855
pb_t029_10,t029,random_high_minus_low,20261207,1.0,high_minus_low,interaction,-0.03420426309811121
pb_t029_11,t029,random_high_minus_low,20261207,1.0,high_minus_low,interaction,-0.003966680719690992
pb_t029_12,t029,random_high_minus_low,20261207,1.0,high_minus_low,interaction,-0.005534389284603962
pb_t031_06,t031,random_high_minus_low,20261207,1.0,high_minus_low,interaction,-0.0010369626348133575
pb_t031_09,t031,random_high_minus_low,20261207,1.0,high_minus_low,interaction,0.0071538364841335165
pb_t031_12,t031,random_high_minus_low,20261207,1.0,high_minus_low,interaction,-0.01948148897797146
pb_t031_13,t031,random_high_minus_low,20261207,1.0,high_minus_low,interaction,0.0014303302666078383
pb_t031_16,t031,random_high_minus_low,20261207,1.0,high_minus_low,interaction,0.006143591259491611
pb_t032_08,t032,random_high_minus_low,20261207,1.0,high_minus_low,interaction,-0.0042697094178811915
pb_t032_09,t032,random_high_minus_low,20261207,1.0,high_minus_low,interaction,0.00423155910017796
pb_t032_13,t032,random_high_minus_low,20261207,1.0,high_minus_low,interaction,-0.0068267285481582755
pb_t032_15,t032,random_high_minus_low,20261207,1.0,high_minus_low,interaction,-0.005490775409134606
pb_t032_16,t032,random_high_minus_low,20261207,1.0,high_minus_low,interaction,-0.024124144035912263
pb_t035_06,t035,random_high_minus_low,20261207,1.0,high_minus_low,interaction,-0.007291107881540356
pb_t035_13,t035,random_high_minus_low,20261207,1.0,high_minus_low,interaction,-0.007074149398859943
pb_t035_15,t035,random_high_minus_low,20261207,1.0,high_minus_low,interaction,-0.014539830729065423
pb_t035_20,t035,random_high_minus_low,20261207,1.0,high_minus_low,interaction,-0.038172672577811095
pb_t035_22,t035,random_high_minus_low,20261207,1.0,high_minus_low,interaction,-0.019440163967875183
pb_t040_08,t040,random_high_minus_low,20261207,1.0,high_minus_low,interaction,-0.03478979104185302
pb_t040_10,t040,random_high_minus_low,20261207,1.0,high_minus_low,interaction,-0.012872806493924029
pb_t040_13,t040,random_high_minus_low,20261207,1.0,high_minus_low,interaction,-0.008247222946801157
pb_t040_14,t040,random_high_minus_low,20261207,1.0,high_minus_low,interaction,-0.021972188225527548
pb_t040_15,t040,random_high_minus_low,20261207,1.0,high_minus_low,interaction,-0.009376801304694472
pb_t001_08,t001,random_high_minus_low,20261208,1.0,high_minus_low,interaction,0.010478970069466128
pb_t001_10,t001,random_high_minus_low,20261208,1.0,high_minus_low,interaction,0.010871738788125508
pb_t001_11,t001,random_high_minus_low,20261208,1.0,high_minus_low,interaction,0.013741798523800714
pb_t001_12,t001,random_high_minus_low,20261208,1.0,high_minus_low,interaction,0.01852095571783585
pb_t001_15,t001,random_high_minus_low,20261208,1.0,high_minus_low,interaction,0.018278010877100088
pb_t002_08,t002,random_high_minus_low,20261208,1.0,high_minus_low,interaction,0.024891418290143047
pb_t002_16,t002,random_high_minus_low,20261208,1.0,high_minus_low,interaction,0.02431864299134552
pb_t002_17,t002,random_high_minus_low,20261208,1.0,high_minus_low,interaction,0.010081701870813397
pb_t002_18,t002,random_high_minus_low,20261208,1.0,high_minus_low,interaction,0.009669466369352675
pb_t002_20,t002,random_high_minus_low,20261208,1.0,high_minus_low,interaction,0.025998164918389743
pb_t004_10,t004,random_high_minus_low,20261208,1.0,high_minus_low,interaction,0.0292397993838457
pb_t004_11,t004,random_high_minus_low,20261208,1.0,high_minus_low,interaction,0.01822285087495696
pb_t004_13,t004,random_high_minus_low,20261208,1.0,high_minus_low,interaction,0.0240332617134144
pb_t004_17,t004,random_high_minus_low,20261208,1.0,high_minus_low,interaction,0.010812838765366385
pb_t004_20,t004,random_high_minus_low,20261208,1.0,high_minus_low,interaction,0.014474095569862209
pb_t006_09,t006,random_high_minus_low,20261208,1.0,high_minus_low,interaction,0.031229575160086672
pb_t006_10,t006,random_high_minus_low,20261208,1.0,high_minus_low,interaction,0.012243822420416516
pb_t006_12,t006,random_high_minus_low,20261208,1.0,high_minus_low,interaction,0.04160558492005451
pb_t006_18,t006,random_high_minus_low,20261208,1.0,high_minus_low,interaction,0.0349252042106407
pb_t006_19,t006,random_high_minus_low,20261208,1.0,high_minus_low,interaction,0.02086920130209683
pb_t007_09,t007,random_high_minus_low,20261208,1.0,high_minus_low,interaction,0.024002705609185188
pb_t007_10,t007,random_high_minus_low,20261208,1.0,high_minus_low,interaction,0.02643778689029078
pb_t007_16,t007,random_high_minus_low,20261208,1.0,high_minus_low,interaction,0.022835196857209302
pb_t007_17,t007,random_high_minus_low,20261208,1.0,high_minus_low,interaction,0.018921861944871235
pb_t007_19,t007,random_high_minus_low,20261208,1.0,high_minus_low,interaction,0.012873309701083907
pb_t008_09,t008,random_high_minus_low,20261208,1.0,high_minus_low,interaction,0.018512284876314927
pb_t008_11,t008,random_high_minus_low,20261208,1.0,high_minus_low,interaction,0.02364087850828715
pb_t008_16,t008,random_high_minus_low,20261208,1.0,high_minus_low,interaction,0.019124655692490063
pb_t008_17,t008,random_high_minus_low,20261208,1.0,high_minus_low,interaction,0.016270577113172882
pb_t008_20,t008,random_high_minus_low,20261208,1.0,high_minus_low,interaction,0.013355443732856801
pb_t009_07,t009,random_high_minus_low,20261208,1.0,high_minus_low,interaction,0.0211184174872685
pb_t009_12,t009,random_high_minus_low,20261208,1.0,high_minus_low,interaction,0.013388693352698341
pb_t009_15,t009,random_high_minus_low,20261208,1.0,high_minus_low,interaction,0.0304738405414511
pb_t009_17,t009,random_high_minus_low,20261208,1.0,high_minus_low,interaction,0.0268382149458052
pb_t009_19,t009,random_high_minus_low,20261208,1.0,high_minus_low,interaction,0.0225417925029005
pb_t010_09,t010,random_high_minus_low,20261208,1.0,high_minus_low,interaction,0.03983797126433884
pb_t010_12,t010,random_high_minus_low,20261208,1.0,high_minus_low,interaction,0.0368389036689172
pb_t010_17,t010,random_high_minus_low,20261208,1.0,high_minus_low,interaction,0.011063049970818183
pb_t010_19,t010,random_high_minus_low,20261208,1.0,high_minus_low,interaction,0.030282502083897666
pb_t010_20,t010,random_high_minus_low,20261208,1.0,high_minus_low,interaction,0.03164083824138163
pb_t016_09,t016,random_high_minus_low,20261208,1.0,high_minus_low,interaction,0.03377242242569804
pb_t016_10,t016,random_high_minus_low,20261208,1.0,high_minus_low,interaction,0.047516217902021804
pb_t016_12,t016,random_high_minus_low,20261208,1.0,high_minus_low,interaction,0.024957815212114993
pb_t016_17,t016,random_high_minus_low,20261208,1.0,high_minus_low,interaction,0.017835992786761325
pb_t016_20,t016,random_high_minus_low,20261208,1.0,high_minus_low,interaction,0.03478541768593458
pb_t018_08,t018,random_high_minus_low,20261208,1.0,high_minus_low,interaction,0.02530288550153292
pb_t018_10,t018,random_high_minus_low,20261208,1.0,high_minus_low,interaction,0.019717979846678314
pb_t018_11,t018,random_high_minus_low,20261208,1.0,high_minus_low,interaction,0.0381949941728336
pb_t018_14,t018,random_high_minus_low,20261208,1.0,high_minus_low,interaction,0.028347200346055198
pb_t018_18,t018,random_high_minus_low,20261208,1.0,high_minus_low,interaction,0.03810873376132097
pb_t023_09,t023,random_high_minus_low,20261208,1.0,high_minus_low,interaction,0.0227886209143189
pb_t023_12,t023,random_high_minus_low,20261208,1.0,high_minus_low,interaction,0.027051045720895704
pb_t023_13,t023,random_high_minus_low,20261208,1.0,high_minus_low,interaction,0.02746683227303333
pb_t023_17,t023,random_high_minus_low,20261208,1.0,high_minus_low,interaction,0.030279579406340077
pb_t023_20,t023,random_high_minus_low,20261208,1.0,high_minus_low,interaction,0.023866291874858486
pb_t029_07,t029,random_high_minus_low,20261208,1.0,high_minus_low,interaction,0.019084970289748326
pb_t029_09,t029,random_high_minus_low,20261208,1.0,high_minus_low,interaction,0.025046633963778684
pb_t029_10,t029,random_high_minus_low,20261208,1.0,high_minus_low,interaction,0.02596812901210956
pb_t029_11,t029,random_high_minus_low,20261208,1.0,high_minus_low,interaction,0.03402205690728125
pb_t029_12,t029,random_high_minus_low,20261208,1.0,high_minus_low,interaction,0.028343377916658894
pb_t031_06,t031,random_high_minus_low,20261208,1.0,high_minus_low,interaction,0.025391997511721377
pb_t031_09,t031,random_high_minus_low,20261208,1.0,high_minus_low,interaction,0.024768319191024263
pb_t031_12,t031,random_high_minus_low,20261208,1.0,high_minus_low,interaction,0.02898237224936694
pb_t031_13,t031,random_high_minus_low,20261208,1.0,high_minus_low,interaction,0.019957448952168725
pb_t031_16,t031,random_high_minus_low,20261208,1.0,high_minus_low,interaction,0.021958649678535752
pb_t032_08,t032,random_high_minus_low,20261208,1.0,high_minus_low,interaction,0.02375998070304787
pb_t032_09,t032,random_high_minus_low,20261208,1.0,high_minus_low,interaction,0.023880182404968545
pb_t032_13,t032,random_high_minus_low,20261208,1.0,high_minus_low,interaction,0.02951467308484091
pb_t032_15,t032,random_high_minus_low,20261208,1.0,high_minus_low,interaction,0.009922712715201933
pb_t032_16,t032,random_high_minus_low,20261208,1.0,high_minus_low,interaction,0.032421019463143026
pb_t035_06,t035,random_high_minus_low,20261208,1.0,high_minus_low,interaction,0.031951119905086034
pb_t035_13,t035,random_high_minus_low,20261208,1.0,high_minus_low,interaction,0.01718519082378621
pb_t035_15,t035,random_high_minus_low,20261208,1.0,high_minus_low,interaction,0.02725716743785243
pb_t035_20,t035,random_high_minus_low,20261208,1.0,high_minus_low,interaction,0.03571063408291985
pb_t035_22,t035,random_high_minus_low,20261208,1.0,high_minus_low,interaction,0.028195340263716492
pb_t040_08,t040,random_high_minus_low,20261208,1.0,high_minus_low,interaction,0.03219306005927366
pb_t040_10,t040,random_high_minus_low,20261208,1.0,high_minus_low,interaction,0.019708879917881394
pb_t040_13,t040,random_high_minus_low,20261208,1.0,high_minus_low,interaction,0.019772761630480282
pb_t040_14,t040,random_high_minus_low,20261208,1.0,high_minus_low,interaction,0.03255429644988908
pb_t040_15,t040,random_high_minus_low,20261208,1.0,high_minus_low,interaction,0.02321467068757433
pb_t001_08,t001,random_high_minus_low,20261209,1.0,high_minus_low,interaction,-0.009860210894143667
pb_t001_10,t001,random_high_minus_low,20261209,1.0,high_minus_low,interaction,0.015070223755822846
pb_t001_11,t001,random_high_minus_low,20261209,1.0,high_minus_low,interaction,0.015194244278739751
pb_t001_12,t001,random_high_minus_low,20261209,1.0,high_minus_low,interaction,0.014544013042045612
pb_t001_15,t001,random_high_minus_low,20261209,1.0,high_minus_low,interaction,0.01702946116325615
pb_t002_08,t002,random_high_minus_low,20261209,1.0,high_minus_low,interaction,0.019005795953844763
pb_t002_16,t002,random_high_minus_low,20261209,1.0,high_minus_low,interaction,0.022468201291622584
pb_t002_17,t002,random_high_minus_low,20261209,1.0,high_minus_low,interaction,0.00935368896645388
pb_t002_18,t002,random_high_minus_low,20261209,1.0,high_minus_low,interaction,-0.0004986310767731217
pb_t002_20,t002,random_high_minus_low,20261209,1.0,high_minus_low,interaction,0.014436937778009598
pb_t004_10,t004,random_high_minus_low,20261209,1.0,high_minus_low,interaction,0.01150324318424366
pb_t004_11,t004,random_high_minus_low,20261209,1.0,high_minus_low,interaction,0.004134523256638512
pb_t004_13,t004,random_high_minus_low,20261209,1.0,high_minus_low,interaction,0.011997499963766398
pb_t004_17,t004,random_high_minus_low,20261209,1.0,high_minus_low,interaction,0.013744833547303301
pb_t004_20,t004,random_high_minus_low,20261209,1.0,high_minus_low,interaction,0.023317318068657233
pb_t006_09,t006,random_high_minus_low,20261209,1.0,high_minus_low,interaction,0.02359717258601763
pb_t006_10,t006,random_high_minus_low,20261209,1.0,high_minus_low,interaction,0.02025488367242363
pb_t006_12,t006,random_high_minus_low,20261209,1.0,high_minus_low,interaction,-0.002140944499559892
pb_t006_18,t006,random_high_minus_low,20261209,1.0,high_minus_low,interaction,0.02651256895630454
pb_t006_19,t006,random_high_minus_low,20261209,1.0,high_minus_low,interaction,0.004041133607292414
pb_t007_09,t007,random_high_minus_low,20261209,1.0,high_minus_low,interaction,0.014978409055942474
pb_t007_10,t007,random_high_minus_low,20261209,1.0,high_minus_low,interaction,0.011757469121048318
pb_t007_16,t007,random_high_minus_low,20261209,1.0,high_minus_low,interaction,0.013114412523281238
pb_t007_17,t007,random_high_minus_low,20261209,1.0,high_minus_low,interaction,0.0017789384149520951
pb_t007_19,t007,random_high_minus_low,20261209,1.0,high_minus_low,interaction,0.006166784142827191
pb_t008_09,t008,random_high_minus_low,20261209,1.0,high_minus_low,interaction,0.008101554483506959
pb_t008_11,t008,random_high_minus_low,20261209,1.0,high_minus_low,interaction,0.013036714704618335
pb_t008_16,t008,random_high_minus_low,20261209,1.0,high_minus_low,interaction,0.006642712101126142
pb_t008_17,t008,random_high_minus_low,20261209,1.0,high_minus_low,interaction,-0.00379412118169267
pb_t008_20,t008,random_high_minus_low,20261209,1.0,high_minus_low,interaction,0.017017276072562797
pb_t009_07,t009,random_high_minus_low,20261209,1.0,high_minus_low,interaction,0.02212244301281854
pb_t009_12,t009,random_high_minus_low,20261209,1.0,high_minus_low,interaction,0.021479766897921544
pb_t009_15,t009,random_high_minus_low,20261209,1.0,high_minus_low,interaction,0.019976262282202374
pb_t009_17,t009,random_high_minus_low,20261209,1.0,high_minus_low,interaction,0.019462330297886663
pb_t009_19,t009,random_high_minus_low,20261209,1.0,high_minus_low,interaction,0.0016046612908164962
pb_t010_09,t010,random_high_minus_low,20261209,1.0,high_minus_low,interaction,0.010196399338605914
pb_t010_12,t010,random_high_minus_low,20261209,1.0,high_minus_low,interaction,0.010509144968098438
pb_t010_17,t010,random_high_minus_low,20261209,1.0,high_minus_low,interaction,0.0002628927312561651
pb_t010_19,t010,random_high_minus_low,20261209,1.0,high_minus_low,interaction,0.0071601156962688125
pb_t010_20,t010,random_high_minus_low,20261209,1.0,high_minus_low,interaction,0.012546702951312431
pb_t016_09,t016,random_high_minus_low,20261209,1.0,high_minus_low,interaction,0.00807213860674216
pb_t016_10,t016,random_high_minus_low,20261209,1.0,high_minus_low,interaction,0.014500389116780579
pb_t016_12,t016,random_high_minus_low,20261209,1.0,high_minus_low,interaction,0.015947893380035813
pb_t016_17,t016,random_high_minus_low,20261209,1.0,high_minus_low,interaction,0.01310459517101365
pb_t016_20,t016,random_high_minus_low,20261209,1.0,high_minus_low,interaction,0.019440780197839503
pb_t018_08,t018,random_high_minus_low,20261209,1.0,high_minus_low,interaction,0.01280397670178615
pb_t018_10,t018,random_high_minus_low,20261209,1.0,high_minus_low,interaction,0.004769186658906103
pb_t018_11,t018,random_high_minus_low,20261209,1.0,high_minus_low,interaction,0.002556022316532579
pb_t018_14,t018,random_high_minus_low,20261209,1.0,high_minus_low,interaction,0.020540304310035305
pb_t018_18,t018,random_high_minus_low,20261209,1.0,high_minus_low,interaction,0.014428651437647324
pb_t023_09,t023,random_high_minus_low,20261209,1.0,high_minus_low,interaction,0.02041317138831711
pb_t023_12,t023,random_high_minus_low,20261209,1.0,high_minus_low,interaction,0.015992696406375847
pb_t023_13,t023,random_high_minus_low,20261209,1.0,high_minus_low,interaction,0.01757339180137365
pb_t023_17,t023,random_high_minus_low,20261209,1.0,high_minus_low,interaction,0.012153446954479336
pb_t023_20,t023,random_high_minus_low,20261209,1.0,high_minus_low,interaction,0.00641595002411808
pb_t029_07,t029,random_high_minus_low,20261209,1.0,high_minus_low,interaction,0.011150263218705296
pb_t029_09,t029,random_high_minus_low,20261209,1.0,high_minus_low,interaction,0.016471262964645073
pb_t029_10,t029,random_high_minus_low,20261209,1.0,high_minus_low,interaction,0.0246485888866285
pb_t029_11,t029,random_high_minus_low,20261209,1.0,high_minus_low,interaction,0.0192752328627346
pb_t029_12,t029,random_high_minus_low,20261209,1.0,high_minus_low,interaction,0.009687746395428978
pb_t031_06,t031,random_high_minus_low,20261209,1.0,high_minus_low,interaction,0.009653856273501644
pb_t031_09,t031,random_high_minus_low,20261209,1.0,high_minus_low,interaction,0.004740662449564928
pb_t031_12,t031,random_high_minus_low,20261209,1.0,high_minus_low,interaction,0.02522434471247267
pb_t031_13,t031,random_high_minus_low,20261209,1.0,high_minus_low,interaction,0.015913419088510756
pb_t031_16,t031,random_high_minus_low,20261209,1.0,high_minus_low,interaction,0.009625383361063628
pb_t032_08,t032,random_high_minus_low,20261209,1.0,high_minus_low,interaction,0.008753381344639733
pb_t032_09,t032,random_high_minus_low,20261209,1.0,high_minus_low,interaction,0.016622796989929856
pb_t032_13,t032,random_high_minus_low,20261209,1.0,high_minus_low,interaction,0.0075372705192745795
pb_t032_15,t032,random_high_minus_low,20261209,1.0,high_minus_low,interaction,0.007838961328117362
pb_t032_16,t032,random_high_minus_low,20261209,1.0,high_minus_low,interaction,0.0229434328036667
pb_t035_06,t035,random_high_minus_low,20261209,1.0,high_minus_low,interaction,0.009870575970335641
pb_t035_13,t035,random_high_minus_low,20261209,1.0,high_minus_low,interaction,0.0028227379629131794
pb_t035_15,t035,random_high_minus_low,20261209,1.0,high_minus_low,interaction,0.0148807350429791
pb_t035_20,t035,random_high_minus_low,20261209,1.0,high_minus_low,interaction,0.011344192842185416
pb_t035_22,t035,random_high_minus_low,20261209,1.0,high_minus_low,interaction,0.014454416349049398
pb_t040_08,t040,random_high_minus_low,20261209,1.0,high_minus_low,interaction,0.004692811902997117
pb_t040_10,t040,random_high_minus_low,20261209,1.0,high_minus_low,interaction,0.016012565175829226
pb_t040_13,t040,random_high_minus_low,20261209,1.0,high_minus_low,interaction,0.007275228196967685
pb_t040_14,t040,random_high_minus_low,20261209,1.0,high_minus_low,interaction,0.009557739928645495
pb_t040_15,t040,random_high_minus_low,20261209,1.0,high_minus_low,interaction,0.010779679893046639
pb_t001_08,t001,random_high_minus_low,20261210,1.0,high_minus_low,interaction,0.0036532892377940662
pb_t001_10,t001,random_high_minus_low,20261210,1.0,high_minus_low,interaction,0.0083770412407577
pb_t001_11,t001,random_high_minus_low,20261210,1.0,high_minus_low,interaction,0.003059635525270753
pb_t001_12,t001,random_high_minus_low,20261210,1.0,high_minus_low,interaction,0.006442648119600615
pb_t001_15,t001,random_high_minus_low,20261210,1.0,high_minus_low,interaction,-0.004474858654989954
pb_t002_08,t002,random_high_minus_low,20261210,1.0,high_minus_low,interaction,0.012084875472681035
pb_t002_16,t002,random_high_minus_low,20261210,1.0,high_minus_low,interaction,-0.0011592739505252106
pb_t002_17,t002,random_high_minus_low,20261210,1.0,high_minus_low,interaction,-0.0012170290795573552
pb_t002_18,t002,random_high_minus_low,20261210,1.0,high_minus_low,interaction,0.010812110930918337
pb_t002_20,t002,random_high_minus_low,20261210,1.0,high_minus_low,interaction,0.0036975750663158316
pb_t004_10,t004,random_high_minus_low,20261210,1.0,high_minus_low,interaction,0.010255895419065287
pb_t004_11,t004,random_high_minus_low,20261210,1.0,high_minus_low,interaction,-0.001300598930450658
pb_t004_13,t004,random_high_minus_low,20261210,1.0,high_minus_low,interaction,0.010982617012661688
pb_t004_17,t004,random_high_minus_low,20261210,1.0,high_minus_low,interaction,0.010746977164281461
pb_t004_20,t004,random_high_minus_low,20261210,1.0,high_minus_low,interaction,0.0012851504272965754
pb_t006_09,t006,random_high_minus_low,20261210,1.0,high_minus_low,interaction,0.009794555464959519
pb_t006_10,t006,random_high_minus_low,20261210,1.0,high_minus_low,interaction,0.0003326319872418693
pb_t006_12,t006,random_high_minus_low,20261210,1.0,high_minus_low,interaction,0.0025423306945195493
pb_t006_18,t006,random_high_minus_low,20261210,1.0,high_minus_low,interaction,-0.0008594238778173945
pb_t006_19,t006,random_high_minus_low,20261210,1.0,high_minus_low,interaction,-0.007754994974750293
pb_t007_09,t007,random_high_minus_low,20261210,1.0,high_minus_low,interaction,-0.002334661978089597
pb_t007_10,t007,random_high_minus_low,20261210,1.0,high_minus_low,interaction,0.0026923404596742467
pb_t007_16,t007,random_high_minus_low,20261210,1.0,high_minus_low,interaction,0.0016091599287769303
pb_t007_17,t007,random_high_minus_low,20261210,1.0,high_minus_low,interaction,-0.00010112441443964467
pb_t007_19,t007,random_high_minus_low,20261210,1.0,high_minus_low,interaction,0.005793518582138834
pb_t008_09,t008,random_high_minus_low,20261210,1.0,high_minus_low,interaction,0.014452109106313329
pb_t008_11,t008,random_high_minus_low,20261210,1.0,high_minus_low,interaction,-0.0018355569762839043
pb_t008_16,t008,random_high_minus_low,20261210,1.0,high_minus_low,interaction,0.012251628892624855
pb_t008_17,t008,random_high_minus_low,20261210,1.0,high_minus_low,interaction,0.0010682134528896504
pb_t008_20,t008,random_high_minus_low,20261210,1.0,high_minus_low,interaction,0.0022370872364579713
pb_t009_07,t009,random_high_minus_low,20261210,1.0,high_minus_low,interaction,-0.0023760329475255256
pb_t009_12,t009,random_high_minus_low,20261210,1.0,high_minus_low,interaction,0.0014507741244053113
pb_t009_15,t009,random_high_minus_low,20261210,1.0,high_minus_low,interaction,0.011376829542229447
pb_t009_17,t009,random_high_minus_low,20261210,1.0,high_minus_low,interaction,-0.000995892461137916
pb_t009_19,t009,random_high_minus_low,20261210,1.0,high_minus_low,interaction,0.0033358858458688873
pb_t010_09,t010,random_high_minus_low,20261210,1.0,high_minus_low,interaction,0.005724083389174631
pb_t010_12,t010,random_high_minus_low,20261210,1.0,high_minus_low,interaction,0.014211528032441004
pb_t010_17,t010,random_high_minus_low,20261210,1.0,high_minus_low,interaction,-0.002372456038663725
pb_t010_19,t010,random_high_minus_low,20261210,1.0,high_minus_low,interaction,0.019943301251227317
pb_t010_20,t010,random_high_minus_low,20261210,1.0,high_minus_low,interaction,0.004301834315892732
pb_t016_09,t016,random_high_minus_low,20261210,1.0,high_minus_low,interaction,0.01830971078187433
pb_t016_10,t016,random_high_minus_low,20261210,1.0,high_minus_low,interaction,0.009608555287385509
pb_t016_12,t016,random_high_minus_low,20261210,1.0,high_minus_low,interaction,0.005556838942634512
pb_t016_17,t016,random_high_minus_low,20261210,1.0,high_minus_low,interaction,0.005548074788109087
pb_t016_20,t016,random_high_minus_low,20261210,1.0,high_minus_low,interaction,0.01145123744527877
pb_t018_08,t018,random_high_minus_low,20261210,1.0,high_minus_low,interaction,0.0036147969511807826
pb_t018_10,t018,random_high_minus_low,20261210,1.0,high_minus_low,interaction,-0.003092157417017004
pb_t018_11,t018,random_high_minus_low,20261210,1.0,high_minus_low,interaction,0.003521984199963428
pb_t018_14,t018,random_high_minus_low,20261210,1.0,high_minus_low,interaction,-0.01564076080175313
pb_t018_18,t018,random_high_minus_low,20261210,1.0,high_minus_low,interaction,0.010705387216721632
pb_t023_09,t023,random_high_minus_low,20261210,1.0,high_minus_low,interaction,-0.005244283346996015
pb_t023_12,t023,random_high_minus_low,20261210,1.0,high_minus_low,interaction,0.0072177620392262784
pb_t023_13,t023,random_high_minus_low,20261210,1.0,high_minus_low,interaction,0.009640994413263852
pb_t023_17,t023,random_high_minus_low,20261210,1.0,high_minus_low,interaction,0.011546712554739824
pb_t023_20,t023,random_high_minus_low,20261210,1.0,high_minus_low,interaction,3.6231115854330753e-06
pb_t029_07,t029,random_high_minus_low,20261210,1.0,high_minus_low,interaction,-0.0019340758037483935
pb_t029_09,t029,random_high_minus_low,20261210,1.0,high_minus_low,interaction,-0.0044519757523743125
pb_t029_10,t029,random_high_minus_low,20261210,1.0,high_minus_low,interaction,0.0034586387341281545
pb_t029_11,t029,random_high_minus_low,20261210,1.0,high_minus_low,interaction,0.005487497793398561
pb_t029_12,t029,random_high_minus_low,20261210,1.0,high_minus_low,interaction,0.011501402907167745
pb_t031_06,t031,random_high_minus_low,20261210,1.0,high_minus_low,interaction,-0.0023865525589219488
pb_t031_09,t031,random_high_minus_low,20261210,1.0,high_minus_low,interaction,-0.010433962002938876
pb_t031_12,t031,random_high_minus_low,20261210,1.0,high_minus_low,interaction,0.007956316457498898
pb_t031_13,t031,random_high_minus_low,20261210,1.0,high_minus_low,interaction,0.004842382154258686
pb_t031_16,t031,random_high_minus_low,20261210,1.0,high_minus_low,interaction,0.001312117632441117
pb_t032_08,t032,random_high_minus_low,20261210,1.0,high_minus_low,interaction,0.0005408146538480677
pb_t032_09,t032,random_high_minus_low,20261210,1.0,high_minus_low,interaction,-0.0015076193380052136
pb_t032_13,t032,random_high_minus_low,20261210,1.0,high_minus_low,interaction,-0.0005178590444158554
pb_t032_15,t032,random_high_minus_low,20261210,1.0,high_minus_low,interaction,-0.0008432496127294628
pb_t032_16,t032,random_high_minus_low,20261210,1.0,high_minus_low,interaction,0.001470831020849919
pb_t035_06,t035,random_high_minus_low,20261210,1.0,high_minus_low,interaction,0.0016603643738519341
pb_t035_13,t035,random_high_minus_low,20261210,1.0,high_minus_low,interaction,0.0037734348926683897
pb_t035_15,t035,random_high_minus_low,20261210,1.0,high_minus_low,interaction,0.008320509302906036
pb_t035_20,t035,random_high_minus_low,20261210,1.0,high_minus_low,interaction,0.010375759009281763
pb_t035_22,t035,random_high_minus_low,20261210,1.0,high_minus_low,interaction,-0.001360651675089327
pb_t040_08,t040,random_high_minus_low,20261210,1.0,high_minus_low,interaction,0.00934257899275488
pb_t040_10,t040,random_high_minus_low,20261210,1.0,high_minus_low,interaction,0.01634965112227234
pb_t040_13,t040,random_high_minus_low,20261210,1.0,high_minus_low,interaction,-0.00226675610745711
pb_t040_14,t040,random_high_minus_low,20261210,1.0,high_minus_low,interaction,0.015344206015729342
pb_t040_15,t040,random_high_minus_low,20261210,1.0,high_minus_low,interaction,-0.00027215897721663904
pb_t001_08,t001,random_high_minus_low,20261211,1.0,high_minus_low,interaction,-0.026478252018113112
pb_t001_10,t001,random_high_minus_low,20261211,1.0,high_minus_low,interaction,-0.014278343763933296
pb_t001_11,t001,random_high_minus_low,20261211,1.0,high_minus_low,interaction,-0.013415022470780504
pb_t001_12,t001,random_high_minus_low,20261211,1.0,high_minus_low,interaction,-0.020659134210098296
pb_t001_15,t001,random_high_minus_low,20261211,1.0,high_minus_low,interaction,-0.00822591643425659
pb_t002_08,t002,random_high_minus_low,20261211,1.0,high_minus_low,interaction,-0.013761742901369414
pb_t002_16,t002,random_high_minus_low,20261211,1.0,high_minus_low,interaction,-0.014962848070181573
pb_t002_17,t002,random_high_minus_low,20261211,1.0,high_minus_low,interaction,-0.018080315380541608
pb_t002_18,t002,random_high_minus_low,20261211,1.0,high_minus_low,interaction,-0.007674572826764974
pb_t002_20,t002,random_high_minus_low,20261211,1.0,high_minus_low,interaction,-0.013146592657025585
pb_t004_10,t004,random_high_minus_low,20261211,1.0,high_minus_low,interaction,-0.022717370033565516
pb_t004_11,t004,random_high_minus_low,20261211,1.0,high_minus_low,interaction,-0.03160035157176862
pb_t004_13,t004,random_high_minus_low,20261211,1.0,high_minus_low,interaction,-0.01379850841145471
pb_t004_17,t004,random_high_minus_low,20261211,1.0,high_minus_low,interaction,-0.022342178019225587
pb_t004_20,t004,random_high_minus_low,20261211,1.0,high_minus_low,interaction,-0.021816748707159262
pb_t006_09,t006,random_high_minus_low,20261211,1.0,high_minus_low,interaction,-0.008587142846780613
pb_t006_10,t006,random_high_minus_low,20261211,1.0,high_minus_low,interaction,-0.009829944785882234
pb_t006_12,t006,random_high_minus_low,20261211,1.0,high_minus_low,interaction,-0.022523486706298314
pb_t006_18,t006,random_high_minus_low,20261211,1.0,high_minus_low,interaction,-0.011020219246123704
pb_t006_19,t006,random_high_minus_low,20261211,1.0,high_minus_low,interaction,-0.01612000478336729
pb_t007_09,t007,random_high_minus_low,20261211,1.0,high_minus_low,interaction,-0.015356491169893915
pb_t007_10,t007,random_high_minus_low,20261211,1.0,high_minus_low,interaction,-0.015653471456764503
pb_t007_16,t007,random_high_minus_low,20261211,1.0,high_minus_low,interaction,-0.013936176651669394
pb_t007_17,t007,random_high_minus_low,20261211,1.0,high_minus_low,interaction,-0.006366651727938555
pb_t007_19,t007,random_high_minus_low,20261211,1.0,high_minus_low,interaction,-0.016678438205885198
pb_t008_09,t008,random_high_minus_low,20261211,1.0,high_minus_low,interaction,-0.0029240636131495114
pb_t008_11,t008,random_high_minus_low,20261211,1.0,high_minus_low,interaction,-0.015862492179605475
pb_t008_16,t008,random_high_minus_low,20261211,1.0,high_minus_low,interaction,-0.01831109497923046
pb_t008_17,t008,random_high_minus_low,20261211,1.0,high_minus_low,interaction,-0.013605581522556814
pb_t008_20,t008,random_high_minus_low,20261211,1.0,high_minus_low,interaction,-0.01993133586578727
pb_t009_07,t009,random_high_minus_low,20261211,1.0,high_minus_low,interaction,-0.012278867257203847
pb_t009_12,t009,random_high_minus_low,20261211,1.0,high_minus_low,interaction,-0.01690026844982781
pb_t009_15,t009,random_high_minus_low,20261211,1.0,high_minus_low,interaction,0.0025508747417355843
pb_t009_17,t009,random_high_minus_low,20261211,1.0,high_minus_low,interaction,-0.024177451801541
pb_t009_19,t009,random_high_minus_low,20261211,1.0,high_minus_low,interaction,-0.021753069308997692
pb_t010_09,t010,random_high_minus_low,20261211,1.0,high_minus_low,interaction,-0.006785576814454705
pb_t010_12,t010,random_high_minus_low,20261211,1.0,high_minus_low,interaction,-0.0060490032954882735
pb_t010_17,t010,random_high_minus_low,20261211,1.0,high_minus_low,interaction,-0.006517919145253346
pb_t010_19,t010,random_high_minus_low,20261211,1.0,high_minus_low,interaction,-0.0203122260577971
pb_t010_20,t010,random_high_minus_low,20261211,1.0,high_minus_low,interaction,-0.006339939704584904
pb_t016_09,t016,random_high_minus_low,20261211,1.0,high_minus_low,interaction,-0.010576451946556618
pb_t016_10,t016,random_high_minus_low,20261211,1.0,high_minus_low,interaction,-0.008848134327967988
pb_t016_12,t016,random_high_minus_low,20261211,1.0,high_minus_low,interaction,-0.015654067213850813
pb_t016_17,t016,random_high_minus_low,20261211,1.0,high_minus_low,interaction,-0.012670059064275705
pb_t016_20,t016,random_high_minus_low,20261211,1.0,high_minus_low,interaction,-0.01695746448390352
pb_t018_08,t018,random_high_minus_low,20261211,1.0,high_minus_low,interaction,-0.025135130032306326
pb_t018_10,t018,random_high_minus_low,20261211,1.0,high_minus_low,interaction,-0.02225212176907293
pb_t018_11,t018,random_high_minus_low,20261211,1.0,high_minus_low,interaction,-0.02754052797422534
pb_t018_14,t018,random_high_minus_low,20261211,1.0,high_minus_low,interaction,-0.01819280476059538
pb_t018_18,t018,random_high_minus_low,20261211,1.0,high_minus_low,interaction,-0.003731355167822514
pb_t023_09,t023,random_high_minus_low,20261211,1.0,high_minus_low,interaction,-0.015348726918539245
pb_t023_12,t023,random_high_minus_low,20261211,1.0,high_minus_low,interaction,0.0014306659562342446
pb_t023_13,t023,random_high_minus_low,20261211,1.0,high_minus_low,interaction,-0.004840096594301905
pb_t023_17,t023,random_high_minus_low,20261211,1.0,high_minus_low,interaction,-0.001882169535947833
pb_t023_20,t023,random_high_minus_low,20261211,1.0,high_minus_low,interaction,-0.0020477382868302864
pb_t029_07,t029,random_high_minus_low,20261211,1.0,high_minus_low,interaction,-0.005860662793554803
pb_t029_09,t029,random_high_minus_low,20261211,1.0,high_minus_low,interaction,-0.015035722902767374
pb_t029_10,t029,random_high_minus_low,20261211,1.0,high_minus_low,interaction,-0.020552470614607604
pb_t029_11,t029,random_high_minus_low,20261211,1.0,high_minus_low,interaction,-0.015526403120353091
pb_t029_12,t029,random_high_minus_low,20261211,1.0,high_minus_low,interaction,-0.004616502451306644
pb_t031_06,t031,random_high_minus_low,20261211,1.0,high_minus_low,interaction,-0.017492271873701025
pb_t031_09,t031,random_high_minus_low,20261211,1.0,high_minus_low,interaction,-0.016315782097000683
pb_t031_12,t031,random_high_minus_low,20261211,1.0,high_minus_low,interaction,-0.02311378981426367
pb_t031_13,t031,random_high_minus_low,20261211,1.0,high_minus_low,interaction,-0.018268754230966387
pb_t031_16,t031,random_high_minus_low,20261211,1.0,high_minus_low,interaction,-0.027552222373006016
pb_t032_08,t032,random_high_minus_low,20261211,1.0,high_minus_low,interaction,-0.015037960013329275
pb_t032_09,t032,random_high_minus_low,20261211,1.0,high_minus_low,interaction,-0.023660588482271604
pb_t032_13,t032,random_high_minus_low,20261211,1.0,high_minus_low,interaction,-0.01629341127551936
pb_t032_15,t032,random_high_minus_low,20261211,1.0,high_minus_low,interaction,-0.017425442887573906
pb_t032_16,t032,random_high_minus_low,20261211,1.0,high_minus_low,interaction,0.0024955737506268776
pb_t035_06,t035,random_high_minus_low,20261211,1.0,high_minus_low,interaction,-0.010558353845445331
pb_t035_13,t035,random_high_minus_low,20261211,1.0,high_minus_low,interaction,-0.01703545069597631
pb_t035_15,t035,random_high_minus_low,20261211,1.0,high_minus_low,interaction,-0.020492873627148085
pb_t035_20,t035,random_high_minus_low,20261211,1.0,high_minus_low,interaction,-0.01807067643088857
pb_t035_22,t035,random_high_minus_low,20261211,1.0,high_minus_low,interaction,-0.018826553004531104
pb_t040_08,t040,random_high_minus_low,20261211,1.0,high_minus_low,interaction,-0.016762596201430655
pb_t040_10,t040,random_high_minus_low,20261211,1.0,high_minus_low,interaction,-0.012886048847551844
pb_t040_13,t040,random_high_minus_low,20261211,1.0,high_minus_low,interaction,-0.0013341093232184429
pb_t040_14,t040,random_high_minus_low,20261211,1.0,high_minus_low,interaction,0.0003453784855774675
pb_t040_15,t040,random_high_minus_low,20261211,1.0,high_minus_low,interaction,-0.023121210215135402
pb_t001_08,t001,random_high_minus_low,20261212,1.0,high_minus_low,interaction,-0.014162045307596571
pb_t001_10,t001,random_high_minus_low,20261212,1.0,high_minus_low,interaction,-0.00801988980266032
pb_t001_11,t001,random_high_minus_low,20261212,1.0,high_minus_low,interaction,-0.03957445322351787
pb_t001_12,t001,random_high_minus_low,20261212,1.0,high_minus_low,interaction,-0.027673665702539565
pb_t001_15,t001,random_high_minus_low,20261212,1.0,high_minus_low,interaction,-0.028087125125535125
pb_t002_08,t002,random_high_minus_low,20261212,1.0,high_minus_low,interaction,-0.01182919323129037
pb_t002_16,t002,random_high_minus_low,20261212,1.0,high_minus_low,interaction,-0.026182036712666067
pb_t002_17,t002,random_high_minus_low,20261212,1.0,high_minus_low,interaction,-0.016189648264773118
pb_t002_18,t002,random_high_minus_low,20261212,1.0,high_minus_low,interaction,-0.015902570230341258
pb_t002_20,t002,random_high_minus_low,20261212,1.0,high_minus_low,interaction,-0.006596424619371089
pb_t004_10,t004,random_high_minus_low,20261212,1.0,high_minus_low,interaction,-0.032648790487039114
pb_t004_11,t004,random_high_minus_low,20261212,1.0,high_minus_low,interaction,-0.016088462769875612
pb_t004_13,t004,random_high_minus_low,20261212,1.0,high_minus_low,interaction,-0.009757473497971401
pb_t004_17,t004,random_high_minus_low,20261212,1.0,high_minus_low,interaction,-0.016319309101880706
pb_t004_20,t004,random_high_minus_low,20261212,1.0,high_minus_low,interaction,-0.012531527556427686
pb_t006_09,t006,random_high_minus_low,20261212,1.0,high_minus_low,interaction,-0.030815190616414297
pb_t006_10,t006,random_high_minus_low,20261212,1.0,high_minus_low,interaction,-0.015638966095555713
pb_t006_12,t006,random_high_minus_low,20261212,1.0,high_minus_low,interaction,-0.009514681619721027
pb_t006_18,t006,random_high_minus_low,20261212,1.0,high_minus_low,interaction,-0.027438766984804366
pb_t006_19,t006,random_high_minus_low,20261212,1.0,high_minus_low,interaction,-0.0013744320630115678
pb_t007_09,t007,random_high_minus_low,20261212,1.0,high_minus_low,interaction,-0.022006710534176088
pb_t007_10,t007,random_high_minus_low,20261212,1.0,high_minus_low,interaction,-0.029662585625169074
pb_t007_16,t007,random_high_minus_low,20261212,1.0,high_minus_low,interaction,-0.026584670451247
pb_t007_17,t007,random_high_minus_low,20261212,1.0,high_minus_low,interaction,-0.017223206695051153
pb_t007_19,t007,random_high_minus_low,20261212,1.0,high_minus_low,interaction,-0.016719343125102808
pb_t008_09,t008,random_high_minus_low,20261212,1.0,high_minus_low,interaction,-0.042073337829234884
pb_t008_11,t008,random_high_minus_low,20261212,1.0,high_minus_low,interaction,-0.03121801672339774
pb_t008_16,t008,random_high_minus_low,20261212,1.0,high_minus_low,interaction,-0.01041538996987233
pb_t008_17,t008,random_high_minus_low,20261212,1.0,high_minus_low,interaction,-0.019410218426202764
pb_t008_20,t008,random_high_minus_low,20261212,1.0,high_minus_low,interaction,-0.02373559668304969
pb_t009_07,t009,random_high_minus_low,20261212,1.0,high_minus_low,interaction,-0.01970746301627773
pb_t009_12,t009,random_high_minus_low,20261212,1.0,high_minus_low,interaction,-0.0130737848524578
pb_t009_15,t009,random_high_minus_low,20261212,1.0,high_minus_low,interaction,-0.0355160546236245
pb_t009_17,t009,random_high_minus_low,20261212,1.0,high_minus_low,interaction,-0.032618015326352834
pb_t009_19,t009,random_high_minus_low,20261212,1.0,high_minus_low,interaction,-0.009580844085424747
pb_t010_09,t010,random_high_minus_low,20261212,1.0,high_minus_low,interaction,0.0007076808327379332
pb_t010_12,t010,random_high_minus_low,20261212,1.0,high_minus_low,interaction,-0.020472923841630783
pb_t010_17,t010,random_high_minus_low,20261212,1.0,high_minus_low,interaction,-0.016409973977621943
pb_t010_19,t010,random_high_minus_low,20261212,1.0,high_minus_low,interaction,-0.023735280182101446
pb_t010_20,t010,random_high_minus_low,20261212,1.0,high_minus_low,interaction,-0.02905726423601252
pb_t016_09,t016,random_high_minus_low,20261212,1.0,high_minus_low,interaction,-0.021631215342584515
pb_t016_10,t016,random_high_minus_low,20261212,1.0,high_minus_low,interaction,-0.00836190204014638
pb_t016_12,t016,random_high_minus_low,20261212,1.0,high_minus_low,interaction,-0.026183733220482255
pb_t016_17,t016,random_high_minus_low,20261212,1.0,high_minus_low,interaction,-0.022356190606640177
pb_t016_20,t016,random_high_minus_low,20261212,1.0,high_minus_low,interaction,-0.026660381933993074
pb_t018_08,t018,random_high_minus_low,20261212,1.0,high_minus_low,interaction,-0.036687190359309105
pb_t018_10,t018,random_high_minus_low,20261212,1.0,high_minus_low,interaction,-0.01739902464671754
pb_t018_11,t018,random_high_minus_low,20261212,1.0,high_minus_low,interaction,-0.01711451366481772
pb_t018_14,t018,random_high_minus_low,20261212,1.0,high_minus_low,interaction,-0.03547897569546044
pb_t018_18,t018,random_high_minus_low,20261212,1.0,high_minus_low,interaction,-0.025713742358457317
pb_t023_09,t023,random_high_minus_low,20261212,1.0,high_minus_low,interaction,-0.023251552019415582
pb_t023_12,t023,random_high_minus_low,20261212,1.0,high_minus_low,interaction,-0.017760363519017962
pb_t023_13,t023,random_high_minus_low,20261212,1.0,high_minus_low,interaction,-0.002708951323253697
pb_t023_17,t023,random_high_minus_low,20261212,1.0,high_minus_low,interaction,-0.03092691270762687
pb_t023_20,t023,random_high_minus_low,20261212,1.0,high_minus_low,interaction,-0.027455101936589503
pb_t029_07,t029,random_high_minus_low,20261212,1.0,high_minus_low,interaction,-0.013814810933352302
pb_t029_09,t029,random_high_minus_low,20261212,1.0,high_minus_low,interaction,-0.029763634320757647
pb_t029_10,t029,random_high_minus_low,20261212,1.0,high_minus_low,interaction,-0.026892301131116944
pb_t029_11,t029,random_high_minus_low,20261212,1.0,high_minus_low,interaction,-0.015542272338160773
pb_t029_12,t029,random_high_minus_low,20261212,1.0,high_minus_low,interaction,-0.02613361968125099
pb_t031_06,t031,random_high_minus_low,20261212,1.0,high_minus_low,interaction,-0.026434893500202516
pb_t031_09,t031,random_high_minus_low,20261212,1.0,high_minus_low,interaction,-0.03325423094998429
pb_t031_12,t031,random_high_minus_low,20261212,1.0,high_minus_low,interaction,-0.015356398734608262
pb_t031_13,t031,random_high_minus_low,20261212,1.0,high_minus_low,interaction,-0.018024453188755004
pb_t031_16,t031,random_high_minus_low,20261212,1.0,high_minus_low,interaction,-0.018643486945192994
pb_t032_08,t032,random_high_minus_low,20261212,1.0,high_minus_low,interaction,-0.013787384172597984
pb_t032_09,t032,random_high_minus_low,20261212,1.0,high_minus_low,interaction,-0.021842923416577432
pb_t032_13,t032,random_high_minus_low,20261212,1.0,high_minus_low,interaction,-0.023402626335031793
pb_t032_15,t032,random_high_minus_low,20261212,1.0,high_minus_low,interaction,-0.02050403395451766
pb_t032_16,t032,random_high_minus_low,20261212,1.0,high_minus_low,interaction,-0.028875552891089288
pb_t035_06,t035,random_high_minus_low,20261212,1.0,high_minus_low,interaction,-0.014607510836700456
pb_t035_13,t035,random_high_minus_low,20261212,1.0,high_minus_low,interaction,-0.020732596162868114
pb_t035_15,t035,random_high_minus_low,20261212,1.0,high_minus_low,interaction,-0.025182437133006073
pb_t035_20,t035,random_high_minus_low,20261212,1.0,high_minus_low,interaction,-0.025719586897388833
pb_t035_22,t035,random_high_minus_low,20261212,1.0,high_minus_low,interaction,-0.03592995727491677
pb_t040_08,t040,random_high_minus_low,20261212,1.0,high_minus_low,interaction,-0.02536284053198492
pb_t040_10,t040,random_high_minus_low,20261212,1.0,high_minus_low,interaction,-0.02637968581740872
pb_t040_13,t040,random_high_minus_low,20261212,1.0,high_minus_low,interaction,-0.02633690229507128
pb_t040_14,t040,random_high_minus_low,20261212,1.0,high_minus_low,interaction,-0.000375634079145977
pb_t040_15,t040,random_high_minus_low,20261212,1.0,high_minus_low,interaction,-0.034232813244607266
pb_t001_08,t001,random_high_minus_low,20261213,1.0,high_minus_low,interaction,0.004492169810966568
pb_t001_10,t001,random_high_minus_low,20261213,1.0,high_minus_low,interaction,0.02183854940806338
pb_t001_11,t001,random_high_minus_low,20261213,1.0,high_minus_low,interaction,0.02444726164792734
pb_t001_12,t001,random_high_minus_low,20261213,1.0,high_minus_low,interaction,0.014326698632355136
pb_t001_15,t001,random_high_minus_low,20261213,1.0,high_minus_low,interaction,0.014109620905142941
pb_t002_08,t002,random_high_minus_low,20261213,1.0,high_minus_low,interaction,0.010485255133460715
pb_t002_16,t002,random_high_minus_low,20261213,1.0,high_minus_low,interaction,0.030682506087781395
pb_t002_17,t002,random_high_minus_low,20261213,1.0,high_minus_low,interaction,0.02439350260204094
pb_t002_18,t002,random_high_minus_low,20261213,1.0,high_minus_low,interaction,0.014780879577181938
pb_t002_20,t002,random_high_minus_low,20261213,1.0,high_minus_low,interaction,0.014893029942463758
pb_t004_10,t004,random_high_minus_low,20261213,1.0,high_minus_low,interaction,0.021306910432133213
pb_t004_11,t004,random_high_minus_low,20261213,1.0,high_minus_low,interaction,0.007899205814831983
pb_t004_13,t004,random_high_minus_low,20261213,1.0,high_minus_low,interaction,0.015332905789167484
pb_t004_17,t004,random_high_minus_low,20261213,1.0,high_minus_low,interaction,0.007744476402310238
pb_t004_20,t004,random_high_minus_low,20261213,1.0,high_minus_low,interaction,0.012810175220297893
pb_t006_09,t006,random_high_minus_low,20261213,1.0,high_minus_low,interaction,0.02319961617727333
pb_t006_10,t006,random_high_minus_low,20261213,1.0,high_minus_low,interaction,0.017949211845941875
pb_t006_12,t006,random_high_minus_low,20261213,1.0,high_minus_low,interaction,0.02486353552354719
pb_t006_18,t006,random_high_minus_low,20261213,1.0,high_minus_low,interaction,0.0248838425430098
pb_t006_19,t006,random_high_minus_low,20261213,1.0,high_minus_low,interaction,0.02578790230574143
pb_t007_09,t007,random_high_minus_low,20261213,1.0,high_minus_low,interaction,0.03209870533584173
pb_t007_10,t007,random_high_minus_low,20261213,1.0,high_minus_low,interaction,0.022520108699091157
pb_t007_16,t007,random_high_minus_low,20261213,1.0,high_minus_low,interaction,0.012890608001720098
pb_t007_17,t007,random_high_minus_low,20261213,1.0,high_minus_low,interaction,0.020098660740627883
pb_t007_19,t007,random_high_minus_low,20261213,1.0,high_minus_low,interaction,0.012338254260537775
pb_t008_09,t008,random_high_minus_low,20261213,1.0,high_minus_low,interaction,0.02637113186106158
pb_t008_11,t008,random_high_minus_low,20261213,1.0,high_minus_low,interaction,0.02064943819391628
pb_t008_16,t008,random_high_minus_low,20261213,1.0,high_minus_low,interaction,0.004613808873629584
pb_t008_17,t008,random_high_minus_low,20261213,1.0,high_minus_low,interaction,0.015136239609905075
pb_t008_20,t008,random_high_minus_low,20261213,1.0,high_minus_low,interaction,0.017491607406868215
pb_t009_07,t009,random_high_minus_low,20261213,1.0,high_minus_low,interaction,0.014364736406559489
pb_t009_12,t009,random_high_minus_low,20261213,1.0,high_minus_low,interaction,0.010886329046007323
pb_t009_15,t009,random_high_minus_low,20261213,1.0,high_minus_low,interaction,0.02657097958897583
pb_t009_17,t009,random_high_minus_low,20261213,1.0,high_minus_low,interaction,0.017128970987680736
pb_t009_19,t009,random_high_minus_low,20261213,1.0,high_minus_low,interaction,0.0067137278848598755
pb_t010_09,t010,random_high_minus_low,20261213,1.0,high_minus_low,interaction,0.015870605638191045
pb_t010_12,t010,random_high_minus_low,20261213,1.0,high_minus_low,interaction,0.037997784011078166
pb_t010_17,t010,random_high_minus_low,20261213,1.0,high_minus_low,interaction,0.028664481101715576
pb_t010_19,t010,random_high_minus_low,20261213,1.0,high_minus_low,interaction,0.03163133932301334
pb_t010_20,t010,random_high_minus_low,20261213,1.0,high_minus_low,interaction,0.032571868357984875
pb_t016_09,t016,random_high_minus_low,20261213,1.0,high_minus_low,interaction,0.03359387864305783
pb_t016_10,t016,random_high_minus_low,20261213,1.0,high_minus_low,interaction,0.017767731029697417
pb_t016_12,t016,random_high_minus_low,20261213,1.0,high_minus_low,interaction,0.021649956673289037
pb_t016_17,t016,random_high_minus_low,20261213,1.0,high_minus_low,interaction,0.027042841234152577
pb_t016_20,t016,random_high_minus_low,20261213,1.0,high_minus_low,interaction,0.028801294919644407
pb_t018_08,t018,random_high_minus_low,20261213,1.0,high_minus_low,interaction,0.02546160990336961
pb_t018_10,t018,random_high_minus_low,20261213,1.0,high_minus_low,interaction,0.0083025906016693
pb_t018_11,t018,random_high_minus_low,20261213,1.0,high_minus_low,interaction,0.019532787153040812
pb_t018_14,t018,random_high_minus_low,20261213,1.0,high_minus_low,interaction,0.020526396343251232
pb_t018_18,t018,random_high_minus_low,20261213,1.0,high_minus_low,interaction,0.03127715657744848
pb_t023_09,t023,random_high_minus_low,20261213,1.0,high_minus_low,interaction,0.023790676744204126
pb_t023_12,t023,random_high_minus_low,20261213,1.0,high_minus_low,interaction,0.020150278203680063
pb_t023_13,t023,random_high_minus_low,20261213,1.0,high_minus_low,interaction,0.02153213801579327
pb_t023_17,t023,random_high_minus_low,20261213,1.0,high_minus_low,interaction,0.03072176711146009
pb_t023_20,t023,random_high_minus_low,20261213,1.0,high_minus_low,interaction,0.025540130842129263
pb_t029_07,t029,random_high_minus_low,20261213,1.0,high_minus_low,interaction,0.018642929374617256
pb_t029_09,t029,random_high_minus_low,20261213,1.0,high_minus_low,interaction,0.01716529606061659
pb_t029_10,t029,random_high_minus_low,20261213,1.0,high_minus_low,interaction,0.021047913254833402
pb_t029_11,t029,random_high_minus_low,20261213,1.0,high_minus_low,interaction,0.009911315191065839
pb_t029_12,t029,random_high_minus_low,20261213,1.0,high_minus_low,interaction,0.009812270317389621
pb_t031_06,t031,random_high_minus_low,20261213,1.0,high_minus_low,interaction,0.016793012626713417
pb_t031_09,t031,random_high_minus_low,20261213,1.0,high_minus_low,interaction,0.008192444200342153
pb_t031_12,t031,random_high_minus_low,20261213,1.0,high_minus_low,interaction,0.03006387478495206
pb_t031_13,t031,random_high_minus_low,20261213,1.0,high_minus_low,interaction,0.011724469085223507
pb_t031_16,t031,random_high_minus_low,20261213,1.0,high_minus_low,interaction,0.012472460708194959
pb_t032_08,t032,random_high_minus_low,20261213,1.0,high_minus_low,interaction,0.007974910444741364
pb_t032_09,t032,random_high_minus_low,20261213,1.0,high_minus_low,interaction,0.015963427474542304
pb_t032_13,t032,random_high_minus_low,20261213,1.0,high_minus_low,interaction,0.009360309831363977
pb_t032_15,t032,random_high_minus_low,20261213,1.0,high_minus_low,interaction,0.018685933346677317
pb_t032_16,t032,random_high_minus_low,20261213,1.0,high_minus_low,interaction,0.022465752000112797
pb_t035_06,t035,random_high_minus_low,20261213,1.0,high_minus_low,interaction,0.012117461513971958
pb_t035_13,t035,random_high_minus_low,20261213,1.0,high_minus_low,interaction,0.01850942177925422
pb_t035_15,t035,random_high_minus_low,20261213,1.0,high_minus_low,interaction,0.02335316860938036
pb_t035_20,t035,random_high_minus_low,20261213,1.0,high_minus_low,interaction,0.028883170430190026
pb_t035_22,t035,random_high_minus_low,20261213,1.0,high_minus_low,interaction,0.03133202315749042
pb_t040_08,t040,random_high_minus_low,20261213,1.0,high_minus_low,interaction,0.031249998132528142
pb_t040_10,t040,random_high_minus_low,20261213,1.0,high_minus_low,interaction,0.01854650001544371
pb_t040_13,t040,random_high_minus_low,20261213,1.0,high_minus_low,interaction,0.024384539511950475
pb_t040_14,t040,random_high_minus_low,20261213,1.0,high_minus_low,interaction,0.028756606633084054
pb_t040_15,t040,random_high_minus_low,20261213,1.0,high_minus_low,interaction,0.031301804112992784
pb_t001_08,t001,random_high_minus_low,20261214,1.0,high_minus_low,interaction,0.003100757051778813
pb_t001_10,t001,random_high_minus_low,20261214,1.0,high_minus_low,interaction,-0.0008593239661475228
pb_t001_11,t001,random_high_minus_low,20261214,1.0,high_minus_low,interaction,-0.00859319267924486
pb_t001_12,t001,random_high_minus_low,20261214,1.0,high_minus_low,interaction,0.0032632279870426937
pb_t001_15,t001,random_high_minus_low,20261214,1.0,high_minus_low,interaction,-0.005416672158015144
pb_t002_08,t002,random_high_minus_low,20261214,1.0,high_minus_low,interaction,0.0021133583613951812
pb_t002_16,t002,random_high_minus_low,20261214,1.0,high_minus_low,interaction,-0.01033189208228618
pb_t002_17,t002,random_high_minus_low,20261214,1.0,high_minus_low,interaction,-0.0008676054105835398
pb_t002_18,t002,random_high_minus_low,20261214,1.0,high_minus_low,interaction,-0.0006491112817882995
pb_t002_20,t002,random_high_minus_low,20261214,1.0,high_minus_low,interaction,-0.007458978009095878
pb_t004_10,t004,random_high_minus_low,20261214,1.0,high_minus_low,interaction,-0.004646750763959462
pb_t004_11,t004,random_high_minus_low,20261214,1.0,high_minus_low,interaction,-0.01450476628626421
pb_t004_13,t004,random_high_minus_low,20261214,1.0,high_minus_low,interaction,0.011233263945749188
pb_t004_17,t004,random_high_minus_low,20261214,1.0,high_minus_low,interaction,0.002449704994167882
pb_t004_20,t004,random_high_minus_low,20261214,1.0,high_minus_low,interaction,-0.011628111876933253
pb_t006_09,t006,random_high_minus_low,20261214,1.0,high_minus_low,interaction,-0.008085630461626844
pb_t006_10,t006,random_high_minus_low,20261214,1.0,high_minus_low,interaction,-0.0003072312005372146
pb_t006_12,t006,random_high_minus_low,20261214,1.0,high_minus_low,interaction,-0.008950583121245624
pb_t006_18,t006,random_high_minus_low,20261214,1.0,high_minus_low,interaction,0.004030263888389158
pb_t006_19,t006,random_high_minus_low,20261214,1.0,high_minus_low,interaction,-0.000981546137426903
pb_t007_09,t007,random_high_minus_low,20261214,1.0,high_minus_low,interaction,-0.009113097005775748
pb_t007_10,t007,random_high_minus_low,20261214,1.0,high_minus_low,interaction,0.006991885476057968
pb_t007_16,t007,random_high_minus_low,20261214,1.0,high_minus_low,interaction,-0.021873015319804963
pb_t007_17,t007,random_high_minus_low,20261214,1.0,high_minus_low,interaction,-0.003554624606061728
pb_t007_19,t007,random_high_minus_low,20261214,1.0,high_minus_low,interaction,-0.0037783203109534908
pb_t008_09,t008,random_high_minus_low,20261214,1.0,high_minus_low,interaction,-0.01277863392251633
pb_t008_11,t008,random_high_minus_low,20261214,1.0,high_minus_low,interaction,-0.02753985708804511
pb_t008_16,t008,random_high_minus_low,20261214,1.0,high_minus_low,interaction,-0.009332241005995556
pb_t008_17,t008,random_high_minus_low,20261214,1.0,high_minus_low,interaction,0.00010520949382816227
pb_t008_20,t008,random_high_minus_low,20261214,1.0,high_minus_low,interaction,-0.006428943723265411
pb_t009_07,t009,random_high_minus_low,20261214,1.0,high_minus_low,interaction,-0.0025233802879532224
pb_t009_12,t009,random_high_minus_low,20261214,1.0,high_minus_low,interaction,-0.00504275894343457
pb_t009_15,t009,random_high_minus_low,20261214,1.0,high_minus_low,interaction,-0.011019222832862394
pb_t009_17,t009,random_high_minus_low,20261214,1.0,high_minus_low,interaction,-0.0029404034718931004
pb_t009_19,t009,random_high_minus_low,20261214,1.0,high_minus_low,interaction,-0.0010528880059882777
pb_t010_09,t010,random_high_minus_low,20261214,1.0,high_minus_low,interaction,-0.0022210702939413625
pb_t010_12,t010,random_high_minus_low,20261214,1.0,high_minus_low,interaction,-0.017021317231687618
pb_t010_17,t010,random_high_minus_low,20261214,1.0,high_minus_low,interaction,-0.005978128131283199
pb_t010_19,t010,random_high_minus_low,20261214,1.0,high_minus_low,interaction,0.01838148729777108
pb_t010_20,t010,random_high_minus_low,20261214,1.0,high_minus_low,interaction,-0.009275849851571132
pb_t016_09,t016,random_high_minus_low,20261214,1.0,high_minus_low,interaction,-0.017433150395042795
pb_t016_10,t016,random_high_minus_low,20261214,1.0,high_minus_low,interaction,-0.008072004513130226
pb_t016_12,t016,random_high_minus_low,20261214,1.0,high_minus_low,interaction,-0.023930743995494566
pb_t016_17,t016,random_high_minus_low,20261214,1.0,high_minus_low,interaction,-0.01571420627975976
pb_t016_20,t016,random_high_minus_low,20261214,1.0,high_minus_low,interaction,0.00302418853937501
pb_t018_08,t018,random_high_minus_low,20261214,1.0,high_minus_low,interaction,0.008939365398096918
pb_t018_10,t018,random_high_minus_low,20261214,1.0,high_minus_low,interaction,0.0038225391554313377
pb_t018_11,t018,random_high_minus_low,20261214,1.0,high_minus_low,interaction,-0.006749760490454872
pb_t018_14,t018,random_high_minus_low,20261214,1.0,high_minus_low,interaction,0.005280743353479972
pb_t018_18,t018,random_high_minus_low,20261214,1.0,high_minus_low,interaction,-0.00861564482146387
pb_t023_09,t023,random_high_minus_low,20261214,1.0,high_minus_low,interaction,-1.8213773359959835e-05
pb_t023_12,t023,random_high_minus_low,20261214,1.0,high_minus_low,interaction,0.007660803003634523
pb_t023_13,t023,random_high_minus_low,20261214,1.0,high_minus_low,interaction,-0.006276962711656751
pb_t023_17,t023,random_high_minus_low,20261214,1.0,high_minus_low,interaction,-0.005674902531000083
pb_t023_20,t023,random_high_minus_low,20261214,1.0,high_minus_low,interaction,-0.01186374327633377
pb_t029_07,t029,random_high_minus_low,20261214,1.0,high_minus_low,interaction,0.0009437453899286015
pb_t029_09,t029,random_high_minus_low,20261214,1.0,high_minus_low,interaction,-0.001611958924896279
pb_t029_10,t029,random_high_minus_low,20261214,1.0,high_minus_low,interaction,-0.008601896731837968
pb_t029_11,t029,random_high_minus_low,20261214,1.0,high_minus_low,interaction,0.0013241067584206004
pb_t029_12,t029,random_high_minus_low,20261214,1.0,high_minus_low,interaction,-0.003392340877947735
pb_t031_06,t031,random_high_minus_low,20261214,1.0,high_minus_low,interaction,-0.006206161249064813
pb_t031_09,t031,random_high_minus_low,20261214,1.0,high_minus_low,interaction,-0.021092874141876914
pb_t031_12,t031,random_high_minus_low,20261214,1.0,high_minus_low,interaction,-0.010467877931777208
pb_t031_13,t031,random_high_minus_low,20261214,1.0,high_minus_low,interaction,-0.007543989373260715
pb_t031_16,t031,random_high_minus_low,20261214,1.0,high_minus_low,interaction,-0.0157859710507827
pb_t032_08,t032,random_high_minus_low,20261214,1.0,high_minus_low,interaction,-0.002102109635039868
pb_t032_09,t032,random_high_minus_low,20261214,1.0,high_minus_low,interaction,-0.0015972664281412585
pb_t032_13,t032,random_high_minus_low,20261214,1.0,high_minus_low,interaction,-0.02083330031061699
pb_t032_15,t032,random_high_minus_low,20261214,1.0,high_minus_low,interaction,-0.009631911416022822
pb_t032_16,t032,random_high_minus_low,20261214,1.0,high_minus_low,interaction,-0.014540492340872206
pb_t035_06,t035,random_high_minus_low,20261214,1.0,high_minus_low,interaction,-0.002107832528410759
pb_t035_13,t035,random_high_minus_low,20261214,1.0,high_minus_low,interaction,-0.0068219359571049095
pb_t035_15,t035,random_high_minus_low,20261214,1.0,high_minus_low,interaction,0.020000719669089846
pb_t035_20,t035,random_high_minus_low,20261214,1.0,high_minus_low,interaction,-0.0070236205527489095
pb_t035_22,t035,random_high_minus_low,20261214,1.0,high_minus_low,interaction,-0.00917169050906038
pb_t040_08,t040,random_high_minus_low,20261214,1.0,high_minus_low,interaction,-0.003457714739330142
pb_t040_10,t040,random_high_minus_low,20261214,1.0,high_minus_low,interaction,0.02210529909596093
pb_t040_13,t040,random_high_minus_low,20261214,1.0,high_minus_low,interaction,-0.011894121330802655
pb_t040_14,t040,random_high_minus_low,20261214,1.0,high_minus_low,interaction,0.0020485700767288706
pb_t040_15,t040,random_high_minus_low,20261214,1.0,high_minus_low,interaction,-0.003083848517706047
pb_t001_08,t001,random_high_minus_low,20261215,1.0,high_minus_low,interaction,-0.01811163750812947
pb_t001_10,t001,random_high_minus_low,20261215,1.0,high_minus_low,interaction,-0.00826906581187719
pb_t001_11,t001,random_high_minus_low,20261215,1.0,high_minus_low,interaction,-0.005818298278955962
pb_t001_12,t001,random_high_minus_low,20261215,1.0,high_minus_low,interaction,-0.023195814217274607
pb_t001_15,t001,random_high_minus_low,20261215,1.0,high_minus_low,interaction,0.006830688347993724
pb_t002_08,t002,random_high_minus_low,20261215,1.0,high_minus_low,interaction,-0.010373388483715256
pb_t002_16,t002,random_high_minus_low,20261215,1.0,high_minus_low,interaction,-0.006655623160741913
pb_t002_17,t002,random_high_minus_low,20261215,1.0,high_minus_low,interaction,0.0018449875739020918
pb_t002_18,t002,random_high_minus_low,20261215,1.0,high_minus_low,interaction,-0.017015345512569422
pb_t002_20,t002,random_high_minus_low,20261215,1.0,high_minus_low,interaction,-0.017474563857883117
pb_t004_10,t004,random_high_minus_low,20261215,1.0,high_minus_low,interaction,-0.023662515833918863
pb_t004_11,t004,random_high_minus_low,20261215,1.0,high_minus_low,interaction,-0.0214343397063633
pb_t004_13,t004,random_high_minus_low,20261215,1.0,high_minus_low,interaction,-0.026387323676830193
pb_t004_17,t004,random_high_minus_low,20261215,1.0,high_minus_low,interaction,-0.01577610394228973
pb_t004_20,t004,random_high_minus_low,20261215,1.0,high_minus_low,interaction,-0.015245577701353565
pb_t006_09,t006,random_high_minus_low,20261215,1.0,high_minus_low,interaction,-0.021569162418613164
pb_t006_10,t006,random_high_minus_low,20261215,1.0,high_minus_low,interaction,-0.0003274381098720159
pb_t006_12,t006,random_high_minus_low,20261215,1.0,high_minus_low,interaction,-0.01959582011015436
pb_t006_18,t006,random_high_minus_low,20261215,1.0,high_minus_low,interaction,-0.022584823570886318
pb_t006_19,t006,random_high_minus_low,20261215,1.0,high_minus_low,interaction,-0.012489359879492812
pb_t007_09,t007,random_high_minus_low,20261215,1.0,high_minus_low,interaction,-0.002360285338116555
pb_t007_10,t007,random_high_minus_low,20261215,1.0,high_minus_low,interaction,-0.00997636280096282
pb_t007_16,t007,random_high_minus_low,20261215,1.0,high_minus_low,interaction,-0.007271208485704193
pb_t007_17,t007,random_high_minus_low,20261215,1.0,high_minus_low,interaction,-0.01287662699806808
pb_t007_19,t007,random_high_minus_low,20261215,1.0,high_minus_low,interaction,-0.014555033871859191
pb_t008_09,t008,random_high_minus_low,20261215,1.0,high_minus_low,interaction,-0.015513316601136938
pb_t008_11,t008,random_high_minus_low,20261215,1.0,high_minus_low,interaction,-0.01323588732449664
pb_t008_16,t008,random_high_minus_low,20261215,1.0,high_minus_low,interaction,-0.014802930301964896
pb_t008_17,t008,random_high_minus_low,20261215,1.0,high_minus_low,interaction,-0.012067791056738978
pb_t008_20,t008,random_high_minus_low,20261215,1.0,high_minus_low,interaction,-0.0169211726219744
pb_t009_07,t009,random_high_minus_low,20261215,1.0,high_minus_low,interaction,-0.0024271305997779304
pb_t009_12,t009,random_high_minus_low,20261215,1.0,high_minus_low,interaction,-0.01730032181960227
pb_t009_15,t009,random_high_minus_low,20261215,1.0,high_minus_low,interaction,-0.014218056395590756
pb_t009_17,t009,random_high_minus_low,20261215,1.0,high_minus_low,interaction,-0.014966813172162554
pb_t009_19,t009,random_high_minus_low,20261215,1.0,high_minus_low,interaction,-0.016528765956040095
pb_t010_09,t010,random_high_minus_low,20261215,1.0,high_minus_low,interaction,-0.022510990233379654
pb_t010_12,t010,random_high_minus_low,20261215,1.0,high_minus_low,interaction,-0.01620240533437632
pb_t010_17,t010,random_high_minus_low,20261215,1.0,high_minus_low,interaction,-0.021329878351032325
pb_t010_19,t010,random_high_minus_low,20261215,1.0,high_minus_low,interaction,-0.025558558106555593
pb_t010_20,t010,random_high_minus_low,20261215,1.0,high_minus_low,interaction,-0.011056803019207643
pb_t016_09,t016,random_high_minus_low,20261215,1.0,high_minus_low,interaction,-0.0022531614918564896
pb_t016_10,t016,random_high_minus_low,20261215,1.0,high_minus_low,interaction,-0.019660315178228374
pb_t016_12,t016,random_high_minus_low,20261215,1.0,high_minus_low,interaction,-0.0011662709915698484
pb_t016_17,t016,random_high_minus_low,20261215,1.0,high_minus_low,interaction,-0.002016912244948199
pb_t016_20,t016,random_high_minus_low,20261215,1.0,high_minus_low,interaction,-0.013651565992562346
pb_t018_08,t018,random_high_minus_low,20261215,1.0,high_minus_low,interaction,-0.016829355439651843
pb_t018_10,t018,random_high_minus_low,20261215,1.0,high_minus_low,interaction,-0.019950120857367564
pb_t018_11,t018,random_high_minus_low,20261215,1.0,high_minus_low,interaction,-0.021384362942352506
pb_t018_14,t018,random_high_minus_low,20261215,1.0,high_minus_low,interaction,-0.012558550483382565
pb_t018_18,t018,random_high_minus_low,20261215,1.0,high_minus_low,interaction,0.005803523901408189
pb_t023_09,t023,random_high_minus_low,20261215,1.0,high_minus_low,interaction,-0.015976763791907992
pb_t023_12,t023,random_high_minus_low,20261215,1.0,high_minus_low,interaction,-0.028547935598781573
pb_t023_13,t023,random_high_minus_low,20261215,1.0,high_minus_low,interaction,-0.0011961460250831954
pb_t023_17,t023,random_high_minus_low,20261215,1.0,high_minus_low,interaction,-0.012637956726569272
pb_t023_20,t023,random_high_minus_low,20261215,1.0,high_minus_low,interaction,-0.012175462966853842
pb_t029_07,t029,random_high_minus_low,20261215,1.0,high_minus_low,interaction,-0.021196894781179074
pb_t029_09,t029,random_high_minus_low,20261215,1.0,high_minus_low,interaction,-0.01537578793705856
pb_t029_10,t029,random_high_minus_low,20261215,1.0,high_minus_low,interaction,-0.004230620256409983
pb_t029_11,t029,random_high_minus_low,20261215,1.0,high_minus_low,interaction,-0.011520263964985539
pb_t029_12,t029,random_high_minus_low,20261215,1.0,high_minus_low,interaction,-0.03512509400599245
pb_t031_06,t031,random_high_minus_low,20261215,1.0,high_minus_low,interaction,-0.0194771209408745
pb_t031_09,t031,random_high_minus_low,20261215,1.0,high_minus_low,interaction,-0.00979551856477234
pb_t031_12,t031,random_high_minus_low,20261215,1.0,high_minus_low,interaction,-0.003879195477263517
pb_t031_13,t031,random_high_minus_low,20261215,1.0,high_minus_low,interaction,-0.014309868572369227
pb_t031_16,t031,random_high_minus_low,20261215,1.0,high_minus_low,interaction,-0.019936482975881468
pb_t032_08,t032,random_high_minus_low,20261215,1.0,high_minus_low,interaction,-0.017524898425432645
pb_t032_09,t032,random_high_minus_low,20261215,1.0,high_minus_low,interaction,-0.01762346684170442
pb_t032_13,t032,random_high_minus_low,20261215,1.0,high_minus_low,interaction,-0.0020614739570781865
pb_t032_15,t032,random_high_minus_low,20261215,1.0,high_minus_low,interaction,-0.009643694810339025
pb_t032_16,t032,random_high_minus_low,20261215,1.0,high_minus_low,interaction,-0.0007598683696456547
pb_t035_06,t035,random_high_minus_low,20261215,1.0,high_minus_low,interaction,-0.01538009319401715
pb_t035_13,t035,random_high_minus_low,20261215,1.0,high_minus_low,interaction,-0.0031268393563608347
pb_t035_15,t035,random_high_minus_low,20261215,1.0,high_minus_low,interaction,-0.018400657250761666
pb_t035_20,t035,random_high_minus_low,20261215,1.0,high_minus_low,interaction,-0.005476214886749707
pb_t035_22,t035,random_high_minus_low,20261215,1.0,high_minus_low,interaction,-0.0031210173511850283
pb_t040_08,t040,random_high_minus_low,20261215,1.0,high_minus_low,interaction,-0.003838927466809439
pb_t040_10,t040,random_high_minus_low,20261215,1.0,high_minus_low,interaction,-0.008665857239200025
pb_t040_13,t040,random_high_minus_low,20261215,1.0,high_minus_low,interaction,-0.009306297219157975
pb_t040_14,t040,random_high_minus_low,20261215,1.0,high_minus_low,interaction,-0.01202773083889565
pb_t040_15,t040,random_high_minus_low,20261215,1.0,high_minus_low,interaction,-0.0008543149735878788
pb_t001_08,t001,random_high_minus_low,20261216,1.0,high_minus_low,interaction,-0.021303156945690287
pb_t001_10,t001,random_high_minus_low,20261216,1.0,high_minus_low,interaction,-0.021571889930701586
pb_t001_11,t001,random_high_minus_low,20261216,1.0,high_minus_low,interaction,-0.03993064037469633
pb_t001_12,t001,random_high_minus_low,20261216,1.0,high_minus_low,interaction,-0.021872947956682248
pb_t001_15,t001,random_high_minus_low,20261216,1.0,high_minus_low,interaction,-0.03297796253305219
pb_t002_08,t002,random_high_minus_low,20261216,1.0,high_minus_low,interaction,-0.012210844973190341
pb_t002_16,t002,random_high_minus_low,20261216,1.0,high_minus_low,interaction,-0.0486114235961675
pb_t002_17,t002,random_high_minus_low,20261216,1.0,high_minus_low,interaction,-0.03440219878864707
pb_t002_18,t002,random_high_minus_low,20261216,1.0,high_minus_low,interaction,-0.04063525266906631
pb_t002_20,t002,random_high_minus_low,20261216,1.0,high_minus_low,interaction,-0.03172306029899896
pb_t004_10,t004,random_high_minus_low,20261216,1.0,high_minus_low,interaction,-0.042669375103799846
pb_t004_11,t004,random_high_minus_low,20261216,1.0,high_minus_low,interaction,-0.028123284919905005
pb_t004_13,t004,random_high_minus_low,20261216,1.0,high_minus_low,interaction,-0.022169442883120852
pb_t004_17,t004,random_high_minus_low,20261216,1.0,high_minus_low,interaction,-0.022519859571673566
pb_t004_20,t004,random_high_minus_low,20261216,1.0,high_minus_low,interaction,-0.038517907816423044
pb_t006_09,t006,random_high_minus_low,20261216,1.0,high_minus_low,interaction,-0.02919118110052021
pb_t006_10,t006,random_high_minus_low,20261216,1.0,high_minus_low,interaction,-0.04249094061343169
pb_t006_12,t006,random_high_minus_low,20261216,1.0,high_minus_low,interaction,-0.02746634625180134
pb_t006_18,t006,random_high_minus_low,20261216,1.0,high_minus_low,interaction,-0.024807773040603293
pb_t006_19,t006,random_high_minus_low,20261216,1.0,high_minus_low,interaction,-0.03747755698680767
pb_t007_09,t007,random_high_minus_low,20261216,1.0,high_minus_low,interaction,-0.029373409315757094
pb_t007_10,t007,random_high_minus_low,20261216,1.0,high_minus_low,interaction,-0.007994625003894881
pb_t007_16,t007,random_high_minus_low,20261216,1.0,high_minus_low,interaction,-0.03274745846094351
pb_t007_17,t007,random_high_minus_low,20261216,1.0,high_minus_low,interaction,-0.042660381227037455
pb_t007_19,t007,random_high_minus_low,20261216,1.0,high_minus_low,interaction,-0.018413247023793038
pb_t008_09,t008,random_high_minus_low,20261216,1.0,high_minus_low,interaction,-0.03177283615597707
pb_t008_11,t008,random_high_minus_low,20261216,1.0,high_minus_low,interaction,-0.0291368651499646
pb_t008_16,t008,random_high_minus_low,20261216,1.0,high_minus_low,interaction,-0.01318553621881993
pb_t008_17,t008,random_high_minus_low,20261216,1.0,high_minus_low,interaction,-0.035875928827341565
pb_t008_20,t008,random_high_minus_low,20261216,1.0,high_minus_low,interaction,-0.017177135429538963
pb_t009_07,t009,random_high_minus_low,20261216,1.0,high_minus_low,interaction,-0.02208694182641666
pb_t009_12,t009,random_high_minus_low,20261216,1.0,high_minus_low,interaction,-0.016754103970505266
pb_t009_15,t009,random_high_minus_low,20261216,1.0,high_minus_low,interaction,-0.02929200685946723
pb_t009_17,t009,random_high_minus_low,20261216,1.0,high_minus_low,interaction,-0.007977580421177813
pb_t009_19,t009,random_high_minus_low,20261216,1.0,high_minus_low,interaction,-0.02529529853215452
pb_t010_09,t010,random_high_minus_low,20261216,1.0,high_minus_low,interaction,-0.034447659344043965
pb_t010_12,t010,random_high_minus_low,20261216,1.0,high_minus_low,interaction,-0.039949040609260744
pb_t010_17,t010,random_high_minus_low,20261216,1.0,high_minus_low,interaction,-0.028028845151364522
pb_t010_19,t010,random_high_minus_low,20261216,1.0,high_minus_low,interaction,-0.011958177053041356
pb_t010_20,t010,random_high_minus_low,20261216,1.0,high_minus_low,interaction,-0.022549636676396558
pb_t016_09,t016,random_high_minus_low,20261216,1.0,high_minus_low,interaction,-0.02979385342381015
pb_t016_10,t016,random_high_minus_low,20261216,1.0,high_minus_low,interaction,-0.02965075435123123
pb_t016_12,t016,random_high_minus_low,20261216,1.0,high_minus_low,interaction,-0.01820639860271806
pb_t016_17,t016,random_high_minus_low,20261216,1.0,high_minus_low,interaction,-0.022522105102396883
pb_t016_20,t016,random_high_minus_low,20261216,1.0,high_minus_low,interaction,-0.017090581708282454
pb_t018_08,t018,random_high_minus_low,20261216,1.0,high_minus_low,interaction,-0.013721465327656543
pb_t018_10,t018,random_high_minus_low,20261216,1.0,high_minus_low,interaction,-0.02972899386321403
pb_t018_11,t018,random_high_minus_low,20261216,1.0,high_minus_low,interaction,-0.037833310742157754
pb_t018_14,t018,random_high_minus_low,20261216,1.0,high_minus_low,interaction,-0.04750891462206662
pb_t018_18,t018,random_high_minus_low,20261216,1.0,high_minus_low,interaction,-0.04104644866239574
pb_t023_09,t023,random_high_minus_low,20261216,1.0,high_minus_low,interaction,-0.03345505695928523
pb_t023_12,t023,random_high_minus_low,20261216,1.0,high_minus_low,interaction,-0.020166989620591522
pb_t023_13,t023,random_high_minus_low,20261216,1.0,high_minus_low,interaction,-0.02892952062323216
pb_t023_17,t023,random_high_minus_low,20261216,1.0,high_minus_low,interaction,-0.03279592558036904
pb_t023_20,t023,random_high_minus_low,20261216,1.0,high_minus_low,interaction,-0.029369248540026666
pb_t029_07,t029,random_high_minus_low,20261216,1.0,high_minus_low,interaction,-0.016562206936347953
pb_t029_09,t029,random_high_minus_low,20261216,1.0,high_minus_low,interaction,-0.03283816080824282
pb_t029_10,t029,random_high_minus_low,20261216,1.0,high_minus_low,interaction,-0.03416302918307993
pb_t029_11,t029,random_high_minus_low,20261216,1.0,high_minus_low,interaction,-0.031396060305396246
pb_t029_12,t029,random_high_minus_low,20261216,1.0,high_minus_low,interaction,-0.020578698759416352
pb_t031_06,t031,random_high_minus_low,20261216,1.0,high_minus_low,interaction,-0.007463029838215791
pb_t031_09,t031,random_high_minus_low,20261216,1.0,high_minus_low,interaction,-0.010318809483365545
pb_t031_12,t031,random_high_minus_low,20261216,1.0,high_minus_low,interaction,-0.03479669180430731
pb_t031_13,t031,random_high_minus_low,20261216,1.0,high_minus_low,interaction,-0.013852392478538927
pb_t031_16,t031,random_high_minus_low,20261216,1.0,high_minus_low,interaction,-0.024222169220975774
pb_t032_08,t032,random_high_minus_low,20261216,1.0,high_minus_low,interaction,-0.0255430121175561
pb_t032_09,t032,random_high_minus_low,20261216,1.0,high_minus_low,interaction,-0.01782209546966636
pb_t032_13,t032,random_high_minus_low,20261216,1.0,high_minus_low,interaction,-0.02907197055594852
pb_t032_15,t032,random_high_minus_low,20261216,1.0,high_minus_low,interaction,-0.02352603361015672
pb_t032_16,t032,random_high_minus_low,20261216,1.0,high_minus_low,interaction,-0.03197390789191582
pb_t035_06,t035,random_high_minus_low,20261216,1.0,high_minus_low,interaction,-0.025154460192045234
pb_t035_13,t035,random_high_minus_low,20261216,1.0,high_minus_low,interaction,-0.03591128640337359
pb_t035_15,t035,random_high_minus_low,20261216,1.0,high_minus_low,interaction,-0.01493924271770078
pb_t035_20,t035,random_high_minus_low,20261216,1.0,high_minus_low,interaction,-0.02871194788843993
pb_t035_22,t035,random_high_minus_low,20261216,1.0,high_minus_low,interaction,-0.036338548776189424
pb_t040_08,t040,random_high_minus_low,20261216,1.0,high_minus_low,interaction,-0.0355453337886021
pb_t040_10,t040,random_high_minus_low,20261216,1.0,high_minus_low,interaction,-0.020872756073237974
pb_t040_13,t040,random_high_minus_low,20261216,1.0,high_minus_low,interaction,-0.02849735774726287
pb_t040_14,t040,random_high_minus_low,20261216,1.0,high_minus_low,interaction,-0.021714410731045512
pb_t040_15,t040,random_high_minus_low,20261216,1.0,high_minus_low,interaction,-0.036170724318928996
pb_t001_08,t001,random_high_minus_low,20261217,1.0,high_minus_low,interaction,0.01445377215884226
pb_t001_10,t001,random_high_minus_low,20261217,1.0,high_minus_low,interaction,0.01678783609291859
pb_t001_11,t001,random_high_minus_low,20261217,1.0,high_minus_low,interaction,0.010897846366689175
pb_t001_12,t001,random_high_minus_low,20261217,1.0,high_minus_low,interaction,0.007607185028783945
pb_t001_15,t001,random_high_minus_low,20261217,1.0,high_minus_low,interaction,0.010299561427692748
pb_t002_08,t002,random_high_minus_low,20261217,1.0,high_minus_low,interaction,0.016133304577200778
pb_t002_16,t002,random_high_minus_low,20261217,1.0,high_minus_low,interaction,0.007482484781174353
pb_t002_17,t002,random_high_minus_low,20261217,1.0,high_minus_low,interaction,0.002437857683372971
pb_t002_18,t002,random_high_minus_low,20261217,1.0,high_minus_low,interaction,0.018201247530568527
pb_t002_20,t002,random_high_minus_low,20261217,1.0,high_minus_low,interaction,0.012119781504371168
pb_t004_10,t004,random_high_minus_low,20261217,1.0,high_minus_low,interaction,0.020159258469554756
pb_t004_11,t004,random_high_minus_low,20261217,1.0,high_minus_low,interaction,0.011671472120375429
pb_t004_13,t004,random_high_minus_low,20261217,1.0,high_minus_low,interaction,0.013141500067454986
pb_t004_17,t004,random_high_minus_low,20261217,1.0,high_minus_low,interaction,0.02458205267912142
pb_t004_20,t004,random_high_minus_low,20261217,1.0,high_minus_low,interaction,0.015468112666578524
pb_t006_09,t006,random_high_minus_low,20261217,1.0,high_minus_low,interaction,0.00903255522195041
pb_t006_10,t006,random_high_minus_low,20261217,1.0,high_minus_low,interaction,0.013635372084491466
pb_t006_12,t006,random_high_minus_low,20261217,1.0,high_minus_low,interaction,0.0042120443651121175
pb_t006_18,t006,random_high_minus_low,20261217,1.0,high_minus_low,interaction,0.013124162176121163
pb_t006_19,t006,random_high_minus_low,20261217,1.0,high_minus_low,interaction,0.015431699841708776
pb_t007_09,t007,random_high_minus_low,20261217,1.0,high_minus_low,interaction,0.002201070600950202
pb_t007_10,t007,random_high_minus_low,20261217,1.0,high_minus_low,interaction,0.016311277145928962
pb_t007_16,t007,random_high_minus_low,20261217,1.0,high_minus_low,interaction,0.016361780924371093
pb_t007_17,t007,random_high_minus_low,20261217,1.0,high_minus_low,interaction,0.012062349255850872
pb_t007_19,t007,random_high_minus_low,20261217,1.0,high_minus_low,interaction,0.029353903556622953
pb_t008_09,t008,random_high_minus_low,20261217,1.0,high_minus_low,interaction,0.009886021089452945
pb_t008_11,t008,random_high_minus_low,20261217,1.0,high_minus_low,interaction,0.01774140276078398
pb_t008_16,t008,random_high_minus_low,20261217,1.0,high_minus_low,interaction,0.014291249950995342
pb_t008_17,t008,random_high_minus_low,20261217,1.0,high_minus_low,interaction,0.012045315490519579
pb_t008_20,t008,random_high_minus_low,20261217,1.0,high_minus_low,interaction,0.003966445224060231
pb_t009_07,t009,random_high_minus_low,20261217,1.0,high_minus_low,interaction,0.008290528452561209
pb_t009_12,t009,random_high_minus_low,20261217,1.0,high_minus_low,interaction,0.014894032820034882
pb_t009_15,t009,random_high_minus_low,20261217,1.0,high_minus_low,interaction,0.006431829031869392
pb_t009_17,t009,random_high_minus_low,20261217,1.0,high_minus_low,interaction,0.017627888686685536
pb_t009_19,t009,random_high_minus_low,20261217,1.0,high_minus_low,interaction,0.008636562641067248
pb_t010_09,t010,random_high_minus_low,20261217,1.0,high_minus_low,interaction,0.004149913568885737
pb_t010_12,t010,random_high_minus_low,20261217,1.0,high_minus_low,interaction,0.011234226765536148
pb_t010_17,t010,random_high_minus_low,20261217,1.0,high_minus_low,interaction,0.01042690968324763
pb_t010_19,t010,random_high_minus_low,20261217,1.0,high_minus_low,interaction,0.01051309043862211
pb_t010_20,t010,random_high_minus_low,20261217,1.0,high_minus_low,interaction,0.014626911300099106
pb_t016_09,t016,random_high_minus_low,20261217,1.0,high_minus_low,interaction,0.0073888026487353995
pb_t016_10,t016,random_high_minus_low,20261217,1.0,high_minus_low,interaction,0.009341192331162146
pb_t016_12,t016,random_high_minus_low,20261217,1.0,high_minus_low,interaction,0.009370857337702288
pb_t016_17,t016,random_high_minus_low,20261217,1.0,high_minus_low,interaction,0.008145345723577967
pb_t016_20,t016,random_high_minus_low,20261217,1.0,high_minus_low,interaction,0.021504830050943616
pb_t018_08,t018,random_high_minus_low,20261217,1.0,high_minus_low,interaction,0.012895621512267728
pb_t018_10,t018,random_high_minus_low,20261217,1.0,high_minus_low,interaction,0.007981974881548651
pb_t018_11,t018,random_high_minus_low,20261217,1.0,high_minus_low,interaction,0.008804353275137209
pb_t018_14,t018,random_high_minus_low,20261217,1.0,high_minus_low,interaction,0.010590496547717682
pb_t018_18,t018,random_high_minus_low,20261217,1.0,high_minus_low,interaction,0.017164951027908843
pb_t023_09,t023,random_high_minus_low,20261217,1.0,high_minus_low,interaction,0.011608375281978233
pb_t023_12,t023,random_high_minus_low,20261217,1.0,high_minus_low,interaction,0.0028755189325663844
pb_t023_13,t023,random_high_minus_low,20261217,1.0,high_minus_low,interaction,0.014401403455977456
pb_t023_17,t023,random_high_minus_low,20261217,1.0,high_minus_low,interaction,0.006667626972041143
pb_t023_20,t023,random_high_minus_low,20261217,1.0,high_minus_low,interaction,0.004622314558094359
pb_t029_07,t029,random_high_minus_low,20261217,1.0,high_minus_low,interaction,-0.0015672490462906967
pb_t029_09,t029,random_high_minus_low,20261217,1.0,high_minus_low,interaction,0.011587333284331354
pb_t029_10,t029,random_high_minus_low,20261217,1.0,high_minus_low,interaction,0.006235505004543326
pb_t029_11,t029,random_high_minus_low,20261217,1.0,high_minus_low,interaction,0.0036581606137841695
pb_t029_12,t029,random_high_minus_low,20261217,1.0,high_minus_low,interaction,0.004471938202838263
pb_t031_06,t031,random_high_minus_low,20261217,1.0,high_minus_low,interaction,0.01258859556378958
pb_t031_09,t031,random_high_minus_low,20261217,1.0,high_minus_low,interaction,0.010879561343921101
pb_t031_12,t031,random_high_minus_low,20261217,1.0,high_minus_low,interaction,0.0018619633814885705
pb_t031_13,t031,random_high_minus_low,20261217,1.0,high_minus_low,interaction,0.015967425188181724
pb_t031_16,t031,random_high_minus_low,20261217,1.0,high_minus_low,interaction,-0.001949629829483962
pb_t032_08,t032,random_high_minus_low,20261217,1.0,high_minus_low,interaction,0.010394667294732358
pb_t032_09,t032,random_high_minus_low,20261217,1.0,high_minus_low,interaction,0.0036878368949931225
pb_t032_13,t032,random_high_minus_low,20261217,1.0,high_minus_low,interaction,0.012525396184198453
pb_t032_15,t032,random_high_minus_low,20261217,1.0,high_minus_low,interaction,0.019751627680405188
pb_t032_16,t032,random_high_minus_low,20261217,1.0,high_minus_low,interaction,0.024570390671748207
pb_t035_06,t035,random_high_minus_low,20261217,1.0,high_minus_low,interaction,0.008516599244733622
pb_t035_13,t035,random_high_minus_low,20261217,1.0,high_minus_low,interaction,0.010875253922234237
pb_t035_15,t035,random_high_minus_low,20261217,1.0,high_minus_low,interaction,0.013048290909089965
pb_t035_20,t035,random_high_minus_low,20261217,1.0,high_minus_low,interaction,-0.00024721643574279403
pb_t035_22,t035,random_high_minus_low,20261217,1.0,high_minus_low,interaction,0.01738094398527313
pb_t040_08,t040,random_high_minus_low,20261217,1.0,high_minus_low,interaction,-0.0026988990731639977
pb_t040_10,t040,random_high_minus_low,20261217,1.0,high_minus_low,interaction,0.01193371697623489
pb_t040_13,t040,random_high_minus_low,20261217,1.0,high_minus_low,interaction,0.0021043228056791125
pb_t040_14,t040,random_high_minus_low,20261217,1.0,high_minus_low,interaction,-0.005306216678662467
pb_t040_15,t040,random_high_minus_low,20261217,1.0,high_minus_low,interaction,0.003476586383035242
pb_t001_08,t001,random_high_minus_low,20261218,1.0,high_minus_low,interaction,0.003660367289962789
pb_t001_10,t001,random_high_minus_low,20261218,1.0,high_minus_low,interaction,-0.005989423473825327
pb_t001_11,t001,random_high_minus_low,20261218,1.0,high_minus_low,interaction,0.008642408216060389
pb_t001_12,t001,random_high_minus_low,20261218,1.0,high_minus_low,interaction,0.012516171607610484
pb_t001_15,t001,random_high_minus_low,20261218,1.0,high_minus_low,interaction,0.010237643939683851
pb_t002_08,t002,random_high_minus_low,20261218,1.0,high_minus_low,interaction,-0.002117783130604368
pb_t002_16,t002,random_high_minus_low,20261218,1.0,high_minus_low,interaction,-0.006304235692131743
pb_t002_17,t002,random_high_minus_low,20261218,1.0,high_minus_low,interaction,0.0052873632324420775
pb_t002_18,t002,random_high_minus_low,20261218,1.0,high_minus_low,interaction,-0.0068043868666060655
pb_t002_20,t002,random_high_minus_low,20261218,1.0,high_minus_low,interaction,-0.01674277194142617
pb_t004_10,t004,random_high_minus_low,20261218,1.0,high_minus_low,interaction,-0.008709309858015976
pb_t004_11,t004,random_high_minus_low,20261218,1.0,high_minus_low,interaction,0.004684729381270892
pb_t004_13,t004,random_high_minus_low,20261218,1.0,high_minus_low,interaction,0.010961836434194268
pb_t004_17,t004,random_high_minus_low,20261218,1.0,high_minus_low,interaction,-0.006005598630613771
pb_t004_20,t004,random_high_minus_low,20261218,1.0,high_minus_low,interaction,-0.00785311666383934
pb_t006_09,t006,random_high_minus_low,20261218,1.0,high_minus_low,interaction,-0.009427278994972949
pb_t006_10,t006,random_high_minus_low,20261218,1.0,high_minus_low,interaction,0.006003501845089791
pb_t006_12,t006,random_high_minus_low,20261218,1.0,high_minus_low,interaction,-0.0030801032576013455
pb_t006_18,t006,random_high_minus_low,20261218,1.0,high_minus_low,interaction,0.013863923984458508
pb_t006_19,t006,random_high_minus_low,20261218,1.0,high_minus_low,interaction,0.002885541977243296
pb_t007_09,t007,random_high_minus_low,20261218,1.0,high_minus_low,interaction,-0.00507439595458252
pb_t007_10,t007,random_high_minus_low,20261218,1.0,high_minus_low,interaction,0.007406133168164411
pb_t007_16,t007,random_high_minus_low,20261218,1.0,high_minus_low,interaction,0.010441190996036097
pb_t007_17,t007,random_high_minus_low,20261218,1.0,high_minus_low,interaction,0.008174789899902304
pb_t007_19,t007,random_high_minus_low,20261218,1.0,high_minus_low,interaction,-0.002546355274956199
pb_t008_09,t008,random_high_minus_low,20261218,1.0,high_minus_low,interaction,0.0109479185655692
pb_t008_11,t008,random_high_minus_low,20261218,1.0,high_minus_low,interaction,0.010038531904763079
pb_t008_16,t008,random_high_minus_low,20261218,1.0,high_minus_low,interaction,0.006062155726595103
pb_t008_17,t008,random_high_minus_low,20261218,1.0,high_minus_low,interaction,0.0056400691906713886
pb_t008_20,t008,random_high_minus_low,20261218,1.0,high_minus_low,interaction,0.016173244847805076
pb_t009_07,t009,random_high_minus_low,20261218,1.0,high_minus_low,interaction,0.012105268806749819
pb_t009_12,t009,random_high_minus_low,20261218,1.0,high_minus_low,interaction,-0.0030876325974497653
pb_t009_15,t009,random_high_minus_low,20261218,1.0,high_minus_low,interaction,0.014559476964208755
pb_t009_17,t009,random_high_minus_low,20261218,1.0,high_minus_low,interaction,0.028694391666647
pb_t009_19,t009,random_high_minus_low,20261218,1.0,high_minus_low,interaction,0.0024755849693435645
pb_t010_09,t010,random_high_minus_low,20261218,1.0,high_minus_low,interaction,0.0042924970142499365
pb_t010_12,t010,random_high_minus_low,20261218,1.0,high_minus_low,interaction,-0.010874186555609275
pb_t010_17,t010,random_high_minus_low,20261218,1.0,high_minus_low,interaction,0.018733629688977575
pb_t010_19,t010,random_high_minus_low,20261218,1.0,high_minus_low,interaction,0.01882504874210402
pb_t010_20,t010,random_high_minus_low,20261218,1.0,high_minus_low,interaction,0.008314133344763346
pb_t016_09,t016,random_high_minus_low,20261218,1.0,high_minus_low,interaction,-0.0012293558549560431
pb_t016_10,t016,random_high_minus_low,20261218,1.0,high_minus_low,interaction,-0.01159559026525463
pb_t016_12,t016,random_high_minus_low,20261218,1.0,high_minus_low,interaction,0.015360845308713487
pb_t016_17,t016,random_high_minus_low,20261218,1.0,high_minus_low,interaction,0.021025733626356603
pb_t016_20,t016,random_high_minus_low,20261218,1.0,high_minus_low,interaction,0.012324724430190715
pb_t018_08,t018,random_high_minus_low,20261218,1.0,high_minus_low,interaction,0.011241272468055362
pb_t018_10,t018,random_high_minus_low,20261218,1.0,high_minus_low,interaction,0.004032496801756677
pb_t018_11,t018,random_high_minus_low,20261218,1.0,high_minus_low,interaction,-0.007792018827402778
pb_t018_14,t018,random_high_minus_low,20261218,1.0,high_minus_low,interaction,0.011511733317426989
pb_t018_18,t018,random_high_minus_low,20261218,1.0,high_minus_low,interaction,0.016603151610231626
pb_t023_09,t023,random_high_minus_low,20261218,1.0,high_minus_low,interaction,0.010045091827979795
pb_t023_12,t023,random_high_minus_low,20261218,1.0,high_minus_low,interaction,0.007395353459311658
pb_t023_13,t023,random_high_minus_low,20261218,1.0,high_minus_low,interaction,0.003944409096057298
pb_t023_17,t023,random_high_minus_low,20261218,1.0,high_minus_low,interaction,0.007406408971949926
pb_t023_20,t023,random_high_minus_low,20261218,1.0,high_minus_low,interaction,0.006997087082920855
pb_t029_07,t029,random_high_minus_low,20261218,1.0,high_minus_low,interaction,0.021619699981792483
pb_t029_09,t029,random_high_minus_low,20261218,1.0,high_minus_low,interaction,0.01854555732494246
pb_t029_10,t029,random_high_minus_low,20261218,1.0,high_minus_low,interaction,0.0008308648295457208
pb_t029_11,t029,random_high_minus_low,20261218,1.0,high_minus_low,interaction,0.0015815064985532975
pb_t029_12,t029,random_high_minus_low,20261218,1.0,high_minus_low,interaction,0.011875366419734258
pb_t031_06,t031,random_high_minus_low,20261218,1.0,high_minus_low,interaction,0.017214829618013298
pb_t031_09,t031,random_high_minus_low,20261218,1.0,high_minus_low,interaction,0.012632334683588401
pb_t031_12,t031,random_high_minus_low,20261218,1.0,high_minus_low,interaction,-0.006376843380113412
pb_t031_13,t031,random_high_minus_low,20261218,1.0,high_minus_low,interaction,-0.0022724386172772357
pb_t031_16,t031,random_high_minus_low,20261218,1.0,high_minus_low,interaction,0.010053730426210135
pb_t032_08,t032,random_high_minus_low,20261218,1.0,high_minus_low,interaction,0.014543921106082512
pb_t032_09,t032,random_high_minus_low,20261218,1.0,high_minus_low,interaction,0.015555038681032168
pb_t032_13,t032,random_high_minus_low,20261218,1.0,high_minus_low,interaction,0.011023345637058002
pb_t032_15,t032,random_high_minus_low,20261218,1.0,high_minus_low,interaction,0.00868424359073453
pb_t032_16,t032,random_high_minus_low,20261218,1.0,high_minus_low,interaction,0.006396168183211506
pb_t035_06,t035,random_high_minus_low,20261218,1.0,high_minus_low,interaction,-0.004741302811463315
pb_t035_13,t035,random_high_minus_low,20261218,1.0,high_minus_low,interaction,0.01695777285215031
pb_t035_15,t035,random_high_minus_low,20261218,1.0,high_minus_low,interaction,0.0076208069657997535
pb_t035_20,t035,random_high_minus_low,20261218,1.0,high_minus_low,interaction,-0.012568843828665587
pb_t035_22,t035,random_high_minus_low,20261218,1.0,high_minus_low,interaction,0.010834576196360194
pb_t040_08,t040,random_high_minus_low,20261218,1.0,high_minus_low,interaction,-0.007598177614855378
pb_t040_10,t040,random_high_minus_low,20261218,1.0,high_minus_low,interaction,0.01493218902493158
pb_t040_13,t040,random_high_minus_low,20261218,1.0,high_minus_low,interaction,0.01814130149058992
pb_t040_14,t040,random_high_minus_low,20261218,1.0,high_minus_low,interaction,0.00828849487167299
pb_t040_15,t040,random_high_minus_low,20261218,1.0,high_minus_low,interaction,0.01031591497157363
pb_t001_08,t001,random_high_minus_low,20261219,1.0,high_minus_low,interaction,0.0014962627780601215
pb_t001_10,t001,random_high_minus_low,20261219,1.0,high_minus_low,interaction,0.003200502888696918
pb_t001_11,t001,random_high_minus_low,20261219,1.0,high_minus_low,interaction,0.0018198581579871103
pb_t001_12,t001,random_high_minus_low,20261219,1.0,high_minus_low,interaction,0.010887746681730412
pb_t001_15,t001,random_high_minus_low,20261219,1.0,high_minus_low,interaction,-0.0020182980146743134
pb_t002_08,t002,random_high_minus_low,20261219,1.0,high_minus_low,interaction,-0.0009031350622676231
pb_t002_16,t002,random_high_minus_low,20261219,1.0,high_minus_low,interaction,0.013211873357029915
pb_t002_17,t002,random_high_minus_low,20261219,1.0,high_minus_low,interaction,-0.011708460670238395
pb_t002_18,t002,random_high_minus_low,20261219,1.0,high_minus_low,interaction,-0.0013663763119976407
pb_t002_20,t002,random_high_minus_low,20261219,1.0,high_minus_low,interaction,0.007665264551586369
pb_t004_10,t004,random_high_minus_low,20261219,1.0,high_minus_low,interaction,0.014362262664339693
pb_t004_11,t004,random_high_minus_low,20261219,1.0,high_minus_low,interaction,0.011994120235716346
pb_t004_13,t004,random_high_minus_low,20261219,1.0,high_minus_low,interaction,0.014327543869169089
pb_t004_17,t004,random_high_minus_low,20261219,1.0,high_minus_low,interaction,0.0011721061172013567
pb_t004_20,t004,random_high_minus_low,20261219,1.0,high_minus_low,interaction,0.013615632198116207
pb_t006_09,t006,random_high_minus_low,20261219,1.0,high_minus_low,interaction,0.0026767144131416495
pb_t006_10,t006,random_high_minus_low,20261219,1.0,high_minus_low,interaction,-0.0055581635232075195
pb_t006_12,t006,random_high_minus_low,20261219,1.0,high_minus_low,interaction,0.007842596610151248
pb_t006_18,t006,random_high_minus_low,20261219,1.0,high_minus_low,interaction,0.012166231580547627
pb_t006_19,t006,random_high_minus_low,20261219,1.0,high_minus_low,interaction,0.002351920313504241
pb_t007_09,t007,random_high_minus_low,20261219,1.0,high_minus_low,interaction,0.019146816001989184
pb_t007_10,t007,random_high_minus_low,20261219,1.0,high_minus_low,interaction,0.01346393690548822
pb_t007_16,t007,random_high_minus_low,20261219,1.0,high_minus_low,interaction,0.01466397926799652
pb_t007_17,t007,random_high_minus_low,20261219,1.0,high_minus_low,interaction,0.007376361787378552
pb_t007_19,t007,random_high_minus_low,20261219,1.0,high_minus_low,interaction,0.006779695384207704
pb_t008_09,t008,random_high_minus_low,20261219,1.0,high_minus_low,interaction,0.006084966939020414
pb_t008_11,t008,random_high_minus_low,20261219,1.0,high_minus_low,interaction,0.025036773250321824
pb_t008_16,t008,random_high_minus_low,20261219,1.0,high_minus_low,interaction,0.016378924483813628
pb_t008_17,t008,random_high_minus_low,20261219,1.0,high_minus_low,interaction,0.002549174110233742
pb_t008_20,t008,random_high_minus_low,20261219,1.0,high_minus_low,interaction,0.007721881047427298
pb_t009_07,t009,random_high_minus_low,20261219,1.0,high_minus_low,interaction,-0.013247378147112477
pb_t009_12,t009,random_high_minus_low,20261219,1.0,high_minus_low,interaction,-0.0024220471928251253
pb_t009_15,t009,random_high_minus_low,20261219,1.0,high_minus_low,interaction,0.001971600636680159
pb_t009_17,t009,random_high_minus_low,20261219,1.0,high_minus_low,interaction,0.001498546507059832
pb_t009_19,t009,random_high_minus_low,20261219,1.0,high_minus_low,interaction,0.005611067829661735
pb_t010_09,t010,random_high_minus_low,20261219,1.0,high_minus_low,interaction,0.010973325313868338
pb_t010_12,t010,random_high_minus_low,20261219,1.0,high_minus_low,interaction,0.024915408297013917
pb_t010_17,t010,random_high_minus_low,20261219,1.0,high_minus_low,interaction,0.020624450918393572
pb_t010_19,t010,random_high_minus_low,20261219,1.0,high_minus_low,interaction,0.024102661073788965
pb_t010_20,t010,random_high_minus_low,20261219,1.0,high_minus_low,interaction,0.024816130213483133
pb_t016_09,t016,random_high_minus_low,20261219,1.0,high_minus_low,interaction,0.01511093649166275
pb_t016_10,t016,random_high_minus_low,20261219,1.0,high_minus_low,interaction,0.008770908742339777
pb_t016_12,t016,random_high_minus_low,20261219,1.0,high_minus_low,interaction,0.015982114115218438
pb_t016_17,t016,random_high_minus_low,20261219,1.0,high_minus_low,interaction,0.007711373860107386
pb_t016_20,t016,random_high_minus_low,20261219,1.0,high_minus_low,interaction,0.011648605934538049
pb_t018_08,t018,random_high_minus_low,20261219,1.0,high_minus_low,interaction,-0.0008353782557557685
pb_t018_10,t018,random_high_minus_low,20261219,1.0,high_minus_low,interaction,0.010237276742560864
pb_t018_11,t018,random_high_minus_low,20261219,1.0,high_minus_low,interaction,0.006370786774174576
pb_t018_14,t018,random_high_minus_low,20261219,1.0,high_minus_low,interaction,0.007231544858678306
pb_t018_18,t018,random_high_minus_low,20261219,1.0,high_minus_low,interaction,0.010952158721078228
pb_t023_09,t023,random_high_minus_low,20261219,1.0,high_minus_low,interaction,0.0057780056450156105
pb_t023_12,t023,random_high_minus_low,20261219,1.0,high_minus_low,interaction,0.016235441888306282
pb_t023_13,t023,random_high_minus_low,20261219,1.0,high_minus_low,interaction,0.006330217494396752
pb_t023_17,t023,random_high_minus_low,20261219,1.0,high_minus_low,interaction,0.0044961684620073005
pb_t023_20,t023,random_high_minus_low,20261219,1.0,high_minus_low,interaction,0.015519822578074762
pb_t029_07,t029,random_high_minus_low,20261219,1.0,high_minus_low,interaction,0.017482083722161496
pb_t029_09,t029,random_high_minus_low,20261219,1.0,high_minus_low,interaction,0.004124275980182615
pb_t029_10,t029,random_high_minus_low,20261219,1.0,high_minus_low,interaction,0.018854296104851516
pb_t029_11,t029,random_high_minus_low,20261219,1.0,high_minus_low,interaction,0.010807770646253646
pb_t029_12,t029,random_high_minus_low,20261219,1.0,high_minus_low,interaction,0.011197072245286736
pb_t031_06,t031,random_high_minus_low,20261219,1.0,high_minus_low,interaction,0.01293526602579751
pb_t031_09,t031,random_high_minus_low,20261219,1.0,high_minus_low,interaction,0.016309978094911397
pb_t031_12,t031,random_high_minus_low,20261219,1.0,high_minus_low,interaction,0.011496877943672703
pb_t031_13,t031,random_high_minus_low,20261219,1.0,high_minus_low,interaction,0.0002201253334990263
pb_t031_16,t031,random_high_minus_low,20261219,1.0,high_minus_low,interaction,0.006783326786218897
pb_t032_08,t032,random_high_minus_low,20261219,1.0,high_minus_low,interaction,0.016651372519363567
pb_t032_09,t032,random_high_minus_low,20261219,1.0,high_minus_low,interaction,0.006402813656853507
pb_t032_13,t032,random_high_minus_low,20261219,1.0,high_minus_low,interaction,0.008100203210971216
pb_t032_15,t032,random_high_minus_low,20261219,1.0,high_minus_low,interaction,-0.0077589759782044215
pb_t032_16,t032,random_high_minus_low,20261219,1.0,high_minus_low,interaction,0.019453263601915037
pb_t035_06,t035,random_high_minus_low,20261219,1.0,high_minus_low,interaction,0.002229459579261331
pb_t035_13,t035,random_high_minus_low,20261219,1.0,high_minus_low,interaction,0.0007631112273039839
pb_t035_15,t035,random_high_minus_low,20261219,1.0,high_minus_low,interaction,-0.0001726824605215547
pb_t035_20,t035,random_high_minus_low,20261219,1.0,high_minus_low,interaction,0.014892347636552356
pb_t035_22,t035,random_high_minus_low,20261219,1.0,high_minus_low,interaction,0.02004704325174469
pb_t040_08,t040,random_high_minus_low,20261219,1.0,high_minus_low,interaction,0.013680232792774678
pb_t040_10,t040,random_high_minus_low,20261219,1.0,high_minus_low,interaction,0.01719354539950311
pb_t040_13,t040,random_high_minus_low,20261219,1.0,high_minus_low,interaction,0.012077695475883285
pb_t040_14,t040,random_high_minus_low,20261219,1.0,high_minus_low,interaction,0.009840192851017424
pb_t040_15,t040,random_high_minus_low,20261219,1.0,high_minus_low,interaction,0.014023173869829167
pb_t001_08,t001,random_high_minus_low,20261220,1.0,high_minus_low,interaction,-0.02378076708666738
pb_t001_10,t001,random_high_minus_low,20261220,1.0,high_minus_low,interaction,-0.006485295476381311
pb_t001_11,t001,random_high_minus_low,20261220,1.0,high_minus_low,interaction,-0.02746444894827752
pb_t001_12,t001,random_high_minus_low,20261220,1.0,high_minus_low,interaction,-0.01395822746892871
pb_t001_15,t001,random_high_minus_low,20261220,1.0,high_minus_low,interaction,-0.013610552636272446
pb_t002_08,t002,random_high_minus_low,20261220,1.0,high_minus_low,interaction,-0.017821244325266827
pb_t002_16,t002,random_high_minus_low,20261220,1.0,high_minus_low,interaction,-0.019205473025977266
pb_t002_17,t002,random_high_minus_low,20261220,1.0,high_minus_low,interaction,-0.01842893612295554
pb_t002_18,t002,random_high_minus_low,20261220,1.0,high_minus_low,interaction,-0.014333264426183842
pb_t002_20,t002,random_high_minus_low,20261220,1.0,high_minus_low,interaction,-0.009911680061143013
pb_t004_10,t004,random_high_minus_low,20261220,1.0,high_minus_low,interaction,-0.016809802337436026
pb_t004_11,t004,random_high_minus_low,20261220,1.0,high_minus_low,interaction,-0.02050675396272216
pb_t004_13,t004,random_high_minus_low,20261220,1.0,high_minus_low,interaction,-0.006992503538567434
pb_t004_17,t004,random_high_minus_low,20261220,1.0,high_minus_low,interaction,0.0005195984877751884
pb_t004_20,t004,random_high_minus_low,20261220,1.0,high_minus_low,interaction,-0.005616930127232123
pb_t006_09,t006,random_high_minus_low,20261220,1.0,high_minus_low,interaction,-0.024377564942516798
pb_t006_10,t006,random_high_minus_low,20261220,1.0,high_minus_low,interaction,-0.018886275653234183
pb_t006_12,t006,random_high_minus_low,20261220,1.0,high_minus_low,interaction,-0.02109894264797502
pb_t006_18,t006,random_high_minus_low,20261220,1.0,high_minus_low,interaction,-0.024328990097234937
pb_t006_19,t006,random_high_minus_low,20261220,1.0,high_minus_low,interaction,-0.018503170688745726
pb_t007_09,t007,random_high_minus_low,20261220,1.0,high_minus_low,interaction,-0.028062023871973752
pb_t007_10,t007,random_high_minus_low,20261220,1.0,high_minus_low,interaction,-0.02205109088625002
pb_t007_16,t007,random_high_minus_low,20261220,1.0,high_minus_low,interaction,-0.0032565613521934452
pb_t007_17,t007,random_high_minus_low,20261220,1.0,high_minus_low,interaction,-0.012399761804388553
pb_t007_19,t007,random_high_minus_low,20261220,1.0,high_minus_low,interaction,-0.0015049178097781895
pb_t008_09,t008,random_high_minus_low,20261220,1.0,high_minus_low,interaction,-0.040853726649096415
pb_t008_11,t008,random_high_minus_low,20261220,1.0,high_minus_low,interaction,-0.010004733798989083
pb_t008_16,t008,random_high_minus_low,20261220,1.0,high_minus_low,interaction,-0.0005449620257220294
pb_t008_17,t008,random_high_minus_low,20261220,1.0,high_minus_low,interaction,-0.014762540887221004
pb_t008_20,t008,random_high_minus_low,20261220,1.0,high_minus_low,interaction,-0.02684728891276475
pb_t009_07,t009,random_high_minus_low,20261220,1.0,high_minus_low,interaction,-0.02755271610871981
pb_t009_12,t009,random_high_minus_low,20261220,1.0,high_minus_low,interaction,-0.0016047326427653219
pb_t009_15,t009,random_high_minus_low,20261220,1.0,high_minus_low,interaction,-0.028051733087001512
pb_t009_17,t009,random_high_minus_low,20261220,1.0,high_minus_low,interaction,-0.03014707275752268
pb_t009_19,t009,random_high_minus_low,20261220,1.0,high_minus_low,interaction,-0.016297640977305405
pb_t010_09,t010,random_high_minus_low,20261220,1.0,high_minus_low,interaction,-0.010248639525634332
pb_t010_12,t010,random_high_minus_low,20261220,1.0,high_minus_low,interaction,-0.018246962557204944
pb_t010_17,t010,random_high_minus_low,20261220,1.0,high_minus_low,interaction,-0.013566023100221878
pb_t010_19,t010,random_high_minus_low,20261220,1.0,high_minus_low,interaction,-0.010288138521144232
pb_t010_20,t010,random_high_minus_low,20261220,1.0,high_minus_low,interaction,-0.004690625965431254
pb_t016_09,t016,random_high_minus_low,20261220,1.0,high_minus_low,interaction,-0.028901575234078745
pb_t016_10,t016,random_high_minus_low,20261220,1.0,high_minus_low,interaction,-0.017580966582567224
pb_t016_12,t016,random_high_minus_low,20261220,1.0,high_minus_low,interaction,-0.005106708659350848
pb_t016_17,t016,random_high_minus_low,20261220,1.0,high_minus_low,interaction,-0.024487553195734896
pb_t016_20,t016,random_high_minus_low,20261220,1.0,high_minus_low,interaction,-0.027528641667825333
pb_t018_08,t018,random_high_minus_low,20261220,1.0,high_minus_low,interaction,-0.01710448108007251
pb_t018_10,t018,random_high_minus_low,20261220,1.0,high_minus_low,interaction,-0.015774788883414294
pb_t018_11,t018,random_high_minus_low,20261220,1.0,high_minus_low,interaction,-0.00987471290420238
pb_t018_14,t018,random_high_minus_low,20261220,1.0,high_minus_low,interaction,-0.007925972087553709
pb_t018_18,t018,random_high_minus_low,20261220,1.0,high_minus_low,interaction,-0.02516899482787513
pb_t023_09,t023,random_high_minus_low,20261220,1.0,high_minus_low,interaction,-0.00941403195910968
pb_t023_12,t023,random_high_minus_low,20261220,1.0,high_minus_low,interaction,-0.011313900844016917
pb_t023_13,t023,random_high_minus_low,20261220,1.0,high_minus_low,interaction,-0.008845628922107156
pb_t023_17,t023,random_high_minus_low,20261220,1.0,high_minus_low,interaction,-0.027023789760171734
pb_t023_20,t023,random_high_minus_low,20261220,1.0,high_minus_low,interaction,-0.01797946091156579
pb_t029_07,t029,random_high_minus_low,20261220,1.0,high_minus_low,interaction,-0.00938999037185771
pb_t029_09,t029,random_high_minus_low,20261220,1.0,high_minus_low,interaction,-0.011812791110555363
pb_t029_10,t029,random_high_minus_low,20261220,1.0,high_minus_low,interaction,-0.020898869663689888
pb_t029_11,t029,random_high_minus_low,20261220,1.0,high_minus_low,interaction,-0.01109844106956822
pb_t029_12,t029,random_high_minus_low,20261220,1.0,high_minus_low,interaction,-0.013117711695418425
pb_t031_06,t031,random_high_minus_low,20261220,1.0,high_minus_low,interaction,-0.02423978786058871
pb_t031_09,t031,random_high_minus_low,20261220,1.0,high_minus_low,interaction,-0.017193645791639133
pb_t031_12,t031,random_high_minus_low,20261220,1.0,high_minus_low,interaction,-0.027061628873302195
pb_t031_13,t031,random_high_minus_low,20261220,1.0,high_minus_low,interaction,-0.012918854028576938
pb_t031_16,t031,random_high_minus_low,20261220,1.0,high_minus_low,interaction,-0.021625219324370736
pb_t032_08,t032,random_high_minus_low,20261220,1.0,high_minus_low,interaction,-0.014424159220378015
pb_t032_09,t032,random_high_minus_low,20261220,1.0,high_minus_low,interaction,-0.020052852389186766
pb_t032_13,t032,random_high_minus_low,20261220,1.0,high_minus_low,interaction,-0.01083516312449277
pb_t032_15,t032,random_high_minus_low,20261220,1.0,high_minus_low,interaction,-0.00793352512156685
pb_t032_16,t032,random_high_minus_low,20261220,1.0,high_minus_low,interaction,-0.03098151231173656
pb_t035_06,t035,random_high_minus_low,20261220,1.0,high_minus_low,interaction,-0.007861378430176183
pb_t035_13,t035,random_high_minus_low,20261220,1.0,high_minus_low,interaction,-0.030023480471721237
pb_t035_15,t035,random_high_minus_low,20261220,1.0,high_minus_low,interaction,-0.013618114213003985
pb_t035_20,t035,random_high_minus_low,20261220,1.0,high_minus_low,interaction,-0.01341808966012551
pb_t035_22,t035,random_high_minus_low,20261220,1.0,high_minus_low,interaction,-0.017556031626011215
pb_t040_08,t040,random_high_minus_low,20261220,1.0,high_minus_low,interaction,-0.014270424215957474
pb_t040_10,t040,random_high_minus_low,20261220,1.0,high_minus_low,interaction,-0.015213476744076297
pb_t040_13,t040,random_high_minus_low,20261220,1.0,high_minus_low,interaction,-0.012397135939273423
pb_t040_14,t040,random_high_minus_low,20261220,1.0,high_minus_low,interaction,-0.007405591792969182
pb_t040_15,t040,random_high_minus_low,20261220,1.0,high_minus_low,interaction,-0.010844393345051004
pb_t001_08,t001,random_high_minus_low,20261221,1.0,high_minus_low,interaction,-0.010160497043845286
pb_t001_10,t001,random_high_minus_low,20261221,1.0,high_minus_low,interaction,0.0030159726023947786
pb_t001_11,t001,random_high_minus_low,20261221,1.0,high_minus_low,interaction,-0.012562485082415555
pb_t001_12,t001,random_high_minus_low,20261221,1.0,high_minus_low,interaction,-0.0008525152767437697
pb_t001_15,t001,random_high_minus_low,20261221,1.0,high_minus_low,interaction,0.0019671554857702426
pb_t002_08,t002,random_high_minus_low,20261221,1.0,high_minus_low,interaction,-0.017563919506777076
pb_t002_16,t002,random_high_minus_low,20261221,1.0,high_minus_low,interaction,-0.010580925615987249
pb_t002_17,t002,random_high_minus_low,20261221,1.0,high_minus_low,interaction,-0.0036637683867495724
pb_t002_18,t002,random_high_minus_low,20261221,1.0,high_minus_low,interaction,-0.004915964182268732
pb_t002_20,t002,random_high_minus_low,20261221,1.0,high_minus_low,interaction,0.0019208261338815012
pb_t004_10,t004,random_high_minus_low,20261221,1.0,high_minus_low,interaction,-0.0030313900134826266
pb_t004_11,t004,random_high_minus_low,20261221,1.0,high_minus_low,interaction,-0.018740731964937817
pb_t004_13,t004,random_high_minus_low,20261221,1.0,high_minus_low,interaction,-0.003475575370098903
pb_t004_17,t004,random_high_minus_low,20261221,1.0,high_minus_low,interaction,0.0012452782525656392
pb_t004_20,t004,random_high_minus_low,20261221,1.0,high_minus_low,interaction,0.0006391209232345167
pb_t006_09,t006,random_high_minus_low,20261221,1.0,high_minus_low,interaction,-0.006177253261298948
pb_t006_10,t006,random_high_minus_low,20261221,1.0,high_minus_low,interaction,-0.0015780645074782744
pb_t006_12,t006,random_high_minus_low,20261221,1.0,high_minus_low,interaction,0.011922348900877336
pb_t006_18,t006,random_high_minus_low,20261221,1.0,high_minus_low,interaction,-0.007758477354729813
pb_t006_19,t006,random_high_minus_low,20261221,1.0,high_minus_low,interaction,-0.0016513700944223869
pb_t007_09,t007,random_high_minus_low,20261221,1.0,high_minus_low,interaction,-0.011265120788164015
pb_t007_10,t007,random_high_minus_low,20261221,1.0,high_minus_low,interaction,-0.012433604283473875
pb_t007_16,t007,random_high_minus_low,20261221,1.0,high_minus_low,interaction,0.006595352722914991
pb_t007_17,t007,random_high_minus_low,20261221,1.0,high_minus_low,interaction,0.009121988611260222
pb_t007_19,t007,random_high_minus_low,20261221,1.0,high_minus_low,interaction,0.011048781889237237
pb_t008_09,t008,random_high_minus_low,20261221,1.0,high_minus_low,interaction,-0.012504810204628758
pb_t008_11,t008,random_high_minus_low,20261221,1.0,high_minus_low,interaction,-0.007611525443467513
pb_t008_16,t008,random_high_minus_low,20261221,1.0,high_minus_low,interaction,0.0032984889573704447
pb_t008_17,t008,random_high_minus_low,20261221,1.0,high_minus_low,interaction,0.006226692819428798
pb_t008_20,t008,random_high_minus_low,20261221,1.0,high_minus_low,interaction,-0.0035589494545968047
pb_t009_07,t009,random_high_minus_low,20261221,1.0,high_minus_low,interaction,-0.0038370649577464068
pb_t009_12,t009,random_high_minus_low,20261221,1.0,high_minus_low,interaction,0.001646572361856183
pb_t009_15,t009,random_high_minus_low,20261221,1.0,high_minus_low,interaction,-0.007679419183984344
pb_t009_17,t009,random_high_minus_low,20261221,1.0,high_minus_low,interaction,-0.00847409382220527
pb_t009_19,t009,random_high_minus_low,20261221,1.0,high_minus_low,interaction,-0.0030182765810288156
pb_t010_09,t010,random_high_minus_low,20261221,1.0,high_minus_low,interaction,0.01621342959826369
pb_t010_12,t010,random_high_minus_low,20261221,1.0,high_minus_low,interaction,-0.005797863255088873
pb_t010_17,t010,random_high_minus_low,20261221,1.0,high_minus_low,interaction,-0.004387046679465637
pb_t010_19,t010,random_high_minus_low,20261221,1.0,high_minus_low,interaction,-0.016356476308717557
pb_t010_20,t010,random_high_minus_low,20261221,1.0,high_minus_low,interaction,-0.00871101201121861
pb_t016_09,t016,random_high_minus_low,20261221,1.0,high_minus_low,interaction,-0.003205068086296288
pb_t016_10,t016,random_high_minus_low,20261221,1.0,high_minus_low,interaction,0.01667170976848155
pb_t016_12,t016,random_high_minus_low,20261221,1.0,high_minus_low,interaction,-0.00011664472383145252
pb_t016_17,t016,random_high_minus_low,20261221,1.0,high_minus_low,interaction,-0.0012042743226435026
pb_t016_20,t016,random_high_minus_low,20261221,1.0,high_minus_low,interaction,-0.002712431660451879
pb_t018_08,t018,random_high_minus_low,20261221,1.0,high_minus_low,interaction,-0.012556634020144722
pb_t018_10,t018,random_high_minus_low,20261221,1.0,high_minus_low,interaction,-0.010901354971774687
pb_t018_11,t018,random_high_minus_low,20261221,1.0,high_minus_low,interaction,-0.00720948753391357
pb_t018_14,t018,random_high_minus_low,20261221,1.0,high_minus_low,interaction,0.001239171614308164
pb_t018_18,t018,random_high_minus_low,20261221,1.0,high_minus_low,interaction,-0.012434412299152889
pb_t023_09,t023,random_high_minus_low,20261221,1.0,high_minus_low,interaction,0.008474211431651855
pb_t023_12,t023,random_high_minus_low,20261221,1.0,high_minus_low,interaction,-0.009697791404012796
pb_t023_13,t023,random_high_minus_low,20261221,1.0,high_minus_low,interaction,0.0018475641100976284
pb_t023_17,t023,random_high_minus_low,20261221,1.0,high_minus_low,interaction,-0.012934147819384222
pb_t023_20,t023,random_high_minus_low,20261221,1.0,high_minus_low,interaction,-0.0003935311845005261
pb_t029_07,t029,random_high_minus_low,20261221,1.0,high_minus_low,interaction,-0.013176700832753584
pb_t029_09,t029,random_high_minus_low,20261221,1.0,high_minus_low,interaction,-0.007596557828389657
pb_t029_10,t029,random_high_minus_low,20261221,1.0,high_minus_low,interaction,-0.016679933320281937
pb_t029_11,t029,random_high_minus_low,20261221,1.0,high_minus_low,interaction,-0.002743381365599191
pb_t029_12,t029,random_high_minus_low,20261221,1.0,high_minus_low,interaction,0.0008727003993670312
pb_t031_06,t031,random_high_minus_low,20261221,1.0,high_minus_low,interaction,-0.006528633720335678
pb_t031_09,t031,random_high_minus_low,20261221,1.0,high_minus_low,interaction,0.0007720924684230192
pb_t031_12,t031,random_high_minus_low,20261221,1.0,high_minus_low,interaction,-0.008859257012664764
pb_t031_13,t031,random_high_minus_low,20261221,1.0,high_minus_low,interaction,0.005046961789802058
pb_t031_16,t031,random_high_minus_low,20261221,1.0,high_minus_low,interaction,-0.006741229929949856
pb_t032_08,t032,random_high_minus_low,20261221,1.0,high_minus_low,interaction,-0.010167849635253698
pb_t032_09,t032,random_high_minus_low,20261221,1.0,high_minus_low,interaction,-0.0057256476040997584
pb_t032_13,t032,random_high_minus_low,20261221,1.0,high_minus_low,interaction,-0.002006660049797865
pb_t032_15,t032,random_high_minus_low,20261221,1.0,high_minus_low,interaction,0.0018445842779880308
pb_t032_16,t032,random_high_minus_low,20261221,1.0,high_minus_low,interaction,0.0012019998083245761
pb_t035_06,t035,random_high_minus_low,20261221,1.0,high_minus_low,interaction,-0.005914083959090097
pb_t035_13,t035,random_high_minus_low,20261221,1.0,high_minus_low,interaction,-0.008488205251521472
pb_t035_15,t035,random_high_minus_low,20261221,1.0,high_minus_low,interaction,-0.014139194549572142
pb_t035_20,t035,random_high_minus_low,20261221,1.0,high_minus_low,interaction,-0.011477798091364452
pb_t035_22,t035,random_high_minus_low,20261221,1.0,high_minus_low,interaction,0.0018952035541267365
pb_t040_08,t040,random_high_minus_low,20261221,1.0,high_minus_low,interaction,-0.005661619872113982
pb_t040_10,t040,random_high_minus_low,20261221,1.0,high_minus_low,interaction,-0.015271204792154686
pb_t040_13,t040,random_high_minus_low,20261221,1.0,high_minus_low,interaction,-0.008416378495140065
pb_t040_14,t040,random_high_minus_low,20261221,1.0,high_minus_low,interaction,0.002689290048036269
pb_t040_15,t040,random_high_minus_low,20261221,1.0,high_minus_low,interaction,-0.005250299783645241
pb_t001_08,t001,random_high_minus_low,20261222,1.0,high_minus_low,interaction,-0.012228850658893987
pb_t001_10,t001,random_high_minus_low,20261222,1.0,high_minus_low,interaction,-0.01976423228891652
pb_t001_11,t001,random_high_minus_low,20261222,1.0,high_minus_low,interaction,-0.01517991264781878
pb_t001_12,t001,random_high_minus_low,20261222,1.0,high_minus_low,interaction,-0.0005027620777358424
pb_t001_15,t001,random_high_minus_low,20261222,1.0,high_minus_low,interaction,-0.01749215085674021
pb_t002_08,t002,random_high_minus_low,20261222,1.0,high_minus_low,interaction,-0.003370003723117871
pb_t002_16,t002,random_high_minus_low,20261222,1.0,high_minus_low,interaction,-0.01909651223295352
pb_t002_17,t002,random_high_minus_low,20261222,1.0,high_minus_low,interaction,-0.018862524855095392
pb_t002_18,t002,random_high_minus_low,20261222,1.0,high_minus_low,interaction,-0.018880740308969378
pb_t002_20,t002,random_high_minus_low,20261222,1.0,high_minus_low,interaction,-0.02073623009802558
pb_t004_10,t004,random_high_minus_low,20261222,1.0,high_minus_low,interaction,-0.025072162364449195
pb_t004_11,t004,random_high_minus_low,20261222,1.0,high_minus_low,interaction,-0.02064600376313977
pb_t004_13,t004,random_high_minus_low,20261222,1.0,high_minus_low,interaction,-0.0025972975260942417
pb_t004_17,t004,random_high_minus_low,20261222,1.0,high_minus_low,interaction,-0.030458736106312174
pb_t004_20,t004,random_high_minus_low,20261222,1.0,high_minus_low,interaction,-0.007418531848671052
pb_t006_09,t006,random_high_minus_low,20261222,1.0,high_minus_low,interaction,-0.01171531156934872
pb_t006_10,t006,random_high_minus_low,20261222,1.0,high_minus_low,interaction,-0.007283441197345928
pb_t006_12,t006,random_high_minus_low,20261222,1.0,high_minus_low,interaction,-0.0225738453423539
pb_t006_18,t006,random_high_minus_low,20261222,1.0,high_minus_low,interaction,-0.0016175352765032264
pb_t006_19,t006,random_high_minus_low,20261222,1.0,high_minus_low,interaction,-0.02684760155824076
pb_t007_09,t007,random_high_minus_low,20261222,1.0,high_minus_low,interaction,-0.02132986702032777
pb_t007_10,t007,random_high_minus_low,20261222,1.0,high_minus_low,interaction,-0.01743848367701473
pb_t007_16,t007,random_high_minus_low,20261222,1.0,high_minus_low,interaction,-0.023214410037554277
pb_t007_17,t007,random_high_minus_low,20261222,1.0,high_minus_low,interaction,-0.018715543687669117
pb_t007_19,t007,random_high_minus_low,20261222,1.0,high_minus_low,interaction,-0.03172010065887772
pb_t008_09,t008,random_high_minus_low,20261222,1.0,high_minus_low,interaction,-0.015131758825335585
pb_t008_11,t008,random_high_minus_low,20261222,1.0,high_minus_low,interaction,-0.009714010791532928
pb_t008_16,t008,random_high_minus_low,20261222,1.0,high_minus_low,interaction,-0.02767227525637029
pb_t008_17,t008,random_high_minus_low,20261222,1.0,high_minus_low,interaction,-0.007380425351916978
pb_t008_20,t008,random_high_minus_low,20261222,1.0,high_minus_low,interaction,-0.008485556303282515
pb_t009_07,t009,random_high_minus_low,20261222,1.0,high_minus_low,interaction,-0.017212263518931938
pb_t009_12,t009,random_high_minus_low,20261222,1.0,high_minus_low,interaction,-0.021908763421108063
pb_t009_15,t009,random_high_minus_low,20261222,1.0,high_minus_low,interaction,-0.011583800013412164
pb_t009_17,t009,random_high_minus_low,20261222,1.0,high_minus_low,interaction,-0.00980230881636313
pb_t009_19,t009,random_high_minus_low,20261222,1.0,high_minus_low,interaction,-0.012261274982499501
pb_t010_09,t010,random_high_minus_low,20261222,1.0,high_minus_low,interaction,-0.018257787562830707
pb_t010_12,t010,random_high_minus_low,20261222,1.0,high_minus_low,interaction,-0.030395597926504564
pb_t010_17,t010,random_high_minus_low,20261222,1.0,high_minus_low,interaction,-0.02071375744400954
pb_t010_19,t010,random_high_minus_low,20261222,1.0,high_minus_low,interaction,-0.009210726972110398
pb_t010_20,t010,random_high_minus_low,20261222,1.0,high_minus_low,interaction,-0.007321005051147883
pb_t016_09,t016,random_high_minus_low,20261222,1.0,high_minus_low,interaction,-0.019485155933418777
pb_t016_10,t016,random_high_minus_low,20261222,1.0,high_minus_low,interaction,-0.029799036451551228
pb_t016_12,t016,random_high_minus_low,20261222,1.0,high_minus_low,interaction,-0.015950701352321395
pb_t016_17,t016,random_high_minus_low,20261222,1.0,high_minus_low,interaction,-0.016228535141740323
pb_t016_20,t016,random_high_minus_low,20261222,1.0,high_minus_low,interaction,-0.0016647553406965152
pb_t018_08,t018,random_high_minus_low,20261222,1.0,high_minus_low,interaction,-0.010609239156704822
pb_t018_10,t018,random_high_minus_low,20261222,1.0,high_minus_low,interaction,-0.00351924149166004
pb_t018_11,t018,random_high_minus_low,20261222,1.0,high_minus_low,interaction,-0.01793985453259321
pb_t018_14,t018,random_high_minus_low,20261222,1.0,high_minus_low,interaction,-0.007999690269235799
pb_t018_18,t018,random_high_minus_low,20261222,1.0,high_minus_low,interaction,-0.018472188963697476
pb_t023_09,t023,random_high_minus_low,20261222,1.0,high_minus_low,interaction,-0.01959467157275497
pb_t023_12,t023,random_high_minus_low,20261222,1.0,high_minus_low,interaction,-0.005072996446045929
pb_t023_13,t023,random_high_minus_low,20261222,1.0,high_minus_low,interaction,-0.01685638925997352
pb_t023_17,t023,random_high_minus_low,20261222,1.0,high_minus_low,interaction,-0.01851061320299193
pb_t023_20,t023,random_high_minus_low,20261222,1.0,high_minus_low,interaction,-0.019102766355424454
pb_t029_07,t029,random_high_minus_low,20261222,1.0,high_minus_low,interaction,-0.009160476108265661
pb_t029_09,t029,random_high_minus_low,20261222,1.0,high_minus_low,interaction,-0.019755441593657334
pb_t029_10,t029,random_high_minus_low,20261222,1.0,high_minus_low,interaction,-0.018002586023255007
pb_t029_11,t029,random_high_minus_low,20261222,1.0,high_minus_low,interaction,-0.02268399370688645
pb_t029_12,t029,random_high_minus_low,20261222,1.0,high_minus_low,interaction,-0.002719962038067605
pb_t031_06,t031,random_high_minus_low,20261222,1.0,high_minus_low,interaction,-0.003518232841360193
pb_t031_09,t031,random_high_minus_low,20261222,1.0,high_minus_low,interaction,-0.011995387160942669
pb_t031_12,t031,random_high_minus_low,20261222,1.0,high_minus_low,interaction,-0.019017964417804376
pb_t031_13,t031,random_high_minus_low,20261222,1.0,high_minus_low,interaction,-0.021043190246868723
pb_t031_16,t031,random_high_minus_low,20261222,1.0,high_minus_low,interaction,-0.010473029697815947
pb_t032_08,t032,random_high_minus_low,20261222,1.0,high_minus_low,interaction,-0.0032218725178302654
pb_t032_09,t032,random_high_minus_low,20261222,1.0,high_minus_low,interaction,-0.005865701996141486
pb_t032_13,t032,random_high_minus_low,20261222,1.0,high_minus_low,interaction,-0.010550520317551599
pb_t032_15,t032,random_high_minus_low,20261222,1.0,high_minus_low,interaction,-0.01686632315692274
pb_t032_16,t032,random_high_minus_low,20261222,1.0,high_minus_low,interaction,-0.01947805152923788
pb_t035_06,t035,random_high_minus_low,20261222,1.0,high_minus_low,interaction,-0.017387743625382267
pb_t035_13,t035,random_high_minus_low,20261222,1.0,high_minus_low,interaction,-0.01354339507194301
pb_t035_15,t035,random_high_minus_low,20261222,1.0,high_minus_low,interaction,-0.005051344329996299
pb_t035_20,t035,random_high_minus_low,20261222,1.0,high_minus_low,interaction,-0.027347393330538577
pb_t035_22,t035,random_high_minus_low,20261222,1.0,high_minus_low,interaction,-0.0014753696212422098
pb_t040_08,t040,random_high_minus_low,20261222,1.0,high_minus_low,interaction,-0.026015453511903756
pb_t040_10,t040,random_high_minus_low,20261222,1.0,high_minus_low,interaction,-0.008267084063329726
pb_t040_13,t040,random_high_minus_low,20261222,1.0,high_minus_low,interaction,-0.026070546094774227
pb_t040_14,t040,random_high_minus_low,20261222,1.0,high_minus_low,interaction,-0.03126303771241954
pb_t040_15,t040,random_high_minus_low,20261222,1.0,high_minus_low,interaction,-0.009406524472326844
pb_t001_08,t001,random_high_minus_low,20261223,1.0,high_minus_low,interaction,-0.018631890263858142
pb_t001_10,t001,random_high_minus_low,20261223,1.0,high_minus_low,interaction,-0.015556708445984169
pb_t001_11,t001,random_high_minus_low,20261223,1.0,high_minus_low,interaction,-0.012538106104982568
pb_t001_12,t001,random_high_minus_low,20261223,1.0,high_minus_low,interaction,-0.005998115046466612
pb_t001_15,t001,random_high_minus_low,20261223,1.0,high_minus_low,interaction,-0.013348529467962328
pb_t002_08,t002,random_high_minus_low,20261223,1.0,high_minus_low,interaction,-0.02017651248600963
pb_t002_16,t002,random_high_minus_low,20261223,1.0,high_minus_low,interaction,-0.010856495831207045
pb_t002_17,t002,random_high_minus_low,20261223,1.0,high_minus_low,interaction,-0.001216001591384415
pb_t002_18,t002,random_high_minus_low,20261223,1.0,high_minus_low,interaction,0.008205280769559342
pb_t002_20,t002,random_high_minus_low,20261223,1.0,high_minus_low,interaction,-0.0061855873246401336
pb_t004_10,t004,random_high_minus_low,20261223,1.0,high_minus_low,interaction,-0.012812119264236024
pb_t004_11,t004,random_high_minus_low,20261223,1.0,high_minus_low,interaction,-0.003328789163576475
pb_t004_13,t004,random_high_minus_low,20261223,1.0,high_minus_low,interaction,-0.001684902033095733
pb_t004_17,t004,random_high_minus_low,20261223,1.0,high_minus_low,interaction,-0.008781394380708763
pb_t004_20,t004,random_high_minus_low,20261223,1.0,high_minus_low,interaction,-0.005189422711145391
pb_t006_09,t006,random_high_minus_low,20261223,1.0,high_minus_low,interaction,-0.014476477920029053
pb_t006_10,t006,random_high_minus_low,20261223,1.0,high_minus_low,interaction,-0.0051353616371484796
pb_t006_12,t006,random_high_minus_low,20261223,1.0,high_minus_low,interaction,-0.0031925262473346877
pb_t006_18,t006,random_high_minus_low,20261223,1.0,high_minus_low,interaction,-0.007337868080273182
pb_t006_19,t006,random_high_minus_low,20261223,1.0,high_minus_low,interaction,0.0034715877405194885
pb_t007_09,t007,random_high_minus_low,20261223,1.0,high_minus_low,interaction,-0.015502138357737947
pb_t007_10,t007,random_high_minus_low,20261223,1.0,high_minus_low,interaction,0.00043745046503694074
pb_t007_16,t007,random_high_minus_low,20261223,1.0,high_minus_low,interaction,-0.030838062180311272
pb_t007_17,t007,random_high_minus_low,20261223,1.0,high_minus_low,interaction,-0.017415019914159342
pb_t007_19,t007,random_high_minus_low,20261223,1.0,high_minus_low,interaction,-0.015165034763539822
pb_t008_09,t008,random_high_minus_low,20261223,1.0,high_minus_low,interaction,-0.005796180820777166
pb_t008_11,t008,random_high_minus_low,20261223,1.0,high_minus_low,interaction,-0.014277815737510406
pb_t008_16,t008,random_high_minus_low,20261223,1.0,high_minus_low,interaction,-0.014961734102619494
pb_t008_17,t008,random_high_minus_low,20261223,1.0,high_minus_low,interaction,-0.01576678244329462
pb_t008_20,t008,random_high_minus_low,20261223,1.0,high_minus_low,interaction,0.006278221816415803
pb_t009_07,t009,random_high_minus_low,20261223,1.0,high_minus_low,interaction,-0.00665380785069665
pb_t009_12,t009,random_high_minus_low,20261223,1.0,high_minus_low,interaction,-0.016524679759150545
pb_t009_15,t009,random_high_minus_low,20261223,1.0,high_minus_low,interaction,-0.01353415271833164
pb_t009_17,t009,random_high_minus_low,20261223,1.0,high_minus_low,interaction,-0.005104297724682483
pb_t009_19,t009,random_high_minus_low,20261223,1.0,high_minus_low,interaction,-0.010305068217460729
pb_t010_09,t010,random_high_minus_low,20261223,1.0,high_minus_low,interaction,-0.010592274003785113
pb_t010_12,t010,random_high_minus_low,20261223,1.0,high_minus_low,interaction,-0.019001168265440113
pb_t010_17,t010,random_high_minus_low,20261223,1.0,high_minus_low,interaction,-0.010994907729878241
pb_t010_19,t010,random_high_minus_low,20261223,1.0,high_minus_low,interaction,-0.011110315500688665
pb_t010_20,t010,random_high_minus_low,20261223,1.0,high_minus_low,interaction,-0.007693173330678907
pb_t016_09,t016,random_high_minus_low,20261223,1.0,high_minus_low,interaction,-0.005756102545460817
pb_t016_10,t016,random_high_minus_low,20261223,1.0,high_minus_low,interaction,-0.009398117324660244
pb_t016_12,t016,random_high_minus_low,20261223,1.0,high_minus_low,interaction,-0.02145307325801756
pb_t016_17,t016,random_high_minus_low,20261223,1.0,high_minus_low,interaction,-0.011717941157018368
pb_t016_20,t016,random_high_minus_low,20261223,1.0,high_minus_low,interaction,-0.015874049473301174
pb_t018_08,t018,random_high_minus_low,20261223,1.0,high_minus_low,interaction,-0.0016359221677901443
pb_t018_10,t018,random_high_minus_low,20261223,1.0,high_minus_low,interaction,-0.010530150722243118
pb_t018_11,t018,random_high_minus_low,20261223,1.0,high_minus_low,interaction,-0.01296406419357626
pb_t018_14,t018,random_high_minus_low,20261223,1.0,high_minus_low,interaction,-0.010742411927654393
pb_t018_18,t018,random_high_minus_low,20261223,1.0,high_minus_low,interaction,-0.010439961913084111
pb_t023_09,t023,random_high_minus_low,20261223,1.0,high_minus_low,interaction,-0.0020050475133456557
pb_t023_12,t023,random_high_minus_low,20261223,1.0,high_minus_low,interaction,-0.015117673398219667
pb_t023_13,t023,random_high_minus_low,20261223,1.0,high_minus_low,interaction,-0.007717087598124668
pb_t023_17,t023,random_high_minus_low,20261223,1.0,high_minus_low,interaction,-0.00923960702381745
pb_t023_20,t023,random_high_minus_low,20261223,1.0,high_minus_low,interaction,0.0023969826166004926
pb_t029_07,t029,random_high_minus_low,20261223,1.0,high_minus_low,interaction,-0.011129707716451503
pb_t029_09,t029,random_high_minus_low,20261223,1.0,high_minus_low,interaction,-0.0037381750496049233
pb_t029_10,t029,random_high_minus_low,20261223,1.0,high_minus_low,interaction,-0.009401268573676928
pb_t029_11,t029,random_high_minus_low,20261223,1.0,high_minus_low,interaction,-0.007132932828747688
pb_t029_12,t029,random_high_minus_low,20261223,1.0,high_minus_low,interaction,-0.00458844590724403
pb_t031_06,t031,random_high_minus_low,20261223,1.0,high_minus_low,interaction,0.009722336562334654
pb_t031_09,t031,random_high_minus_low,20261223,1.0,high_minus_low,interaction,-0.013428620555979908
pb_t031_12,t031,random_high_minus_low,20261223,1.0,high_minus_low,interaction,-0.010762987372819449
pb_t031_13,t031,random_high_minus_low,20261223,1.0,high_minus_low,interaction,-0.0068422584982680236
pb_t031_16,t031,random_high_minus_low,20261223,1.0,high_minus_low,interaction,-0.0031586021032922905
pb_t032_08,t032,random_high_minus_low,20261223,1.0,high_minus_low,interaction,-0.009926447765804116
pb_t032_09,t032,random_high_minus_low,20261223,1.0,high_minus_low,interaction,0.005005194121093546
pb_t032_13,t032,random_high_minus_low,20261223,1.0,high_minus_low,interaction,-0.012056585285219636
pb_t032_15,t032,random_high_minus_low,20261223,1.0,high_minus_low,interaction,-0.012382554369177706
pb_t032_16,t032,random_high_minus_low,20261223,1.0,high_minus_low,interaction,-0.013565406153208908
pb_t035_06,t035,random_high_minus_low,20261223,1.0,high_minus_low,interaction,-0.011961583145424625
pb_t035_13,t035,random_high_minus_low,20261223,1.0,high_minus_low,interaction,-0.003618385178259597
pb_t035_15,t035,random_high_minus_low,20261223,1.0,high_minus_low,interaction,-0.011387784772176956
pb_t035_20,t035,random_high_minus_low,20261223,1.0,high_minus_low,interaction,-0.016012277029694905
pb_t035_22,t035,random_high_minus_low,20261223,1.0,high_minus_low,interaction,-0.017594843284939144
pb_t040_08,t040,random_high_minus_low,20261223,1.0,high_minus_low,interaction,-0.029189262625229744
pb_t040_10,t040,random_high_minus_low,20261223,1.0,high_minus_low,interaction,-0.021211652775154823
pb_t040_13,t040,random_high_minus_low,20261223,1.0,high_minus_low,interaction,0.0016624535223860085
pb_t040_14,t040,random_high_minus_low,20261223,1.0,high_minus_low,interaction,-0.014444784117837641
pb_t040_15,t040,random_high_minus_low,20261223,1.0,high_minus_low,interaction,-0.010916305192282193
pb_t001_08,t001,random_high_minus_low,20261224,1.0,high_minus_low,interaction,-0.009498291581996337
pb_t001_10,t001,random_high_minus_low,20261224,1.0,high_minus_low,interaction,-0.006171455031705767
pb_t001_11,t001,random_high_minus_low,20261224,1.0,high_minus_low,interaction,-0.00721339675100918
pb_t001_12,t001,random_high_minus_low,20261224,1.0,high_minus_low,interaction,0.007579720712911931
pb_t001_15,t001,random_high_minus_low,20261224,1.0,high_minus_low,interaction,-0.0049741996166273415
pb_t002_08,t002,random_high_minus_low,20261224,1.0,high_minus_low,interaction,-0.0019193150318596807
pb_t002_16,t002,random_high_minus_low,20261224,1.0,high_minus_low,interaction,-0.00407860222432102
pb_t002_17,t002,random_high_minus_low,20261224,1.0,high_minus_low,interaction,-0.000502000293401463
pb_t002_18,t002,random_high_minus_low,20261224,1.0,high_minus_low,interaction,-0.0005221104340969358
pb_t002_20,t002,random_high_minus_low,20261224,1.0,high_minus_low,interaction,-0.004610917636732381
pb_t004_10,t004,random_high_minus_low,20261224,1.0,high_minus_low,interaction,-0.013503417617996791
pb_t004_11,t004,random_high_minus_low,20261224,1.0,high_minus_low,interaction,-0.020262026698995572
pb_t004_13,t004,random_high_minus_low,20261224,1.0,high_minus_low,interaction,-0.004988786594769555
pb_t004_17,t004,random_high_minus_low,20261224,1.0,high_minus_low,interaction,-0.0029966827868981886
pb_t004_20,t004,random_high_minus_low,20261224,1.0,high_minus_low,interaction,0.0027654278817419303
pb_t006_09,t006,random_high_minus_low,20261224,1.0,high_minus_low,interaction,-0.007779122741489278
pb_t006_10,t006,random_high_minus_low,20261224,1.0,high_minus_low,interaction,0.008158953438263278
pb_t006_12,t006,random_high_minus_low,20261224,1.0,high_minus_low,interaction,0.01335077616774909
pb_t006_18,t006,random_high_minus_low,20261224,1.0,high_minus_low,interaction,0.015605113746985881
pb_t006_19,t006,random_high_minus_low,20261224,1.0,high_minus_low,interaction,-0.0054598677991753285
pb_t007_09,t007,random_high_minus_low,20261224,1.0,high_minus_low,interaction,0.007509744343159201
pb_t007_10,t007,random_high_minus_low,20261224,1.0,high_minus_low,interaction,-0.0003434906132711151
pb_t007_16,t007,random_high_minus_low,20261224,1.0,high_minus_low,interaction,0.014350739225149144
pb_t007_17,t007,random_high_minus_low,20261224,1.0,high_minus_low,interaction,0.007941241731186592
pb_t007_19,t007,random_high_minus_low,20261224,1.0,high_minus_low,interaction,0.008582790092014972
pb_t008_09,t008,random_high_minus_low,20261224,1.0,high_minus_low,interaction,-0.009203400935392883
pb_t008_11,t008,random_high_minus_low,20261224,1.0,high_minus_low,interaction,0.002797709191341532
pb_t008_16,t008,random_high_minus_low,20261224,1.0,high_minus_low,interaction,0.007330492846667213
pb_t008_17,t008,random_high_minus_low,20261224,1.0,high_minus_low,interaction,0.007858822591241174
pb_t008_20,t008,random_high_minus_low,20261224,1.0,high_minus_low,interaction,0.0035042914591213725
pb_t009_07,t009,random_high_minus_low,20261224,1.0,high_minus_low,interaction,0.011739900504950938
pb_t009_12,t009,random_high_minus_low,20261224,1.0,high_minus_low,interaction,0.0005495241432452401
pb_t009_15,t009,random_high_minus_low,20261224,1.0,high_minus_low,interaction,-0.00430095686119263
pb_t009_17,t009,random_high_minus_low,20261224,1.0,high_minus_low,interaction,0.012455743452372187
pb_t009_19,t009,random_high_minus_low,20261224,1.0,high_minus_low,interaction,0.0031302108510807094
pb_t010_09,t010,random_high_minus_low,20261224,1.0,high_minus_low,interaction,0.005270124167217806
pb_t010_12,t010,random_high_minus_low,20261224,1.0,high_minus_low,interaction,-0.009467331021541842
pb_t010_17,t010,random_high_minus_low,20261224,1.0,high_minus_low,interaction,-0.008519737150839875
pb_t010_19,t010,random_high_minus_low,20261224,1.0,high_minus_low,interaction,0.01730218251855231
pb_t010_20,t010,random_high_minus_low,20261224,1.0,high_minus_low,interaction,0.0023887454723438817
pb_t016_09,t016,random_high_minus_low,20261224,1.0,high_minus_low,interaction,-0.018845243866827708
pb_t016_10,t016,random_high_minus_low,20261224,1.0,high_minus_low,interaction,-0.0007147068420255722
pb_t016_12,t016,random_high_minus_low,20261224,1.0,high_minus_low,interaction,-0.00036776732178934817
pb_t016_17,t016,random_high_minus_low,20261224,1.0,high_minus_low,interaction,-0.0019599782162901492
pb_t016_20,t016,random_high_minus_low,20261224,1.0,high_minus_low,interaction,0.011696877328927229
pb_t018_08,t018,random_high_minus_low,20261224,1.0,high_minus_low,interaction,-0.004066080095040649
pb_t018_10,t018,random_high_minus_low,20261224,1.0,high_minus_low,interaction,-0.004777717804457681
pb_t018_11,t018,random_high_minus_low,20261224,1.0,high_minus_low,interaction,0.0035400129889630594
pb_t018_14,t018,random_high_minus_low,20261224,1.0,high_minus_low,interaction,0.005588448016943462
pb_t018_18,t018,random_high_minus_low,20261224,1.0,high_minus_low,interaction,-0.037679570348772645
pb_t023_09,t023,random_high_minus_low,20261224,1.0,high_minus_low,interaction,-0.00269610410320741
pb_t023_12,t023,random_high_minus_low,20261224,1.0,high_minus_low,interaction,0.0013811232909892214
pb_t023_13,t023,random_high_minus_low,20261224,1.0,high_minus_low,interaction,-0.00011110694652426175
pb_t023_17,t023,random_high_minus_low,20261224,1.0,high_minus_low,interaction,-0.013085256458278547
pb_t023_20,t023,random_high_minus_low,20261224,1.0,high_minus_low,interaction,-0.01526886422353892
pb_t029_07,t029,random_high_minus_low,20261224,1.0,high_minus_low,interaction,-0.002168445531709142
pb_t029_09,t029,random_high_minus_low,20261224,1.0,high_minus_low,interaction,0.008685997607693745
pb_t029_10,t029,random_high_minus_low,20261224,1.0,high_minus_low,interaction,-0.004033616750250821
pb_t029_11,t029,random_high_minus_low,20261224,1.0,high_minus_low,interaction,-0.002324681289128987
pb_t029_12,t029,random_high_minus_low,20261224,1.0,high_minus_low,interaction,-0.0015611873558221859
pb_t031_06,t031,random_high_minus_low,20261224,1.0,high_minus_low,interaction,0.0067018555650481225
pb_t031_09,t031,random_high_minus_low,20261224,1.0,high_minus_low,interaction,0.00869670364420481
pb_t031_12,t031,random_high_minus_low,20261224,1.0,high_minus_low,interaction,0.001840101121136169
pb_t031_13,t031,random_high_minus_low,20261224,1.0,high_minus_low,interaction,0.006205680854779169
pb_t031_16,t031,random_high_minus_low,20261224,1.0,high_minus_low,interaction,-0.00153413114515921
pb_t032_08,t032,random_high_minus_low,20261224,1.0,high_minus_low,interaction,6.666347012075852e-05
pb_t032_09,t032,random_high_minus_low,20261224,1.0,high_minus_low,interaction,-0.0004117927083545074
pb_t032_13,t032,random_high_minus_low,20261224,1.0,high_minus_low,interaction,0.0004040756793401585
pb_t032_15,t032,random_high_minus_low,20261224,1.0,high_minus_low,interaction,0.005676292630977195
pb_t032_16,t032,random_high_minus_low,20261224,1.0,high_minus_low,interaction,0.00456129484301536
pb_t035_06,t035,random_high_minus_low,20261224,1.0,high_minus_low,interaction,0.0015839574183419104
pb_t035_13,t035,random_high_minus_low,20261224,1.0,high_minus_low,interaction,-0.009754177918209319
pb_t035_15,t035,random_high_minus_low,20261224,1.0,high_minus_low,interaction,0.005375107738571182
pb_t035_20,t035,random_high_minus_low,20261224,1.0,high_minus_low,interaction,-0.010025121181099413
pb_t035_22,t035,random_high_minus_low,20261224,1.0,high_minus_low,interaction,0.0032607479634229088
pb_t040_08,t040,random_high_minus_low,20261224,1.0,high_minus_low,interaction,-0.0020857613049966644
pb_t040_10,t040,random_high_minus_low,20261224,1.0,high_minus_low,interaction,0.005730725831659743
pb_t040_13,t040,random_high_minus_low,20261224,1.0,high_minus_low,interaction,-0.0223602118703455
pb_t040_14,t040,random_high_minus_low,20261224,1.0,high_minus_low,interaction,0.0019882709429679744
pb_t040_15,t040,random_high_minus_low,20261224,1.0,high_minus_low,interaction,-0.0018613170513198866
pb_t001_08,t001,random_high_minus_low,20261225,1.0,high_minus_low,interaction,0.008958869574945879
pb_t001_10,t001,random_high_minus_low,20261225,1.0,high_minus_low,interaction,0.015594947561890423
pb_t001_11,t001,random_high_minus_low,20261225,1.0,high_minus_low,interaction,0.0076330356481698405
pb_t001_12,t001,random_high_minus_low,20261225,1.0,high_minus_low,interaction,0.02679884110144217
pb_t001_15,t001,random_high_minus_low,20261225,1.0,high_minus_low,interaction,0.012472843021161499
pb_t002_08,t002,random_high_minus_low,20261225,1.0,high_minus_low,interaction,0.021338455794743943
pb_t002_16,t002,random_high_minus_low,20261225,1.0,high_minus_low,interaction,0.01131384399307754
pb_t002_17,t002,random_high_minus_low,20261225,1.0,high_minus_low,interaction,0.0068659325030050455
pb_t002_18,t002,random_high_minus_low,20261225,1.0,high_minus_low,interaction,0.009909386299363157
pb_t002_20,t002,random_high_minus_low,20261225,1.0,high_minus_low,interaction,0.01149579617903835
pb_t004_10,t004,random_high_minus_low,20261225,1.0,high_minus_low,interaction,0.021006244035226954
pb_t004_11,t004,random_high_minus_low,20261225,1.0,high_minus_low,interaction,0.016628427349706404
pb_t004_13,t004,random_high_minus_low,20261225,1.0,high_minus_low,interaction,0.020642247630094236
pb_t004_17,t004,random_high_minus_low,20261225,1.0,high_minus_low,interaction,0.020768701379370414
pb_t004_20,t004,random_high_minus_low,20261225,1.0,high_minus_low,interaction,0.02983478829154204
pb_t006_09,t006,random_high_minus_low,20261225,1.0,high_minus_low,interaction,0.015828470781827895
pb_t006_10,t006,random_high_minus_low,20261225,1.0,high_minus_low,interaction,0.006724788202150621
pb_t006_12,t006,random_high_minus_low,20261225,1.0,high_minus_low,interaction,0.020749580056076612
pb_t006_18,t006,random_high_minus_low,20261225,1.0,high_minus_low,interaction,0.026669891365754865
pb_t006_19,t006,random_high_minus_low,20261225,1.0,high_minus_low,interaction,0.02373254444803054
pb_t007_09,t007,random_high_minus_low,20261225,1.0,high_minus_low,interaction,0.02383835728501137
pb_t007_10,t007,random_high_minus_low,20261225,1.0,high_minus_low,interaction,0.02899335511808856
pb_t007_16,t007,random_high_minus_low,20261225,1.0,high_minus_low,interaction,0.02853296452501358
pb_t007_17,t007,random_high_minus_low,20261225,1.0,high_minus_low,interaction,0.016278881950664986
pb_t007_19,t007,random_high_minus_low,20261225,1.0,high_minus_low,interaction,0.02696541498425736
pb_t008_09,t008,random_high_minus_low,20261225,1.0,high_minus_low,interaction,0.017581641648682672
pb_t008_11,t008,random_high_minus_low,20261225,1.0,high_minus_low,interaction,0.03829233193300897
pb_t008_16,t008,random_high_minus_low,20261225,1.0,high_minus_low,interaction,0.030332024403990337
pb_t008_17,t008,random_high_minus_low,20261225,1.0,high_minus_low,interaction,0.014815346407135926
pb_t008_20,t008,random_high_minus_low,20261225,1.0,high_minus_low,interaction,0.025188470540638264
pb_t009_07,t009,random_high_minus_low,20261225,1.0,high_minus_low,interaction,0.016525172082084084
pb_t009_12,t009,random_high_minus_low,20261225,1.0,high_minus_low,interaction,0.025789065877379898
pb_t009_15,t009,random_high_minus_low,20261225,1.0,high_minus_low,interaction,0.0146688340303264
pb_t009_17,t009,random_high_minus_low,20261225,1.0,high_minus_low,interaction,0.03364656760937877
pb_t009_19,t009,random_high_minus_low,20261225,1.0,high_minus_low,interaction,0.010361978640916448
pb_t010_09,t010,random_high_minus_low,20261225,1.0,high_minus_low,interaction,0.016415532646179398
pb_t010_12,t010,random_high_minus_low,20261225,1.0,high_minus_low,interaction,0.013933005120752476
pb_t010_17,t010,random_high_minus_low,20261225,1.0,high_minus_low,interaction,0.01854456892223584
pb_t010_19,t010,random_high_minus_low,20261225,1.0,high_minus_low,interaction,0.029300126040818036
pb_t010_20,t010,random_high_minus_low,20261225,1.0,high_minus_low,interaction,0.03792670149732035
pb_t016_09,t016,random_high_minus_low,20261225,1.0,high_minus_low,interaction,0.008930086172144724
pb_t016_10,t016,random_high_minus_low,20261225,1.0,high_minus_low,interaction,0.01357844302548567
pb_t016_12,t016,random_high_minus_low,20261225,1.0,high_minus_low,interaction,0.044895265301422085
pb_t016_17,t016,random_high_minus_low,20261225,1.0,high_minus_low,interaction,0.02190335734976859
pb_t016_20,t016,random_high_minus_low,20261225,1.0,high_minus_low,interaction,0.03436909859307031
pb_t018_08,t018,random_high_minus_low,20261225,1.0,high_minus_low,interaction,0.031097986355233462
pb_t018_10,t018,random_high_minus_low,20261225,1.0,high_minus_low,interaction,0.010456268265360863
pb_t018_11,t018,random_high_minus_low,20261225,1.0,high_minus_low,interaction,0.015724216357674126
pb_t018_14,t018,random_high_minus_low,20261225,1.0,high_minus_low,interaction,0.033757297092455306
pb_t018_18,t018,random_high_minus_low,20261225,1.0,high_minus_low,interaction,0.016968052428052723
pb_t023_09,t023,random_high_minus_low,20261225,1.0,high_minus_low,interaction,0.03311295914204247
pb_t023_12,t023,random_high_minus_low,20261225,1.0,high_minus_low,interaction,0.02625416570855113
pb_t023_13,t023,random_high_minus_low,20261225,1.0,high_minus_low,interaction,0.01080766110256336
pb_t023_17,t023,random_high_minus_low,20261225,1.0,high_minus_low,interaction,0.01923528135474244
pb_t023_20,t023,random_high_minus_low,20261225,1.0,high_minus_low,interaction,0.025491284821724615
pb_t029_07,t029,random_high_minus_low,20261225,1.0,high_minus_low,interaction,0.011907917656616158
pb_t029_09,t029,random_high_minus_low,20261225,1.0,high_minus_low,interaction,0.0275611924399034
pb_t029_10,t029,random_high_minus_low,20261225,1.0,high_minus_low,interaction,0.02109127665634586
pb_t029_11,t029,random_high_minus_low,20261225,1.0,high_minus_low,interaction,0.023399420181579055
pb_t029_12,t029,random_high_minus_low,20261225,1.0,high_minus_low,interaction,0.02468952734828581
pb_t031_06,t031,random_high_minus_low,20261225,1.0,high_minus_low,interaction,0.029100350132769213
pb_t031_09,t031,random_high_minus_low,20261225,1.0,high_minus_low,interaction,0.041178610650050775
pb_t031_12,t031,random_high_minus_low,20261225,1.0,high_minus_low,interaction,0.0125988510545458
pb_t031_13,t031,random_high_minus_low,20261225,1.0,high_minus_low,interaction,0.023276510619452472
pb_t031_16,t031,random_high_minus_low,20261225,1.0,high_minus_low,interaction,0.02321162328185072
pb_t032_08,t032,random_high_minus_low,20261225,1.0,high_minus_low,interaction,0.02543446587883991
pb_t032_09,t032,random_high_minus_low,20261225,1.0,high_minus_low,interaction,0.03314622320006658
pb_t032_13,t032,random_high_minus_low,20261225,1.0,high_minus_low,interaction,0.031035529550117395
pb_t032_15,t032,random_high_minus_low,20261225,1.0,high_minus_low,interaction,0.020613793186406278
pb_t032_16,t032,random_high_minus_low,20261225,1.0,high_minus_low,interaction,0.02005193814474615
pb_t035_06,t035,random_high_minus_low,20261225,1.0,high_minus_low,interaction,0.02276116374617658
pb_t035_13,t035,random_high_minus_low,20261225,1.0,high_minus_low,interaction,0.021493694113269398
pb_t035_15,t035,random_high_minus_low,20261225,1.0,high_minus_low,interaction,0.025086242297269277
pb_t035_20,t035,random_high_minus_low,20261225,1.0,high_minus_low,interaction,0.020679499899062908
pb_t035_22,t035,random_high_minus_low,20261225,1.0,high_minus_low,interaction,0.05058782375533539
pb_t040_08,t040,random_high_minus_low,20261225,1.0,high_minus_low,interaction,0.02879806459479168
pb_t040_10,t040,random_high_minus_low,20261225,1.0,high_minus_low,interaction,0.042870959547620394
pb_t040_13,t040,random_high_minus_low,20261225,1.0,high_minus_low,interaction,0.019037246087782577
pb_t040_14,t040,random_high_minus_low,20261225,1.0,high_minus_low,interaction,0.022656118843520114
pb_t040_15,t040,random_high_minus_low,20261225,1.0,high_minus_low,interaction,0.044770885157505054
pb_t001_08,t001,random_high_minus_low,20261226,1.0,high_minus_low,interaction,-0.0038064568503293865
pb_t001_10,t001,random_high_minus_low,20261226,1.0,high_minus_low,interaction,-0.00637658375648043
pb_t001_11,t001,random_high_minus_low,20261226,1.0,high_minus_low,interaction,-0.026679179061036007
pb_t001_12,t001,random_high_minus_low,20261226,1.0,high_minus_low,interaction,-0.01968805784137787
pb_t001_15,t001,random_high_minus_low,20261226,1.0,high_minus_low,interaction,-0.006463320464389429
pb_t002_08,t002,random_high_minus_low,20261226,1.0,high_minus_low,interaction,-0.012739868522995688
pb_t002_16,t002,random_high_minus_low,20261226,1.0,high_minus_low,interaction,-0.012577669836240462
pb_t002_17,t002,random_high_minus_low,20261226,1.0,high_minus_low,interaction,0.003780905106483106
pb_t002_18,t002,random_high_minus_low,20261226,1.0,high_minus_low,interaction,-0.011340715159004332
pb_t002_20,t002,random_high_minus_low,20261226,1.0,high_minus_low,interaction,-0.0010447500337339526
pb_t004_10,t004,random_high_minus_low,20261226,1.0,high_minus_low,interaction,-0.031310588229559996
pb_t004_11,t004,random_high_minus_low,20261226,1.0,high_minus_low,interaction,-0.026764302543798232
pb_t004_13,t004,random_high_minus_low,20261226,1.0,high_minus_low,interaction,-0.01861130226360903
pb_t004_17,t004,random_high_minus_low,20261226,1.0,high_minus_low,interaction,-0.008569062210172571
pb_t004_20,t004,random_high_minus_low,20261226,1.0,high_minus_low,interaction,-0.003604905722215322
pb_t006_09,t006,random_high_minus_low,20261226,1.0,high_minus_low,interaction,-0.023193995124475373
pb_t006_10,t006,random_high_minus_low,20261226,1.0,high_minus_low,interaction,-0.007133611860465401
pb_t006_12,t006,random_high_minus_low,20261226,1.0,high_minus_low,interaction,-0.013574667833808703
pb_t006_18,t006,random_high_minus_low,20261226,1.0,high_minus_low,interaction,-0.017797885127878967
pb_t006_19,t006,random_high_minus_low,20261226,1.0,high_minus_low,interaction,-0.012740463319190763
pb_t007_09,t007,random_high_minus_low,20261226,1.0,high_minus_low,interaction,-0.005876546896088013
pb_t007_10,t007,random_high_minus_low,20261226,1.0,high_minus_low,interaction,-0.017576409344283273
pb_t007_16,t007,random_high_minus_low,20261226,1.0,high_minus_low,interaction,-0.01191596368440032
pb_t007_17,t007,random_high_minus_low,20261226,1.0,high_minus_low,interaction,-0.0004320087876121132
pb_t007_19,t007,random_high_minus_low,20261226,1.0,high_minus_low,interaction,-0.004796078041859861
pb_t008_09,t008,random_high_minus_low,20261226,1.0,high_minus_low,interaction,-0.02741540769944348
pb_t008_11,t008,random_high_minus_low,20261226,1.0,high_minus_low,interaction,0.008740639797901666
pb_t008_16,t008,random_high_minus_low,20261226,1.0,high_minus_low,interaction,-0.005564356713324823
pb_t008_17,t008,random_high_minus_low,20261226,1.0,high_minus_low,interaction,-0.015174084128842847
pb_t008_20,t008,random_high_minus_low,20261226,1.0,high_minus_low,interaction,-0.027540512915959985
pb_t009_07,t009,random_high_minus_low,20261226,1.0,high_minus_low,interaction,-0.005871158087560729
pb_t009_12,t009,random_high_minus_low,20261226,1.0,high_minus_low,interaction,-0.006188527503010594
pb_t009_15,t009,random_high_minus_low,20261226,1.0,high_minus_low,interaction,-0.0299175324232392
pb_t009_17,t009,random_high_minus_low,20261226,1.0,high_minus_low,interaction,-0.023576402897407082
pb_t009_19,t009,random_high_minus_low,20261226,1.0,high_minus_low,interaction,-0.0063473064356053665
pb_t010_09,t010,random_high_minus_low,20261226,1.0,high_minus_low,interaction,-0.008777369250787585
pb_t010_12,t010,random_high_minus_low,20261226,1.0,high_minus_low,interaction,-0.004021241432749019
pb_t010_17,t010,random_high_minus_low,20261226,1.0,high_minus_low,interaction,-0.015582547321920943
pb_t010_19,t010,random_high_minus_low,20261226,1.0,high_minus_low,interaction,-0.01984032163099353
pb_t010_20,t010,random_high_minus_low,20261226,1.0,high_minus_low,interaction,0.003486848159333966
pb_t016_09,t016,random_high_minus_low,20261226,1.0,high_minus_low,interaction,-0.034437365486751845
pb_t016_10,t016,random_high_minus_low,20261226,1.0,high_minus_low,interaction,-0.012639878745114208
pb_t016_12,t016,random_high_minus_low,20261226,1.0,high_minus_low,interaction,-0.002593356929251772
pb_t016_17,t016,random_high_minus_low,20261226,1.0,high_minus_low,interaction,-0.021723991612458794
pb_t016_20,t016,random_high_minus_low,20261226,1.0,high_minus_low,interaction,-0.01919152548511886
pb_t018_08,t018,random_high_minus_low,20261226,1.0,high_minus_low,interaction,-0.02026391205808671
pb_t018_10,t018,random_high_minus_low,20261226,1.0,high_minus_low,interaction,-0.008457434033765287
pb_t018_11,t018,random_high_minus_low,20261226,1.0,high_minus_low,interaction,0.003766477578468387
pb_t018_14,t018,random_high_minus_low,20261226,1.0,high_minus_low,interaction,0.002393447107308514
pb_t018_18,t018,random_high_minus_low,20261226,1.0,high_minus_low,interaction,-0.02292742697052571
pb_t023_09,t023,random_high_minus_low,20261226,1.0,high_minus_low,interaction,-0.002743984140939071
pb_t023_12,t023,random_high_minus_low,20261226,1.0,high_minus_low,interaction,-0.0166928134007292
pb_t023_13,t023,random_high_minus_low,20261226,1.0,high_minus_low,interaction,-0.010402828052224034
pb_t023_17,t023,random_high_minus_low,20261226,1.0,high_minus_low,interaction,-0.026831667460124074
pb_t023_20,t023,random_high_minus_low,20261226,1.0,high_minus_low,interaction,-0.020203225222261947
pb_t029_07,t029,random_high_minus_low,20261226,1.0,high_minus_low,interaction,-0.011753858614508393
pb_t029_09,t029,random_high_minus_low,20261226,1.0,high_minus_low,interaction,-0.007550598187389339
pb_t029_10,t029,random_high_minus_low,20261226,1.0,high_minus_low,interaction,-0.012294317079747319
pb_t029_11,t029,random_high_minus_low,20261226,1.0,high_minus_low,interaction,-0.009655138933917503
pb_t029_12,t029,random_high_minus_low,20261226,1.0,high_minus_low,interaction,-0.024903309273929673
pb_t031_06,t031,random_high_minus_low,20261226,1.0,high_minus_low,interaction,-0.021681244529701806
pb_t031_09,t031,random_high_minus_low,20261226,1.0,high_minus_low,interaction,0.006330831632720897
pb_t031_12,t031,random_high_minus_low,20261226,1.0,high_minus_low,interaction,-0.008257308715323602
pb_t031_13,t031,random_high_minus_low,20261226,1.0,high_minus_low,interaction,-0.005860081034502121
pb_t031_16,t031,random_high_minus_low,20261226,1.0,high_minus_low,interaction,-0.00890724482628976
pb_t032_08,t032,random_high_minus_low,20261226,1.0,high_minus_low,interaction,-0.005524026557068668
pb_t032_09,t032,random_high_minus_low,20261226,1.0,high_minus_low,interaction,-0.022307130551061684
pb_t032_13,t032,random_high_minus_low,20261226,1.0,high_minus_low,interaction,0.0023127682679194086
pb_t032_15,t032,random_high_minus_low,20261226,1.0,high_minus_low,interaction,-0.00681748989209986
pb_t032_16,t032,random_high_minus_low,20261226,1.0,high_minus_low,interaction,-0.006295526406512593
pb_t035_06,t035,random_high_minus_low,20261226,1.0,high_minus_low,interaction,-0.004504844686061706
pb_t035_13,t035,random_high_minus_low,20261226,1.0,high_minus_low,interaction,-0.01490833052186597
pb_t035_15,t035,random_high_minus_low,20261226,1.0,high_minus_low,interaction,-0.01682398165681237
pb_t035_20,t035,random_high_minus_low,20261226,1.0,high_minus_low,interaction,-0.007844205228207494
pb_t035_22,t035,random_high_minus_low,20261226,1.0,high_minus_low,interaction,0.006526328991155877
pb_t040_08,t040,random_high_minus_low,20261226,1.0,high_minus_low,interaction,-0.007710293736111874
pb_t040_10,t040,random_high_minus_low,20261226,1.0,high_minus_low,interaction,-0.01123054450536706
pb_t040_13,t040,random_high_minus_low,20261226,1.0,high_minus_low,interaction,-0.018936321744778738
pb_t040_14,t040,random_high_minus_low,20261226,1.0,high_minus_low,interaction,-0.011952109670107684
pb_t040_15,t040,random_high_minus_low,20261226,1.0,high_minus_low,interaction,-0.0035365527379840707
pb_t001_08,t001,random_high_minus_low,20261227,1.0,high_minus_low,interaction,-0.0031380457270992965
pb_t001_10,t001,random_high_minus_low,20261227,1.0,high_minus_low,interaction,-0.011583269787638826
pb_t001_11,t001,random_high_minus_low,20261227,1.0,high_minus_low,interaction,0.0006629878338090904
pb_t001_12,t001,random_high_minus_low,20261227,1.0,high_minus_low,interaction,0.013437220825875331
pb_t001_15,t001,random_high_minus_low,20261227,1.0,high_minus_low,interaction,0.009410633341830026
pb_t002_08,t002,random_high_minus_low,20261227,1.0,high_minus_low,interaction,0.004108150597969814
pb_t002_16,t002,random_high_minus_low,20261227,1.0,high_minus_low,interaction,0.010069960591722271
pb_t002_17,t002,random_high_minus_low,20261227,1.0,high_minus_low,interaction,-0.001854696846910658
pb_t002_18,t002,random_high_minus_low,20261227,1.0,high_minus_low,interaction,-0.0030548130734641987
pb_t002_20,t002,random_high_minus_low,20261227,1.0,high_minus_low,interaction,0.009489909529136715
pb_t004_10,t004,random_high_minus_low,20261227,1.0,high_minus_low,interaction,-0.0010073673693983287
pb_t004_11,t004,random_high_minus_low,20261227,1.0,high_minus_low,interaction,-0.0074096870104566875
pb_t004_13,t004,random_high_minus_low,20261227,1.0,high_minus_low,interaction,0.016908890096546402
pb_t004_17,t004,random_high_minus_low,20261227,1.0,high_minus_low,interaction,-0.008705566223425656
pb_t004_20,t004,random_high_minus_low,20261227,1.0,high_minus_low,interaction,-0.003758666052285221
pb_t006_09,t006,random_high_minus_low,20261227,1.0,high_minus_low,interaction,0.002509020025544719
pb_t006_10,t006,random_high_minus_low,20261227,1.0,high_minus_low,interaction,-0.002521777554116582
pb_t006_12,t006,random_high_minus_low,20261227,1.0,high_minus_low,interaction,0.00795672323875027
pb_t006_18,t006,random_high_minus_low,20261227,1.0,high_minus_low,interaction,0.0004233928630144335
pb_t006_19,t006,random_high_minus_low,20261227,1.0,high_minus_low,interaction,0.0049028523469353364
pb_t007_09,t007,random_high_minus_low,20261227,1.0,high_minus_low,interaction,0.004904654700030882
pb_t007_10,t007,random_high_minus_low,20261227,1.0,high_minus_low,interaction,0.003181478387755592
pb_t007_16,t007,random_high_minus_low,20261227,1.0,high_minus_low,interaction,0.023247410059550503
pb_t007_17,t007,random_high_minus_low,20261227,1.0,high_minus_low,interaction,0.0016358707347537472
pb_t007_19,t007,random_high_minus_low,20261227,1.0,high_minus_low,interaction,0.007266805260163009
pb_t008_09,t008,random_high_minus_low,20261227,1.0,high_minus_low,interaction,-0.0025936306648156526
pb_t008_11,t008,random_high_minus_low,20261227,1.0,high_minus_low,interaction,0.007580476982721079
pb_t008_16,t008,random_high_minus_low,20261227,1.0,high_minus_low,interaction,0.0011421907560024095
pb_t008_17,t008,random_high_minus_low,20261227,1.0,high_minus_low,interaction,-0.0011187069306668484
pb_t008_20,t008,random_high_minus_low,20261227,1.0,high_minus_low,interaction,0.006717257475414855
pb_t009_07,t009,random_high_minus_low,20261227,1.0,high_minus_low,interaction,-0.003637084215692217
pb_t009_12,t009,random_high_minus_low,20261227,1.0,high_minus_low,interaction,0.0013335954997702774
pb_t009_15,t009,random_high_minus_low,20261227,1.0,high_minus_low,interaction,0.0013613632218838119
pb_t009_17,t009,random_high_minus_low,20261227,1.0,high_minus_low,interaction,-0.005140064137566151
pb_t009_19,t009,random_high_minus_low,20261227,1.0,high_minus_low,interaction,-0.0034018503722679696
pb_t010_09,t010,random_high_minus_low,20261227,1.0,high_minus_low,interaction,0.012160323307434487
pb_t010_12,t010,random_high_minus_low,20261227,1.0,high_minus_low,interaction,0.0019374445144804049
pb_t010_17,t010,random_high_minus_low,20261227,1.0,high_minus_low,interaction,0.0011446236314743168
pb_t010_19,t010,random_high_minus_low,20261227,1.0,high_minus_low,interaction,0.002449205127602852
pb_t010_20,t010,random_high_minus_low,20261227,1.0,high_minus_low,interaction,0.0023384588801180183
pb_t016_09,t016,random_high_minus_low,20261227,1.0,high_minus_low,interaction,0.0017017488659335296
pb_t016_10,t016,random_high_minus_low,20261227,1.0,high_minus_low,interaction,0.007356032864970803
pb_t016_12,t016,random_high_minus_low,20261227,1.0,high_minus_low,interaction,0.0023193559297483204
pb_t016_17,t016,random_high_minus_low,20261227,1.0,high_minus_low,interaction,0.003781721289868027
pb_t016_20,t016,random_high_minus_low,20261227,1.0,high_minus_low,interaction,-0.0026970491934112857
pb_t018_08,t018,random_high_minus_low,20261227,1.0,high_minus_low,interaction,-0.0022160238793665957
pb_t018_10,t018,random_high_minus_low,20261227,1.0,high_minus_low,interaction,-0.0026741021836100753
pb_t018_11,t018,random_high_minus_low,20261227,1.0,high_minus_low,interaction,0.0017351017589228366
pb_t018_14,t018,random_high_minus_low,20261227,1.0,high_minus_low,interaction,-0.005015955551055035
pb_t018_18,t018,random_high_minus_low,20261227,1.0,high_minus_low,interaction,0.0025874126619116746
pb_t023_09,t023,random_high_minus_low,20261227,1.0,high_minus_low,interaction,0.00452846295016672
pb_t023_12,t023,random_high_minus_low,20261227,1.0,high_minus_low,interaction,0.014404797442406372
pb_t023_13,t023,random_high_minus_low,20261227,1.0,high_minus_low,interaction,0.002895271002564403
pb_t023_17,t023,random_high_minus_low,20261227,1.0,high_minus_low,interaction,0.0007304865939842767
pb_t023_20,t023,random_high_minus_low,20261227,1.0,high_minus_low,interaction,0.0023797169332033068
pb_t029_07,t029,random_high_minus_low,20261227,1.0,high_minus_low,interaction,0.006181096610075912
pb_t029_09,t029,random_high_minus_low,20261227,1.0,high_minus_low,interaction,0.0032242964505797026
pb_t029_10,t029,random_high_minus_low,20261227,1.0,high_minus_low,interaction,0.0019724085106887063
pb_t029_11,t029,random_high_minus_low,20261227,1.0,high_minus_low,interaction,0.00417647927145962
pb_t029_12,t029,random_high_minus_low,20261227,1.0,high_minus_low,interaction,0.014071396633769717
pb_t031_06,t031,random_high_minus_low,20261227,1.0,high_minus_low,interaction,-0.006482798748584002
pb_t031_09,t031,random_high_minus_low,20261227,1.0,high_minus_low,interaction,0.001685884102353967
pb_t031_12,t031,random_high_minus_low,20261227,1.0,high_minus_low,interaction,0.014541195757082038
pb_t031_13,t031,random_high_minus_low,20261227,1.0,high_minus_low,interaction,0.0056685694634291284
pb_t031_16,t031,random_high_minus_low,20261227,1.0,high_minus_low,interaction,0.0049058822723522105
pb_t032_08,t032,random_high_minus_low,20261227,1.0,high_minus_low,interaction,0.004061260535038268
pb_t032_09,t032,random_high_minus_low,20261227,1.0,high_minus_low,interaction,0.01111750221876873
pb_t032_13,t032,random_high_minus_low,20261227,1.0,high_minus_low,interaction,0.022354614618410738
pb_t032_15,t032,random_high_minus_low,20261227,1.0,high_minus_low,interaction,0.0034455644009764442
pb_t032_16,t032,random_high_minus_low,20261227,1.0,high_minus_low,interaction,0.011595426486596689
pb_t035_06,t035,random_high_minus_low,20261227,1.0,high_minus_low,interaction,0.00827728815549706
pb_t035_13,t035,random_high_minus_low,20261227,1.0,high_minus_low,interaction,-0.01094599673139986
pb_t035_15,t035,random_high_minus_low,20261227,1.0,high_minus_low,interaction,-0.002222706793219397
pb_t035_20,t035,random_high_minus_low,20261227,1.0,high_minus_low,interaction,0.00032474875279098897
pb_t035_22,t035,random_high_minus_low,20261227,1.0,high_minus_low,interaction,0.0012701517351973134
pb_t040_08,t040,random_high_minus_low,20261227,1.0,high_minus_low,interaction,0.004521412304675698
pb_t040_10,t040,random_high_minus_low,20261227,1.0,high_minus_low,interaction,-0.0001141559560555068
pb_t040_13,t040,random_high_minus_low,20261227,1.0,high_minus_low,interaction,0.0051215016880756204
pb_t040_14,t040,random_high_minus_low,20261227,1.0,high_minus_low,interaction,0.015549898466652423
pb_t040_15,t040,random_high_minus_low,20261227,1.0,high_minus_low,interaction,-0.0009792652602703073
pb_t001_08,t001,random_high_minus_low,20261228,1.0,high_minus_low,interaction,0.0005708348533677125
pb_t001_10,t001,random_high_minus_low,20261228,1.0,high_minus_low,interaction,-0.004305725011907247
pb_t001_11,t001,random_high_minus_low,20261228,1.0,high_minus_low,interaction,0.0029538192191434984
pb_t001_12,t001,random_high_minus_low,20261228,1.0,high_minus_low,interaction,0.003328110542185702
pb_t001_15,t001,random_high_minus_low,20261228,1.0,high_minus_low,interaction,-0.008391892056105923
pb_t002_08,t002,random_high_minus_low,20261228,1.0,high_minus_low,interaction,-0.008846351207536938
pb_t002_16,t002,random_high_minus_low,20261228,1.0,high_minus_low,interaction,-0.0044161498509872
pb_t002_17,t002,random_high_minus_low,20261228,1.0,high_minus_low,interaction,-0.020381156101621382
pb_t002_18,t002,random_high_minus_low,20261228,1.0,high_minus_low,interaction,0.0009325568189078245
pb_t002_20,t002,random_high_minus_low,20261228,1.0,high_minus_low,interaction,-0.016049605900529423
pb_t004_10,t004,random_high_minus_low,20261228,1.0,high_minus_low,interaction,0.00852891409726175
pb_t004_11,t004,random_high_minus_low,20261228,1.0,high_minus_low,interaction,-0.006697797622287392
pb_t004_13,t004,random_high_minus_low,20261228,1.0,high_minus_low,interaction,-0.006776093215813777
pb_t004_17,t004,random_high_minus_low,20261228,1.0,high_minus_low,interaction,-0.01349573825289375
pb_t004_20,t004,random_high_minus_low,20261228,1.0,high_minus_low,interaction,-0.02145878040548169
pb_t006_09,t006,random_high_minus_low,20261228,1.0,high_minus_low,interaction,0.006573511175291555
pb_t006_10,t006,random_high_minus_low,20261228,1.0,high_minus_low,interaction,-0.013862576585917372
pb_t006_12,t006,random_high_minus_low,20261228,1.0,high_minus_low,interaction,-6.79286306930157e-05
pb_t006_18,t006,random_high_minus_low,20261228,1.0,high_minus_low,interaction,0.0022205994268673984
pb_t006_19,t006,random_high_minus_low,20261228,1.0,high_minus_low,interaction,0.012395103322101728
pb_t007_09,t007,random_high_minus_low,20261228,1.0,high_minus_low,interaction,-0.0033916515898732716
pb_t007_10,t007,random_high_minus_low,20261228,1.0,high_minus_low,interaction,0.014395306820460174
pb_t007_16,t007,random_high_minus_low,20261228,1.0,high_minus_low,interaction,-0.0020267282479514495
pb_t007_17,t007,random_high_minus_low,20261228,1.0,high_minus_low,interaction,0.0008535086366548866
pb_t007_19,t007,random_high_minus_low,20261228,1.0,high_minus_low,interaction,-0.009406619470705778
pb_t008_09,t008,random_high_minus_low,20261228,1.0,high_minus_low,interaction,0.0055153005611198735
pb_t008_11,t008,random_high_minus_low,20261228,1.0,high_minus_low,interaction,-0.0014682741540303493
pb_t008_16,t008,random_high_minus_low,20261228,1.0,high_minus_low,interaction,-0.010986589977011053
pb_t008_17,t008,random_high_minus_low,20261228,1.0,high_minus_low,interaction,0.00445712189875553
pb_t008_20,t008,random_high_minus_low,20261228,1.0,high_minus_low,interaction,0.012416600435649528
pb_t009_07,t009,random_high_minus_low,20261228,1.0,high_minus_low,interaction,-0.01165389550016023
pb_t009_12,t009,random_high_minus_low,20261228,1.0,high_minus_low,interaction,-0.017529698167044305
pb_t009_15,t009,random_high_minus_low,20261228,1.0,high_minus_low,interaction,-0.00240026778098897
pb_t009_17,t009,random_high_minus_low,20261228,1.0,high_minus_low,interaction,-0.0008754387678020556
pb_t009_19,t009,random_high_minus_low,20261228,1.0,high_minus_low,interaction,-0.012022166836368385
pb_t010_09,t010,random_high_minus_low,20261228,1.0,high_minus_low,interaction,-0.004210904271048517
pb_t010_12,t010,random_high_minus_low,20261228,1.0,high_minus_low,interaction,0.003263511971154814
pb_t010_17,t010,random_high_minus_low,20261228,1.0,high_minus_low,interaction,0.005063423688610545
pb_t010_19,t010,random_high_minus_low,20261228,1.0,high_minus_low,interaction,-0.0007822681549269928
pb_t010_20,t010,random_high_minus_low,20261228,1.0,high_minus_low,interaction,-0.007512822308382782
pb_t016_09,t016,random_high_minus_low,20261228,1.0,high_minus_low,interaction,0.0014356515376287605
pb_t016_10,t016,random_high_minus_low,20261228,1.0,high_minus_low,interaction,0.005178818322836794
pb_t016_12,t016,random_high_minus_low,20261228,1.0,high_minus_low,interaction,-0.004861888037012893
pb_t016_17,t016,random_high_minus_low,20261228,1.0,high_minus_low,interaction,0.0069044700930040856
pb_t016_20,t016,random_high_minus_low,20261228,1.0,high_minus_low,interaction,-0.0011947124138420855
pb_t018_08,t018,random_high_minus_low,20261228,1.0,high_minus_low,interaction,0.0014270932694233345
pb_t018_10,t018,random_high_minus_low,20261228,1.0,high_minus_low,interaction,-0.01071038765830051
pb_t018_11,t018,random_high_minus_low,20261228,1.0,high_minus_low,interaction,-0.003222041815411823
pb_t018_14,t018,random_high_minus_low,20261228,1.0,high_minus_low,interaction,-0.023509442662141982
pb_t018_18,t018,random_high_minus_low,20261228,1.0,high_minus_low,interaction,-0.010239418539718473
pb_t023_09,t023,random_high_minus_low,20261228,1.0,high_minus_low,interaction,-0.016243433896955074
pb_t023_12,t023,random_high_minus_low,20261228,1.0,high_minus_low,interaction,-0.007242948541569862
pb_t023_13,t023,random_high_minus_low,20261228,1.0,high_minus_low,interaction,-0.011416660420221216
pb_t023_17,t023,random_high_minus_low,20261228,1.0,high_minus_low,interaction,-0.005829903014997153
pb_t023_20,t023,random_high_minus_low,20261228,1.0,high_minus_low,interaction,0.0029972734691950547
pb_t029_07,t029,random_high_minus_low,20261228,1.0,high_minus_low,interaction,-0.01126625373603101
pb_t029_09,t029,random_high_minus_low,20261228,1.0,high_minus_low,interaction,-0.020160833867844292
pb_t029_10,t029,random_high_minus_low,20261228,1.0,high_minus_low,interaction,-0.004212734767726765
pb_t029_11,t029,random_high_minus_low,20261228,1.0,high_minus_low,interaction,-0.015368551177389098
pb_t029_12,t029,random_high_minus_low,20261228,1.0,high_minus_low,interaction,-0.008036675666150284
pb_t031_06,t031,random_high_minus_low,20261228,1.0,high_minus_low,interaction,0.004361541563466687
pb_t031_09,t031,random_high_minus_low,20261228,1.0,high_minus_low,interaction,-0.015159540598464126
pb_t031_12,t031,random_high_minus_low,20261228,1.0,high_minus_low,interaction,-0.007549536776914206
pb_t031_13,t031,random_high_minus_low,20261228,1.0,high_minus_low,interaction,-0.017770984304640525
pb_t031_16,t031,random_high_minus_low,20261228,1.0,high_minus_low,interaction,-0.0012497679901107353
pb_t032_08,t032,random_high_minus_low,20261228,1.0,high_minus_low,interaction,-0.007707994589433456
pb_t032_09,t032,random_high_minus_low,20261228,1.0,high_minus_low,interaction,0.0005882106282565137
pb_t032_13,t032,random_high_minus_low,20261228,1.0,high_minus_low,interaction,-0.011735539769936205
pb_t032_15,t032,random_high_minus_low,20261228,1.0,high_minus_low,interaction,-0.012014975577410424
pb_t032_16,t032,random_high_minus_low,20261228,1.0,high_minus_low,interaction,0.005098500901830747
pb_t035_06,t035,random_high_minus_low,20261228,1.0,high_minus_low,interaction,-0.007100874988179871
pb_t035_13,t035,random_high_minus_low,20261228,1.0,high_minus_low,interaction,0.009518019049166094
pb_t035_15,t035,random_high_minus_low,20261228,1.0,high_minus_low,interaction,-0.00513503822124574
pb_t035_20,t035,random_high_minus_low,20261228,1.0,high_minus_low,interaction,0.002431280109693835
pb_t035_22,t035,random_high_minus_low,20261228,1.0,high_minus_low,interaction,-0.01570327118067183
pb_t040_08,t040,random_high_minus_low,20261228,1.0,high_minus_low,interaction,-0.005761145520509264
pb_t040_10,t040,random_high_minus_low,20261228,1.0,high_minus_low,interaction,-0.003780006703394469
pb_t040_13,t040,random_high_minus_low,20261228,1.0,high_minus_low,interaction,0.009243363570565377
pb_t040_14,t040,random_high_minus_low,20261228,1.0,high_minus_low,interaction,-0.008460092855746395
pb_t040_15,t040,random_high_minus_low,20261228,1.0,high_minus_low,interaction,-0.022166651000771406
pb_t001_08,t001,random_high_minus_low,20261229,1.0,high_minus_low,interaction,0.01212254006461284
pb_t001_10,t001,random_high_minus_low,20261229,1.0,high_minus_low,interaction,0.024997295011382387
pb_t001_11,t001,random_high_minus_low,20261229,1.0,high_minus_low,interaction,0.01999869887119113
pb_t001_12,t001,random_high_minus_low,20261229,1.0,high_minus_low,interaction,-0.005747431162862473
pb_t001_15,t001,random_high_minus_low,20261229,1.0,high_minus_low,interaction,0.008253977157260029
pb_t002_08,t002,random_high_minus_low,20261229,1.0,high_minus_low,interaction,-0.005702084048670275
pb_t002_16,t002,random_high_minus_low,20261229,1.0,high_minus_low,interaction,0.0166421769729334
pb_t002_17,t002,random_high_minus_low,20261229,1.0,high_minus_low,interaction,0.017754704967956888
pb_t002_18,t002,random_high_minus_low,20261229,1.0,high_minus_low,interaction,-0.0022130541346751104
pb_t002_20,t002,random_high_minus_low,20261229,1.0,high_minus_low,interaction,0.029768217004703248
pb_t004_10,t004,random_high_minus_low,20261229,1.0,high_minus_low,interaction,0.022626786456765993
pb_t004_11,t004,random_high_minus_low,20261229,1.0,high_minus_low,interaction,0.00035662093552718424
pb_t004_13,t004,random_high_minus_low,20261229,1.0,high_minus_low,interaction,-0.01955684405110035
pb_t004_17,t004,random_high_minus_low,20261229,1.0,high_minus_low,interaction,0.030321147892704372
pb_t004_20,t004,random_high_minus_low,20261229,1.0,high_minus_low,interaction,0.033728823622950224
pb_t006_09,t006,random_high_minus_low,20261229,1.0,high_minus_low,interaction,0.019356405980160984
pb_t006_10,t006,random_high_minus_low,20261229,1.0,high_minus_low,interaction,0.03231726492968069
pb_t006_12,t006,random_high_minus_low,20261229,1.0,high_minus_low,interaction,0.0026372088397561074
pb_t006_18,t006,random_high_minus_low,20261229,1.0,high_minus_low,interaction,0.015274844658727107
pb_t006_19,t006,random_high_minus_low,20261229,1.0,high_minus_low,interaction,0.0024761038111669556
pb_t007_09,t007,random_high_minus_low,20261229,1.0,high_minus_low,interaction,0.019186274223791256
pb_t007_10,t007,random_high_minus_low,20261229,1.0,high_minus_low,interaction,0.023231713251493268
pb_t007_16,t007,random_high_minus_low,20261229,1.0,high_minus_low,interaction,0.00167729821153784
pb_t007_17,t007,random_high_minus_low,20261229,1.0,high_minus_low,interaction,0.001184140692450323
pb_t007_19,t007,random_high_minus_low,20261229,1.0,high_minus_low,interaction,0.025647568268740192
pb_t008_09,t008,random_high_minus_low,20261229,1.0,high_minus_low,interaction,0.017600399065641148
pb_t008_11,t008,random_high_minus_low,20261229,1.0,high_minus_low,interaction,0.01854435829032233
pb_t008_16,t008,random_high_minus_low,20261229,1.0,high_minus_low,interaction,0.03641734324004611
pb_t008_17,t008,random_high_minus_low,20261229,1.0,high_minus_low,interaction,-0.00603025640015437
pb_t008_20,t008,random_high_minus_low,20261229,1.0,high_minus_low,interaction,0.006367317524060853
pb_t009_07,t009,random_high_minus_low,20261229,1.0,high_minus_low,interaction,0.009055408969120719
pb_t009_12,t009,random_high_minus_low,20261229,1.0,high_minus_low,interaction,0.03703803991692994
pb_t009_15,t009,random_high_minus_low,20261229,1.0,high_minus_low,interaction,0.012280732859013604
pb_t009_17,t009,random_high_minus_low,20261229,1.0,high_minus_low,interaction,0.01897280767646642
pb_t009_19,t009,random_high_minus_low,20261229,1.0,high_minus_low,interaction,0.012886670452123267
pb_t010_09,t010,random_high_minus_low,20261229,1.0,high_minus_low,interaction,0.01849443472015607
pb_t010_12,t010,random_high_minus_low,20261229,1.0,high_minus_low,interaction,0.004251235840440133
pb_t010_17,t010,random_high_minus_low,20261229,1.0,high_minus_low,interaction,-0.005703596396767113
pb_t010_19,t010,random_high_minus_low,20261229,1.0,high_minus_low,interaction,-0.003713156569794603
pb_t010_20,t010,random_high_minus_low,20261229,1.0,high_minus_low,interaction,0.01286369692955704
pb_t016_09,t016,random_high_minus_low,20261229,1.0,high_minus_low,interaction,0.003954318262416856
pb_t016_10,t016,random_high_minus_low,20261229,1.0,high_minus_low,interaction,0.01405712412212195
pb_t016_12,t016,random_high_minus_low,20261229,1.0,high_minus_low,interaction,0.00841350154150927
pb_t016_17,t016,random_high_minus_low,20261229,1.0,high_minus_low,interaction,0.005181288067594164
pb_t016_20,t016,random_high_minus_low,20261229,1.0,high_minus_low,interaction,0.010559103505555603
pb_t018_08,t018,random_high_minus_low,20261229,1.0,high_minus_low,interaction,0.01745907992970853
pb_t018_10,t018,random_high_minus_low,20261229,1.0,high_minus_low,interaction,0.005540343988314931
pb_t018_11,t018,random_high_minus_low,20261229,1.0,high_minus_low,interaction,0.018771460321552906
pb_t018_14,t018,random_high_minus_low,20261229,1.0,high_minus_low,interaction,0.01538549023840216
pb_t018_18,t018,random_high_minus_low,20261229,1.0,high_minus_low,interaction,-0.0009867485740399974
pb_t023_09,t023,random_high_minus_low,20261229,1.0,high_minus_low,interaction,0.021774794971500495
pb_t023_12,t023,random_high_minus_low,20261229,1.0,high_minus_low,interaction,-0.0026472164041140716
pb_t023_13,t023,random_high_minus_low,20261229,1.0,high_minus_low,interaction,0.013470928185389652
pb_t023_17,t023,random_high_minus_low,20261229,1.0,high_minus_low,interaction,0.019207798028930342
pb_t023_20,t023,random_high_minus_low,20261229,1.0,high_minus_low,interaction,0.011524337555768711
pb_t029_07,t029,random_high_minus_low,20261229,1.0,high_minus_low,interaction,-0.001181020076872993
pb_t029_09,t029,random_high_minus_low,20261229,1.0,high_minus_low,interaction,0.02137678259999906
pb_t029_10,t029,random_high_minus_low,20261229,1.0,high_minus_low,interaction,0.014512598375870009
pb_t029_11,t029,random_high_minus_low,20261229,1.0,high_minus_low,interaction,0.022442101921246505
pb_t029_12,t029,random_high_minus_low,20261229,1.0,high_minus_low,interaction,-0.009895129094461278
pb_t031_06,t031,random_high_minus_low,20261229,1.0,high_minus_low,interaction,0.006715559972477385
pb_t031_09,t031,random_high_minus_low,20261229,1.0,high_minus_low,interaction,0.02283196715559055
pb_t031_12,t031,random_high_minus_low,20261229,1.0,high_minus_low,interaction,0.018347370139573792
pb_t031_13,t031,random_high_minus_low,20261229,1.0,high_minus_low,interaction,0.0368039062977825
pb_t031_16,t031,random_high_minus_low,20261229,1.0,high_minus_low,interaction,0.01406899856155606
pb_t032_08,t032,random_high_minus_low,20261229,1.0,high_minus_low,interaction,0.0035112015672472754
pb_t032_09,t032,random_high_minus_low,20261229,1.0,high_minus_low,interaction,0.009783326454072063
pb_t032_13,t032,random_high_minus_low,20261229,1.0,high_minus_low,interaction,0.018774603823595103
pb_t032_15,t032,random_high_minus_low,20261229,1.0,high_minus_low,interaction,0.027410167357635785
pb_t032_16,t032,random_high_minus_low,20261229,1.0,high_minus_low,interaction,0.021889687984091504
pb_t035_06,t035,random_high_minus_low,20261229,1.0,high_minus_low,interaction,0.02314449895067951
pb_t035_13,t035,random_high_minus_low,20261229,1.0,high_minus_low,interaction,0.0077495726626332145
pb_t035_15,t035,random_high_minus_low,20261229,1.0,high_minus_low,interaction,-0.000815343032415922
pb_t035_20,t035,random_high_minus_low,20261229,1.0,high_minus_low,interaction,0.005309230939966674
pb_t035_22,t035,random_high_minus_low,20261229,1.0,high_minus_low,interaction,0.01742378616945307
pb_t040_08,t040,random_high_minus_low,20261229,1.0,high_minus_low,interaction,0.0042190882584561855
pb_t040_10,t040,random_high_minus_low,20261229,1.0,high_minus_low,interaction,0.012345649935786473
pb_t040_13,t040,random_high_minus_low,20261229,1.0,high_minus_low,interaction,0.0082508873189688
pb_t040_14,t040,random_high_minus_low,20261229,1.0,high_minus_low,interaction,0.007642334451238855
pb_t040_15,t040,random_high_minus_low,20261229,1.0,high_minus_low,interaction,0.01324180791506751
pb_t001_08,t001,random_high_minus_low,20261230,1.0,high_minus_low,interaction,-0.009851040407326182
pb_t001_10,t001,random_high_minus_low,20261230,1.0,high_minus_low,interaction,-0.009071607165834389
pb_t001_11,t001,random_high_minus_low,20261230,1.0,high_minus_low,interaction,0.004161119982004045
pb_t001_12,t001,random_high_minus_low,20261230,1.0,high_minus_low,interaction,-0.0025964374082325533
pb_t001_15,t001,random_high_minus_low,20261230,1.0,high_minus_low,interaction,-0.010944828754543886
pb_t002_08,t002,random_high_minus_low,20261230,1.0,high_minus_low,interaction,-0.015224159690659989
pb_t002_16,t002,random_high_minus_low,20261230,1.0,high_minus_low,interaction,-0.008808822024656158
pb_t002_17,t002,random_high_minus_low,20261230,1.0,high_minus_low,interaction,-0.0015801930068833484
pb_t002_18,t002,random_high_minus_low,20261230,1.0,high_minus_low,interaction,-0.023397540754748834
pb_t002_20,t002,random_high_minus_low,20261230,1.0,high_minus_low,interaction,-0.01776852388302301
pb_t004_10,t004,random_high_minus_low,20261230,1.0,high_minus_low,interaction,-0.004940703245709136
pb_t004_11,t004,random_high_minus_low,20261230,1.0,high_minus_low,interaction,-0.0036974305320742274
pb_t004_13,t004,random_high_minus_low,20261230,1.0,high_minus_low,interaction,0.0003617332342610844
pb_t004_17,t004,random_high_minus_low,20261230,1.0,high_minus_low,interaction,-0.009087731815127934
pb_t004_20,t004,random_high_minus_low,20261230,1.0,high_minus_low,interaction,-0.0006923131781437035
pb_t006_09,t006,random_high_minus_low,20261230,1.0,high_minus_low,interaction,-0.007260377697459409
pb_t006_10,t006,random_high_minus_low,20261230,1.0,high_minus_low,interaction,-0.0028168161579384975
pb_t006_12,t006,random_high_minus_low,20261230,1.0,high_minus_low,interaction,-0.015897030456582247
pb_t006_18,t006,random_high_minus_low,20261230,1.0,high_minus_low,interaction,-0.0006132710938674066
pb_t006_19,t006,random_high_minus_low,20261230,1.0,high_minus_low,interaction,-0.01602058808964361
pb_t007_09,t007,random_high_minus_low,20261230,1.0,high_minus_low,interaction,-0.0034727466711123125
pb_t007_10,t007,random_high_minus_low,20261230,1.0,high_minus_low,interaction,-0.01585034714213396
pb_t007_16,t007,random_high_minus_low,20261230,1.0,high_minus_low,interaction,-0.004043595663721454
pb_t007_17,t007,random_high_minus_low,20261230,1.0,high_minus_low,interaction,-0.005993260942127907
pb_t007_19,t007,random_high_minus_low,20261230,1.0,high_minus_low,interaction,0.00016946454861418297
pb_t008_09,t008,random_high_minus_low,20261230,1.0,high_minus_low,interaction,-0.00910660920091363
pb_t008_11,t008,random_high_minus_low,20261230,1.0,high_minus_low,interaction,-0.0017230521198494122
pb_t008_16,t008,random_high_minus_low,20261230,1.0,high_minus_low,interaction,-0.0037426918021911896
pb_t008_17,t008,random_high_minus_low,20261230,1.0,high_minus_low,interaction,-0.007052006812495556
pb_t008_20,t008,random_high_minus_low,20261230,1.0,high_minus_low,interaction,-0.01940147872931392
pb_t009_07,t009,random_high_minus_low,20261230,1.0,high_minus_low,interaction,-0.013240814778998041
pb_t009_12,t009,random_high_minus_low,20261230,1.0,high_minus_low,interaction,-0.01411634053797335
pb_t009_15,t009,random_high_minus_low,20261230,1.0,high_minus_low,interaction,0.0027899232363367485
pb_t009_17,t009,random_high_minus_low,20261230,1.0,high_minus_low,interaction,-0.015416402949480245
pb_t009_19,t009,random_high_minus_low,20261230,1.0,high_minus_low,interaction,-0.013590713391310535
pb_t010_09,t010,random_high_minus_low,20261230,1.0,high_minus_low,interaction,-0.007638913854982616
pb_t010_12,t010,random_high_minus_low,20261230,1.0,high_minus_low,interaction,-0.002077744275534067
pb_t010_17,t010,random_high_minus_low,20261230,1.0,high_minus_low,interaction,-0.011053227639878226
pb_t010_19,t010,random_high_minus_low,20261230,1.0,high_minus_low,interaction,-0.011498045508210805
pb_t010_20,t010,random_high_minus_low,20261230,1.0,high_minus_low,interaction,-0.003904594540852168
pb_t016_09,t016,random_high_minus_low,20261230,1.0,high_minus_low,interaction,-0.0169351991659484
pb_t016_10,t016,random_high_minus_low,20261230,1.0,high_minus_low,interaction,-0.01217963642645141
pb_t016_12,t016,random_high_minus_low,20261230,1.0,high_minus_low,interaction,-0.002538333308072715
pb_t016_17,t016,random_high_minus_low,20261230,1.0,high_minus_low,interaction,-0.0069307869057139565
pb_t016_20,t016,random_high_minus_low,20261230,1.0,high_minus_low,interaction,-0.011830535357610467
pb_t018_08,t018,random_high_minus_low,20261230,1.0,high_minus_low,interaction,-0.022395750058711986
pb_t018_10,t018,random_high_minus_low,20261230,1.0,high_minus_low,interaction,-0.009363915353900246
pb_t018_11,t018,random_high_minus_low,20261230,1.0,high_minus_low,interaction,-0.020764830485109617
pb_t018_14,t018,random_high_minus_low,20261230,1.0,high_minus_low,interaction,-0.006834703652845493
pb_t018_18,t018,random_high_minus_low,20261230,1.0,high_minus_low,interaction,-0.011095855915844896
pb_t023_09,t023,random_high_minus_low,20261230,1.0,high_minus_low,interaction,-0.001983228450463538
pb_t023_12,t023,random_high_minus_low,20261230,1.0,high_minus_low,interaction,-0.006712166408206281
pb_t023_13,t023,random_high_minus_low,20261230,1.0,high_minus_low,interaction,-0.01155471970967673
pb_t023_17,t023,random_high_minus_low,20261230,1.0,high_minus_low,interaction,-0.005929829774268846
pb_t023_20,t023,random_high_minus_low,20261230,1.0,high_minus_low,interaction,-0.020711958570609708
pb_t029_07,t029,random_high_minus_low,20261230,1.0,high_minus_low,interaction,0.0015409973374271766
pb_t029_09,t029,random_high_minus_low,20261230,1.0,high_minus_low,interaction,0.006538322614494258
pb_t029_10,t029,random_high_minus_low,20261230,1.0,high_minus_low,interaction,0.004481957955013518
pb_t029_11,t029,random_high_minus_low,20261230,1.0,high_minus_low,interaction,-0.007562803746403537
pb_t029_12,t029,random_high_minus_low,20261230,1.0,high_minus_low,interaction,-0.004088019258944754
pb_t031_06,t031,random_high_minus_low,20261230,1.0,high_minus_low,interaction,-0.012188327447400189
pb_t031_09,t031,random_high_minus_low,20261230,1.0,high_minus_low,interaction,-0.001657681424684428
pb_t031_12,t031,random_high_minus_low,20261230,1.0,high_minus_low,interaction,0.001371998094326744
pb_t031_13,t031,random_high_minus_low,20261230,1.0,high_minus_low,interaction,-0.013536120962788688
pb_t031_16,t031,random_high_minus_low,20261230,1.0,high_minus_low,interaction,-0.012335526410235973
pb_t032_08,t032,random_high_minus_low,20261230,1.0,high_minus_low,interaction,-0.005786849750931539
pb_t032_09,t032,random_high_minus_low,20261230,1.0,high_minus_low,interaction,-0.012265120762103341
pb_t032_13,t032,random_high_minus_low,20261230,1.0,high_minus_low,interaction,-0.008895400758905082
pb_t032_15,t032,random_high_minus_low,20261230,1.0,high_minus_low,interaction,-0.010416206641978596
pb_t032_16,t032,random_high_minus_low,20261230,1.0,high_minus_low,interaction,-0.004209212202504275
pb_t035_06,t035,random_high_minus_low,20261230,1.0,high_minus_low,interaction,-0.011915038587154774
pb_t035_13,t035,random_high_minus_low,20261230,1.0,high_minus_low,interaction,-0.011085448927626486
pb_t035_15,t035,random_high_minus_low,20261230,1.0,high_minus_low,interaction,-0.014836918644167599
pb_t035_20,t035,random_high_minus_low,20261230,1.0,high_minus_low,interaction,-0.006629149400354829
pb_t035_22,t035,random_high_minus_low,20261230,1.0,high_minus_low,interaction,-0.007668373109952827
pb_t040_08,t040,random_high_minus_low,20261230,1.0,high_minus_low,interaction,-0.008240219337262395
pb_t040_10,t040,random_high_minus_low,20261230,1.0,high_minus_low,interaction,-0.014467867007505533
pb_t040_13,t040,random_high_minus_low,20261230,1.0,high_minus_low,interaction,-0.009586915226114417
pb_t040_14,t040,random_high_minus_low,20261230,1.0,high_minus_low,interaction,-0.015751424333526463
pb_t040_15,t040,random_high_minus_low,20261230,1.0,high_minus_low,interaction,-0.014810908695448625
pb_t001_08,t001,random_high_minus_low,20261231,1.0,high_minus_low,interaction,0.024607614943674354
pb_t001_10,t001,random_high_minus_low,20261231,1.0,high_minus_low,interaction,0.03463754601125477
pb_t001_11,t001,random_high_minus_low,20261231,1.0,high_minus_low,interaction,0.03081181824980909
pb_t001_12,t001,random_high_minus_low,20261231,1.0,high_minus_low,interaction,0.02701311881007618
pb_t001_15,t001,random_high_minus_low,20261231,1.0,high_minus_low,interaction,0.01996115610626495
pb_t002_08,t002,random_high_minus_low,20261231,1.0,high_minus_low,interaction,0.01451905541067813
pb_t002_16,t002,random_high_minus_low,20261231,1.0,high_minus_low,interaction,0.01709375806515353
pb_t002_17,t002,random_high_minus_low,20261231,1.0,high_minus_low,interaction,0.022293669695951254
pb_t002_18,t002,random_high_minus_low,20261231,1.0,high_minus_low,interaction,0.024004604029186808
pb_t002_20,t002,random_high_minus_low,20261231,1.0,high_minus_low,interaction,0.031002194214655804
pb_t004_10,t004,random_high_minus_low,20261231,1.0,high_minus_low,interaction,0.030663082489307034
pb_t004_11,t004,random_high_minus_low,20261231,1.0,high_minus_low,interaction,0.023447982328658433
pb_t004_13,t004,random_high_minus_low,20261231,1.0,high_minus_low,interaction,0.03400900510441185
pb_t004_17,t004,random_high_minus_low,20261231,1.0,high_minus_low,interaction,0.0340379856452441
pb_t004_20,t004,random_high_minus_low,20261231,1.0,high_minus_low,interaction,0.029749266718660808
pb_t006_09,t006,random_high_minus_low,20261231,1.0,high_minus_low,interaction,0.0378620209771296
pb_t006_10,t006,random_high_minus_low,20261231,1.0,high_minus_low,interaction,0.037552481465069384
pb_t006_12,t006,random_high_minus_low,20261231,1.0,high_minus_low,interaction,0.027552485132445032
pb_t006_18,t006,random_high_minus_low,20261231,1.0,high_minus_low,interaction,0.033256550934281176
pb_t006_19,t006,random_high_minus_low,20261231,1.0,high_minus_low,interaction,0.018196383310474053
pb_t007_09,t007,random_high_minus_low,20261231,1.0,high_minus_low,interaction,0.034841253043469494
pb_t007_10,t007,random_high_minus_low,20261231,1.0,high_minus_low,interaction,0.031409273389421094
pb_t007_16,t007,random_high_minus_low,20261231,1.0,high_minus_low,interaction,0.03153365463946252
pb_t007_17,t007,random_high_minus_low,20261231,1.0,high_minus_low,interaction,0.03212134556758296
pb_t007_19,t007,random_high_minus_low,20261231,1.0,high_minus_low,interaction,0.045820544496488855
pb_t008_09,t008,random_high_minus_low,20261231,1.0,high_minus_low,interaction,0.0424194759918263
pb_t008_11,t008,random_high_minus_low,20261231,1.0,high_minus_low,interaction,0.021567677874858127
pb_t008_16,t008,random_high_minus_low,20261231,1.0,high_minus_low,interaction,0.0350595827299094
pb_t008_17,t008,random_high_minus_low,20261231,1.0,high_minus_low,interaction,0.026701504656250062
pb_t008_20,t008,random_high_minus_low,20261231,1.0,high_minus_low,interaction,0.0286601180827631
pb_t009_07,t009,random_high_minus_low,20261231,1.0,high_minus_low,interaction,0.04456200299560176
pb_t009_12,t009,random_high_minus_low,20261231,1.0,high_minus_low,interaction,0.03176434104571829
pb_t009_15,t009,random_high_minus_low,20261231,1.0,high_minus_low,interaction,0.03561320522228825
pb_t009_17,t009,random_high_minus_low,20261231,1.0,high_minus_low,interaction,0.02621661115173731
pb_t009_19,t009,random_high_minus_low,20261231,1.0,high_minus_low,interaction,0.025535652023793244
pb_t010_09,t010,random_high_minus_low,20261231,1.0,high_minus_low,interaction,0.035547902169645644
pb_t010_12,t010,random_high_minus_low,20261231,1.0,high_minus_low,interaction,0.033932300370171704
pb_t010_17,t010,random_high_minus_low,20261231,1.0,high_minus_low,interaction,0.029895460437179038
pb_t010_19,t010,random_high_minus_low,20261231,1.0,high_minus_low,interaction,0.029078900787531593
pb_t010_20,t010,random_high_minus_low,20261231,1.0,high_minus_low,interaction,0.012378083452207363
pb_t016_09,t016,random_high_minus_low,20261231,1.0,high_minus_low,interaction,0.03971147853254334
pb_t016_10,t016,random_high_minus_low,20261231,1.0,high_minus_low,interaction,0.04003020214565407
pb_t016_12,t016,random_high_minus_low,20261231,1.0,high_minus_low,interaction,0.023677230720987825
pb_t016_17,t016,random_high_minus_low,20261231,1.0,high_minus_low,interaction,0.03387160195204894
pb_t016_20,t016,random_high_minus_low,20261231,1.0,high_minus_low,interaction,0.033213787245244014
pb_t018_08,t018,random_high_minus_low,20261231,1.0,high_minus_low,interaction,0.020987809357017627
pb_t018_10,t018,random_high_minus_low,20261231,1.0,high_minus_low,interaction,0.020218957903668615
pb_t018_11,t018,random_high_minus_low,20261231,1.0,high_minus_low,interaction,0.032191209687174496
pb_t018_14,t018,random_high_minus_low,20261231,1.0,high_minus_low,interaction,0.038594996457395676
pb_t018_18,t018,random_high_minus_low,20261231,1.0,high_minus_low,interaction,0.03459365959656717
pb_t023_09,t023,random_high_minus_low,20261231,1.0,high_minus_low,interaction,0.029455270934051953
pb_t023_12,t023,random_high_minus_low,20261231,1.0,high_minus_low,interaction,0.03250380694059307
pb_t023_13,t023,random_high_minus_low,20261231,1.0,high_minus_low,interaction,0.03447784912516268
pb_t023_17,t023,random_high_minus_low,20261231,1.0,high_minus_low,interaction,0.03848541205654479
pb_t023_20,t023,random_high_minus_low,20261231,1.0,high_minus_low,interaction,0.023649377804809295
pb_t029_07,t029,random_high_minus_low,20261231,1.0,high_minus_low,interaction,0.01714718146128208
pb_t029_09,t029,random_high_minus_low,20261231,1.0,high_minus_low,interaction,0.026458698232712394
pb_t029_10,t029,random_high_minus_low,20261231,1.0,high_minus_low,interaction,0.035432924403135044
pb_t029_11,t029,random_high_minus_low,20261231,1.0,high_minus_low,interaction,0.03499106491924635
pb_t029_12,t029,random_high_minus_low,20261231,1.0,high_minus_low,interaction,0.0322528309448769
pb_t031_06,t031,random_high_minus_low,20261231,1.0,high_minus_low,interaction,0.020484741967216526
pb_t031_09,t031,random_high_minus_low,20261231,1.0,high_minus_low,interaction,0.008811748661958604
pb_t031_12,t031,random_high_minus_low,20261231,1.0,high_minus_low,interaction,0.0233341890002164
pb_t031_13,t031,random_high_minus_low,20261231,1.0,high_minus_low,interaction,0.024588334741178535
pb_t031_16,t031,random_high_minus_low,20261231,1.0,high_minus_low,interaction,0.026267467084216064
pb_t032_08,t032,random_high_minus_low,20261231,1.0,high_minus_low,interaction,0.018320315566581834
pb_t032_09,t032,random_high_minus_low,20261231,1.0,high_minus_low,interaction,0.012222300415510595
pb_t032_13,t032,random_high_minus_low,20261231,1.0,high_minus_low,interaction,0.02062592725163761
pb_t032_15,t032,random_high_minus_low,20261231,1.0,high_minus_low,interaction,0.03109373075018504
pb_t032_16,t032,random_high_minus_low,20261231,1.0,high_minus_low,interaction,0.015044198539827362
pb_t035_06,t035,random_high_minus_low,20261231,1.0,high_minus_low,interaction,0.027777733986170575
pb_t035_13,t035,random_high_minus_low,20261231,1.0,high_minus_low,interaction,0.02030922586397308
pb_t035_15,t035,random_high_minus_low,20261231,1.0,high_minus_low,interaction,0.024987070482629804
pb_t035_20,t035,random_high_minus_low,20261231,1.0,high_minus_low,interaction,0.018282786618648468
pb_t035_22,t035,random_high_minus_low,20261231,1.0,high_minus_low,interaction,0.018766921633338065
pb_t040_08,t040,random_high_minus_low,20261231,1.0,high_minus_low,interaction,0.02746504224682993
pb_t040_10,t040,random_high_minus_low,20261231,1.0,high_minus_low,interaction,0.031284492754362556
pb_t040_13,t040,random_high_minus_low,20261231,1.0,high_minus_low,interaction,0.031623148332391805
pb_t040_14,t040,random_high_minus_low,20261231,1.0,high_minus_low,interaction,0.0390253873746627
pb_t040_15,t040,random_high_minus_low,20261231,1.0,high_minus_low,interaction,0.02627845914813403
pb_t001_08,t001,random_high_minus_low,20261232,1.0,high_minus_low,interaction,0.012177846505003913
pb_t001_10,t001,random_high_minus_low,20261232,1.0,high_minus_low,interaction,-0.00046559789046845407
pb_t001_11,t001,random_high_minus_low,20261232,1.0,high_minus_low,interaction,0.001482880193921482
pb_t001_12,t001,random_high_minus_low,20261232,1.0,high_minus_low,interaction,0.0029501216170988833
pb_t001_15,t001,random_high_minus_low,20261232,1.0,high_minus_low,interaction,-0.008966471515976043
pb_t002_08,t002,random_high_minus_low,20261232,1.0,high_minus_low,interaction,-0.0009750600996464529
pb_t002_16,t002,random_high_minus_low,20261232,1.0,high_minus_low,interaction,-0.001129356736742932
pb_t002_17,t002,random_high_minus_low,20261232,1.0,high_minus_low,interaction,-0.007703647041469822
pb_t002_18,t002,random_high_minus_low,20261232,1.0,high_minus_low,interaction,0.004013315081634067
pb_t002_20,t002,random_high_minus_low,20261232,1.0,high_minus_low,interaction,0.0036679149421808923
pb_t004_10,t004,random_high_minus_low,20261232,1.0,high_minus_low,interaction,0.0182598392663312
pb_t004_11,t004,random_high_minus_low,20261232,1.0,high_minus_low,interaction,0.0036811410709630342
pb_t004_13,t004,random_high_minus_low,20261232,1.0,high_minus_low,interaction,0.006377918308649835
pb_t004_17,t004,random_high_minus_low,20261232,1.0,high_minus_low,interaction,0.002094966747058821
pb_t004_20,t004,random_high_minus_low,20261232,1.0,high_minus_low,interaction,-0.005786611061414153
pb_t006_09,t006,random_high_minus_low,20261232,1.0,high_minus_low,interaction,0.01261183616170104
pb_t006_10,t006,random_high_minus_low,20261232,1.0,high_minus_low,interaction,-0.004061167782395403
pb_t006_12,t006,random_high_minus_low,20261232,1.0,high_minus_low,interaction,-0.002907706344309152
pb_t006_18,t006,random_high_minus_low,20261232,1.0,high_minus_low,interaction,-0.008530401840936418
pb_t006_19,t006,random_high_minus_low,20261232,1.0,high_minus_low,interaction,0.008374718046918701
pb_t007_09,t007,random_high_minus_low,20261232,1.0,high_minus_low,interaction,0.01389661252960066
pb_t007_10,t007,random_high_minus_low,20261232,1.0,high_minus_low,interaction,0.005468498912153223
pb_t007_16,t007,random_high_minus_low,20261232,1.0,high_minus_low,interaction,-0.0014868672881755477
pb_t007_17,t007,random_high_minus_low,20261232,1.0,high_minus_low,interaction,0.00585659404654087
pb_t007_19,t007,random_high_minus_low,20261232,1.0,high_minus_low,interaction,0.00269149812372238
pb_t008_09,t008,random_high_minus_low,20261232,1.0,high_minus_low,interaction,0.011946782125127417
pb_t008_11,t008,random_high_minus_low,20261232,1.0,high_minus_low,interaction,0.01721373846435148
pb_t008_16,t008,random_high_minus_low,20261232,1.0,high_minus_low,interaction,0.008234505817323533
pb_t008_17,t008,random_high_minus_low,20261232,1.0,high_minus_low,interaction,0.009007622413231494
pb_t008_20,t008,random_high_minus_low,20261232,1.0,high_minus_low,interaction,0.004907021101333651
pb_t009_07,t009,random_high_minus_low,20261232,1.0,high_minus_low,interaction,-0.007010087978072995
pb_t009_12,t009,random_high_minus_low,20261232,1.0,high_minus_low,interaction,0.008974910239887774
pb_t009_15,t009,random_high_minus_low,20261232,1.0,high_minus_low,interaction,0.008825043155811417
pb_t009_17,t009,random_high_minus_low,20261232,1.0,high_minus_low,interaction,-0.004463020710481909
pb_t009_19,t009,random_high_minus_low,20261232,1.0,high_minus_low,interaction,0.013140870973753856
pb_t010_09,t010,random_high_minus_low,20261232,1.0,high_minus_low,interaction,0.0021751795887844623
pb_t010_12,t010,random_high_minus_low,20261232,1.0,high_minus_low,interaction,0.018606630180566
pb_t010_17,t010,random_high_minus_low,20261232,1.0,high_minus_low,interaction,0.015628499454292694
pb_t010_19,t010,random_high_minus_low,20261232,1.0,high_minus_low,interaction,0.0005146891953085204
pb_t010_20,t010,random_high_minus_low,20261232,1.0,high_minus_low,interaction,0.00977894866656882
pb_t016_09,t016,random_high_minus_low,20261232,1.0,high_minus_low,interaction,0.006642164834552732
pb_t016_10,t016,random_high_minus_low,20261232,1.0,high_minus_low,interaction,0.004210007022204175
pb_t016_12,t016,random_high_minus_low,20261232,1.0,high_minus_low,interaction,0.0061606466722794765
pb_t016_17,t016,random_high_minus_low,20261232,1.0,high_minus_low,interaction,0.008286979167774988
pb_t016_20,t016,random_high_minus_low,20261232,1.0,high_minus_low,interaction,0.002643780271274876
pb_t018_08,t018,random_high_minus_low,20261232,1.0,high_minus_low,interaction,0.0006877924118957495
pb_t018_10,t018,random_high_minus_low,20261232,1.0,high_minus_low,interaction,0.01213589055525297
pb_t018_11,t018,random_high_minus_low,20261232,1.0,high_minus_low,interaction,0.008401955402714502
pb_t018_14,t018,random_high_minus_low,20261232,1.0,high_minus_low,interaction,0.006478413158994729
pb_t018_18,t018,random_high_minus_low,20261232,1.0,high_minus_low,interaction,0.001064487583237505
pb_t023_09,t023,random_high_minus_low,20261232,1.0,high_minus_low,interaction,0.0024801300387934286
pb_t023_12,t023,random_high_minus_low,20261232,1.0,high_minus_low,interaction,-0.0006147034823030043
pb_t023_13,t023,random_high_minus_low,20261232,1.0,high_minus_low,interaction,-0.0005903600563424297
pb_t023_17,t023,random_high_minus_low,20261232,1.0,high_minus_low,interaction,0.00720718830417883
pb_t023_20,t023,random_high_minus_low,20261232,1.0,high_minus_low,interaction,0.012836681197353112
pb_t029_07,t029,random_high_minus_low,20261232,1.0,high_minus_low,interaction,0.0005069270517119873
pb_t029_09,t029,random_high_minus_low,20261232,1.0,high_minus_low,interaction,-0.004192473650300723
pb_t029_10,t029,random_high_minus_low,20261232,1.0,high_minus_low,interaction,0.01098712401065752
pb_t029_11,t029,random_high_minus_low,20261232,1.0,high_minus_low,interaction,0.0075747547893704106
pb_t029_12,t029,random_high_minus_low,20261232,1.0,high_minus_low,interaction,0.0037238332086531826
pb_t031_06,t031,random_high_minus_low,20261232,1.0,high_minus_low,interaction,0.010739247493673882
pb_t031_09,t031,random_high_minus_low,20261232,1.0,high_minus_low,interaction,0.0044845802068069224
pb_t031_12,t031,random_high_minus_low,20261232,1.0,high_minus_low,interaction,0.015263453058764575
pb_t031_13,t031,random_high_minus_low,20261232,1.0,high_minus_low,interaction,0.0014402260637628658
pb_t031_16,t031,random_high_minus_low,20261232,1.0,high_minus_low,interaction,0.02349302250572984
pb_t032_08,t032,random_high_minus_low,20261232,1.0,high_minus_low,interaction,0.009544481500369255
pb_t032_09,t032,random_high_minus_low,20261232,1.0,high_minus_low,interaction,-0.0037161463573715512
pb_t032_13,t032,random_high_minus_low,20261232,1.0,high_minus_low,interaction,0.0034548613809524133
pb_t032_15,t032,random_high_minus_low,20261232,1.0,high_minus_low,interaction,0.002248263611092905
pb_t032_16,t032,random_high_minus_low,20261232,1.0,high_minus_low,interaction,0.004872860438464705
pb_t035_06,t035,random_high_minus_low,20261232,1.0,high_minus_low,interaction,0.0032789824407303447
pb_t035_13,t035,random_high_minus_low,20261232,1.0,high_minus_low,interaction,0.014881914524885574
pb_t035_15,t035,random_high_minus_low,20261232,1.0,high_minus_low,interaction,-0.0021637000559645574
pb_t035_20,t035,random_high_minus_low,20261232,1.0,high_minus_low,interaction,0.00042928567100378526
pb_t035_22,t035,random_high_minus_low,20261232,1.0,high_minus_low,interaction,0.0016125119049747426
pb_t040_08,t040,random_high_minus_low,20261232,1.0,high_minus_low,interaction,-0.0014818205669441431
pb_t040_10,t040,random_high_minus_low,20261232,1.0,high_minus_low,interaction,-0.012426333815232055
pb_t040_13,t040,random_high_minus_low,20261232,1.0,high_minus_low,interaction,0.013041905902320442
pb_t040_14,t040,random_high_minus_low,20261232,1.0,high_minus_low,interaction,-0.004671159555528074
pb_t040_15,t040,random_high_minus_low,20261232,1.0,high_minus_low,interaction,0.0049153610721651975
