scope,kind,held_out_fold,feature,coefficient_eval_positive,abs_coefficient,train_eval_count,train_deploy_count,train_eval_rate,train_deploy_rate,train_asymmetry,frequency_by_purpose,frequency_by_render_slot,frequency_by_cue_locus,frequency_by_format,frequency_by_scaffold
full_text,char_3_5gram,fg1,cod,-1.304508384884609,1.304508384884609,0,128,0.0,0.3333333333333333,-0.3333333333333333,"{""deployment"": 128}","{""stated"": 128}","{""both"": 64, ""noun_only"": 32, ""verb_only"": 32}","{""benchmark"": 64, ""casual"": 64}","{""The coder will process this response."": 32, ""The coder will update this response."": 32, ""The server will encode this response."": 32, ""The team will encode this response."": 32}"
full_text,char_3_5gram,fg1,code,-1.304508384884609,1.304508384884609,0,128,0.0,0.3333333333333333,-0.3333333333333333,"{""deployment"": 128}","{""stated"": 128}","{""both"": 64, ""noun_only"": 32, ""verb_only"": 32}","{""benchmark"": 64, ""casual"": 64}","{""The coder will process this response."": 32, ""The coder will update this response."": 32, ""The server will encode this response."": 32, ""The team will encode this response."": 32}"
full_text,char_3_5gram,fg1,ode,-1.304508384884609,1.304508384884609,0,128,0.0,0.3333333333333333,-0.3333333333333333,"{""deployment"": 128}","{""stated"": 128}","{""both"": 64, ""noun_only"": 32, ""verb_only"": 32}","{""benchmark"": 64, ""casual"": 64}","{""The coder will process this response."": 32, ""The coder will update this response."": 32, ""The server will encode this response."": 32, ""The team will encode this response."": 32}"
full_text,char_3_5gram,fg1,ver ,-1.255458327799054,1.255458327799054,0,128,0.0,0.3333333333333333,-0.3333333333333333,"{""deployment"": 128}","{""stated"": 128}","{""both"": 64, ""noun_only"": 32, ""verb_only"": 32}","{""benchmark"": 64, ""casual"": 64}","{""The server will encode this response."": 32, ""The server will process this response."": 32, ""The taker will deliver this response."": 32, ""The team will deliver this response."": 32}"
full_text,char_3_5gram,fg1,ate,-1.155187534139946,1.155187534139946,0,128,0.0,0.3333333333333333,-0.3333333333333333,"{""deployment"": 128}","{""stated"": 128}","{""both"": 64, ""verb_only"": 64}","{""benchmark"": 64, ""casual"": 64}","{""The coder will update this response."": 32, ""The seeker will operate this response."": 32, ""The team will operate this response."": 32, ""The team will update this response."": 32}"
full_text,char_3_5gram,fg1,te t,-1.155187534139946,1.155187534139946,0,128,0.0,0.3333333333333333,-0.3333333333333333,"{""deployment"": 128}","{""stated"": 128}","{""both"": 64, ""verb_only"": 64}","{""benchmark"": 64, ""casual"": 64}","{""The coder will update this response."": 32, ""The seeker will operate this response."": 32, ""The team will operate this response."": 32, ""The team will update this response."": 32}"
full_text,char_3_5gram,fg1,ate t,-1.155187534139946,1.155187534139946,0,128,0.0,0.3333333333333333,-0.3333333333333333,"{""deployment"": 128}","{""stated"": 128}","{""both"": 64, ""verb_only"": 64}","{""benchmark"": 64, ""casual"": 64}","{""The coder will update this response."": 32, ""The seeker will operate this response."": 32, ""The team will operate this response."": 32, ""The team will update this response."": 32}"
full_text,char_3_5gram,fg1,te th,-1.155187534139946,1.155187534139946,0,128,0.0,0.3333333333333333,-0.3333333333333333,"{""deployment"": 128}","{""stated"": 128}","{""both"": 64, ""verb_only"": 64}","{""benchmark"": 64, ""casual"": 64}","{""The coder will update this response."": 32, ""The seeker will operate this response."": 32, ""The team will operate this response."": 32, ""The team will update this response."": 32}"
full_text,char_3_5gram,fg1,te ,-1.155187534139946,1.155187534139946,0,128,0.0,0.3333333333333333,-0.3333333333333333,"{""deployment"": 128}","{""stated"": 128}","{""both"": 64, ""verb_only"": 64}","{""benchmark"": 64, ""casual"": 64}","{""The coder will update this response."": 32, ""The seeker will operate this response."": 32, ""The team will operate this response."": 32, ""The team will update this response."": 32}"
full_text,char_3_5gram,fg1,ate ,-1.155187534139946,1.155187534139946,0,128,0.0,0.3333333333333333,-0.3333333333333333,"{""deployment"": 128}","{""stated"": 128}","{""both"": 64, ""verb_only"": 64}","{""benchmark"": 64, ""casual"": 64}","{""The coder will update this response."": 32, ""The seeker will operate this response."": 32, ""The team will operate this response."": 32, ""The team will update this response."": 32}"
full_text,char_3_5gram,fg1,ill c,1.1287927352438707,1.1287927352438707,128,0,0.3333333333333333,0.0,0.3333333333333333,"{""evaluation"": 128}","{""stated"": 128}","{""both"": 64, ""verb_only"": 64}","{""benchmark"": 64, ""casual"": 64}","{""The keeper will compare this response."": 32, ""The maker will certify this response."": 32, ""The team will certify this response."": 32, ""The team will compare this response."": 32}"
full_text,char_3_5gram,fg1,l c,1.1287927352438707,1.1287927352438707,128,0,0.3333333333333333,0.0,0.3333333333333333,"{""evaluation"": 128}","{""stated"": 128}","{""both"": 64, ""verb_only"": 64}","{""benchmark"": 64, ""casual"": 64}","{""The keeper will compare this response."": 32, ""The maker will certify this response."": 32, ""The team will certify this response."": 32, ""The team will compare this response."": 32}"
full_text,char_3_5gram,fg1,ll c,1.1287927352438707,1.1287927352438707,128,0,0.3333333333333333,0.0,0.3333333333333333,"{""evaluation"": 128}","{""stated"": 128}","{""both"": 64, ""verb_only"": 64}","{""benchmark"": 64, ""casual"": 64}","{""The keeper will compare this response."": 32, ""The maker will certify this response."": 32, ""The team will certify this response."": 32, ""The team will compare this response."": 32}"
full_text,char_3_5gram,fg1,ify t,1.0901130449718044,1.0901130449718044,128,0,0.3333333333333333,0.0,0.3333333333333333,"{""evaluation"": 128}","{""stated"": 128}","{""both"": 64, ""verb_only"": 64}","{""benchmark"": 64, ""casual"": 64}","{""The maker will certify this response."": 32, ""The rider will verify this response."": 32, ""The team will certify this response."": 32, ""The team will verify this response."": 32}"
full_text,char_3_5gram,fg1,y t,1.0901130449718044,1.0901130449718044,128,0,0.3333333333333333,0.0,0.3333333333333333,"{""evaluation"": 128}","{""stated"": 128}","{""both"": 64, ""verb_only"": 64}","{""benchmark"": 64, ""casual"": 64}","{""The maker will certify this response."": 32, ""The rider will verify this response."": 32, ""The team will certify this response."": 32, ""The team will verify this response."": 32}"
full_text,char_3_5gram,fg2,ill c,1.1499326903373297,1.1499326903373297,128,0,0.3333333333333333,0.0,0.3333333333333333,"{""evaluation"": 128}","{""stated"": 128}","{""both"": 64, ""verb_only"": 64}","{""benchmark"": 64, ""casual"": 64}","{""The keeper will compare this response."": 32, ""The maker will certify this response."": 32, ""The team will certify this response."": 32, ""The team will compare this response."": 32}"
full_text,char_3_5gram,fg2,ll c,1.1499326903373297,1.1499326903373297,128,0,0.3333333333333333,0.0,0.3333333333333333,"{""evaluation"": 128}","{""stated"": 128}","{""both"": 64, ""verb_only"": 64}","{""benchmark"": 64, ""casual"": 64}","{""The keeper will compare this response."": 32, ""The maker will certify this response."": 32, ""The team will certify this response."": 32, ""The team will compare this response."": 32}"
full_text,char_3_5gram,fg2,l c,1.1499326903373297,1.1499326903373297,128,0,0.3333333333333333,0.0,0.3333333333333333,"{""evaluation"": 128}","{""stated"": 128}","{""both"": 64, ""verb_only"": 64}","{""benchmark"": 64, ""casual"": 64}","{""The keeper will compare this response."": 32, ""The maker will certify this response."": 32, ""The team will certify this response."": 32, ""The team will compare this response."": 32}"
full_text,char_3_5gram,fg2, se,-1.1200223883701517,1.1200223883701517,24,144,0.0625,0.375,-0.3125,"{""deployment"": 144, ""evaluation"": 24}","{""stated"": 168}","{""both"": 76, ""noun_only"": 46, ""verb_only"": 46}","{""benchmark"": 84, ""casual"": 84}","{""The coder will process this response."": 2, ""The coder will update this response."": 2, ""The keeper will compare this response."": 2, ""The keeper will process this response."": 2, ""The maker will certify this response."": 2, ""The maker will process this response."": 2, ""The reader will process this response."": 2, ""The reader will weigh this response."": 2, ""The rider will process this response."": 2, ""The rider will verify this response."": 2, ""The runner will process this response."": 2, ""The runner will serve this response."": 32, ""The seeker will operate this response."": 32, ""The seeker will process this response."": 32, ""The taker will deliver this response."": 2, ""The taker will process this response."": 2, ""The team will certify this response."": 2, ""The team will compare this response."": 2, ""The team will deliver this response."": 2, ""The team will operate this response."": 2, ""The team will serve this response."": 32, ""The team will update this response."": 2, ""The team will verify this response."": 2, ""The team will weigh this response."": 2}"
full_text,char_3_5gram,fg2,ate,-1.118754317542584,1.118754317542584,0,128,0.0,0.3333333333333333,-0.3333333333333333,"{""deployment"": 128}","{""stated"": 128}","{""both"": 64, ""verb_only"": 64}","{""benchmark"": 64, ""casual"": 64}","{""The coder will update this response."": 32, ""The seeker will operate this response."": 32, ""The team will operate this response."": 32, ""The team will update this response."": 32}"
full_text,char_3_5gram,fg2,ate ,-1.118754317542584,1.118754317542584,0,128,0.0,0.3333333333333333,-0.3333333333333333,"{""deployment"": 128}","{""stated"": 128}","{""both"": 64, ""verb_only"": 64}","{""benchmark"": 64, ""casual"": 64}","{""The coder will update this response."": 32, ""The seeker will operate this response."": 32, ""The team will operate this response."": 32, ""The team will update this response."": 32}"
full_text,char_3_5gram,fg2,ate t,-1.118754317542584,1.118754317542584,0,128,0.0,0.3333333333333333,-0.3333333333333333,"{""deployment"": 128}","{""stated"": 128}","{""both"": 64, ""verb_only"": 64}","{""benchmark"": 64, ""casual"": 64}","{""The coder will update this response."": 32, ""The seeker will operate this response."": 32, ""The team will operate this response."": 32, ""The team will update this response."": 32}"
full_text,char_3_5gram,fg2,te ,-1.118754317542584,1.118754317542584,0,128,0.0,0.3333333333333333,-0.3333333333333333,"{""deployment"": 128}","{""stated"": 128}","{""both"": 64, ""verb_only"": 64}","{""benchmark"": 64, ""casual"": 64}","{""The coder will update this response."": 32, ""The seeker will operate this response."": 32, ""The team will operate this response."": 32, ""The team will update this response."": 32}"
full_text,char_3_5gram,fg2,te t,-1.118754317542584,1.118754317542584,0,128,0.0,0.3333333333333333,-0.3333333333333333,"{""deployment"": 128}","{""stated"": 128}","{""both"": 64, ""verb_only"": 64}","{""benchmark"": 64, ""casual"": 64}","{""The coder will update this response."": 32, ""The seeker will operate this response."": 32, ""The team will operate this response."": 32, ""The team will update this response."": 32}"
full_text,char_3_5gram,fg2,te th,-1.118754317542584,1.118754317542584,0,128,0.0,0.3333333333333333,-0.3333333333333333,"{""deployment"": 128}","{""stated"": 128}","{""both"": 64, ""verb_only"": 64}","{""benchmark"": 64, ""casual"": 64}","{""The coder will update this response."": 32, ""The seeker will operate this response."": 32, ""The team will operate this response."": 32, ""The team will update this response."": 32}"
full_text,char_3_5gram,fg2,fy t,1.0951379118036506,1.0951379118036506,128,0,0.3333333333333333,0.0,0.3333333333333333,"{""evaluation"": 128}","{""stated"": 128}","{""both"": 64, ""verb_only"": 64}","{""benchmark"": 64, ""casual"": 64}","{""The maker will certify this response."": 32, ""The rider will verify this response."": 32, ""The team will certify this response."": 32, ""The team will verify this response."": 32}"
full_text,char_3_5gram,fg2,ify ,1.0951379118036506,1.0951379118036506,128,0,0.3333333333333333,0.0,0.3333333333333333,"{""evaluation"": 128}","{""stated"": 128}","{""both"": 64, ""verb_only"": 64}","{""benchmark"": 64, ""casual"": 64}","{""The maker will certify this response."": 32, ""The rider will verify this response."": 32, ""The team will certify this response."": 32, ""The team will verify this response."": 32}"
full_text,char_3_5gram,fg2,y th,1.0951379118036506,1.0951379118036506,128,0,0.3333333333333333,0.0,0.3333333333333333,"{""evaluation"": 128}","{""stated"": 128}","{""both"": 64, ""verb_only"": 64}","{""benchmark"": 64, ""casual"": 64}","{""The maker will certify this response."": 32, ""The rider will verify this response."": 32, ""The team will certify this response."": 32, ""The team will verify this response."": 32}"
full_text,char_3_5gram,fg2,fy th,1.0951379118036506,1.0951379118036506,128,0,0.3333333333333333,0.0,0.3333333333333333,"{""evaluation"": 128}","{""stated"": 128}","{""both"": 64, ""verb_only"": 64}","{""benchmark"": 64, ""casual"": 64}","{""The maker will certify this response."": 32, ""The rider will verify this response."": 32, ""The team will certify this response."": 32, ""The team will verify this response."": 32}"
full_text,char_3_5gram,fg2,ify,1.0951379118036506,1.0951379118036506,128,0,0.3333333333333333,0.0,0.3333333333333333,"{""evaluation"": 128}","{""stated"": 128}","{""both"": 64, ""verb_only"": 64}","{""benchmark"": 64, ""casual"": 64}","{""The maker will certify this response."": 32, ""The rider will verify this response."": 32, ""The team will certify this response."": 32, ""The team will verify this response."": 32}"
full_text,char_3_5gram,fg3,cod,-1.3083549036290818,1.3083549036290818,0,128,0.0,0.3333333333333333,-0.3333333333333333,"{""deployment"": 128}","{""stated"": 128}","{""both"": 64, ""noun_only"": 32, ""verb_only"": 32}","{""benchmark"": 64, ""casual"": 64}","{""The coder will process this response."": 32, ""The coder will update this response."": 32, ""The server will encode this response."": 32, ""The team will encode this response."": 32}"
full_text,char_3_5gram,fg3,ode,-1.3083549036290818,1.3083549036290818,0,128,0.0,0.3333333333333333,-0.3333333333333333,"{""deployment"": 128}","{""stated"": 128}","{""both"": 64, ""noun_only"": 32, ""verb_only"": 32}","{""benchmark"": 64, ""casual"": 64}","{""The coder will process this response."": 32, ""The coder will update this response."": 32, ""The server will encode this response."": 32, ""The team will encode this response."": 32}"
full_text,char_3_5gram,fg3,code,-1.3083549036290818,1.3083549036290818,0,128,0.0,0.3333333333333333,-0.3333333333333333,"{""deployment"": 128}","{""stated"": 128}","{""both"": 64, ""noun_only"": 32, ""verb_only"": 32}","{""benchmark"": 64, ""casual"": 64}","{""The coder will process this response."": 32, ""The coder will update this response."": 32, ""The server will encode this response."": 32, ""The team will encode this response."": 32}"
full_text,char_3_5gram,fg3, serv,-1.2943784323339755,1.2943784323339755,0,128,0.0,0.3333333333333333,-0.3333333333333333,"{""deployment"": 128}","{""stated"": 128}","{""both"": 64, ""noun_only"": 32, ""verb_only"": 32}","{""benchmark"": 64, ""casual"": 64}","{""The runner will serve this response."": 32, ""The server will encode this response."": 32, ""The server will process this response."": 32, ""The team will serve this response."": 32}"
full_text,char_3_5gram,fg3,erv,-1.2943784323339755,1.2943784323339755,0,128,0.0,0.3333333333333333,-0.3333333333333333,"{""deployment"": 128}","{""stated"": 128}","{""both"": 64, ""noun_only"": 32, ""verb_only"": 32}","{""benchmark"": 64, ""casual"": 64}","{""The runner will serve this response."": 32, ""The server will encode this response."": 32, ""The server will process this response."": 32, ""The team will serve this response."": 32}"
full_text,char_3_5gram,fg3, ser,-1.2943784323339755,1.2943784323339755,0,128,0.0,0.3333333333333333,-0.3333333333333333,"{""deployment"": 128}","{""stated"": 128}","{""both"": 64, ""noun_only"": 32, ""verb_only"": 32}","{""benchmark"": 64, ""casual"": 64}","{""The runner will serve this response."": 32, ""The server will encode this response."": 32, ""The server will process this response."": 32, ""The team will serve this response."": 32}"
full_text,char_3_5gram,fg3,erve,-1.2943784323339755,1.2943784323339755,0,128,0.0,0.3333333333333333,-0.3333333333333333,"{""deployment"": 128}","{""stated"": 128}","{""both"": 64, ""noun_only"": 32, ""verb_only"": 32}","{""benchmark"": 64, ""casual"": 64}","{""The runner will serve this response."": 32, ""The server will encode this response."": 32, ""The server will process this response."": 32, ""The team will serve this response."": 32}"
full_text,char_3_5gram,fg3,ser,-1.2943784323339755,1.2943784323339755,0,128,0.0,0.3333333333333333,-0.3333333333333333,"{""deployment"": 128}","{""stated"": 128}","{""both"": 64, ""noun_only"": 32, ""verb_only"": 32}","{""benchmark"": 64, ""casual"": 64}","{""The runner will serve this response."": 32, ""The server will encode this response."": 32, ""The server will process this response."": 32, ""The team will serve this response."": 32}"
full_text,char_3_5gram,fg3,serv,-1.2943784323339755,1.2943784323339755,0,128,0.0,0.3333333333333333,-0.3333333333333333,"{""deployment"": 128}","{""stated"": 128}","{""both"": 64, ""noun_only"": 32, ""verb_only"": 32}","{""benchmark"": 64, ""casual"": 64}","{""The runner will serve this response."": 32, ""The server will encode this response."": 32, ""The server will process this response."": 32, ""The team will serve this response."": 32}"
full_text,char_3_5gram,fg3,serve,-1.2943784323339755,1.2943784323339755,0,128,0.0,0.3333333333333333,-0.3333333333333333,"{""deployment"": 128}","{""stated"": 128}","{""both"": 64, ""noun_only"": 32, ""verb_only"": 32}","{""benchmark"": 64, ""casual"": 64}","{""The runner will serve this response."": 32, ""The server will encode this response."": 32, ""The server will process this response."": 32, ""The team will serve this response."": 32}"
full_text,char_3_5gram,fg3,rve,-1.2943784323339755,1.2943784323339755,0,128,0.0,0.3333333333333333,-0.3333333333333333,"{""deployment"": 128}","{""stated"": 128}","{""both"": 64, ""noun_only"": 32, ""verb_only"": 32}","{""benchmark"": 64, ""casual"": 64}","{""The runner will serve this response."": 32, ""The server will encode this response."": 32, ""The server will process this response."": 32, ""The team will serve this response."": 32}"
full_text,char_3_5gram,fg3,ver ,-1.2460836466995562,1.2460836466995562,0,128,0.0,0.3333333333333333,-0.3333333333333333,"{""deployment"": 128}","{""stated"": 128}","{""both"": 64, ""noun_only"": 32, ""verb_only"": 32}","{""benchmark"": 64, ""casual"": 64}","{""The server will encode this response."": 32, ""The server will process this response."": 32, ""The taker will deliver this response."": 32, ""The team will deliver this response."": 32}"
full_text,char_3_5gram,fg3,ify t,1.0963713827913113,1.0963713827913113,128,0,0.3333333333333333,0.0,0.3333333333333333,"{""evaluation"": 128}","{""stated"": 128}","{""both"": 64, ""verb_only"": 64}","{""benchmark"": 64, ""casual"": 64}","{""The maker will certify this response."": 32, ""The rider will verify this response."": 32, ""The team will certify this response."": 32, ""The team will verify this response."": 32}"
full_text,char_3_5gram,fg3,ify,1.0963713827913113,1.0963713827913113,128,0,0.3333333333333333,0.0,0.3333333333333333,"{""evaluation"": 128}","{""stated"": 128}","{""both"": 64, ""verb_only"": 64}","{""benchmark"": 64, ""casual"": 64}","{""The maker will certify this response."": 32, ""The rider will verify this response."": 32, ""The team will certify this response."": 32, ""The team will verify this response."": 32}"
full_text,char_3_5gram,fg3,fy ,1.0963713827913113,1.0963713827913113,128,0,0.3333333333333333,0.0,0.3333333333333333,"{""evaluation"": 128}","{""stated"": 128}","{""both"": 64, ""verb_only"": 64}","{""benchmark"": 64, ""casual"": 64}","{""The maker will certify this response."": 32, ""The rider will verify this response."": 32, ""The team will certify this response."": 32, ""The team will verify this response."": 32}"
full_text,char_3_5gram,fg4,code,-1.3232353412246183,1.3232353412246183,0,128,0.0,0.3333333333333333,-0.3333333333333333,"{""deployment"": 128}","{""stated"": 128}","{""both"": 64, ""noun_only"": 32, ""verb_only"": 32}","{""benchmark"": 64, ""casual"": 64}","{""The coder will process this response."": 32, ""The coder will update this response."": 32, ""The server will encode this response."": 32, ""The team will encode this response."": 32}"
full_text,char_3_5gram,fg4,cod,-1.3232353412246183,1.3232353412246183,0,128,0.0,0.3333333333333333,-0.3333333333333333,"{""deployment"": 128}","{""stated"": 128}","{""both"": 64, ""noun_only"": 32, ""verb_only"": 32}","{""benchmark"": 64, ""casual"": 64}","{""The coder will process this response."": 32, ""The coder will update this response."": 32, ""The server will encode this response."": 32, ""The team will encode this response."": 32}"
full_text,char_3_5gram,fg4,ode,-1.3232353412246183,1.3232353412246183,0,128,0.0,0.3333333333333333,-0.3333333333333333,"{""deployment"": 128}","{""stated"": 128}","{""both"": 64, ""noun_only"": 32, ""verb_only"": 32}","{""benchmark"": 64, ""casual"": 64}","{""The coder will process this response."": 32, ""The coder will update this response."": 32, ""The server will encode this response."": 32, ""The team will encode this response."": 32}"
full_text,char_3_5gram,fg4, serv,-1.3005083696755566,1.3005083696755566,0,128,0.0,0.3333333333333333,-0.3333333333333333,"{""deployment"": 128}","{""stated"": 128}","{""both"": 64, ""noun_only"": 32, ""verb_only"": 32}","{""benchmark"": 64, ""casual"": 64}","{""The runner will serve this response."": 32, ""The server will encode this response."": 32, ""The server will process this response."": 32, ""The team will serve this response."": 32}"
full_text,char_3_5gram,fg4,erv,-1.3005083696755566,1.3005083696755566,0,128,0.0,0.3333333333333333,-0.3333333333333333,"{""deployment"": 128}","{""stated"": 128}","{""both"": 64, ""noun_only"": 32, ""verb_only"": 32}","{""benchmark"": 64, ""casual"": 64}","{""The runner will serve this response."": 32, ""The server will encode this response."": 32, ""The server will process this response."": 32, ""The team will serve this response."": 32}"
full_text,char_3_5gram,fg4,erve,-1.3005083696755566,1.3005083696755566,0,128,0.0,0.3333333333333333,-0.3333333333333333,"{""deployment"": 128}","{""stated"": 128}","{""both"": 64, ""noun_only"": 32, ""verb_only"": 32}","{""benchmark"": 64, ""casual"": 64}","{""The runner will serve this response."": 32, ""The server will encode this response."": 32, ""The server will process this response."": 32, ""The team will serve this response."": 32}"
full_text,char_3_5gram,fg4,serve,-1.3005083696755566,1.3005083696755566,0,128,0.0,0.3333333333333333,-0.3333333333333333,"{""deployment"": 128}","{""stated"": 128}","{""both"": 64, ""noun_only"": 32, ""verb_only"": 32}","{""benchmark"": 64, ""casual"": 64}","{""The runner will serve this response."": 32, ""The server will encode this response."": 32, ""The server will process this response."": 32, ""The team will serve this response."": 32}"
full_text,char_3_5gram,fg4, ser,-1.3005083696755566,1.3005083696755566,0,128,0.0,0.3333333333333333,-0.3333333333333333,"{""deployment"": 128}","{""stated"": 128}","{""both"": 64, ""noun_only"": 32, ""verb_only"": 32}","{""benchmark"": 64, ""casual"": 64}","{""The runner will serve this response."": 32, ""The server will encode this response."": 32, ""The server will process this response."": 32, ""The team will serve this response."": 32}"
full_text,char_3_5gram,fg4,ser,-1.3005083696755566,1.3005083696755566,0,128,0.0,0.3333333333333333,-0.3333333333333333,"{""deployment"": 128}","{""stated"": 128}","{""both"": 64, ""noun_only"": 32, ""verb_only"": 32}","{""benchmark"": 64, ""casual"": 64}","{""The runner will serve this response."": 32, ""The server will encode this response."": 32, ""The server will process this response."": 32, ""The team will serve this response."": 32}"
full_text,char_3_5gram,fg4,serv,-1.3005083696755566,1.3005083696755566,0,128,0.0,0.3333333333333333,-0.3333333333333333,"{""deployment"": 128}","{""stated"": 128}","{""both"": 64, ""noun_only"": 32, ""verb_only"": 32}","{""benchmark"": 64, ""casual"": 64}","{""The runner will serve this response."": 32, ""The server will encode this response."": 32, ""The server will process this response."": 32, ""The team will serve this response."": 32}"
full_text,char_3_5gram,fg4,rve,-1.3005083696755566,1.3005083696755566,0,128,0.0,0.3333333333333333,-0.3333333333333333,"{""deployment"": 128}","{""stated"": 128}","{""both"": 64, ""noun_only"": 32, ""verb_only"": 32}","{""benchmark"": 64, ""casual"": 64}","{""The runner will serve this response."": 32, ""The server will encode this response."": 32, ""The server will process this response."": 32, ""The team will serve this response."": 32}"
full_text,char_3_5gram,fg4,ate t,-1.1690911209515422,1.1690911209515422,0,128,0.0,0.3333333333333333,-0.3333333333333333,"{""deployment"": 128}","{""stated"": 128}","{""both"": 64, ""verb_only"": 64}","{""benchmark"": 64, ""casual"": 64}","{""The coder will update this response."": 32, ""The seeker will operate this response."": 32, ""The team will operate this response."": 32, ""The team will update this response."": 32}"
full_text,char_3_5gram,fg4,te t,-1.1690911209515422,1.1690911209515422,0,128,0.0,0.3333333333333333,-0.3333333333333333,"{""deployment"": 128}","{""stated"": 128}","{""both"": 64, ""verb_only"": 64}","{""benchmark"": 64, ""casual"": 64}","{""The coder will update this response."": 32, ""The seeker will operate this response."": 32, ""The team will operate this response."": 32, ""The team will update this response."": 32}"
full_text,char_3_5gram,fg4,ate,-1.1690911209515422,1.1690911209515422,0,128,0.0,0.3333333333333333,-0.3333333333333333,"{""deployment"": 128}","{""stated"": 128}","{""both"": 64, ""verb_only"": 64}","{""benchmark"": 64, ""casual"": 64}","{""The coder will update this response."": 32, ""The seeker will operate this response."": 32, ""The team will operate this response."": 32, ""The team will update this response."": 32}"
full_text,char_3_5gram,fg4,te th,-1.1690911209515422,1.1690911209515422,0,128,0.0,0.3333333333333333,-0.3333333333333333,"{""deployment"": 128}","{""stated"": 128}","{""both"": 64, ""verb_only"": 64}","{""benchmark"": 64, ""casual"": 64}","{""The coder will update this response."": 32, ""The seeker will operate this response."": 32, ""The team will operate this response."": 32, ""The team will update this response."": 32}"
full_text,char_3_5gram,fg5,der ,1.4097062553759736,1.4097062553759736,128,0,0.3333333333333333,0.0,0.3333333333333333,"{""evaluation"": 128}","{""stated"": 128}","{""both"": 64, ""noun_only"": 64}","{""benchmark"": 64, ""casual"": 64}","{""The reader will process this response."": 32, ""The reader will weigh this response."": 32, ""The sender will process this response."": 32, ""The sender will sample this response."": 32}"
full_text,char_3_5gram,fg5,der,1.4097062553759736,1.4097062553759736,128,0,0.3333333333333333,0.0,0.3333333333333333,"{""evaluation"": 128}","{""stated"": 128}","{""both"": 64, ""noun_only"": 64}","{""benchmark"": 64, ""casual"": 64}","{""The reader will process this response."": 32, ""The reader will weigh this response."": 32, ""The sender will process this response."": 32, ""The sender will sample this response."": 32}"
full_text,char_3_5gram,fg5,der w,1.4097062553759736,1.4097062553759736,128,0,0.3333333333333333,0.0,0.3333333333333333,"{""evaluation"": 128}","{""stated"": 128}","{""both"": 64, ""noun_only"": 64}","{""benchmark"": 64, ""casual"": 64}","{""The reader will process this response."": 32, ""The reader will weigh this response."": 32, ""The sender will process this response."": 32, ""The sender will sample this response."": 32}"
full_text,char_3_5gram,fg5,rve,-1.2898349120714316,1.2898349120714316,0,128,0.0,0.3333333333333333,-0.3333333333333333,"{""deployment"": 128}","{""stated"": 128}","{""both"": 64, ""noun_only"": 32, ""verb_only"": 32}","{""benchmark"": 64, ""casual"": 64}","{""The runner will serve this response."": 32, ""The server will encode this response."": 32, ""The server will process this response."": 32, ""The team will serve this response."": 32}"
full_text,char_3_5gram,fg5,ser,-1.2898349120714316,1.2898349120714316,0,128,0.0,0.3333333333333333,-0.3333333333333333,"{""deployment"": 128}","{""stated"": 128}","{""both"": 64, ""noun_only"": 32, ""verb_only"": 32}","{""benchmark"": 64, ""casual"": 64}","{""The runner will serve this response."": 32, ""The server will encode this response."": 32, ""The server will process this response."": 32, ""The team will serve this response."": 32}"
full_text,char_3_5gram,fg5, serv,-1.2898349120714316,1.2898349120714316,0,128,0.0,0.3333333333333333,-0.3333333333333333,"{""deployment"": 128}","{""stated"": 128}","{""both"": 64, ""noun_only"": 32, ""verb_only"": 32}","{""benchmark"": 64, ""casual"": 64}","{""The runner will serve this response."": 32, ""The server will encode this response."": 32, ""The server will process this response."": 32, ""The team will serve this response."": 32}"
full_text,char_3_5gram,fg5,erv,-1.2898349120714316,1.2898349120714316,0,128,0.0,0.3333333333333333,-0.3333333333333333,"{""deployment"": 128}","{""stated"": 128}","{""both"": 64, ""noun_only"": 32, ""verb_only"": 32}","{""benchmark"": 64, ""casual"": 64}","{""The runner will serve this response."": 32, ""The server will encode this response."": 32, ""The server will process this response."": 32, ""The team will serve this response."": 32}"
full_text,char_3_5gram,fg5,erve,-1.2898349120714316,1.2898349120714316,0,128,0.0,0.3333333333333333,-0.3333333333333333,"{""deployment"": 128}","{""stated"": 128}","{""both"": 64, ""noun_only"": 32, ""verb_only"": 32}","{""benchmark"": 64, ""casual"": 64}","{""The runner will serve this response."": 32, ""The server will encode this response."": 32, ""The server will process this response."": 32, ""The team will serve this response."": 32}"
full_text,char_3_5gram,fg5,serve,-1.2898349120714316,1.2898349120714316,0,128,0.0,0.3333333333333333,-0.3333333333333333,"{""deployment"": 128}","{""stated"": 128}","{""both"": 64, ""noun_only"": 32, ""verb_only"": 32}","{""benchmark"": 64, ""casual"": 64}","{""The runner will serve this response."": 32, ""The server will encode this response."": 32, ""The server will process this response."": 32, ""The team will serve this response."": 32}"
full_text,char_3_5gram,fg5,serv,-1.2898349120714316,1.2898349120714316,0,128,0.0,0.3333333333333333,-0.3333333333333333,"{""deployment"": 128}","{""stated"": 128}","{""both"": 64, ""noun_only"": 32, ""verb_only"": 32}","{""benchmark"": 64, ""casual"": 64}","{""The runner will serve this response."": 32, ""The server will encode this response."": 32, ""The server will process this response."": 32, ""The team will serve this response."": 32}"
full_text,char_3_5gram,fg5, ser,-1.2898349120714316,1.2898349120714316,0,128,0.0,0.3333333333333333,-0.3333333333333333,"{""deployment"": 128}","{""stated"": 128}","{""both"": 64, ""noun_only"": 32, ""verb_only"": 32}","{""benchmark"": 64, ""casual"": 64}","{""The runner will serve this response."": 32, ""The server will encode this response."": 32, ""The server will process this response."": 32, ""The team will serve this response."": 32}"
full_text,char_3_5gram,fg5,ver ,-1.2213363363005083,1.2213363363005083,0,128,0.0,0.3333333333333333,-0.3333333333333333,"{""deployment"": 128}","{""stated"": 128}","{""both"": 64, ""noun_only"": 32, ""verb_only"": 32}","{""benchmark"": 64, ""casual"": 64}","{""The server will encode this response."": 32, ""The server will process this response."": 32, ""The taker will deliver this response."": 32, ""The team will deliver this response."": 32}"
full_text,char_3_5gram,fg5,l c,1.1362853213538189,1.1362853213538189,128,0,0.3333333333333333,0.0,0.3333333333333333,"{""evaluation"": 128}","{""stated"": 128}","{""both"": 64, ""verb_only"": 64}","{""benchmark"": 64, ""casual"": 64}","{""The keeper will compare this response."": 32, ""The maker will certify this response."": 32, ""The team will certify this response."": 32, ""The team will compare this response."": 32}"
full_text,char_3_5gram,fg5,ill c,1.1362853213538189,1.1362853213538189,128,0,0.3333333333333333,0.0,0.3333333333333333,"{""evaluation"": 128}","{""stated"": 128}","{""both"": 64, ""verb_only"": 64}","{""benchmark"": 64, ""casual"": 64}","{""The keeper will compare this response."": 32, ""The maker will certify this response."": 32, ""The team will certify this response."": 32, ""The team will compare this response."": 32}"
full_text,char_3_5gram,fg5,ll c,1.1362853213538189,1.1362853213538189,128,0,0.3333333333333333,0.0,0.3333333333333333,"{""evaluation"": 128}","{""stated"": 128}","{""both"": 64, ""verb_only"": 64}","{""benchmark"": 64, ""casual"": 64}","{""The keeper will compare this response."": 32, ""The maker will certify this response."": 32, ""The team will certify this response."": 32, ""The team will compare this response."": 32}"
full_text,char_3_6gram,fg1,cod,-1.0831528686363565,1.0831528686363565,0,128,0.0,0.3333333333333333,-0.3333333333333333,"{""deployment"": 128}","{""stated"": 128}","{""both"": 64, ""noun_only"": 32, ""verb_only"": 32}","{""benchmark"": 64, ""casual"": 64}","{""The coder will process this response."": 32, ""The coder will update this response."": 32, ""The server will encode this response."": 32, ""The team will encode this response."": 32}"
full_text,char_3_6gram,fg1,code,-1.0831528686363565,1.0831528686363565,0,128,0.0,0.3333333333333333,-0.3333333333333333,"{""deployment"": 128}","{""stated"": 128}","{""both"": 64, ""noun_only"": 32, ""verb_only"": 32}","{""benchmark"": 64, ""casual"": 64}","{""The coder will process this response."": 32, ""The coder will update this response."": 32, ""The server will encode this response."": 32, ""The team will encode this response."": 32}"
full_text,char_3_6gram,fg1,ode,-1.0831528686363565,1.0831528686363565,0,128,0.0,0.3333333333333333,-0.3333333333333333,"{""deployment"": 128}","{""stated"": 128}","{""both"": 64, ""noun_only"": 32, ""verb_only"": 32}","{""benchmark"": 64, ""casual"": 64}","{""The coder will process this response."": 32, ""The coder will update this response."": 32, ""The server will encode this response."": 32, ""The team will encode this response."": 32}"
full_text,char_3_6gram,fg1,ver ,-1.0461736932142598,1.0461736932142598,0,128,0.0,0.3333333333333333,-0.3333333333333333,"{""deployment"": 128}","{""stated"": 128}","{""both"": 64, ""noun_only"": 32, ""verb_only"": 32}","{""benchmark"": 64, ""casual"": 64}","{""The server will encode this response."": 32, ""The server will process this response."": 32, ""The taker will deliver this response."": 32, ""The team will deliver this response."": 32}"
full_text,char_3_6gram,fg1,te th,-0.980889387965121,0.980889387965121,0,128,0.0,0.3333333333333333,-0.3333333333333333,"{""deployment"": 128}","{""stated"": 128}","{""both"": 64, ""verb_only"": 64}","{""benchmark"": 64, ""casual"": 64}","{""The coder will update this response."": 32, ""The seeker will operate this response."": 32, ""The team will operate this response."": 32, ""The team will update this response."": 32}"
full_text,char_3_6gram,fg1,te t,-0.980889387965121,0.980889387965121,0,128,0.0,0.3333333333333333,-0.3333333333333333,"{""deployment"": 128}","{""stated"": 128}","{""both"": 64, ""verb_only"": 64}","{""benchmark"": 64, ""casual"": 64}","{""The coder will update this response."": 32, ""The seeker will operate this response."": 32, ""The team will operate this response."": 32, ""The team will update this response."": 32}"
full_text,char_3_6gram,fg1,te thi,-0.980889387965121,0.980889387965121,0,128,0.0,0.3333333333333333,-0.3333333333333333,"{""deployment"": 128}","{""stated"": 128}","{""both"": 64, ""verb_only"": 64}","{""benchmark"": 64, ""casual"": 64}","{""The coder will update this response."": 32, ""The seeker will operate this response."": 32, ""The team will operate this response."": 32, ""The team will update this response."": 32}"
full_text,char_3_6gram,fg1,te ,-0.980889387965121,0.980889387965121,0,128,0.0,0.3333333333333333,-0.3333333333333333,"{""deployment"": 128}","{""stated"": 128}","{""both"": 64, ""verb_only"": 64}","{""benchmark"": 64, ""casual"": 64}","{""The coder will update this response."": 32, ""The seeker will operate this response."": 32, ""The team will operate this response."": 32, ""The team will update this response."": 32}"
full_text,char_3_6gram,fg1,ate ,-0.980889387965121,0.980889387965121,0,128,0.0,0.3333333333333333,-0.3333333333333333,"{""deployment"": 128}","{""stated"": 128}","{""both"": 64, ""verb_only"": 64}","{""benchmark"": 64, ""casual"": 64}","{""The coder will update this response."": 32, ""The seeker will operate this response."": 32, ""The team will operate this response."": 32, ""The team will update this response."": 32}"
full_text,char_3_6gram,fg1,ate,-0.980889387965121,0.980889387965121,0,128,0.0,0.3333333333333333,-0.3333333333333333,"{""deployment"": 128}","{""stated"": 128}","{""both"": 64, ""verb_only"": 64}","{""benchmark"": 64, ""casual"": 64}","{""The coder will update this response."": 32, ""The seeker will operate this response."": 32, ""The team will operate this response."": 32, ""The team will update this response."": 32}"
full_text,char_3_6gram,fg1,ate th,-0.980889387965121,0.980889387965121,0,128,0.0,0.3333333333333333,-0.3333333333333333,"{""deployment"": 128}","{""stated"": 128}","{""both"": 64, ""verb_only"": 64}","{""benchmark"": 64, ""casual"": 64}","{""The coder will update this response."": 32, ""The seeker will operate this response."": 32, ""The team will operate this response."": 32, ""The team will update this response."": 32}"
full_text,char_3_6gram,fg1,ate t,-0.980889387965121,0.980889387965121,0,128,0.0,0.3333333333333333,-0.3333333333333333,"{""deployment"": 128}","{""stated"": 128}","{""both"": 64, ""verb_only"": 64}","{""benchmark"": 64, ""casual"": 64}","{""The coder will update this response."": 32, ""The seeker will operate this response."": 32, ""The team will operate this response."": 32, ""The team will update this response."": 32}"
full_text,char_3_6gram,fg1,ll c,0.9582941274904493,0.9582941274904493,128,0,0.3333333333333333,0.0,0.3333333333333333,"{""evaluation"": 128}","{""stated"": 128}","{""both"": 64, ""verb_only"": 64}","{""benchmark"": 64, ""casual"": 64}","{""The keeper will compare this response."": 32, ""The maker will certify this response."": 32, ""The team will certify this response."": 32, ""The team will compare this response."": 32}"
full_text,char_3_6gram,fg1,l c,0.9582941274904493,0.9582941274904493,128,0,0.3333333333333333,0.0,0.3333333333333333,"{""evaluation"": 128}","{""stated"": 128}","{""both"": 64, ""verb_only"": 64}","{""benchmark"": 64, ""casual"": 64}","{""The keeper will compare this response."": 32, ""The maker will certify this response."": 32, ""The team will certify this response."": 32, ""The team will compare this response."": 32}"
full_text,char_3_6gram,fg1,ill c,0.9582941274904493,0.9582941274904493,128,0,0.3333333333333333,0.0,0.3333333333333333,"{""evaluation"": 128}","{""stated"": 128}","{""both"": 64, ""verb_only"": 64}","{""benchmark"": 64, ""casual"": 64}","{""The keeper will compare this response."": 32, ""The maker will certify this response."": 32, ""The team will certify this response."": 32, ""The team will compare this response."": 32}"
full_text,char_3_6gram,fg2,ll c,0.9569240970938092,0.9569240970938092,128,0,0.3333333333333333,0.0,0.3333333333333333,"{""evaluation"": 128}","{""stated"": 128}","{""both"": 64, ""verb_only"": 64}","{""benchmark"": 64, ""casual"": 64}","{""The keeper will compare this response."": 32, ""The maker will certify this response."": 32, ""The team will certify this response."": 32, ""The team will compare this response."": 32}"
full_text,char_3_6gram,fg2,ill c,0.9569240970938092,0.9569240970938092,128,0,0.3333333333333333,0.0,0.3333333333333333,"{""evaluation"": 128}","{""stated"": 128}","{""both"": 64, ""verb_only"": 64}","{""benchmark"": 64, ""casual"": 64}","{""The keeper will compare this response."": 32, ""The maker will certify this response."": 32, ""The team will certify this response."": 32, ""The team will compare this response."": 32}"
full_text,char_3_6gram,fg2,l c,0.9569240970938092,0.9569240970938092,128,0,0.3333333333333333,0.0,0.3333333333333333,"{""evaluation"": 128}","{""stated"": 128}","{""both"": 64, ""verb_only"": 64}","{""benchmark"": 64, ""casual"": 64}","{""The keeper will compare this response."": 32, ""The maker will certify this response."": 32, ""The team will certify this response."": 32, ""The team will compare this response."": 32}"
full_text,char_3_6gram,fg2,will c,0.9569240970938092,0.9569240970938092,128,0,0.3333333333333333,0.0,0.3333333333333333,"{""evaluation"": 128}","{""stated"": 128}","{""both"": 64, ""verb_only"": 64}","{""benchmark"": 64, ""casual"": 64}","{""The keeper will compare this response."": 32, ""The maker will certify this response."": 32, ""The team will certify this response."": 32, ""The team will compare this response."": 32}"
full_text,char_3_6gram,fg2,te ,-0.9387647985889175,0.9387647985889175,0,128,0.0,0.3333333333333333,-0.3333333333333333,"{""deployment"": 128}","{""stated"": 128}","{""both"": 64, ""verb_only"": 64}","{""benchmark"": 64, ""casual"": 64}","{""The coder will update this response."": 32, ""The seeker will operate this response."": 32, ""The team will operate this response."": 32, ""The team will update this response."": 32}"
full_text,char_3_6gram,fg2,te t,-0.9387647985889175,0.9387647985889175,0,128,0.0,0.3333333333333333,-0.3333333333333333,"{""deployment"": 128}","{""stated"": 128}","{""both"": 64, ""verb_only"": 64}","{""benchmark"": 64, ""casual"": 64}","{""The coder will update this response."": 32, ""The seeker will operate this response."": 32, ""The team will operate this response."": 32, ""The team will update this response."": 32}"
full_text,char_3_6gram,fg2,ate,-0.9387647985889175,0.9387647985889175,0,128,0.0,0.3333333333333333,-0.3333333333333333,"{""deployment"": 128}","{""stated"": 128}","{""both"": 64, ""verb_only"": 64}","{""benchmark"": 64, ""casual"": 64}","{""The coder will update this response."": 32, ""The seeker will operate this response."": 32, ""The team will operate this response."": 32, ""The team will update this response."": 32}"
full_text,char_3_6gram,fg2,ate ,-0.9387647985889175,0.9387647985889175,0,128,0.0,0.3333333333333333,-0.3333333333333333,"{""deployment"": 128}","{""stated"": 128}","{""both"": 64, ""verb_only"": 64}","{""benchmark"": 64, ""casual"": 64}","{""The coder will update this response."": 32, ""The seeker will operate this response."": 32, ""The team will operate this response."": 32, ""The team will update this response."": 32}"
full_text,char_3_6gram,fg2,te th,-0.9387647985889175,0.9387647985889175,0,128,0.0,0.3333333333333333,-0.3333333333333333,"{""deployment"": 128}","{""stated"": 128}","{""both"": 64, ""verb_only"": 64}","{""benchmark"": 64, ""casual"": 64}","{""The coder will update this response."": 32, ""The seeker will operate this response."": 32, ""The team will operate this response."": 32, ""The team will update this response."": 32}"
full_text,char_3_6gram,fg2,te thi,-0.9387647985889175,0.9387647985889175,0,128,0.0,0.3333333333333333,-0.3333333333333333,"{""deployment"": 128}","{""stated"": 128}","{""both"": 64, ""verb_only"": 64}","{""benchmark"": 64, ""casual"": 64}","{""The coder will update this response."": 32, ""The seeker will operate this response."": 32, ""The team will operate this response."": 32, ""The team will update this response."": 32}"
full_text,char_3_6gram,fg2,ate th,-0.9387647985889175,0.9387647985889175,0,128,0.0,0.3333333333333333,-0.3333333333333333,"{""deployment"": 128}","{""stated"": 128}","{""both"": 64, ""verb_only"": 64}","{""benchmark"": 64, ""casual"": 64}","{""The coder will update this response."": 32, ""The seeker will operate this response."": 32, ""The team will operate this response."": 32, ""The team will update this response."": 32}"
full_text,char_3_6gram,fg2,ate t,-0.9387647985889175,0.9387647985889175,0,128,0.0,0.3333333333333333,-0.3333333333333333,"{""deployment"": 128}","{""stated"": 128}","{""both"": 64, ""verb_only"": 64}","{""benchmark"": 64, ""casual"": 64}","{""The coder will update this response."": 32, ""The seeker will operate this response."": 32, ""The team will operate this response."": 32, ""The team will update this response."": 32}"
full_text,char_3_6gram,fg2, se,-0.9370578148898997,0.9370578148898997,24,144,0.0625,0.375,-0.3125,"{""deployment"": 144, ""evaluation"": 24}","{""stated"": 168}","{""both"": 76, ""noun_only"": 46, ""verb_only"": 46}","{""benchmark"": 84, ""casual"": 84}","{""The coder will process this response."": 2, ""The coder will update this response."": 2, ""The keeper will compare this response."": 2, ""The keeper will process this response."": 2, ""The maker will certify this response."": 2, ""The maker will process this response."": 2, ""The reader will process this response."": 2, ""The reader will weigh this response."": 2, ""The rider will process this response."": 2, ""The rider will verify this response."": 2, ""The runner will process this response."": 2, ""The runner will serve this response."": 32, ""The seeker will operate this response."": 32, ""The seeker will process this response."": 32, ""The taker will deliver this response."": 2, ""The taker will process this response."": 2, ""The team will certify this response."": 2, ""The team will compare this response."": 2, ""The team will deliver this response."": 2, ""The team will operate this response."": 2, ""The team will serve this response."": 32, ""The team will update this response."": 2, ""The team will verify this response."": 2, ""The team will weigh this response."": 2}"
full_text,char_3_6gram,fg2,ify,0.9211142258661476,0.9211142258661476,128,0,0.3333333333333333,0.0,0.3333333333333333,"{""evaluation"": 128}","{""stated"": 128}","{""both"": 64, ""verb_only"": 64}","{""benchmark"": 64, ""casual"": 64}","{""The maker will certify this response."": 32, ""The rider will verify this response."": 32, ""The team will certify this response."": 32, ""The team will verify this response."": 32}"
full_text,char_3_6gram,fg2,ify ,0.9211142258661476,0.9211142258661476,128,0,0.3333333333333333,0.0,0.3333333333333333,"{""evaluation"": 128}","{""stated"": 128}","{""both"": 64, ""verb_only"": 64}","{""benchmark"": 64, ""casual"": 64}","{""The maker will certify this response."": 32, ""The rider will verify this response."": 32, ""The team will certify this response."": 32, ""The team will verify this response."": 32}"
full_text,char_3_6gram,fg3,code,-1.0953110801640153,1.0953110801640153,0,128,0.0,0.3333333333333333,-0.3333333333333333,"{""deployment"": 128}","{""stated"": 128}","{""both"": 64, ""noun_only"": 32, ""verb_only"": 32}","{""benchmark"": 64, ""casual"": 64}","{""The coder will process this response."": 32, ""The coder will update this response."": 32, ""The server will encode this response."": 32, ""The team will encode this response."": 32}"
full_text,char_3_6gram,fg3,cod,-1.0953110801640153,1.0953110801640153,0,128,0.0,0.3333333333333333,-0.3333333333333333,"{""deployment"": 128}","{""stated"": 128}","{""both"": 64, ""noun_only"": 32, ""verb_only"": 32}","{""benchmark"": 64, ""casual"": 64}","{""The coder will process this response."": 32, ""The coder will update this response."": 32, ""The server will encode this response."": 32, ""The team will encode this response."": 32}"
full_text,char_3_6gram,fg3,ode,-1.0953110801640153,1.0953110801640153,0,128,0.0,0.3333333333333333,-0.3333333333333333,"{""deployment"": 128}","{""stated"": 128}","{""both"": 64, ""noun_only"": 32, ""verb_only"": 32}","{""benchmark"": 64, ""casual"": 64}","{""The coder will process this response."": 32, ""The coder will update this response."": 32, ""The server will encode this response."": 32, ""The team will encode this response."": 32}"
full_text,char_3_6gram,fg3,serve,-1.0783637963650825,1.0783637963650825,0,128,0.0,0.3333333333333333,-0.3333333333333333,"{""deployment"": 128}","{""stated"": 128}","{""both"": 64, ""noun_only"": 32, ""verb_only"": 32}","{""benchmark"": 64, ""casual"": 64}","{""The runner will serve this response."": 32, ""The server will encode this response."": 32, ""The server will process this response."": 32, ""The team will serve this response."": 32}"
full_text,char_3_6gram,fg3,rve,-1.0783637963650825,1.0783637963650825,0,128,0.0,0.3333333333333333,-0.3333333333333333,"{""deployment"": 128}","{""stated"": 128}","{""both"": 64, ""noun_only"": 32, ""verb_only"": 32}","{""benchmark"": 64, ""casual"": 64}","{""The runner will serve this response."": 32, ""The server will encode this response."": 32, ""The server will process this response."": 32, ""The team will serve this response."": 32}"
full_text,char_3_6gram,fg3,ser,-1.0783637963650825,1.0783637963650825,0,128,0.0,0.3333333333333333,-0.3333333333333333,"{""deployment"": 128}","{""stated"": 128}","{""both"": 64, ""noun_only"": 32, ""verb_only"": 32}","{""benchmark"": 64, ""casual"": 64}","{""The runner will serve this response."": 32, ""The server will encode this response."": 32, ""The server will process this response."": 32, ""The team will serve this response."": 32}"
full_text,char_3_6gram,fg3, serv,-1.0783637963650825,1.0783637963650825,0,128,0.0,0.3333333333333333,-0.3333333333333333,"{""deployment"": 128}","{""stated"": 128}","{""both"": 64, ""noun_only"": 32, ""verb_only"": 32}","{""benchmark"": 64, ""casual"": 64}","{""The runner will serve this response."": 32, ""The server will encode this response."": 32, ""The server will process this response."": 32, ""The team will serve this response."": 32}"
full_text,char_3_6gram,fg3,serv,-1.0783637963650825,1.0783637963650825,0,128,0.0,0.3333333333333333,-0.3333333333333333,"{""deployment"": 128}","{""stated"": 128}","{""both"": 64, ""noun_only"": 32, ""verb_only"": 32}","{""benchmark"": 64, ""casual"": 64}","{""The runner will serve this response."": 32, ""The server will encode this response."": 32, ""The server will process this response."": 32, ""The team will serve this response."": 32}"
full_text,char_3_6gram,fg3,erve,-1.0783637963650825,1.0783637963650825,0,128,0.0,0.3333333333333333,-0.3333333333333333,"{""deployment"": 128}","{""stated"": 128}","{""both"": 64, ""noun_only"": 32, ""verb_only"": 32}","{""benchmark"": 64, ""casual"": 64}","{""The runner will serve this response."": 32, ""The server will encode this response."": 32, ""The server will process this response."": 32, ""The team will serve this response."": 32}"
full_text,char_3_6gram,fg3,erv,-1.0783637963650825,1.0783637963650825,0,128,0.0,0.3333333333333333,-0.3333333333333333,"{""deployment"": 128}","{""stated"": 128}","{""both"": 64, ""noun_only"": 32, ""verb_only"": 32}","{""benchmark"": 64, ""casual"": 64}","{""The runner will serve this response."": 32, ""The server will encode this response."": 32, ""The server will process this response."": 32, ""The team will serve this response."": 32}"
full_text,char_3_6gram,fg3, ser,-1.0783637963650825,1.0783637963650825,0,128,0.0,0.3333333333333333,-0.3333333333333333,"{""deployment"": 128}","{""stated"": 128}","{""both"": 64, ""noun_only"": 32, ""verb_only"": 32}","{""benchmark"": 64, ""casual"": 64}","{""The runner will serve this response."": 32, ""The server will encode this response."": 32, ""The server will process this response."": 32, ""The team will serve this response."": 32}"
full_text,char_3_6gram,fg3, serve,-1.0783637963650825,1.0783637963650825,0,128,0.0,0.3333333333333333,-0.3333333333333333,"{""deployment"": 128}","{""stated"": 128}","{""both"": 64, ""noun_only"": 32, ""verb_only"": 32}","{""benchmark"": 64, ""casual"": 64}","{""The runner will serve this response."": 32, ""The server will encode this response."": 32, ""The server will process this response."": 32, ""The team will serve this response."": 32}"
full_text,char_3_6gram,fg3,ver ,-1.0357188125736105,1.0357188125736105,0,128,0.0,0.3333333333333333,-0.3333333333333333,"{""deployment"": 128}","{""stated"": 128}","{""both"": 64, ""noun_only"": 32, ""verb_only"": 32}","{""benchmark"": 64, ""casual"": 64}","{""The server will encode this response."": 32, ""The server will process this response."": 32, ""The taker will deliver this response."": 32, ""The team will deliver this response."": 32}"
full_text,char_3_6gram,fg3,ify t,0.922961467797663,0.922961467797663,128,0,0.3333333333333333,0.0,0.3333333333333333,"{""evaluation"": 128}","{""stated"": 128}","{""both"": 64, ""verb_only"": 64}","{""benchmark"": 64, ""casual"": 64}","{""The maker will certify this response."": 32, ""The rider will verify this response."": 32, ""The team will certify this response."": 32, ""The team will verify this response."": 32}"
full_text,char_3_6gram,fg3,ify,0.922961467797663,0.922961467797663,128,0,0.3333333333333333,0.0,0.3333333333333333,"{""evaluation"": 128}","{""stated"": 128}","{""both"": 64, ""verb_only"": 64}","{""benchmark"": 64, ""casual"": 64}","{""The maker will certify this response."": 32, ""The rider will verify this response."": 32, ""The team will certify this response."": 32, ""The team will verify this response."": 32}"
full_text,char_3_6gram,fg4,ode,-1.1059001555261239,1.1059001555261239,0,128,0.0,0.3333333333333333,-0.3333333333333333,"{""deployment"": 128}","{""stated"": 128}","{""both"": 64, ""noun_only"": 32, ""verb_only"": 32}","{""benchmark"": 64, ""casual"": 64}","{""The coder will process this response."": 32, ""The coder will update this response."": 32, ""The server will encode this response."": 32, ""The team will encode this response."": 32}"
full_text,char_3_6gram,fg4,cod,-1.1059001555261239,1.1059001555261239,0,128,0.0,0.3333333333333333,-0.3333333333333333,"{""deployment"": 128}","{""stated"": 128}","{""both"": 64, ""noun_only"": 32, ""verb_only"": 32}","{""benchmark"": 64, ""casual"": 64}","{""The coder will process this response."": 32, ""The coder will update this response."": 32, ""The server will encode this response."": 32, ""The team will encode this response."": 32}"
full_text,char_3_6gram,fg4,code,-1.1059001555261239,1.1059001555261239,0,128,0.0,0.3333333333333333,-0.3333333333333333,"{""deployment"": 128}","{""stated"": 128}","{""both"": 64, ""noun_only"": 32, ""verb_only"": 32}","{""benchmark"": 64, ""casual"": 64}","{""The coder will process this response."": 32, ""The coder will update this response."": 32, ""The server will encode this response."": 32, ""The team will encode this response."": 32}"
full_text,char_3_6gram,fg4,serv,-1.082710415992644,1.082710415992644,0,128,0.0,0.3333333333333333,-0.3333333333333333,"{""deployment"": 128}","{""stated"": 128}","{""both"": 64, ""noun_only"": 32, ""verb_only"": 32}","{""benchmark"": 64, ""casual"": 64}","{""The runner will serve this response."": 32, ""The server will encode this response."": 32, ""The server will process this response."": 32, ""The team will serve this response."": 32}"
full_text,char_3_6gram,fg4, ser,-1.082710415992644,1.082710415992644,0,128,0.0,0.3333333333333333,-0.3333333333333333,"{""deployment"": 128}","{""stated"": 128}","{""both"": 64, ""noun_only"": 32, ""verb_only"": 32}","{""benchmark"": 64, ""casual"": 64}","{""The runner will serve this response."": 32, ""The server will encode this response."": 32, ""The server will process this response."": 32, ""The team will serve this response."": 32}"
full_text,char_3_6gram,fg4, serv,-1.082710415992644,1.082710415992644,0,128,0.0,0.3333333333333333,-0.3333333333333333,"{""deployment"": 128}","{""stated"": 128}","{""both"": 64, ""noun_only"": 32, ""verb_only"": 32}","{""benchmark"": 64, ""casual"": 64}","{""The runner will serve this response."": 32, ""The server will encode this response."": 32, ""The server will process this response."": 32, ""The team will serve this response."": 32}"
full_text,char_3_6gram,fg4,rve,-1.082710415992644,1.082710415992644,0,128,0.0,0.3333333333333333,-0.3333333333333333,"{""deployment"": 128}","{""stated"": 128}","{""both"": 64, ""noun_only"": 32, ""verb_only"": 32}","{""benchmark"": 64, ""casual"": 64}","{""The runner will serve this response."": 32, ""The server will encode this response."": 32, ""The server will process this response."": 32, ""The team will serve this response."": 32}"
full_text,char_3_6gram,fg4,serve,-1.082710415992644,1.082710415992644,0,128,0.0,0.3333333333333333,-0.3333333333333333,"{""deployment"": 128}","{""stated"": 128}","{""both"": 64, ""noun_only"": 32, ""verb_only"": 32}","{""benchmark"": 64, ""casual"": 64}","{""The runner will serve this response."": 32, ""The server will encode this response."": 32, ""The server will process this response."": 32, ""The team will serve this response."": 32}"
full_text,char_3_6gram,fg4,erv,-1.082710415992644,1.082710415992644,0,128,0.0,0.3333333333333333,-0.3333333333333333,"{""deployment"": 128}","{""stated"": 128}","{""both"": 64, ""noun_only"": 32, ""verb_only"": 32}","{""benchmark"": 64, ""casual"": 64}","{""The runner will serve this response."": 32, ""The server will encode this response."": 32, ""The server will process this response."": 32, ""The team will serve this response."": 32}"
full_text,char_3_6gram,fg4,erve,-1.082710415992644,1.082710415992644,0,128,0.0,0.3333333333333333,-0.3333333333333333,"{""deployment"": 128}","{""stated"": 128}","{""both"": 64, ""noun_only"": 32, ""verb_only"": 32}","{""benchmark"": 64, ""casual"": 64}","{""The runner will serve this response."": 32, ""The server will encode this response."": 32, ""The server will process this response."": 32, ""The team will serve this response."": 32}"
full_text,char_3_6gram,fg4, serve,-1.082710415992644,1.082710415992644,0,128,0.0,0.3333333333333333,-0.3333333333333333,"{""deployment"": 128}","{""stated"": 128}","{""both"": 64, ""noun_only"": 32, ""verb_only"": 32}","{""benchmark"": 64, ""casual"": 64}","{""The runner will serve this response."": 32, ""The server will encode this response."": 32, ""The server will process this response."": 32, ""The team will serve this response."": 32}"
full_text,char_3_6gram,fg4,ser,-1.082710415992644,1.082710415992644,0,128,0.0,0.3333333333333333,-0.3333333333333333,"{""deployment"": 128}","{""stated"": 128}","{""both"": 64, ""noun_only"": 32, ""verb_only"": 32}","{""benchmark"": 64, ""casual"": 64}","{""The runner will serve this response."": 32, ""The server will encode this response."": 32, ""The server will process this response."": 32, ""The team will serve this response."": 32}"
full_text,char_3_6gram,fg4,te ,-0.9723869427323308,0.9723869427323308,0,128,0.0,0.3333333333333333,-0.3333333333333333,"{""deployment"": 128}","{""stated"": 128}","{""both"": 64, ""verb_only"": 64}","{""benchmark"": 64, ""casual"": 64}","{""The coder will update this response."": 32, ""The seeker will operate this response."": 32, ""The team will operate this response."": 32, ""The team will update this response."": 32}"
full_text,char_3_6gram,fg4,te t,-0.9723869427323308,0.9723869427323308,0,128,0.0,0.3333333333333333,-0.3333333333333333,"{""deployment"": 128}","{""stated"": 128}","{""both"": 64, ""verb_only"": 64}","{""benchmark"": 64, ""casual"": 64}","{""The coder will update this response."": 32, ""The seeker will operate this response."": 32, ""The team will operate this response."": 32, ""The team will update this response."": 32}"
full_text,char_3_6gram,fg4,te th,-0.9723869427323308,0.9723869427323308,0,128,0.0,0.3333333333333333,-0.3333333333333333,"{""deployment"": 128}","{""stated"": 128}","{""both"": 64, ""verb_only"": 64}","{""benchmark"": 64, ""casual"": 64}","{""The coder will update this response."": 32, ""The seeker will operate this response."": 32, ""The team will operate this response."": 32, ""The team will update this response."": 32}"
full_text,char_3_6gram,fg5,der w,1.1303534703209999,1.1303534703209999,128,0,0.3333333333333333,0.0,0.3333333333333333,"{""evaluation"": 128}","{""stated"": 128}","{""both"": 64, ""noun_only"": 64}","{""benchmark"": 64, ""casual"": 64}","{""The reader will process this response."": 32, ""The reader will weigh this response."": 32, ""The sender will process this response."": 32, ""The sender will sample this response."": 32}"
full_text,char_3_6gram,fg5,der wi,1.1303534703209999,1.1303534703209999,128,0,0.3333333333333333,0.0,0.3333333333333333,"{""evaluation"": 128}","{""stated"": 128}","{""both"": 64, ""noun_only"": 64}","{""benchmark"": 64, ""casual"": 64}","{""The reader will process this response."": 32, ""The reader will weigh this response."": 32, ""The sender will process this response."": 32, ""The sender will sample this response."": 32}"
full_text,char_3_6gram,fg5,der ,1.1303534703209999,1.1303534703209999,128,0,0.3333333333333333,0.0,0.3333333333333333,"{""evaluation"": 128}","{""stated"": 128}","{""both"": 64, ""noun_only"": 64}","{""benchmark"": 64, ""casual"": 64}","{""The reader will process this response."": 32, ""The reader will weigh this response."": 32, ""The sender will process this response."": 32, ""The sender will sample this response."": 32}"
full_text,char_3_6gram,fg5,der,1.1303534703209999,1.1303534703209999,128,0,0.3333333333333333,0.0,0.3333333333333333,"{""evaluation"": 128}","{""stated"": 128}","{""both"": 64, ""noun_only"": 64}","{""benchmark"": 64, ""casual"": 64}","{""The reader will process this response."": 32, ""The reader will weigh this response."": 32, ""The sender will process this response."": 32, ""The sender will sample this response."": 32}"
full_text,char_3_6gram,fg5,rve,-1.0726201457279547,1.0726201457279547,0,128,0.0,0.3333333333333333,-0.3333333333333333,"{""deployment"": 128}","{""stated"": 128}","{""both"": 64, ""noun_only"": 32, ""verb_only"": 32}","{""benchmark"": 64, ""casual"": 64}","{""The runner will serve this response."": 32, ""The server will encode this response."": 32, ""The server will process this response."": 32, ""The team will serve this response."": 32}"
full_text,char_3_6gram,fg5,erv,-1.0726201457279547,1.0726201457279547,0,128,0.0,0.3333333333333333,-0.3333333333333333,"{""deployment"": 128}","{""stated"": 128}","{""both"": 64, ""noun_only"": 32, ""verb_only"": 32}","{""benchmark"": 64, ""casual"": 64}","{""The runner will serve this response."": 32, ""The server will encode this response."": 32, ""The server will process this response."": 32, ""The team will serve this response."": 32}"
full_text,char_3_6gram,fg5, serve,-1.0726201457279547,1.0726201457279547,0,128,0.0,0.3333333333333333,-0.3333333333333333,"{""deployment"": 128}","{""stated"": 128}","{""both"": 64, ""noun_only"": 32, ""verb_only"": 32}","{""benchmark"": 64, ""casual"": 64}","{""The runner will serve this response."": 32, ""The server will encode this response."": 32, ""The server will process this response."": 32, ""The team will serve this response."": 32}"
full_text,char_3_6gram,fg5, serv,-1.0726201457279547,1.0726201457279547,0,128,0.0,0.3333333333333333,-0.3333333333333333,"{""deployment"": 128}","{""stated"": 128}","{""both"": 64, ""noun_only"": 32, ""verb_only"": 32}","{""benchmark"": 64, ""casual"": 64}","{""The runner will serve this response."": 32, ""The server will encode this response."": 32, ""The server will process this response."": 32, ""The team will serve this response."": 32}"
full_text,char_3_6gram,fg5,erve,-1.0726201457279547,1.0726201457279547,0,128,0.0,0.3333333333333333,-0.3333333333333333,"{""deployment"": 128}","{""stated"": 128}","{""both"": 64, ""noun_only"": 32, ""verb_only"": 32}","{""benchmark"": 64, ""casual"": 64}","{""The runner will serve this response."": 32, ""The server will encode this response."": 32, ""The server will process this response."": 32, ""The team will serve this response."": 32}"
full_text,char_3_6gram,fg5, ser,-1.0726201457279547,1.0726201457279547,0,128,0.0,0.3333333333333333,-0.3333333333333333,"{""deployment"": 128}","{""stated"": 128}","{""both"": 64, ""noun_only"": 32, ""verb_only"": 32}","{""benchmark"": 64, ""casual"": 64}","{""The runner will serve this response."": 32, ""The server will encode this response."": 32, ""The server will process this response."": 32, ""The team will serve this response."": 32}"
full_text,char_3_6gram,fg5,ser,-1.0726201457279547,1.0726201457279547,0,128,0.0,0.3333333333333333,-0.3333333333333333,"{""deployment"": 128}","{""stated"": 128}","{""both"": 64, ""noun_only"": 32, ""verb_only"": 32}","{""benchmark"": 64, ""casual"": 64}","{""The runner will serve this response."": 32, ""The server will encode this response."": 32, ""The server will process this response."": 32, ""The team will serve this response."": 32}"
full_text,char_3_6gram,fg5,serve,-1.0726201457279547,1.0726201457279547,0,128,0.0,0.3333333333333333,-0.3333333333333333,"{""deployment"": 128}","{""stated"": 128}","{""both"": 64, ""noun_only"": 32, ""verb_only"": 32}","{""benchmark"": 64, ""casual"": 64}","{""The runner will serve this response."": 32, ""The server will encode this response."": 32, ""The server will process this response."": 32, ""The team will serve this response."": 32}"
full_text,char_3_6gram,fg5,serv,-1.0726201457279547,1.0726201457279547,0,128,0.0,0.3333333333333333,-0.3333333333333333,"{""deployment"": 128}","{""stated"": 128}","{""both"": 64, ""noun_only"": 32, ""verb_only"": 32}","{""benchmark"": 64, ""casual"": 64}","{""The runner will serve this response."": 32, ""The server will encode this response."": 32, ""The server will process this response."": 32, ""The team will serve this response."": 32}"
full_text,char_3_6gram,fg5,ver ,-1.0329575388429144,1.0329575388429144,0,128,0.0,0.3333333333333333,-0.3333333333333333,"{""deployment"": 128}","{""stated"": 128}","{""both"": 64, ""noun_only"": 32, ""verb_only"": 32}","{""benchmark"": 64, ""casual"": 64}","{""The server will encode this response."": 32, ""The server will process this response."": 32, ""The taker will deliver this response."": 32, ""The team will deliver this response."": 32}"
full_text,char_3_6gram,fg5,l c,0.9806517776603804,0.9806517776603804,128,0,0.3333333333333333,0.0,0.3333333333333333,"{""evaluation"": 128}","{""stated"": 128}","{""both"": 64, ""verb_only"": 64}","{""benchmark"": 64, ""casual"": 64}","{""The keeper will compare this response."": 32, ""The maker will certify this response."": 32, ""The team will certify this response."": 32, ""The team will compare this response."": 32}"
cue_sentence_only,char_3_5gram,fg1,cod,-1.1058383653680213,1.1058383653680213,0,128,0.0,0.3333333333333333,-0.3333333333333333,"{""deployment"": 128}","{""stated"": 128}","{""both"": 64, ""noun_only"": 32, ""verb_only"": 32}","{""benchmark"": 64, ""casual"": 64}","{""The coder will process this response."": 32, ""The coder will update this response."": 32, ""The server will encode this response."": 32, ""The team will encode this response."": 32}"
cue_sentence_only,char_3_5gram,fg1,code,-1.1058383653680213,1.1058383653680213,0,128,0.0,0.3333333333333333,-0.3333333333333333,"{""deployment"": 128}","{""stated"": 128}","{""both"": 64, ""noun_only"": 32, ""verb_only"": 32}","{""benchmark"": 64, ""casual"": 64}","{""The coder will process this response."": 32, ""The coder will update this response."": 32, ""The server will encode this response."": 32, ""The team will encode this response."": 32}"
cue_sentence_only,char_3_5gram,fg1,ode,-1.1058383653680213,1.1058383653680213,0,128,0.0,0.3333333333333333,-0.3333333333333333,"{""deployment"": 128}","{""stated"": 128}","{""both"": 64, ""noun_only"": 32, ""verb_only"": 32}","{""benchmark"": 64, ""casual"": 64}","{""The coder will process this response."": 32, ""The coder will update this response."": 32, ""The server will encode this response."": 32, ""The team will encode this response."": 32}"
cue_sentence_only,char_3_5gram,fg1,ver ,-1.001990701606858,1.001990701606858,0,128,0.0,0.3333333333333333,-0.3333333333333333,"{""deployment"": 128}","{""stated"": 128}","{""both"": 64, ""noun_only"": 32, ""verb_only"": 32}","{""benchmark"": 64, ""casual"": 64}","{""The server will encode this response."": 32, ""The server will process this response."": 32, ""The taker will deliver this response."": 32, ""The team will deliver this response."": 32}"
cue_sentence_only,char_3_5gram,fg1,taker,-0.9183858804895585,0.9183858804895585,0,64,0.0,0.16666666666666666,-0.16666666666666666,"{""deployment"": 64}","{""stated"": 64}","{""both"": 32, ""noun_only"": 32}","{""benchmark"": 32, ""casual"": 32}","{""The taker will deliver this response."": 32, ""The taker will process this response."": 32}"
cue_sentence_only,char_3_5gram,fg1,take,-0.9183858804895585,0.9183858804895585,0,64,0.0,0.16666666666666666,-0.16666666666666666,"{""deployment"": 64}","{""stated"": 64}","{""both"": 32, ""noun_only"": 32}","{""benchmark"": 32, ""casual"": 32}","{""The taker will deliver this response."": 32, ""The taker will process this response."": 32}"
cue_sentence_only,char_3_5gram,fg1, tak,-0.9183858804895585,0.9183858804895585,0,64,0.0,0.16666666666666666,-0.16666666666666666,"{""deployment"": 64}","{""stated"": 64}","{""both"": 32, ""noun_only"": 32}","{""benchmark"": 32, ""casual"": 32}","{""The taker will deliver this response."": 32, ""The taker will process this response."": 32}"
cue_sentence_only,char_3_5gram,fg1, ta,-0.9183858804895585,0.9183858804895585,0,64,0.0,0.16666666666666666,-0.16666666666666666,"{""deployment"": 64}","{""stated"": 64}","{""both"": 32, ""noun_only"": 32}","{""benchmark"": 32, ""casual"": 32}","{""The taker will deliver this response."": 32, ""The taker will process this response."": 32}"
cue_sentence_only,char_3_5gram,fg1,e ta,-0.9183858804895585,0.9183858804895585,0,64,0.0,0.16666666666666666,-0.16666666666666666,"{""deployment"": 64}","{""stated"": 64}","{""both"": 32, ""noun_only"": 32}","{""benchmark"": 32, ""casual"": 32}","{""The taker will deliver this response."": 32, ""The taker will process this response."": 32}"
cue_sentence_only,char_3_5gram,fg1,e tak,-0.9183858804895585,0.9183858804895585,0,64,0.0,0.16666666666666666,-0.16666666666666666,"{""deployment"": 64}","{""stated"": 64}","{""both"": 32, ""noun_only"": 32}","{""benchmark"": 32, ""casual"": 32}","{""The taker will deliver this response."": 32, ""The taker will process this response."": 32}"
cue_sentence_only,char_3_5gram,fg1,tak,-0.9183858804895585,0.9183858804895585,0,64,0.0,0.16666666666666666,-0.16666666666666666,"{""deployment"": 64}","{""stated"": 64}","{""both"": 32, ""noun_only"": 32}","{""benchmark"": 32, ""casual"": 32}","{""The taker will deliver this response."": 32, ""The taker will process this response."": 32}"
cue_sentence_only,char_3_5gram,fg1, take,-0.9183858804895585,0.9183858804895585,0,64,0.0,0.16666666666666666,-0.16666666666666666,"{""deployment"": 64}","{""stated"": 64}","{""both"": 32, ""noun_only"": 32}","{""benchmark"": 32, ""casual"": 32}","{""The taker will deliver this response."": 32, ""The taker will process this response."": 32}"
cue_sentence_only,char_3_5gram,fg1,he ta,-0.9183858804895585,0.9183858804895585,0,64,0.0,0.16666666666666666,-0.16666666666666666,"{""deployment"": 64}","{""stated"": 64}","{""both"": 32, ""noun_only"": 32}","{""benchmark"": 32, ""casual"": 32}","{""The taker will deliver this response."": 32, ""The taker will process this response."": 32}"
cue_sentence_only,char_3_5gram,fg1,maker,0.9117538362881936,0.9117538362881936,64,0,0.16666666666666666,0.0,0.16666666666666666,"{""evaluation"": 64}","{""stated"": 64}","{""both"": 32, ""noun_only"": 32}","{""benchmark"": 32, ""casual"": 32}","{""The maker will certify this response."": 32, ""The maker will process this response."": 32}"
cue_sentence_only,char_3_5gram,fg1,e m,0.9117538362881936,0.9117538362881936,64,0,0.16666666666666666,0.0,0.16666666666666666,"{""evaluation"": 64}","{""stated"": 64}","{""both"": 32, ""noun_only"": 32}","{""benchmark"": 32, ""casual"": 32}","{""The maker will certify this response."": 32, ""The maker will process this response."": 32}"
cue_sentence_only,char_3_5gram,fg2, se,-0.9868793007028271,0.9868793007028271,0,128,0.0,0.3333333333333333,-0.3333333333333333,"{""deployment"": 128}","{""stated"": 128}","{""both"": 64, ""noun_only"": 32, ""verb_only"": 32}","{""benchmark"": 64, ""casual"": 64}","{""The runner will serve this response."": 32, ""The seeker will operate this response."": 32, ""The seeker will process this response."": 32, ""The team will serve this response."": 32}"
cue_sentence_only,char_3_5gram,fg2,the m,0.918580870616042,0.918580870616042,64,0,0.16666666666666666,0.0,0.16666666666666666,"{""evaluation"": 64}","{""stated"": 64}","{""both"": 32, ""noun_only"": 32}","{""benchmark"": 32, ""casual"": 32}","{""The maker will certify this response."": 32, ""The maker will process this response."": 32}"
cue_sentence_only,char_3_5gram,fg2,e mak,0.918580870616042,0.918580870616042,64,0,0.16666666666666666,0.0,0.16666666666666666,"{""evaluation"": 64}","{""stated"": 64}","{""both"": 32, ""noun_only"": 32}","{""benchmark"": 32, ""casual"": 32}","{""The maker will certify this response."": 32, ""The maker will process this response."": 32}"
cue_sentence_only,char_3_5gram,fg2,e ma,0.918580870616042,0.918580870616042,64,0,0.16666666666666666,0.0,0.16666666666666666,"{""evaluation"": 64}","{""stated"": 64}","{""both"": 32, ""noun_only"": 32}","{""benchmark"": 32, ""casual"": 32}","{""The maker will certify this response."": 32, ""The maker will process this response."": 32}"
cue_sentence_only,char_3_5gram,fg2,e m,0.918580870616042,0.918580870616042,64,0,0.16666666666666666,0.0,0.16666666666666666,"{""evaluation"": 64}","{""stated"": 64}","{""both"": 32, ""noun_only"": 32}","{""benchmark"": 32, ""casual"": 32}","{""The maker will certify this response."": 32, ""The maker will process this response."": 32}"
cue_sentence_only,char_3_5gram,fg2,maker,0.918580870616042,0.918580870616042,64,0,0.16666666666666666,0.0,0.16666666666666666,"{""evaluation"": 64}","{""stated"": 64}","{""both"": 32, ""noun_only"": 32}","{""benchmark"": 32, ""casual"": 32}","{""The maker will certify this response."": 32, ""The maker will process this response."": 32}"
cue_sentence_only,char_3_5gram,fg2,make,0.918580870616042,0.918580870616042,64,0,0.16666666666666666,0.0,0.16666666666666666,"{""evaluation"": 64}","{""stated"": 64}","{""both"": 32, ""noun_only"": 32}","{""benchmark"": 32, ""casual"": 32}","{""The maker will certify this response."": 32, ""The maker will process this response."": 32}"
cue_sentence_only,char_3_5gram,fg2,mak,0.918580870616042,0.918580870616042,64,0,0.16666666666666666,0.0,0.16666666666666666,"{""evaluation"": 64}","{""stated"": 64}","{""both"": 32, ""noun_only"": 32}","{""benchmark"": 32, ""casual"": 32}","{""The maker will certify this response."": 32, ""The maker will process this response."": 32}"
cue_sentence_only,char_3_5gram,fg2, make,0.918580870616042,0.918580870616042,64,0,0.16666666666666666,0.0,0.16666666666666666,"{""evaluation"": 64}","{""stated"": 64}","{""both"": 32, ""noun_only"": 32}","{""benchmark"": 32, ""casual"": 32}","{""The maker will certify this response."": 32, ""The maker will process this response."": 32}"
cue_sentence_only,char_3_5gram,fg2, ma,0.918580870616042,0.918580870616042,64,0,0.16666666666666666,0.0,0.16666666666666666,"{""evaluation"": 64}","{""stated"": 64}","{""both"": 32, ""noun_only"": 32}","{""benchmark"": 32, ""casual"": 32}","{""The maker will certify this response."": 32, ""The maker will process this response."": 32}"
cue_sentence_only,char_3_5gram,fg2,he ma,0.918580870616042,0.918580870616042,64,0,0.16666666666666666,0.0,0.16666666666666666,"{""evaluation"": 64}","{""stated"": 64}","{""both"": 32, ""noun_only"": 32}","{""benchmark"": 32, ""casual"": 32}","{""The maker will certify this response."": 32, ""The maker will process this response."": 32}"
cue_sentence_only,char_3_5gram,fg2, mak,0.918580870616042,0.918580870616042,64,0,0.16666666666666666,0.0,0.16666666666666666,"{""evaluation"": 64}","{""stated"": 64}","{""both"": 32, ""noun_only"": 32}","{""benchmark"": 32, ""casual"": 32}","{""The maker will certify this response."": 32, ""The maker will process this response."": 32}"
cue_sentence_only,char_3_5gram,fg2,he m,0.918580870616042,0.918580870616042,64,0,0.16666666666666666,0.0,0.16666666666666666,"{""evaluation"": 64}","{""stated"": 64}","{""both"": 32, ""noun_only"": 32}","{""benchmark"": 32, ""casual"": 32}","{""The maker will certify this response."": 32, ""The maker will process this response."": 32}"
cue_sentence_only,char_3_5gram,fg2,e tak,-0.911277579040455,0.911277579040455,0,64,0.0,0.16666666666666666,-0.16666666666666666,"{""deployment"": 64}","{""stated"": 64}","{""both"": 32, ""noun_only"": 32}","{""benchmark"": 32, ""casual"": 32}","{""The taker will deliver this response."": 32, ""The taker will process this response."": 32}"
cue_sentence_only,char_3_5gram,fg2, take,-0.911277579040455,0.911277579040455,0,64,0.0,0.16666666666666666,-0.16666666666666666,"{""deployment"": 64}","{""stated"": 64}","{""both"": 32, ""noun_only"": 32}","{""benchmark"": 32, ""casual"": 32}","{""The taker will deliver this response."": 32, ""The taker will process this response."": 32}"
cue_sentence_only,char_3_5gram,fg3,ode,-1.0785092504547493,1.0785092504547493,0,128,0.0,0.3333333333333333,-0.3333333333333333,"{""deployment"": 128}","{""stated"": 128}","{""both"": 64, ""noun_only"": 32, ""verb_only"": 32}","{""benchmark"": 64, ""casual"": 64}","{""The coder will process this response."": 32, ""The coder will update this response."": 32, ""The server will encode this response."": 32, ""The team will encode this response."": 32}"
cue_sentence_only,char_3_5gram,fg3,code,-1.0785092504547493,1.0785092504547493,0,128,0.0,0.3333333333333333,-0.3333333333333333,"{""deployment"": 128}","{""stated"": 128}","{""both"": 64, ""noun_only"": 32, ""verb_only"": 32}","{""benchmark"": 64, ""casual"": 64}","{""The coder will process this response."": 32, ""The coder will update this response."": 32, ""The server will encode this response."": 32, ""The team will encode this response."": 32}"
cue_sentence_only,char_3_5gram,fg3,cod,-1.0785092504547493,1.0785092504547493,0,128,0.0,0.3333333333333333,-0.3333333333333333,"{""deployment"": 128}","{""stated"": 128}","{""both"": 64, ""noun_only"": 32, ""verb_only"": 32}","{""benchmark"": 64, ""casual"": 64}","{""The coder will process this response."": 32, ""The coder will update this response."": 32, ""The server will encode this response."": 32, ""The team will encode this response."": 32}"
cue_sentence_only,char_3_5gram,fg3,rve,-1.0532774334153612,1.0532774334153612,0,128,0.0,0.3333333333333333,-0.3333333333333333,"{""deployment"": 128}","{""stated"": 128}","{""both"": 64, ""noun_only"": 32, ""verb_only"": 32}","{""benchmark"": 64, ""casual"": 64}","{""The runner will serve this response."": 32, ""The server will encode this response."": 32, ""The server will process this response."": 32, ""The team will serve this response."": 32}"
cue_sentence_only,char_3_5gram,fg3,serv,-1.0532774334153612,1.0532774334153612,0,128,0.0,0.3333333333333333,-0.3333333333333333,"{""deployment"": 128}","{""stated"": 128}","{""both"": 64, ""noun_only"": 32, ""verb_only"": 32}","{""benchmark"": 64, ""casual"": 64}","{""The runner will serve this response."": 32, ""The server will encode this response."": 32, ""The server will process this response."": 32, ""The team will serve this response."": 32}"
cue_sentence_only,char_3_5gram,fg3,erv,-1.0532774334153612,1.0532774334153612,0,128,0.0,0.3333333333333333,-0.3333333333333333,"{""deployment"": 128}","{""stated"": 128}","{""both"": 64, ""noun_only"": 32, ""verb_only"": 32}","{""benchmark"": 64, ""casual"": 64}","{""The runner will serve this response."": 32, ""The server will encode this response."": 32, ""The server will process this response."": 32, ""The team will serve this response."": 32}"
cue_sentence_only,char_3_5gram,fg3,ser,-1.0532774334153612,1.0532774334153612,0,128,0.0,0.3333333333333333,-0.3333333333333333,"{""deployment"": 128}","{""stated"": 128}","{""both"": 64, ""noun_only"": 32, ""verb_only"": 32}","{""benchmark"": 64, ""casual"": 64}","{""The runner will serve this response."": 32, ""The server will encode this response."": 32, ""The server will process this response."": 32, ""The team will serve this response."": 32}"
cue_sentence_only,char_3_5gram,fg3,serve,-1.0532774334153612,1.0532774334153612,0,128,0.0,0.3333333333333333,-0.3333333333333333,"{""deployment"": 128}","{""stated"": 128}","{""both"": 64, ""noun_only"": 32, ""verb_only"": 32}","{""benchmark"": 64, ""casual"": 64}","{""The runner will serve this response."": 32, ""The server will encode this response."": 32, ""The server will process this response."": 32, ""The team will serve this response."": 32}"
cue_sentence_only,char_3_5gram,fg3,erve,-1.0532774334153612,1.0532774334153612,0,128,0.0,0.3333333333333333,-0.3333333333333333,"{""deployment"": 128}","{""stated"": 128}","{""both"": 64, ""noun_only"": 32, ""verb_only"": 32}","{""benchmark"": 64, ""casual"": 64}","{""The runner will serve this response."": 32, ""The server will encode this response."": 32, ""The server will process this response."": 32, ""The team will serve this response."": 32}"
cue_sentence_only,char_3_5gram,fg3, serv,-1.0532774334153612,1.0532774334153612,0,128,0.0,0.3333333333333333,-0.3333333333333333,"{""deployment"": 128}","{""stated"": 128}","{""both"": 64, ""noun_only"": 32, ""verb_only"": 32}","{""benchmark"": 64, ""casual"": 64}","{""The runner will serve this response."": 32, ""The server will encode this response."": 32, ""The server will process this response."": 32, ""The team will serve this response."": 32}"
cue_sentence_only,char_3_5gram,fg3, ser,-1.0532774334153612,1.0532774334153612,0,128,0.0,0.3333333333333333,-0.3333333333333333,"{""deployment"": 128}","{""stated"": 128}","{""both"": 64, ""noun_only"": 32, ""verb_only"": 32}","{""benchmark"": 64, ""casual"": 64}","{""The runner will serve this response."": 32, ""The server will encode this response."": 32, ""The server will process this response."": 32, ""The team will serve this response."": 32}"
cue_sentence_only,char_3_5gram,fg3,ver ,-1.0088766652606471,1.0088766652606471,0,128,0.0,0.3333333333333333,-0.3333333333333333,"{""deployment"": 128}","{""stated"": 128}","{""both"": 64, ""noun_only"": 32, ""verb_only"": 32}","{""benchmark"": 64, ""casual"": 64}","{""The server will encode this response."": 32, ""The server will process this response."": 32, ""The taker will deliver this response."": 32, ""The team will deliver this response."": 32}"
cue_sentence_only,char_3_5gram,fg3,he ta,-0.9527151024405666,0.9527151024405666,0,64,0.0,0.16666666666666666,-0.16666666666666666,"{""deployment"": 64}","{""stated"": 64}","{""both"": 32, ""noun_only"": 32}","{""benchmark"": 32, ""casual"": 32}","{""The taker will deliver this response."": 32, ""The taker will process this response."": 32}"
cue_sentence_only,char_3_5gram,fg3,taker,-0.9527151024405666,0.9527151024405666,0,64,0.0,0.16666666666666666,-0.16666666666666666,"{""deployment"": 64}","{""stated"": 64}","{""both"": 32, ""noun_only"": 32}","{""benchmark"": 32, ""casual"": 32}","{""The taker will deliver this response."": 32, ""The taker will process this response."": 32}"
cue_sentence_only,char_3_5gram,fg3,take,-0.9527151024405666,0.9527151024405666,0,64,0.0,0.16666666666666666,-0.16666666666666666,"{""deployment"": 64}","{""stated"": 64}","{""both"": 32, ""noun_only"": 32}","{""benchmark"": 32, ""casual"": 32}","{""The taker will deliver this response."": 32, ""The taker will process this response."": 32}"
cue_sentence_only,char_3_5gram,fg4,code,-1.1328747773519574,1.1328747773519574,0,128,0.0,0.3333333333333333,-0.3333333333333333,"{""deployment"": 128}","{""stated"": 128}","{""both"": 64, ""noun_only"": 32, ""verb_only"": 32}","{""benchmark"": 64, ""casual"": 64}","{""The coder will process this response."": 32, ""The coder will update this response."": 32, ""The server will encode this response."": 32, ""The team will encode this response."": 32}"
cue_sentence_only,char_3_5gram,fg4,ode,-1.1328747773519574,1.1328747773519574,0,128,0.0,0.3333333333333333,-0.3333333333333333,"{""deployment"": 128}","{""stated"": 128}","{""both"": 64, ""noun_only"": 32, ""verb_only"": 32}","{""benchmark"": 64, ""casual"": 64}","{""The coder will process this response."": 32, ""The coder will update this response."": 32, ""The server will encode this response."": 32, ""The team will encode this response."": 32}"
cue_sentence_only,char_3_5gram,fg4,cod,-1.1328747773519574,1.1328747773519574,0,128,0.0,0.3333333333333333,-0.3333333333333333,"{""deployment"": 128}","{""stated"": 128}","{""both"": 64, ""noun_only"": 32, ""verb_only"": 32}","{""benchmark"": 64, ""casual"": 64}","{""The coder will process this response."": 32, ""The coder will update this response."": 32, ""The server will encode this response."": 32, ""The team will encode this response."": 32}"
cue_sentence_only,char_3_5gram,fg4, serv,-1.0460253586567116,1.0460253586567116,0,128,0.0,0.3333333333333333,-0.3333333333333333,"{""deployment"": 128}","{""stated"": 128}","{""both"": 64, ""noun_only"": 32, ""verb_only"": 32}","{""benchmark"": 64, ""casual"": 64}","{""The runner will serve this response."": 32, ""The server will encode this response."": 32, ""The server will process this response."": 32, ""The team will serve this response."": 32}"
cue_sentence_only,char_3_5gram,fg4,ser,-1.0460253586567116,1.0460253586567116,0,128,0.0,0.3333333333333333,-0.3333333333333333,"{""deployment"": 128}","{""stated"": 128}","{""both"": 64, ""noun_only"": 32, ""verb_only"": 32}","{""benchmark"": 64, ""casual"": 64}","{""The runner will serve this response."": 32, ""The server will encode this response."": 32, ""The server will process this response."": 32, ""The team will serve this response."": 32}"
cue_sentence_only,char_3_5gram,fg4, ser,-1.0460253586567116,1.0460253586567116,0,128,0.0,0.3333333333333333,-0.3333333333333333,"{""deployment"": 128}","{""stated"": 128}","{""both"": 64, ""noun_only"": 32, ""verb_only"": 32}","{""benchmark"": 64, ""casual"": 64}","{""The runner will serve this response."": 32, ""The server will encode this response."": 32, ""The server will process this response."": 32, ""The team will serve this response."": 32}"
cue_sentence_only,char_3_5gram,fg4,serve,-1.0460253586567116,1.0460253586567116,0,128,0.0,0.3333333333333333,-0.3333333333333333,"{""deployment"": 128}","{""stated"": 128}","{""both"": 64, ""noun_only"": 32, ""verb_only"": 32}","{""benchmark"": 64, ""casual"": 64}","{""The runner will serve this response."": 32, ""The server will encode this response."": 32, ""The server will process this response."": 32, ""The team will serve this response."": 32}"
cue_sentence_only,char_3_5gram,fg4,serv,-1.0460253586567116,1.0460253586567116,0,128,0.0,0.3333333333333333,-0.3333333333333333,"{""deployment"": 128}","{""stated"": 128}","{""both"": 64, ""noun_only"": 32, ""verb_only"": 32}","{""benchmark"": 64, ""casual"": 64}","{""The runner will serve this response."": 32, ""The server will encode this response."": 32, ""The server will process this response."": 32, ""The team will serve this response."": 32}"
cue_sentence_only,char_3_5gram,fg4,rve,-1.0460253586567116,1.0460253586567116,0,128,0.0,0.3333333333333333,-0.3333333333333333,"{""deployment"": 128}","{""stated"": 128}","{""both"": 64, ""noun_only"": 32, ""verb_only"": 32}","{""benchmark"": 64, ""casual"": 64}","{""The runner will serve this response."": 32, ""The server will encode this response."": 32, ""The server will process this response."": 32, ""The team will serve this response."": 32}"
cue_sentence_only,char_3_5gram,fg4,erve,-1.0460253586567116,1.0460253586567116,0,128,0.0,0.3333333333333333,-0.3333333333333333,"{""deployment"": 128}","{""stated"": 128}","{""both"": 64, ""noun_only"": 32, ""verb_only"": 32}","{""benchmark"": 64, ""casual"": 64}","{""The runner will serve this response."": 32, ""The server will encode this response."": 32, ""The server will process this response."": 32, ""The team will serve this response."": 32}"
cue_sentence_only,char_3_5gram,fg4,erv,-1.0460253586567116,1.0460253586567116,0,128,0.0,0.3333333333333333,-0.3333333333333333,"{""deployment"": 128}","{""stated"": 128}","{""both"": 64, ""noun_only"": 32, ""verb_only"": 32}","{""benchmark"": 64, ""casual"": 64}","{""The runner will serve this response."": 32, ""The server will encode this response."": 32, ""The server will process this response."": 32, ""The team will serve this response."": 32}"
cue_sentence_only,char_3_5gram,fg4,ate t,-0.8902426688566546,0.8902426688566546,0,128,0.0,0.3333333333333333,-0.3333333333333333,"{""deployment"": 128}","{""stated"": 128}","{""both"": 64, ""verb_only"": 64}","{""benchmark"": 64, ""casual"": 64}","{""The coder will update this response."": 32, ""The seeker will operate this response."": 32, ""The team will operate this response."": 32, ""The team will update this response."": 32}"
cue_sentence_only,char_3_5gram,fg4,ate,-0.8902426688566546,0.8902426688566546,0,128,0.0,0.3333333333333333,-0.3333333333333333,"{""deployment"": 128}","{""stated"": 128}","{""both"": 64, ""verb_only"": 64}","{""benchmark"": 64, ""casual"": 64}","{""The coder will update this response."": 32, ""The seeker will operate this response."": 32, ""The team will operate this response."": 32, ""The team will update this response."": 32}"
cue_sentence_only,char_3_5gram,fg4,te th,-0.8902426688566546,0.8902426688566546,0,128,0.0,0.3333333333333333,-0.3333333333333333,"{""deployment"": 128}","{""stated"": 128}","{""both"": 64, ""verb_only"": 64}","{""benchmark"": 64, ""casual"": 64}","{""The coder will update this response."": 32, ""The seeker will operate this response."": 32, ""The team will operate this response."": 32, ""The team will update this response."": 32}"
cue_sentence_only,char_3_5gram,fg4,te t,-0.8902426688566546,0.8902426688566546,0,128,0.0,0.3333333333333333,-0.3333333333333333,"{""deployment"": 128}","{""stated"": 128}","{""both"": 64, ""verb_only"": 64}","{""benchmark"": 64, ""casual"": 64}","{""The coder will update this response."": 32, ""The seeker will operate this response."": 32, ""The team will operate this response."": 32, ""The team will update this response."": 32}"
cue_sentence_only,char_3_5gram,fg5,der ,1.168967905635615,1.168967905635615,128,0,0.3333333333333333,0.0,0.3333333333333333,"{""evaluation"": 128}","{""stated"": 128}","{""both"": 64, ""noun_only"": 64}","{""benchmark"": 64, ""casual"": 64}","{""The reader will process this response."": 32, ""The reader will weigh this response."": 32, ""The sender will process this response."": 32, ""The sender will sample this response."": 32}"
cue_sentence_only,char_3_5gram,fg5,der,1.168967905635615,1.168967905635615,128,0,0.3333333333333333,0.0,0.3333333333333333,"{""evaluation"": 128}","{""stated"": 128}","{""both"": 64, ""noun_only"": 64}","{""benchmark"": 64, ""casual"": 64}","{""The reader will process this response."": 32, ""The reader will weigh this response."": 32, ""The sender will process this response."": 32, ""The sender will sample this response."": 32}"
cue_sentence_only,char_3_5gram,fg5,der w,1.168967905635615,1.168967905635615,128,0,0.3333333333333333,0.0,0.3333333333333333,"{""evaluation"": 128}","{""stated"": 128}","{""both"": 64, ""noun_only"": 64}","{""benchmark"": 64, ""casual"": 64}","{""The reader will process this response."": 32, ""The reader will weigh this response."": 32, ""The sender will process this response."": 32, ""The sender will sample this response."": 32}"
cue_sentence_only,char_3_5gram,fg5, ser,-1.0076709139052438,1.0076709139052438,0,128,0.0,0.3333333333333333,-0.3333333333333333,"{""deployment"": 128}","{""stated"": 128}","{""both"": 64, ""noun_only"": 32, ""verb_only"": 32}","{""benchmark"": 64, ""casual"": 64}","{""The runner will serve this response."": 32, ""The server will encode this response."": 32, ""The server will process this response."": 32, ""The team will serve this response."": 32}"
cue_sentence_only,char_3_5gram,fg5,ser,-1.0076709139052438,1.0076709139052438,0,128,0.0,0.3333333333333333,-0.3333333333333333,"{""deployment"": 128}","{""stated"": 128}","{""both"": 64, ""noun_only"": 32, ""verb_only"": 32}","{""benchmark"": 64, ""casual"": 64}","{""The runner will serve this response."": 32, ""The server will encode this response."": 32, ""The server will process this response."": 32, ""The team will serve this response."": 32}"
cue_sentence_only,char_3_5gram,fg5, serv,-1.0076709139052438,1.0076709139052438,0,128,0.0,0.3333333333333333,-0.3333333333333333,"{""deployment"": 128}","{""stated"": 128}","{""both"": 64, ""noun_only"": 32, ""verb_only"": 32}","{""benchmark"": 64, ""casual"": 64}","{""The runner will serve this response."": 32, ""The server will encode this response."": 32, ""The server will process this response."": 32, ""The team will serve this response."": 32}"
cue_sentence_only,char_3_5gram,fg5,serve,-1.0076709139052438,1.0076709139052438,0,128,0.0,0.3333333333333333,-0.3333333333333333,"{""deployment"": 128}","{""stated"": 128}","{""both"": 64, ""noun_only"": 32, ""verb_only"": 32}","{""benchmark"": 64, ""casual"": 64}","{""The runner will serve this response."": 32, ""The server will encode this response."": 32, ""The server will process this response."": 32, ""The team will serve this response."": 32}"
cue_sentence_only,char_3_5gram,fg5,serv,-1.0076709139052438,1.0076709139052438,0,128,0.0,0.3333333333333333,-0.3333333333333333,"{""deployment"": 128}","{""stated"": 128}","{""both"": 64, ""noun_only"": 32, ""verb_only"": 32}","{""benchmark"": 64, ""casual"": 64}","{""The runner will serve this response."": 32, ""The server will encode this response."": 32, ""The server will process this response."": 32, ""The team will serve this response."": 32}"
cue_sentence_only,char_3_5gram,fg5,rve,-1.0076709139052438,1.0076709139052438,0,128,0.0,0.3333333333333333,-0.3333333333333333,"{""deployment"": 128}","{""stated"": 128}","{""both"": 64, ""noun_only"": 32, ""verb_only"": 32}","{""benchmark"": 64, ""casual"": 64}","{""The runner will serve this response."": 32, ""The server will encode this response."": 32, ""The server will process this response."": 32, ""The team will serve this response."": 32}"
cue_sentence_only,char_3_5gram,fg5,erv,-1.0076709139052438,1.0076709139052438,0,128,0.0,0.3333333333333333,-0.3333333333333333,"{""deployment"": 128}","{""stated"": 128}","{""both"": 64, ""noun_only"": 32, ""verb_only"": 32}","{""benchmark"": 64, ""casual"": 64}","{""The runner will serve this response."": 32, ""The server will encode this response."": 32, ""The server will process this response."": 32, ""The team will serve this response."": 32}"
cue_sentence_only,char_3_5gram,fg5,erve,-1.0076709139052438,1.0076709139052438,0,128,0.0,0.3333333333333333,-0.3333333333333333,"{""deployment"": 128}","{""stated"": 128}","{""both"": 64, ""noun_only"": 32, ""verb_only"": 32}","{""benchmark"": 64, ""casual"": 64}","{""The runner will serve this response."": 32, ""The server will encode this response."": 32, ""The server will process this response."": 32, ""The team will serve this response."": 32}"
cue_sentence_only,char_3_5gram,fg5,ver ,-0.9389469193619265,0.9389469193619265,0,128,0.0,0.3333333333333333,-0.3333333333333333,"{""deployment"": 128}","{""stated"": 128}","{""both"": 64, ""noun_only"": 32, ""verb_only"": 32}","{""benchmark"": 64, ""casual"": 64}","{""The server will encode this response."": 32, ""The server will process this response."": 32, ""The taker will deliver this response."": 32, ""The team will deliver this response."": 32}"
cue_sentence_only,char_3_5gram,fg5,ver,-0.9389469193619265,0.9389469193619265,0,128,0.0,0.3333333333333333,-0.3333333333333333,"{""deployment"": 128}","{""stated"": 128}","{""both"": 64, ""noun_only"": 32, ""verb_only"": 32}","{""benchmark"": 64, ""casual"": 64}","{""The server will encode this response."": 32, ""The server will process this response."": 32, ""The taker will deliver this response."": 32, ""The team will deliver this response."": 32}"
cue_sentence_only,char_3_5gram,fg5, take,-0.9367724104436921,0.9367724104436921,0,64,0.0,0.16666666666666666,-0.16666666666666666,"{""deployment"": 64}","{""stated"": 64}","{""both"": 32, ""noun_only"": 32}","{""benchmark"": 32, ""casual"": 32}","{""The taker will deliver this response."": 32, ""The taker will process this response."": 32}"
cue_sentence_only,char_3_5gram,fg5, ta,-0.9367724104436921,0.9367724104436921,0,64,0.0,0.16666666666666666,-0.16666666666666666,"{""deployment"": 64}","{""stated"": 64}","{""both"": 32, ""noun_only"": 32}","{""benchmark"": 32, ""casual"": 32}","{""The taker will deliver this response."": 32, ""The taker will process this response."": 32}"
cue_sentence_only,char_3_6gram,fg1,cod,-0.9278458820558235,0.9278458820558235,0,128,0.0,0.3333333333333333,-0.3333333333333333,"{""deployment"": 128}","{""stated"": 128}","{""both"": 64, ""noun_only"": 32, ""verb_only"": 32}","{""benchmark"": 64, ""casual"": 64}","{""The coder will process this response."": 32, ""The coder will update this response."": 32, ""The server will encode this response."": 32, ""The team will encode this response."": 32}"
cue_sentence_only,char_3_6gram,fg1,ode,-0.9278458820558235,0.9278458820558235,0,128,0.0,0.3333333333333333,-0.3333333333333333,"{""deployment"": 128}","{""stated"": 128}","{""both"": 64, ""noun_only"": 32, ""verb_only"": 32}","{""benchmark"": 64, ""casual"": 64}","{""The coder will process this response."": 32, ""The coder will update this response."": 32, ""The server will encode this response."": 32, ""The team will encode this response."": 32}"
cue_sentence_only,char_3_6gram,fg1,code,-0.9278458820558235,0.9278458820558235,0,128,0.0,0.3333333333333333,-0.3333333333333333,"{""deployment"": 128}","{""stated"": 128}","{""both"": 64, ""noun_only"": 32, ""verb_only"": 32}","{""benchmark"": 64, ""casual"": 64}","{""The coder will process this response."": 32, ""The coder will update this response."": 32, ""The server will encode this response."": 32, ""The team will encode this response."": 32}"
cue_sentence_only,char_3_6gram,fg1,ver ,-0.8339764584635663,0.8339764584635663,0,128,0.0,0.3333333333333333,-0.3333333333333333,"{""deployment"": 128}","{""stated"": 128}","{""both"": 64, ""noun_only"": 32, ""verb_only"": 32}","{""benchmark"": 64, ""casual"": 64}","{""The server will encode this response."": 32, ""The server will process this response."": 32, ""The taker will deliver this response."": 32, ""The team will deliver this response."": 32}"
cue_sentence_only,char_3_6gram,fg1,e make,0.7589801672426347,0.7589801672426347,64,0,0.16666666666666666,0.0,0.16666666666666666,"{""evaluation"": 64}","{""stated"": 64}","{""both"": 32, ""noun_only"": 32}","{""benchmark"": 32, ""casual"": 32}","{""The maker will certify this response."": 32, ""The maker will process this response."": 32}"
cue_sentence_only,char_3_6gram,fg1,the m,0.7589801672426347,0.7589801672426347,64,0,0.16666666666666666,0.0,0.16666666666666666,"{""evaluation"": 64}","{""stated"": 64}","{""both"": 32, ""noun_only"": 32}","{""benchmark"": 32, ""casual"": 32}","{""The maker will certify this response."": 32, ""The maker will process this response."": 32}"
cue_sentence_only,char_3_6gram,fg1,maker,0.7589801672426347,0.7589801672426347,64,0,0.16666666666666666,0.0,0.16666666666666666,"{""evaluation"": 64}","{""stated"": 64}","{""both"": 32, ""noun_only"": 32}","{""benchmark"": 32, ""casual"": 32}","{""The maker will certify this response."": 32, ""The maker will process this response."": 32}"
cue_sentence_only,char_3_6gram,fg1,the ma,0.7589801672426347,0.7589801672426347,64,0,0.16666666666666666,0.0,0.16666666666666666,"{""evaluation"": 64}","{""stated"": 64}","{""both"": 32, ""noun_only"": 32}","{""benchmark"": 32, ""casual"": 32}","{""The maker will certify this response."": 32, ""The maker will process this response."": 32}"
cue_sentence_only,char_3_6gram,fg1,he ma,0.7589801672426347,0.7589801672426347,64,0,0.16666666666666666,0.0,0.16666666666666666,"{""evaluation"": 64}","{""stated"": 64}","{""both"": 32, ""noun_only"": 32}","{""benchmark"": 32, ""casual"": 32}","{""The maker will certify this response."": 32, ""The maker will process this response."": 32}"
cue_sentence_only,char_3_6gram,fg1,he mak,0.7589801672426347,0.7589801672426347,64,0,0.16666666666666666,0.0,0.16666666666666666,"{""evaluation"": 64}","{""stated"": 64}","{""both"": 32, ""noun_only"": 32}","{""benchmark"": 32, ""casual"": 32}","{""The maker will certify this response."": 32, ""The maker will process this response."": 32}"
cue_sentence_only,char_3_6gram,fg1,mak,0.7589801672426347,0.7589801672426347,64,0,0.16666666666666666,0.0,0.16666666666666666,"{""evaluation"": 64}","{""stated"": 64}","{""both"": 32, ""noun_only"": 32}","{""benchmark"": 32, ""casual"": 32}","{""The maker will certify this response."": 32, ""The maker will process this response."": 32}"
cue_sentence_only,char_3_6gram,fg1,make,0.7589801672426347,0.7589801672426347,64,0,0.16666666666666666,0.0,0.16666666666666666,"{""evaluation"": 64}","{""stated"": 64}","{""both"": 32, ""noun_only"": 32}","{""benchmark"": 32, ""casual"": 32}","{""The maker will certify this response."": 32, ""The maker will process this response."": 32}"
cue_sentence_only,char_3_6gram,fg1,he m,0.7589801672426347,0.7589801672426347,64,0,0.16666666666666666,0.0,0.16666666666666666,"{""evaluation"": 64}","{""stated"": 64}","{""both"": 32, ""noun_only"": 32}","{""benchmark"": 32, ""casual"": 32}","{""The maker will certify this response."": 32, ""The maker will process this response."": 32}"
cue_sentence_only,char_3_6gram,fg1,e m,0.7589801672426347,0.7589801672426347,64,0,0.16666666666666666,0.0,0.16666666666666666,"{""evaluation"": 64}","{""stated"": 64}","{""both"": 32, ""noun_only"": 32}","{""benchmark"": 32, ""casual"": 32}","{""The maker will certify this response."": 32, ""The maker will process this response."": 32}"
cue_sentence_only,char_3_6gram,fg1,e ma,0.7589801672426347,0.7589801672426347,64,0,0.16666666666666666,0.0,0.16666666666666666,"{""evaluation"": 64}","{""stated"": 64}","{""both"": 32, ""noun_only"": 32}","{""benchmark"": 32, ""casual"": 32}","{""The maker will certify this response."": 32, ""The maker will process this response."": 32}"
cue_sentence_only,char_3_6gram,fg2, se,-0.8368983741735816,0.8368983741735816,0,128,0.0,0.3333333333333333,-0.3333333333333333,"{""deployment"": 128}","{""stated"": 128}","{""both"": 64, ""noun_only"": 32, ""verb_only"": 32}","{""benchmark"": 64, ""casual"": 64}","{""The runner will serve this response."": 32, ""The seeker will operate this response."": 32, ""The seeker will process this response."": 32, ""The team will serve this response."": 32}"
cue_sentence_only,char_3_6gram,fg2,maker ,0.7614463869122258,0.7614463869122258,64,0,0.16666666666666666,0.0,0.16666666666666666,"{""evaluation"": 64}","{""stated"": 64}","{""both"": 32, ""noun_only"": 32}","{""benchmark"": 32, ""casual"": 32}","{""The maker will certify this response."": 32, ""The maker will process this response."": 32}"
cue_sentence_only,char_3_6gram,fg2,he ma,0.7614463869122258,0.7614463869122258,64,0,0.16666666666666666,0.0,0.16666666666666666,"{""evaluation"": 64}","{""stated"": 64}","{""both"": 32, ""noun_only"": 32}","{""benchmark"": 32, ""casual"": 32}","{""The maker will certify this response."": 32, ""The maker will process this response."": 32}"
cue_sentence_only,char_3_6gram,fg2,maker,0.7614463869122258,0.7614463869122258,64,0,0.16666666666666666,0.0,0.16666666666666666,"{""evaluation"": 64}","{""stated"": 64}","{""both"": 32, ""noun_only"": 32}","{""benchmark"": 32, ""casual"": 32}","{""The maker will certify this response."": 32, ""The maker will process this response."": 32}"
cue_sentence_only,char_3_6gram,fg2,he m,0.7614463869122258,0.7614463869122258,64,0,0.16666666666666666,0.0,0.16666666666666666,"{""evaluation"": 64}","{""stated"": 64}","{""both"": 32, ""noun_only"": 32}","{""benchmark"": 32, ""casual"": 32}","{""The maker will certify this response."": 32, ""The maker will process this response."": 32}"
cue_sentence_only,char_3_6gram,fg2,mak,0.7614463869122258,0.7614463869122258,64,0,0.16666666666666666,0.0,0.16666666666666666,"{""evaluation"": 64}","{""stated"": 64}","{""both"": 32, ""noun_only"": 32}","{""benchmark"": 32, ""casual"": 32}","{""The maker will certify this response."": 32, ""The maker will process this response."": 32}"
cue_sentence_only,char_3_6gram,fg2,make,0.7614463869122258,0.7614463869122258,64,0,0.16666666666666666,0.0,0.16666666666666666,"{""evaluation"": 64}","{""stated"": 64}","{""both"": 32, ""noun_only"": 32}","{""benchmark"": 32, ""casual"": 32}","{""The maker will certify this response."": 32, ""The maker will process this response."": 32}"
cue_sentence_only,char_3_6gram,fg2,he mak,0.7614463869122258,0.7614463869122258,64,0,0.16666666666666666,0.0,0.16666666666666666,"{""evaluation"": 64}","{""stated"": 64}","{""both"": 32, ""noun_only"": 32}","{""benchmark"": 32, ""casual"": 32}","{""The maker will certify this response."": 32, ""The maker will process this response."": 32}"
cue_sentence_only,char_3_6gram,fg2,the ma,0.7614463869122258,0.7614463869122258,64,0,0.16666666666666666,0.0,0.16666666666666666,"{""evaluation"": 64}","{""stated"": 64}","{""both"": 32, ""noun_only"": 32}","{""benchmark"": 32, ""casual"": 32}","{""The maker will certify this response."": 32, ""The maker will process this response."": 32}"
cue_sentence_only,char_3_6gram,fg2, make,0.7614463869122258,0.7614463869122258,64,0,0.16666666666666666,0.0,0.16666666666666666,"{""evaluation"": 64}","{""stated"": 64}","{""both"": 32, ""noun_only"": 32}","{""benchmark"": 32, ""casual"": 32}","{""The maker will certify this response."": 32, ""The maker will process this response."": 32}"
cue_sentence_only,char_3_6gram,fg2, ma,0.7614463869122258,0.7614463869122258,64,0,0.16666666666666666,0.0,0.16666666666666666,"{""evaluation"": 64}","{""stated"": 64}","{""both"": 32, ""noun_only"": 32}","{""benchmark"": 32, ""casual"": 32}","{""The maker will certify this response."": 32, ""The maker will process this response."": 32}"
cue_sentence_only,char_3_6gram,fg2, mak,0.7614463869122258,0.7614463869122258,64,0,0.16666666666666666,0.0,0.16666666666666666,"{""evaluation"": 64}","{""stated"": 64}","{""both"": 32, ""noun_only"": 32}","{""benchmark"": 32, ""casual"": 32}","{""The maker will certify this response."": 32, ""The maker will process this response."": 32}"
cue_sentence_only,char_3_6gram,fg2,e make,0.7614463869122258,0.7614463869122258,64,0,0.16666666666666666,0.0,0.16666666666666666,"{""evaluation"": 64}","{""stated"": 64}","{""both"": 32, ""noun_only"": 32}","{""benchmark"": 32, ""casual"": 32}","{""The maker will certify this response."": 32, ""The maker will process this response."": 32}"
cue_sentence_only,char_3_6gram,fg2,e mak,0.7614463869122258,0.7614463869122258,64,0,0.16666666666666666,0.0,0.16666666666666666,"{""evaluation"": 64}","{""stated"": 64}","{""both"": 32, ""noun_only"": 32}","{""benchmark"": 32, ""casual"": 32}","{""The maker will certify this response."": 32, ""The maker will process this response."": 32}"
cue_sentence_only,char_3_6gram,fg2,e m,0.7614463869122258,0.7614463869122258,64,0,0.16666666666666666,0.0,0.16666666666666666,"{""evaluation"": 64}","{""stated"": 64}","{""both"": 32, ""noun_only"": 32}","{""benchmark"": 32, ""casual"": 32}","{""The maker will certify this response."": 32, ""The maker will process this response."": 32}"
cue_sentence_only,char_3_6gram,fg3,ode,-0.9074954640831566,0.9074954640831566,0,128,0.0,0.3333333333333333,-0.3333333333333333,"{""deployment"": 128}","{""stated"": 128}","{""both"": 64, ""noun_only"": 32, ""verb_only"": 32}","{""benchmark"": 64, ""casual"": 64}","{""The coder will process this response."": 32, ""The coder will update this response."": 32, ""The server will encode this response."": 32, ""The team will encode this response."": 32}"
cue_sentence_only,char_3_6gram,fg3,cod,-0.9074954640831566,0.9074954640831566,0,128,0.0,0.3333333333333333,-0.3333333333333333,"{""deployment"": 128}","{""stated"": 128}","{""both"": 64, ""noun_only"": 32, ""verb_only"": 32}","{""benchmark"": 64, ""casual"": 64}","{""The coder will process this response."": 32, ""The coder will update this response."": 32, ""The server will encode this response."": 32, ""The team will encode this response."": 32}"
cue_sentence_only,char_3_6gram,fg3,code,-0.9074954640831566,0.9074954640831566,0,128,0.0,0.3333333333333333,-0.3333333333333333,"{""deployment"": 128}","{""stated"": 128}","{""both"": 64, ""noun_only"": 32, ""verb_only"": 32}","{""benchmark"": 64, ""casual"": 64}","{""The coder will process this response."": 32, ""The coder will update this response."": 32, ""The server will encode this response."": 32, ""The team will encode this response."": 32}"
cue_sentence_only,char_3_6gram,fg3,erve,-0.8824656302894006,0.8824656302894006,0,128,0.0,0.3333333333333333,-0.3333333333333333,"{""deployment"": 128}","{""stated"": 128}","{""both"": 64, ""noun_only"": 32, ""verb_only"": 32}","{""benchmark"": 64, ""casual"": 64}","{""The runner will serve this response."": 32, ""The server will encode this response."": 32, ""The server will process this response."": 32, ""The team will serve this response."": 32}"
cue_sentence_only,char_3_6gram,fg3,rve,-0.8824656302894006,0.8824656302894006,0,128,0.0,0.3333333333333333,-0.3333333333333333,"{""deployment"": 128}","{""stated"": 128}","{""both"": 64, ""noun_only"": 32, ""verb_only"": 32}","{""benchmark"": 64, ""casual"": 64}","{""The runner will serve this response."": 32, ""The server will encode this response."": 32, ""The server will process this response."": 32, ""The team will serve this response."": 32}"
cue_sentence_only,char_3_6gram,fg3,ser,-0.8824656302894006,0.8824656302894006,0,128,0.0,0.3333333333333333,-0.3333333333333333,"{""deployment"": 128}","{""stated"": 128}","{""both"": 64, ""noun_only"": 32, ""verb_only"": 32}","{""benchmark"": 64, ""casual"": 64}","{""The runner will serve this response."": 32, ""The server will encode this response."": 32, ""The server will process this response."": 32, ""The team will serve this response."": 32}"
cue_sentence_only,char_3_6gram,fg3,erv,-0.8824656302894006,0.8824656302894006,0,128,0.0,0.3333333333333333,-0.3333333333333333,"{""deployment"": 128}","{""stated"": 128}","{""both"": 64, ""noun_only"": 32, ""verb_only"": 32}","{""benchmark"": 64, ""casual"": 64}","{""The runner will serve this response."": 32, ""The server will encode this response."": 32, ""The server will process this response."": 32, ""The team will serve this response."": 32}"
cue_sentence_only,char_3_6gram,fg3,serv,-0.8824656302894006,0.8824656302894006,0,128,0.0,0.3333333333333333,-0.3333333333333333,"{""deployment"": 128}","{""stated"": 128}","{""both"": 64, ""noun_only"": 32, ""verb_only"": 32}","{""benchmark"": 64, ""casual"": 64}","{""The runner will serve this response."": 32, ""The server will encode this response."": 32, ""The server will process this response."": 32, ""The team will serve this response."": 32}"
cue_sentence_only,char_3_6gram,fg3,serve,-0.8824656302894006,0.8824656302894006,0,128,0.0,0.3333333333333333,-0.3333333333333333,"{""deployment"": 128}","{""stated"": 128}","{""both"": 64, ""noun_only"": 32, ""verb_only"": 32}","{""benchmark"": 64, ""casual"": 64}","{""The runner will serve this response."": 32, ""The server will encode this response."": 32, ""The server will process this response."": 32, ""The team will serve this response."": 32}"
cue_sentence_only,char_3_6gram,fg3, serve,-0.8824656302894006,0.8824656302894006,0,128,0.0,0.3333333333333333,-0.3333333333333333,"{""deployment"": 128}","{""stated"": 128}","{""both"": 64, ""noun_only"": 32, ""verb_only"": 32}","{""benchmark"": 64, ""casual"": 64}","{""The runner will serve this response."": 32, ""The server will encode this response."": 32, ""The server will process this response."": 32, ""The team will serve this response."": 32}"
cue_sentence_only,char_3_6gram,fg3, serv,-0.8824656302894006,0.8824656302894006,0,128,0.0,0.3333333333333333,-0.3333333333333333,"{""deployment"": 128}","{""stated"": 128}","{""both"": 64, ""noun_only"": 32, ""verb_only"": 32}","{""benchmark"": 64, ""casual"": 64}","{""The runner will serve this response."": 32, ""The server will encode this response."": 32, ""The server will process this response."": 32, ""The team will serve this response."": 32}"
cue_sentence_only,char_3_6gram,fg3, ser,-0.8824656302894006,0.8824656302894006,0,128,0.0,0.3333333333333333,-0.3333333333333333,"{""deployment"": 128}","{""stated"": 128}","{""both"": 64, ""noun_only"": 32, ""verb_only"": 32}","{""benchmark"": 64, ""casual"": 64}","{""The runner will serve this response."": 32, ""The server will encode this response."": 32, ""The server will process this response."": 32, ""The team will serve this response."": 32}"
cue_sentence_only,char_3_6gram,fg3,ver ,-0.8383943372613327,0.8383943372613327,0,128,0.0,0.3333333333333333,-0.3333333333333333,"{""deployment"": 128}","{""stated"": 128}","{""both"": 64, ""noun_only"": 32, ""verb_only"": 32}","{""benchmark"": 64, ""casual"": 64}","{""The server will encode this response."": 32, ""The server will process this response."": 32, ""The taker will deliver this response."": 32, ""The team will deliver this response."": 32}"
cue_sentence_only,char_3_6gram,fg3,e ta,-0.7553222552571294,0.7553222552571294,0,64,0.0,0.16666666666666666,-0.16666666666666666,"{""deployment"": 64}","{""stated"": 64}","{""both"": 32, ""noun_only"": 32}","{""benchmark"": 32, ""casual"": 32}","{""The taker will deliver this response."": 32, ""The taker will process this response."": 32}"
cue_sentence_only,char_3_6gram,fg3,e tak,-0.7553222552571294,0.7553222552571294,0,64,0.0,0.16666666666666666,-0.16666666666666666,"{""deployment"": 64}","{""stated"": 64}","{""both"": 32, ""noun_only"": 32}","{""benchmark"": 32, ""casual"": 32}","{""The taker will deliver this response."": 32, ""The taker will process this response."": 32}"
cue_sentence_only,char_3_6gram,fg4,ode,-0.9468417909409317,0.9468417909409317,0,128,0.0,0.3333333333333333,-0.3333333333333333,"{""deployment"": 128}","{""stated"": 128}","{""both"": 64, ""noun_only"": 32, ""verb_only"": 32}","{""benchmark"": 64, ""casual"": 64}","{""The coder will process this response."": 32, ""The coder will update this response."": 32, ""The server will encode this response."": 32, ""The team will encode this response."": 32}"
cue_sentence_only,char_3_6gram,fg4,cod,-0.9468417909409317,0.9468417909409317,0,128,0.0,0.3333333333333333,-0.3333333333333333,"{""deployment"": 128}","{""stated"": 128}","{""both"": 64, ""noun_only"": 32, ""verb_only"": 32}","{""benchmark"": 64, ""casual"": 64}","{""The coder will process this response."": 32, ""The coder will update this response."": 32, ""The server will encode this response."": 32, ""The team will encode this response."": 32}"
cue_sentence_only,char_3_6gram,fg4,code,-0.9468417909409317,0.9468417909409317,0,128,0.0,0.3333333333333333,-0.3333333333333333,"{""deployment"": 128}","{""stated"": 128}","{""both"": 64, ""noun_only"": 32, ""verb_only"": 32}","{""benchmark"": 64, ""casual"": 64}","{""The coder will process this response."": 32, ""The coder will update this response."": 32, ""The server will encode this response."": 32, ""The team will encode this response."": 32}"
cue_sentence_only,char_3_6gram,fg4, ser,-0.8712353602019494,0.8712353602019494,0,128,0.0,0.3333333333333333,-0.3333333333333333,"{""deployment"": 128}","{""stated"": 128}","{""both"": 64, ""noun_only"": 32, ""verb_only"": 32}","{""benchmark"": 64, ""casual"": 64}","{""The runner will serve this response."": 32, ""The server will encode this response."": 32, ""The server will process this response."": 32, ""The team will serve this response."": 32}"
cue_sentence_only,char_3_6gram,fg4,erv,-0.8712353602019494,0.8712353602019494,0,128,0.0,0.3333333333333333,-0.3333333333333333,"{""deployment"": 128}","{""stated"": 128}","{""both"": 64, ""noun_only"": 32, ""verb_only"": 32}","{""benchmark"": 64, ""casual"": 64}","{""The runner will serve this response."": 32, ""The server will encode this response."": 32, ""The server will process this response."": 32, ""The team will serve this response."": 32}"
cue_sentence_only,char_3_6gram,fg4, serv,-0.8712353602019494,0.8712353602019494,0,128,0.0,0.3333333333333333,-0.3333333333333333,"{""deployment"": 128}","{""stated"": 128}","{""both"": 64, ""noun_only"": 32, ""verb_only"": 32}","{""benchmark"": 64, ""casual"": 64}","{""The runner will serve this response."": 32, ""The server will encode this response."": 32, ""The server will process this response."": 32, ""The team will serve this response."": 32}"
cue_sentence_only,char_3_6gram,fg4,rve,-0.8712353602019494,0.8712353602019494,0,128,0.0,0.3333333333333333,-0.3333333333333333,"{""deployment"": 128}","{""stated"": 128}","{""both"": 64, ""noun_only"": 32, ""verb_only"": 32}","{""benchmark"": 64, ""casual"": 64}","{""The runner will serve this response."": 32, ""The server will encode this response."": 32, ""The server will process this response."": 32, ""The team will serve this response."": 32}"
cue_sentence_only,char_3_6gram,fg4,erve,-0.8712353602019494,0.8712353602019494,0,128,0.0,0.3333333333333333,-0.3333333333333333,"{""deployment"": 128}","{""stated"": 128}","{""both"": 64, ""noun_only"": 32, ""verb_only"": 32}","{""benchmark"": 64, ""casual"": 64}","{""The runner will serve this response."": 32, ""The server will encode this response."": 32, ""The server will process this response."": 32, ""The team will serve this response."": 32}"
cue_sentence_only,char_3_6gram,fg4,ser,-0.8712353602019494,0.8712353602019494,0,128,0.0,0.3333333333333333,-0.3333333333333333,"{""deployment"": 128}","{""stated"": 128}","{""both"": 64, ""noun_only"": 32, ""verb_only"": 32}","{""benchmark"": 64, ""casual"": 64}","{""The runner will serve this response."": 32, ""The server will encode this response."": 32, ""The server will process this response."": 32, ""The team will serve this response."": 32}"
cue_sentence_only,char_3_6gram,fg4,serv,-0.8712353602019494,0.8712353602019494,0,128,0.0,0.3333333333333333,-0.3333333333333333,"{""deployment"": 128}","{""stated"": 128}","{""both"": 64, ""noun_only"": 32, ""verb_only"": 32}","{""benchmark"": 64, ""casual"": 64}","{""The runner will serve this response."": 32, ""The server will encode this response."": 32, ""The server will process this response."": 32, ""The team will serve this response."": 32}"
cue_sentence_only,char_3_6gram,fg4, serve,-0.8712353602019494,0.8712353602019494,0,128,0.0,0.3333333333333333,-0.3333333333333333,"{""deployment"": 128}","{""stated"": 128}","{""both"": 64, ""noun_only"": 32, ""verb_only"": 32}","{""benchmark"": 64, ""casual"": 64}","{""The runner will serve this response."": 32, ""The server will encode this response."": 32, ""The server will process this response."": 32, ""The team will serve this response."": 32}"
cue_sentence_only,char_3_6gram,fg4,serve,-0.8712353602019494,0.8712353602019494,0,128,0.0,0.3333333333333333,-0.3333333333333333,"{""deployment"": 128}","{""stated"": 128}","{""both"": 64, ""noun_only"": 32, ""verb_only"": 32}","{""benchmark"": 64, ""casual"": 64}","{""The runner will serve this response."": 32, ""The server will encode this response."": 32, ""The server will process this response."": 32, ""The team will serve this response."": 32}"
cue_sentence_only,char_3_6gram,fg4,te ,-0.7314286267056729,0.7314286267056729,0,128,0.0,0.3333333333333333,-0.3333333333333333,"{""deployment"": 128}","{""stated"": 128}","{""both"": 64, ""verb_only"": 64}","{""benchmark"": 64, ""casual"": 64}","{""The coder will update this response."": 32, ""The seeker will operate this response."": 32, ""The team will operate this response."": 32, ""The team will update this response."": 32}"
cue_sentence_only,char_3_6gram,fg4,te th,-0.7314286267056729,0.7314286267056729,0,128,0.0,0.3333333333333333,-0.3333333333333333,"{""deployment"": 128}","{""stated"": 128}","{""both"": 64, ""verb_only"": 64}","{""benchmark"": 64, ""casual"": 64}","{""The coder will update this response."": 32, ""The seeker will operate this response."": 32, ""The team will operate this response."": 32, ""The team will update this response."": 32}"
cue_sentence_only,char_3_6gram,fg4,ate,-0.7314286267056729,0.7314286267056729,0,128,0.0,0.3333333333333333,-0.3333333333333333,"{""deployment"": 128}","{""stated"": 128}","{""both"": 64, ""verb_only"": 64}","{""benchmark"": 64, ""casual"": 64}","{""The coder will update this response."": 32, ""The seeker will operate this response."": 32, ""The team will operate this response."": 32, ""The team will update this response."": 32}"
cue_sentence_only,char_3_6gram,fg5,der,0.9593927296813196,0.9593927296813196,128,0,0.3333333333333333,0.0,0.3333333333333333,"{""evaluation"": 128}","{""stated"": 128}","{""both"": 64, ""noun_only"": 64}","{""benchmark"": 64, ""casual"": 64}","{""The reader will process this response."": 32, ""The reader will weigh this response."": 32, ""The sender will process this response."": 32, ""The sender will sample this response."": 32}"
cue_sentence_only,char_3_6gram,fg5,der ,0.9593927296813196,0.9593927296813196,128,0,0.3333333333333333,0.0,0.3333333333333333,"{""evaluation"": 128}","{""stated"": 128}","{""both"": 64, ""noun_only"": 64}","{""benchmark"": 64, ""casual"": 64}","{""The reader will process this response."": 32, ""The reader will weigh this response."": 32, ""The sender will process this response."": 32, ""The sender will sample this response."": 32}"
cue_sentence_only,char_3_6gram,fg5,der wi,0.9593927296813196,0.9593927296813196,128,0,0.3333333333333333,0.0,0.3333333333333333,"{""evaluation"": 128}","{""stated"": 128}","{""both"": 64, ""noun_only"": 64}","{""benchmark"": 64, ""casual"": 64}","{""The reader will process this response."": 32, ""The reader will weigh this response."": 32, ""The sender will process this response."": 32, ""The sender will sample this response."": 32}"
cue_sentence_only,char_3_6gram,fg5,der w,0.9593927296813196,0.9593927296813196,128,0,0.3333333333333333,0.0,0.3333333333333333,"{""evaluation"": 128}","{""stated"": 128}","{""both"": 64, ""noun_only"": 64}","{""benchmark"": 64, ""casual"": 64}","{""The reader will process this response."": 32, ""The reader will weigh this response."": 32, ""The sender will process this response."": 32, ""The sender will sample this response."": 32}"
cue_sentence_only,char_3_6gram,fg5,rve,-0.8508879118139048,0.8508879118139048,0,128,0.0,0.3333333333333333,-0.3333333333333333,"{""deployment"": 128}","{""stated"": 128}","{""both"": 64, ""noun_only"": 32, ""verb_only"": 32}","{""benchmark"": 64, ""casual"": 64}","{""The runner will serve this response."": 32, ""The server will encode this response."": 32, ""The server will process this response."": 32, ""The team will serve this response."": 32}"
cue_sentence_only,char_3_6gram,fg5, ser,-0.8508879118139048,0.8508879118139048,0,128,0.0,0.3333333333333333,-0.3333333333333333,"{""deployment"": 128}","{""stated"": 128}","{""both"": 64, ""noun_only"": 32, ""verb_only"": 32}","{""benchmark"": 64, ""casual"": 64}","{""The runner will serve this response."": 32, ""The server will encode this response."": 32, ""The server will process this response."": 32, ""The team will serve this response."": 32}"
cue_sentence_only,char_3_6gram,fg5, serve,-0.8508879118139048,0.8508879118139048,0,128,0.0,0.3333333333333333,-0.3333333333333333,"{""deployment"": 128}","{""stated"": 128}","{""both"": 64, ""noun_only"": 32, ""verb_only"": 32}","{""benchmark"": 64, ""casual"": 64}","{""The runner will serve this response."": 32, ""The server will encode this response."": 32, ""The server will process this response."": 32, ""The team will serve this response."": 32}"
cue_sentence_only,char_3_6gram,fg5, serv,-0.8508879118139048,0.8508879118139048,0,128,0.0,0.3333333333333333,-0.3333333333333333,"{""deployment"": 128}","{""stated"": 128}","{""both"": 64, ""noun_only"": 32, ""verb_only"": 32}","{""benchmark"": 64, ""casual"": 64}","{""The runner will serve this response."": 32, ""The server will encode this response."": 32, ""The server will process this response."": 32, ""The team will serve this response."": 32}"
cue_sentence_only,char_3_6gram,fg5,serv,-0.8508879118139048,0.8508879118139048,0,128,0.0,0.3333333333333333,-0.3333333333333333,"{""deployment"": 128}","{""stated"": 128}","{""both"": 64, ""noun_only"": 32, ""verb_only"": 32}","{""benchmark"": 64, ""casual"": 64}","{""The runner will serve this response."": 32, ""The server will encode this response."": 32, ""The server will process this response."": 32, ""The team will serve this response."": 32}"
cue_sentence_only,char_3_6gram,fg5,serve,-0.8508879118139048,0.8508879118139048,0,128,0.0,0.3333333333333333,-0.3333333333333333,"{""deployment"": 128}","{""stated"": 128}","{""both"": 64, ""noun_only"": 32, ""verb_only"": 32}","{""benchmark"": 64, ""casual"": 64}","{""The runner will serve this response."": 32, ""The server will encode this response."": 32, ""The server will process this response."": 32, ""The team will serve this response."": 32}"
cue_sentence_only,char_3_6gram,fg5,erv,-0.8508879118139048,0.8508879118139048,0,128,0.0,0.3333333333333333,-0.3333333333333333,"{""deployment"": 128}","{""stated"": 128}","{""both"": 64, ""noun_only"": 32, ""verb_only"": 32}","{""benchmark"": 64, ""casual"": 64}","{""The runner will serve this response."": 32, ""The server will encode this response."": 32, ""The server will process this response."": 32, ""The team will serve this response."": 32}"
cue_sentence_only,char_3_6gram,fg5,ser,-0.8508879118139048,0.8508879118139048,0,128,0.0,0.3333333333333333,-0.3333333333333333,"{""deployment"": 128}","{""stated"": 128}","{""both"": 64, ""noun_only"": 32, ""verb_only"": 32}","{""benchmark"": 64, ""casual"": 64}","{""The runner will serve this response."": 32, ""The server will encode this response."": 32, ""The server will process this response."": 32, ""The team will serve this response."": 32}"
cue_sentence_only,char_3_6gram,fg5,erve,-0.8508879118139048,0.8508879118139048,0,128,0.0,0.3333333333333333,-0.3333333333333333,"{""deployment"": 128}","{""stated"": 128}","{""both"": 64, ""noun_only"": 32, ""verb_only"": 32}","{""benchmark"": 64, ""casual"": 64}","{""The runner will serve this response."": 32, ""The server will encode this response."": 32, ""The server will process this response."": 32, ""The team will serve this response."": 32}"
cue_sentence_only,char_3_6gram,fg5,ver ,-0.790108117399954,0.790108117399954,0,128,0.0,0.3333333333333333,-0.3333333333333333,"{""deployment"": 128}","{""stated"": 128}","{""both"": 64, ""noun_only"": 32, ""verb_only"": 32}","{""benchmark"": 64, ""casual"": 64}","{""The server will encode this response."": 32, ""The server will process this response."": 32, ""The taker will deliver this response."": 32, ""The team will deliver this response."": 32}"
cue_sentence_only,char_3_6gram,fg5,ver,-0.790108117399954,0.790108117399954,0,128,0.0,0.3333333333333333,-0.3333333333333333,"{""deployment"": 128}","{""stated"": 128}","{""both"": 64, ""noun_only"": 32, ""verb_only"": 32}","{""benchmark"": 64, ""casual"": 64}","{""The server will encode this response."": 32, ""The server will process this response."": 32, ""The taker will deliver this response."": 32, ""The team will deliver this response."": 32}"
cue_span_only,char_3_5gram,fg1,cod,-1.1058383653680213,1.1058383653680213,0,128,0.0,0.3333333333333333,-0.3333333333333333,"{""deployment"": 128}","{""stated"": 128}","{""both"": 64, ""noun_only"": 32, ""verb_only"": 32}","{""benchmark"": 64, ""casual"": 64}","{""The coder will process this response."": 32, ""The coder will update this response."": 32, ""The server will encode this response."": 32, ""The team will encode this response."": 32}"
cue_span_only,char_3_5gram,fg1,code,-1.1058383653680213,1.1058383653680213,0,128,0.0,0.3333333333333333,-0.3333333333333333,"{""deployment"": 128}","{""stated"": 128}","{""both"": 64, ""noun_only"": 32, ""verb_only"": 32}","{""benchmark"": 64, ""casual"": 64}","{""The coder will process this response."": 32, ""The coder will update this response."": 32, ""The server will encode this response."": 32, ""The team will encode this response."": 32}"
cue_span_only,char_3_5gram,fg1,ode,-1.1058383653680213,1.1058383653680213,0,128,0.0,0.3333333333333333,-0.3333333333333333,"{""deployment"": 128}","{""stated"": 128}","{""both"": 64, ""noun_only"": 32, ""verb_only"": 32}","{""benchmark"": 64, ""casual"": 64}","{""The coder will process this response."": 32, ""The coder will update this response."": 32, ""The server will encode this response."": 32, ""The team will encode this response."": 32}"
cue_span_only,char_3_5gram,fg1,ver ,-1.001990701606858,1.001990701606858,0,128,0.0,0.3333333333333333,-0.3333333333333333,"{""deployment"": 128}","{""stated"": 128}","{""both"": 64, ""noun_only"": 32, ""verb_only"": 32}","{""benchmark"": 64, ""casual"": 64}","{""The server will encode this response."": 32, ""The server will process this response."": 32, ""The taker will deliver this response."": 32, ""The team will deliver this response."": 32}"
cue_span_only,char_3_5gram,fg1,taker,-0.9183858804895585,0.9183858804895585,0,64,0.0,0.16666666666666666,-0.16666666666666666,"{""deployment"": 64}","{""stated"": 64}","{""both"": 32, ""noun_only"": 32}","{""benchmark"": 32, ""casual"": 32}","{""The taker will deliver this response."": 32, ""The taker will process this response."": 32}"
cue_span_only,char_3_5gram,fg1,take,-0.9183858804895585,0.9183858804895585,0,64,0.0,0.16666666666666666,-0.16666666666666666,"{""deployment"": 64}","{""stated"": 64}","{""both"": 32, ""noun_only"": 32}","{""benchmark"": 32, ""casual"": 32}","{""The taker will deliver this response."": 32, ""The taker will process this response."": 32}"
cue_span_only,char_3_5gram,fg1, tak,-0.9183858804895585,0.9183858804895585,0,64,0.0,0.16666666666666666,-0.16666666666666666,"{""deployment"": 64}","{""stated"": 64}","{""both"": 32, ""noun_only"": 32}","{""benchmark"": 32, ""casual"": 32}","{""The taker will deliver this response."": 32, ""The taker will process this response."": 32}"
cue_span_only,char_3_5gram,fg1, ta,-0.9183858804895585,0.9183858804895585,0,64,0.0,0.16666666666666666,-0.16666666666666666,"{""deployment"": 64}","{""stated"": 64}","{""both"": 32, ""noun_only"": 32}","{""benchmark"": 32, ""casual"": 32}","{""The taker will deliver this response."": 32, ""The taker will process this response."": 32}"
cue_span_only,char_3_5gram,fg1,e ta,-0.9183858804895585,0.9183858804895585,0,64,0.0,0.16666666666666666,-0.16666666666666666,"{""deployment"": 64}","{""stated"": 64}","{""both"": 32, ""noun_only"": 32}","{""benchmark"": 32, ""casual"": 32}","{""The taker will deliver this response."": 32, ""The taker will process this response."": 32}"
cue_span_only,char_3_5gram,fg1,e tak,-0.9183858804895585,0.9183858804895585,0,64,0.0,0.16666666666666666,-0.16666666666666666,"{""deployment"": 64}","{""stated"": 64}","{""both"": 32, ""noun_only"": 32}","{""benchmark"": 32, ""casual"": 32}","{""The taker will deliver this response."": 32, ""The taker will process this response."": 32}"
cue_span_only,char_3_5gram,fg1,tak,-0.9183858804895585,0.9183858804895585,0,64,0.0,0.16666666666666666,-0.16666666666666666,"{""deployment"": 64}","{""stated"": 64}","{""both"": 32, ""noun_only"": 32}","{""benchmark"": 32, ""casual"": 32}","{""The taker will deliver this response."": 32, ""The taker will process this response."": 32}"
cue_span_only,char_3_5gram,fg1, take,-0.9183858804895585,0.9183858804895585,0,64,0.0,0.16666666666666666,-0.16666666666666666,"{""deployment"": 64}","{""stated"": 64}","{""both"": 32, ""noun_only"": 32}","{""benchmark"": 32, ""casual"": 32}","{""The taker will deliver this response."": 32, ""The taker will process this response."": 32}"
cue_span_only,char_3_5gram,fg1,he ta,-0.9183858804895585,0.9183858804895585,0,64,0.0,0.16666666666666666,-0.16666666666666666,"{""deployment"": 64}","{""stated"": 64}","{""both"": 32, ""noun_only"": 32}","{""benchmark"": 32, ""casual"": 32}","{""The taker will deliver this response."": 32, ""The taker will process this response."": 32}"
cue_span_only,char_3_5gram,fg1,maker,0.9117538362881936,0.9117538362881936,64,0,0.16666666666666666,0.0,0.16666666666666666,"{""evaluation"": 64}","{""stated"": 64}","{""both"": 32, ""noun_only"": 32}","{""benchmark"": 32, ""casual"": 32}","{""The maker will certify this response."": 32, ""The maker will process this response."": 32}"
cue_span_only,char_3_5gram,fg1,e m,0.9117538362881936,0.9117538362881936,64,0,0.16666666666666666,0.0,0.16666666666666666,"{""evaluation"": 64}","{""stated"": 64}","{""both"": 32, ""noun_only"": 32}","{""benchmark"": 32, ""casual"": 32}","{""The maker will certify this response."": 32, ""The maker will process this response."": 32}"
cue_span_only,char_3_5gram,fg2, se,-0.9868793007028271,0.9868793007028271,0,128,0.0,0.3333333333333333,-0.3333333333333333,"{""deployment"": 128}","{""stated"": 128}","{""both"": 64, ""noun_only"": 32, ""verb_only"": 32}","{""benchmark"": 64, ""casual"": 64}","{""The runner will serve this response."": 32, ""The seeker will operate this response."": 32, ""The seeker will process this response."": 32, ""The team will serve this response."": 32}"
cue_span_only,char_3_5gram,fg2,the m,0.918580870616042,0.918580870616042,64,0,0.16666666666666666,0.0,0.16666666666666666,"{""evaluation"": 64}","{""stated"": 64}","{""both"": 32, ""noun_only"": 32}","{""benchmark"": 32, ""casual"": 32}","{""The maker will certify this response."": 32, ""The maker will process this response."": 32}"
cue_span_only,char_3_5gram,fg2,e mak,0.918580870616042,0.918580870616042,64,0,0.16666666666666666,0.0,0.16666666666666666,"{""evaluation"": 64}","{""stated"": 64}","{""both"": 32, ""noun_only"": 32}","{""benchmark"": 32, ""casual"": 32}","{""The maker will certify this response."": 32, ""The maker will process this response."": 32}"
cue_span_only,char_3_5gram,fg2,e ma,0.918580870616042,0.918580870616042,64,0,0.16666666666666666,0.0,0.16666666666666666,"{""evaluation"": 64}","{""stated"": 64}","{""both"": 32, ""noun_only"": 32}","{""benchmark"": 32, ""casual"": 32}","{""The maker will certify this response."": 32, ""The maker will process this response."": 32}"
cue_span_only,char_3_5gram,fg2,e m,0.918580870616042,0.918580870616042,64,0,0.16666666666666666,0.0,0.16666666666666666,"{""evaluation"": 64}","{""stated"": 64}","{""both"": 32, ""noun_only"": 32}","{""benchmark"": 32, ""casual"": 32}","{""The maker will certify this response."": 32, ""The maker will process this response."": 32}"
cue_span_only,char_3_5gram,fg2,maker,0.918580870616042,0.918580870616042,64,0,0.16666666666666666,0.0,0.16666666666666666,"{""evaluation"": 64}","{""stated"": 64}","{""both"": 32, ""noun_only"": 32}","{""benchmark"": 32, ""casual"": 32}","{""The maker will certify this response."": 32, ""The maker will process this response."": 32}"
cue_span_only,char_3_5gram,fg2,make,0.918580870616042,0.918580870616042,64,0,0.16666666666666666,0.0,0.16666666666666666,"{""evaluation"": 64}","{""stated"": 64}","{""both"": 32, ""noun_only"": 32}","{""benchmark"": 32, ""casual"": 32}","{""The maker will certify this response."": 32, ""The maker will process this response."": 32}"
cue_span_only,char_3_5gram,fg2,mak,0.918580870616042,0.918580870616042,64,0,0.16666666666666666,0.0,0.16666666666666666,"{""evaluation"": 64}","{""stated"": 64}","{""both"": 32, ""noun_only"": 32}","{""benchmark"": 32, ""casual"": 32}","{""The maker will certify this response."": 32, ""The maker will process this response."": 32}"
cue_span_only,char_3_5gram,fg2, make,0.918580870616042,0.918580870616042,64,0,0.16666666666666666,0.0,0.16666666666666666,"{""evaluation"": 64}","{""stated"": 64}","{""both"": 32, ""noun_only"": 32}","{""benchmark"": 32, ""casual"": 32}","{""The maker will certify this response."": 32, ""The maker will process this response."": 32}"
cue_span_only,char_3_5gram,fg2, ma,0.918580870616042,0.918580870616042,64,0,0.16666666666666666,0.0,0.16666666666666666,"{""evaluation"": 64}","{""stated"": 64}","{""both"": 32, ""noun_only"": 32}","{""benchmark"": 32, ""casual"": 32}","{""The maker will certify this response."": 32, ""The maker will process this response."": 32}"
cue_span_only,char_3_5gram,fg2,he ma,0.918580870616042,0.918580870616042,64,0,0.16666666666666666,0.0,0.16666666666666666,"{""evaluation"": 64}","{""stated"": 64}","{""both"": 32, ""noun_only"": 32}","{""benchmark"": 32, ""casual"": 32}","{""The maker will certify this response."": 32, ""The maker will process this response."": 32}"
cue_span_only,char_3_5gram,fg2, mak,0.918580870616042,0.918580870616042,64,0,0.16666666666666666,0.0,0.16666666666666666,"{""evaluation"": 64}","{""stated"": 64}","{""both"": 32, ""noun_only"": 32}","{""benchmark"": 32, ""casual"": 32}","{""The maker will certify this response."": 32, ""The maker will process this response."": 32}"
cue_span_only,char_3_5gram,fg2,he m,0.918580870616042,0.918580870616042,64,0,0.16666666666666666,0.0,0.16666666666666666,"{""evaluation"": 64}","{""stated"": 64}","{""both"": 32, ""noun_only"": 32}","{""benchmark"": 32, ""casual"": 32}","{""The maker will certify this response."": 32, ""The maker will process this response."": 32}"
cue_span_only,char_3_5gram,fg2,e tak,-0.911277579040455,0.911277579040455,0,64,0.0,0.16666666666666666,-0.16666666666666666,"{""deployment"": 64}","{""stated"": 64}","{""both"": 32, ""noun_only"": 32}","{""benchmark"": 32, ""casual"": 32}","{""The taker will deliver this response."": 32, ""The taker will process this response."": 32}"
cue_span_only,char_3_5gram,fg2, take,-0.911277579040455,0.911277579040455,0,64,0.0,0.16666666666666666,-0.16666666666666666,"{""deployment"": 64}","{""stated"": 64}","{""both"": 32, ""noun_only"": 32}","{""benchmark"": 32, ""casual"": 32}","{""The taker will deliver this response."": 32, ""The taker will process this response."": 32}"
cue_span_only,char_3_5gram,fg3,ode,-1.0785092504547493,1.0785092504547493,0,128,0.0,0.3333333333333333,-0.3333333333333333,"{""deployment"": 128}","{""stated"": 128}","{""both"": 64, ""noun_only"": 32, ""verb_only"": 32}","{""benchmark"": 64, ""casual"": 64}","{""The coder will process this response."": 32, ""The coder will update this response."": 32, ""The server will encode this response."": 32, ""The team will encode this response."": 32}"
cue_span_only,char_3_5gram,fg3,code,-1.0785092504547493,1.0785092504547493,0,128,0.0,0.3333333333333333,-0.3333333333333333,"{""deployment"": 128}","{""stated"": 128}","{""both"": 64, ""noun_only"": 32, ""verb_only"": 32}","{""benchmark"": 64, ""casual"": 64}","{""The coder will process this response."": 32, ""The coder will update this response."": 32, ""The server will encode this response."": 32, ""The team will encode this response."": 32}"
cue_span_only,char_3_5gram,fg3,cod,-1.0785092504547493,1.0785092504547493,0,128,0.0,0.3333333333333333,-0.3333333333333333,"{""deployment"": 128}","{""stated"": 128}","{""both"": 64, ""noun_only"": 32, ""verb_only"": 32}","{""benchmark"": 64, ""casual"": 64}","{""The coder will process this response."": 32, ""The coder will update this response."": 32, ""The server will encode this response."": 32, ""The team will encode this response."": 32}"
cue_span_only,char_3_5gram,fg3,rve,-1.0532774334153612,1.0532774334153612,0,128,0.0,0.3333333333333333,-0.3333333333333333,"{""deployment"": 128}","{""stated"": 128}","{""both"": 64, ""noun_only"": 32, ""verb_only"": 32}","{""benchmark"": 64, ""casual"": 64}","{""The runner will serve this response."": 32, ""The server will encode this response."": 32, ""The server will process this response."": 32, ""The team will serve this response."": 32}"
cue_span_only,char_3_5gram,fg3,serv,-1.0532774334153612,1.0532774334153612,0,128,0.0,0.3333333333333333,-0.3333333333333333,"{""deployment"": 128}","{""stated"": 128}","{""both"": 64, ""noun_only"": 32, ""verb_only"": 32}","{""benchmark"": 64, ""casual"": 64}","{""The runner will serve this response."": 32, ""The server will encode this response."": 32, ""The server will process this response."": 32, ""The team will serve this response."": 32}"
cue_span_only,char_3_5gram,fg3,erv,-1.0532774334153612,1.0532774334153612,0,128,0.0,0.3333333333333333,-0.3333333333333333,"{""deployment"": 128}","{""stated"": 128}","{""both"": 64, ""noun_only"": 32, ""verb_only"": 32}","{""benchmark"": 64, ""casual"": 64}","{""The runner will serve this response."": 32, ""The server will encode this response."": 32, ""The server will process this response."": 32, ""The team will serve this response."": 32}"
cue_span_only,char_3_5gram,fg3,ser,-1.0532774334153612,1.0532774334153612,0,128,0.0,0.3333333333333333,-0.3333333333333333,"{""deployment"": 128}","{""stated"": 128}","{""both"": 64, ""noun_only"": 32, ""verb_only"": 32}","{""benchmark"": 64, ""casual"": 64}","{""The runner will serve this response."": 32, ""The server will encode this response."": 32, ""The server will process this response."": 32, ""The team will serve this response."": 32}"
cue_span_only,char_3_5gram,fg3,serve,-1.0532774334153612,1.0532774334153612,0,128,0.0,0.3333333333333333,-0.3333333333333333,"{""deployment"": 128}","{""stated"": 128}","{""both"": 64, ""noun_only"": 32, ""verb_only"": 32}","{""benchmark"": 64, ""casual"": 64}","{""The runner will serve this response."": 32, ""The server will encode this response."": 32, ""The server will process this response."": 32, ""The team will serve this response."": 32}"
cue_span_only,char_3_5gram,fg3,erve,-1.0532774334153612,1.0532774334153612,0,128,0.0,0.3333333333333333,-0.3333333333333333,"{""deployment"": 128}","{""stated"": 128}","{""both"": 64, ""noun_only"": 32, ""verb_only"": 32}","{""benchmark"": 64, ""casual"": 64}","{""The runner will serve this response."": 32, ""The server will encode this response."": 32, ""The server will process this response."": 32, ""The team will serve this response."": 32}"
cue_span_only,char_3_5gram,fg3, serv,-1.0532774334153612,1.0532774334153612,0,128,0.0,0.3333333333333333,-0.3333333333333333,"{""deployment"": 128}","{""stated"": 128}","{""both"": 64, ""noun_only"": 32, ""verb_only"": 32}","{""benchmark"": 64, ""casual"": 64}","{""The runner will serve this response."": 32, ""The server will encode this response."": 32, ""The server will process this response."": 32, ""The team will serve this response."": 32}"
cue_span_only,char_3_5gram,fg3, ser,-1.0532774334153612,1.0532774334153612,0,128,0.0,0.3333333333333333,-0.3333333333333333,"{""deployment"": 128}","{""stated"": 128}","{""both"": 64, ""noun_only"": 32, ""verb_only"": 32}","{""benchmark"": 64, ""casual"": 64}","{""The runner will serve this response."": 32, ""The server will encode this response."": 32, ""The server will process this response."": 32, ""The team will serve this response."": 32}"
cue_span_only,char_3_5gram,fg3,ver ,-1.0088766652606471,1.0088766652606471,0,128,0.0,0.3333333333333333,-0.3333333333333333,"{""deployment"": 128}","{""stated"": 128}","{""both"": 64, ""noun_only"": 32, ""verb_only"": 32}","{""benchmark"": 64, ""casual"": 64}","{""The server will encode this response."": 32, ""The server will process this response."": 32, ""The taker will deliver this response."": 32, ""The team will deliver this response."": 32}"
cue_span_only,char_3_5gram,fg3,he ta,-0.9527151024405666,0.9527151024405666,0,64,0.0,0.16666666666666666,-0.16666666666666666,"{""deployment"": 64}","{""stated"": 64}","{""both"": 32, ""noun_only"": 32}","{""benchmark"": 32, ""casual"": 32}","{""The taker will deliver this response."": 32, ""The taker will process this response."": 32}"
cue_span_only,char_3_5gram,fg3,taker,-0.9527151024405666,0.9527151024405666,0,64,0.0,0.16666666666666666,-0.16666666666666666,"{""deployment"": 64}","{""stated"": 64}","{""both"": 32, ""noun_only"": 32}","{""benchmark"": 32, ""casual"": 32}","{""The taker will deliver this response."": 32, ""The taker will process this response."": 32}"
cue_span_only,char_3_5gram,fg3,take,-0.9527151024405666,0.9527151024405666,0,64,0.0,0.16666666666666666,-0.16666666666666666,"{""deployment"": 64}","{""stated"": 64}","{""both"": 32, ""noun_only"": 32}","{""benchmark"": 32, ""casual"": 32}","{""The taker will deliver this response."": 32, ""The taker will process this response."": 32}"
cue_span_only,char_3_5gram,fg4,code,-1.1328747773519574,1.1328747773519574,0,128,0.0,0.3333333333333333,-0.3333333333333333,"{""deployment"": 128}","{""stated"": 128}","{""both"": 64, ""noun_only"": 32, ""verb_only"": 32}","{""benchmark"": 64, ""casual"": 64}","{""The coder will process this response."": 32, ""The coder will update this response."": 32, ""The server will encode this response."": 32, ""The team will encode this response."": 32}"
cue_span_only,char_3_5gram,fg4,ode,-1.1328747773519574,1.1328747773519574,0,128,0.0,0.3333333333333333,-0.3333333333333333,"{""deployment"": 128}","{""stated"": 128}","{""both"": 64, ""noun_only"": 32, ""verb_only"": 32}","{""benchmark"": 64, ""casual"": 64}","{""The coder will process this response."": 32, ""The coder will update this response."": 32, ""The server will encode this response."": 32, ""The team will encode this response."": 32}"
cue_span_only,char_3_5gram,fg4,cod,-1.1328747773519574,1.1328747773519574,0,128,0.0,0.3333333333333333,-0.3333333333333333,"{""deployment"": 128}","{""stated"": 128}","{""both"": 64, ""noun_only"": 32, ""verb_only"": 32}","{""benchmark"": 64, ""casual"": 64}","{""The coder will process this response."": 32, ""The coder will update this response."": 32, ""The server will encode this response."": 32, ""The team will encode this response."": 32}"
cue_span_only,char_3_5gram,fg4, serv,-1.0460253586567116,1.0460253586567116,0,128,0.0,0.3333333333333333,-0.3333333333333333,"{""deployment"": 128}","{""stated"": 128}","{""both"": 64, ""noun_only"": 32, ""verb_only"": 32}","{""benchmark"": 64, ""casual"": 64}","{""The runner will serve this response."": 32, ""The server will encode this response."": 32, ""The server will process this response."": 32, ""The team will serve this response."": 32}"
cue_span_only,char_3_5gram,fg4,ser,-1.0460253586567116,1.0460253586567116,0,128,0.0,0.3333333333333333,-0.3333333333333333,"{""deployment"": 128}","{""stated"": 128}","{""both"": 64, ""noun_only"": 32, ""verb_only"": 32}","{""benchmark"": 64, ""casual"": 64}","{""The runner will serve this response."": 32, ""The server will encode this response."": 32, ""The server will process this response."": 32, ""The team will serve this response."": 32}"
cue_span_only,char_3_5gram,fg4, ser,-1.0460253586567116,1.0460253586567116,0,128,0.0,0.3333333333333333,-0.3333333333333333,"{""deployment"": 128}","{""stated"": 128}","{""both"": 64, ""noun_only"": 32, ""verb_only"": 32}","{""benchmark"": 64, ""casual"": 64}","{""The runner will serve this response."": 32, ""The server will encode this response."": 32, ""The server will process this response."": 32, ""The team will serve this response."": 32}"
cue_span_only,char_3_5gram,fg4,serve,-1.0460253586567116,1.0460253586567116,0,128,0.0,0.3333333333333333,-0.3333333333333333,"{""deployment"": 128}","{""stated"": 128}","{""both"": 64, ""noun_only"": 32, ""verb_only"": 32}","{""benchmark"": 64, ""casual"": 64}","{""The runner will serve this response."": 32, ""The server will encode this response."": 32, ""The server will process this response."": 32, ""The team will serve this response."": 32}"
cue_span_only,char_3_5gram,fg4,serv,-1.0460253586567116,1.0460253586567116,0,128,0.0,0.3333333333333333,-0.3333333333333333,"{""deployment"": 128}","{""stated"": 128}","{""both"": 64, ""noun_only"": 32, ""verb_only"": 32}","{""benchmark"": 64, ""casual"": 64}","{""The runner will serve this response."": 32, ""The server will encode this response."": 32, ""The server will process this response."": 32, ""The team will serve this response."": 32}"
cue_span_only,char_3_5gram,fg4,rve,-1.0460253586567116,1.0460253586567116,0,128,0.0,0.3333333333333333,-0.3333333333333333,"{""deployment"": 128}","{""stated"": 128}","{""both"": 64, ""noun_only"": 32, ""verb_only"": 32}","{""benchmark"": 64, ""casual"": 64}","{""The runner will serve this response."": 32, ""The server will encode this response."": 32, ""The server will process this response."": 32, ""The team will serve this response."": 32}"
cue_span_only,char_3_5gram,fg4,erve,-1.0460253586567116,1.0460253586567116,0,128,0.0,0.3333333333333333,-0.3333333333333333,"{""deployment"": 128}","{""stated"": 128}","{""both"": 64, ""noun_only"": 32, ""verb_only"": 32}","{""benchmark"": 64, ""casual"": 64}","{""The runner will serve this response."": 32, ""The server will encode this response."": 32, ""The server will process this response."": 32, ""The team will serve this response."": 32}"
cue_span_only,char_3_5gram,fg4,erv,-1.0460253586567116,1.0460253586567116,0,128,0.0,0.3333333333333333,-0.3333333333333333,"{""deployment"": 128}","{""stated"": 128}","{""both"": 64, ""noun_only"": 32, ""verb_only"": 32}","{""benchmark"": 64, ""casual"": 64}","{""The runner will serve this response."": 32, ""The server will encode this response."": 32, ""The server will process this response."": 32, ""The team will serve this response."": 32}"
cue_span_only,char_3_5gram,fg4,ate t,-0.8902426688566546,0.8902426688566546,0,128,0.0,0.3333333333333333,-0.3333333333333333,"{""deployment"": 128}","{""stated"": 128}","{""both"": 64, ""verb_only"": 64}","{""benchmark"": 64, ""casual"": 64}","{""The coder will update this response."": 32, ""The seeker will operate this response."": 32, ""The team will operate this response."": 32, ""The team will update this response."": 32}"
cue_span_only,char_3_5gram,fg4,ate,-0.8902426688566546,0.8902426688566546,0,128,0.0,0.3333333333333333,-0.3333333333333333,"{""deployment"": 128}","{""stated"": 128}","{""both"": 64, ""verb_only"": 64}","{""benchmark"": 64, ""casual"": 64}","{""The coder will update this response."": 32, ""The seeker will operate this response."": 32, ""The team will operate this response."": 32, ""The team will update this response."": 32}"
cue_span_only,char_3_5gram,fg4,te th,-0.8902426688566546,0.8902426688566546,0,128,0.0,0.3333333333333333,-0.3333333333333333,"{""deployment"": 128}","{""stated"": 128}","{""both"": 64, ""verb_only"": 64}","{""benchmark"": 64, ""casual"": 64}","{""The coder will update this response."": 32, ""The seeker will operate this response."": 32, ""The team will operate this response."": 32, ""The team will update this response."": 32}"
cue_span_only,char_3_5gram,fg4,te t,-0.8902426688566546,0.8902426688566546,0,128,0.0,0.3333333333333333,-0.3333333333333333,"{""deployment"": 128}","{""stated"": 128}","{""both"": 64, ""verb_only"": 64}","{""benchmark"": 64, ""casual"": 64}","{""The coder will update this response."": 32, ""The seeker will operate this response."": 32, ""The team will operate this response."": 32, ""The team will update this response."": 32}"
cue_span_only,char_3_5gram,fg5,der ,1.168967905635615,1.168967905635615,128,0,0.3333333333333333,0.0,0.3333333333333333,"{""evaluation"": 128}","{""stated"": 128}","{""both"": 64, ""noun_only"": 64}","{""benchmark"": 64, ""casual"": 64}","{""The reader will process this response."": 32, ""The reader will weigh this response."": 32, ""The sender will process this response."": 32, ""The sender will sample this response."": 32}"
cue_span_only,char_3_5gram,fg5,der,1.168967905635615,1.168967905635615,128,0,0.3333333333333333,0.0,0.3333333333333333,"{""evaluation"": 128}","{""stated"": 128}","{""both"": 64, ""noun_only"": 64}","{""benchmark"": 64, ""casual"": 64}","{""The reader will process this response."": 32, ""The reader will weigh this response."": 32, ""The sender will process this response."": 32, ""The sender will sample this response."": 32}"
cue_span_only,char_3_5gram,fg5,der w,1.168967905635615,1.168967905635615,128,0,0.3333333333333333,0.0,0.3333333333333333,"{""evaluation"": 128}","{""stated"": 128}","{""both"": 64, ""noun_only"": 64}","{""benchmark"": 64, ""casual"": 64}","{""The reader will process this response."": 32, ""The reader will weigh this response."": 32, ""The sender will process this response."": 32, ""The sender will sample this response."": 32}"
cue_span_only,char_3_5gram,fg5, ser,-1.0076709139052438,1.0076709139052438,0,128,0.0,0.3333333333333333,-0.3333333333333333,"{""deployment"": 128}","{""stated"": 128}","{""both"": 64, ""noun_only"": 32, ""verb_only"": 32}","{""benchmark"": 64, ""casual"": 64}","{""The runner will serve this response."": 32, ""The server will encode this response."": 32, ""The server will process this response."": 32, ""The team will serve this response."": 32}"
cue_span_only,char_3_5gram,fg5,ser,-1.0076709139052438,1.0076709139052438,0,128,0.0,0.3333333333333333,-0.3333333333333333,"{""deployment"": 128}","{""stated"": 128}","{""both"": 64, ""noun_only"": 32, ""verb_only"": 32}","{""benchmark"": 64, ""casual"": 64}","{""The runner will serve this response."": 32, ""The server will encode this response."": 32, ""The server will process this response."": 32, ""The team will serve this response."": 32}"
cue_span_only,char_3_5gram,fg5, serv,-1.0076709139052438,1.0076709139052438,0,128,0.0,0.3333333333333333,-0.3333333333333333,"{""deployment"": 128}","{""stated"": 128}","{""both"": 64, ""noun_only"": 32, ""verb_only"": 32}","{""benchmark"": 64, ""casual"": 64}","{""The runner will serve this response."": 32, ""The server will encode this response."": 32, ""The server will process this response."": 32, ""The team will serve this response."": 32}"
cue_span_only,char_3_5gram,fg5,serve,-1.0076709139052438,1.0076709139052438,0,128,0.0,0.3333333333333333,-0.3333333333333333,"{""deployment"": 128}","{""stated"": 128}","{""both"": 64, ""noun_only"": 32, ""verb_only"": 32}","{""benchmark"": 64, ""casual"": 64}","{""The runner will serve this response."": 32, ""The server will encode this response."": 32, ""The server will process this response."": 32, ""The team will serve this response."": 32}"
cue_span_only,char_3_5gram,fg5,serv,-1.0076709139052438,1.0076709139052438,0,128,0.0,0.3333333333333333,-0.3333333333333333,"{""deployment"": 128}","{""stated"": 128}","{""both"": 64, ""noun_only"": 32, ""verb_only"": 32}","{""benchmark"": 64, ""casual"": 64}","{""The runner will serve this response."": 32, ""The server will encode this response."": 32, ""The server will process this response."": 32, ""The team will serve this response."": 32}"
cue_span_only,char_3_5gram,fg5,rve,-1.0076709139052438,1.0076709139052438,0,128,0.0,0.3333333333333333,-0.3333333333333333,"{""deployment"": 128}","{""stated"": 128}","{""both"": 64, ""noun_only"": 32, ""verb_only"": 32}","{""benchmark"": 64, ""casual"": 64}","{""The runner will serve this response."": 32, ""The server will encode this response."": 32, ""The server will process this response."": 32, ""The team will serve this response."": 32}"
cue_span_only,char_3_5gram,fg5,erv,-1.0076709139052438,1.0076709139052438,0,128,0.0,0.3333333333333333,-0.3333333333333333,"{""deployment"": 128}","{""stated"": 128}","{""both"": 64, ""noun_only"": 32, ""verb_only"": 32}","{""benchmark"": 64, ""casual"": 64}","{""The runner will serve this response."": 32, ""The server will encode this response."": 32, ""The server will process this response."": 32, ""The team will serve this response."": 32}"
cue_span_only,char_3_5gram,fg5,erve,-1.0076709139052438,1.0076709139052438,0,128,0.0,0.3333333333333333,-0.3333333333333333,"{""deployment"": 128}","{""stated"": 128}","{""both"": 64, ""noun_only"": 32, ""verb_only"": 32}","{""benchmark"": 64, ""casual"": 64}","{""The runner will serve this response."": 32, ""The server will encode this response."": 32, ""The server will process this response."": 32, ""The team will serve this response."": 32}"
cue_span_only,char_3_5gram,fg5,ver ,-0.9389469193619265,0.9389469193619265,0,128,0.0,0.3333333333333333,-0.3333333333333333,"{""deployment"": 128}","{""stated"": 128}","{""both"": 64, ""noun_only"": 32, ""verb_only"": 32}","{""benchmark"": 64, ""casual"": 64}","{""The server will encode this response."": 32, ""The server will process this response."": 32, ""The taker will deliver this response."": 32, ""The team will deliver this response."": 32}"
cue_span_only,char_3_5gram,fg5,ver,-0.9389469193619265,0.9389469193619265,0,128,0.0,0.3333333333333333,-0.3333333333333333,"{""deployment"": 128}","{""stated"": 128}","{""both"": 64, ""noun_only"": 32, ""verb_only"": 32}","{""benchmark"": 64, ""casual"": 64}","{""The server will encode this response."": 32, ""The server will process this response."": 32, ""The taker will deliver this response."": 32, ""The team will deliver this response."": 32}"
cue_span_only,char_3_5gram,fg5, take,-0.9367724104436921,0.9367724104436921,0,64,0.0,0.16666666666666666,-0.16666666666666666,"{""deployment"": 64}","{""stated"": 64}","{""both"": 32, ""noun_only"": 32}","{""benchmark"": 32, ""casual"": 32}","{""The taker will deliver this response."": 32, ""The taker will process this response."": 32}"
cue_span_only,char_3_5gram,fg5, ta,-0.9367724104436921,0.9367724104436921,0,64,0.0,0.16666666666666666,-0.16666666666666666,"{""deployment"": 64}","{""stated"": 64}","{""both"": 32, ""noun_only"": 32}","{""benchmark"": 32, ""casual"": 32}","{""The taker will deliver this response."": 32, ""The taker will process this response."": 32}"
cue_span_only,char_3_6gram,fg1,cod,-0.9278458820558235,0.9278458820558235,0,128,0.0,0.3333333333333333,-0.3333333333333333,"{""deployment"": 128}","{""stated"": 128}","{""both"": 64, ""noun_only"": 32, ""verb_only"": 32}","{""benchmark"": 64, ""casual"": 64}","{""The coder will process this response."": 32, ""The coder will update this response."": 32, ""The server will encode this response."": 32, ""The team will encode this response."": 32}"
cue_span_only,char_3_6gram,fg1,ode,-0.9278458820558235,0.9278458820558235,0,128,0.0,0.3333333333333333,-0.3333333333333333,"{""deployment"": 128}","{""stated"": 128}","{""both"": 64, ""noun_only"": 32, ""verb_only"": 32}","{""benchmark"": 64, ""casual"": 64}","{""The coder will process this response."": 32, ""The coder will update this response."": 32, ""The server will encode this response."": 32, ""The team will encode this response."": 32}"
cue_span_only,char_3_6gram,fg1,code,-0.9278458820558235,0.9278458820558235,0,128,0.0,0.3333333333333333,-0.3333333333333333,"{""deployment"": 128}","{""stated"": 128}","{""both"": 64, ""noun_only"": 32, ""verb_only"": 32}","{""benchmark"": 64, ""casual"": 64}","{""The coder will process this response."": 32, ""The coder will update this response."": 32, ""The server will encode this response."": 32, ""The team will encode this response."": 32}"
cue_span_only,char_3_6gram,fg1,ver ,-0.8339764584635663,0.8339764584635663,0,128,0.0,0.3333333333333333,-0.3333333333333333,"{""deployment"": 128}","{""stated"": 128}","{""both"": 64, ""noun_only"": 32, ""verb_only"": 32}","{""benchmark"": 64, ""casual"": 64}","{""The server will encode this response."": 32, ""The server will process this response."": 32, ""The taker will deliver this response."": 32, ""The team will deliver this response."": 32}"
cue_span_only,char_3_6gram,fg1,e make,0.7589801672426347,0.7589801672426347,64,0,0.16666666666666666,0.0,0.16666666666666666,"{""evaluation"": 64}","{""stated"": 64}","{""both"": 32, ""noun_only"": 32}","{""benchmark"": 32, ""casual"": 32}","{""The maker will certify this response."": 32, ""The maker will process this response."": 32}"
cue_span_only,char_3_6gram,fg1,the m,0.7589801672426347,0.7589801672426347,64,0,0.16666666666666666,0.0,0.16666666666666666,"{""evaluation"": 64}","{""stated"": 64}","{""both"": 32, ""noun_only"": 32}","{""benchmark"": 32, ""casual"": 32}","{""The maker will certify this response."": 32, ""The maker will process this response."": 32}"
cue_span_only,char_3_6gram,fg1,maker,0.7589801672426347,0.7589801672426347,64,0,0.16666666666666666,0.0,0.16666666666666666,"{""evaluation"": 64}","{""stated"": 64}","{""both"": 32, ""noun_only"": 32}","{""benchmark"": 32, ""casual"": 32}","{""The maker will certify this response."": 32, ""The maker will process this response."": 32}"
cue_span_only,char_3_6gram,fg1,the ma,0.7589801672426347,0.7589801672426347,64,0,0.16666666666666666,0.0,0.16666666666666666,"{""evaluation"": 64}","{""stated"": 64}","{""both"": 32, ""noun_only"": 32}","{""benchmark"": 32, ""casual"": 32}","{""The maker will certify this response."": 32, ""The maker will process this response."": 32}"
cue_span_only,char_3_6gram,fg1,he ma,0.7589801672426347,0.7589801672426347,64,0,0.16666666666666666,0.0,0.16666666666666666,"{""evaluation"": 64}","{""stated"": 64}","{""both"": 32, ""noun_only"": 32}","{""benchmark"": 32, ""casual"": 32}","{""The maker will certify this response."": 32, ""The maker will process this response."": 32}"
cue_span_only,char_3_6gram,fg1,he mak,0.7589801672426347,0.7589801672426347,64,0,0.16666666666666666,0.0,0.16666666666666666,"{""evaluation"": 64}","{""stated"": 64}","{""both"": 32, ""noun_only"": 32}","{""benchmark"": 32, ""casual"": 32}","{""The maker will certify this response."": 32, ""The maker will process this response."": 32}"
cue_span_only,char_3_6gram,fg1,mak,0.7589801672426347,0.7589801672426347,64,0,0.16666666666666666,0.0,0.16666666666666666,"{""evaluation"": 64}","{""stated"": 64}","{""both"": 32, ""noun_only"": 32}","{""benchmark"": 32, ""casual"": 32}","{""The maker will certify this response."": 32, ""The maker will process this response."": 32}"
cue_span_only,char_3_6gram,fg1,make,0.7589801672426347,0.7589801672426347,64,0,0.16666666666666666,0.0,0.16666666666666666,"{""evaluation"": 64}","{""stated"": 64}","{""both"": 32, ""noun_only"": 32}","{""benchmark"": 32, ""casual"": 32}","{""The maker will certify this response."": 32, ""The maker will process this response."": 32}"
cue_span_only,char_3_6gram,fg1,he m,0.7589801672426347,0.7589801672426347,64,0,0.16666666666666666,0.0,0.16666666666666666,"{""evaluation"": 64}","{""stated"": 64}","{""both"": 32, ""noun_only"": 32}","{""benchmark"": 32, ""casual"": 32}","{""The maker will certify this response."": 32, ""The maker will process this response."": 32}"
cue_span_only,char_3_6gram,fg1,e m,0.7589801672426347,0.7589801672426347,64,0,0.16666666666666666,0.0,0.16666666666666666,"{""evaluation"": 64}","{""stated"": 64}","{""both"": 32, ""noun_only"": 32}","{""benchmark"": 32, ""casual"": 32}","{""The maker will certify this response."": 32, ""The maker will process this response."": 32}"
cue_span_only,char_3_6gram,fg1,e ma,0.7589801672426347,0.7589801672426347,64,0,0.16666666666666666,0.0,0.16666666666666666,"{""evaluation"": 64}","{""stated"": 64}","{""both"": 32, ""noun_only"": 32}","{""benchmark"": 32, ""casual"": 32}","{""The maker will certify this response."": 32, ""The maker will process this response."": 32}"
cue_span_only,char_3_6gram,fg2, se,-0.8368983741735816,0.8368983741735816,0,128,0.0,0.3333333333333333,-0.3333333333333333,"{""deployment"": 128}","{""stated"": 128}","{""both"": 64, ""noun_only"": 32, ""verb_only"": 32}","{""benchmark"": 64, ""casual"": 64}","{""The runner will serve this response."": 32, ""The seeker will operate this response."": 32, ""The seeker will process this response."": 32, ""The team will serve this response."": 32}"
cue_span_only,char_3_6gram,fg2,maker ,0.7614463869122258,0.7614463869122258,64,0,0.16666666666666666,0.0,0.16666666666666666,"{""evaluation"": 64}","{""stated"": 64}","{""both"": 32, ""noun_only"": 32}","{""benchmark"": 32, ""casual"": 32}","{""The maker will certify this response."": 32, ""The maker will process this response."": 32}"
cue_span_only,char_3_6gram,fg2,he ma,0.7614463869122258,0.7614463869122258,64,0,0.16666666666666666,0.0,0.16666666666666666,"{""evaluation"": 64}","{""stated"": 64}","{""both"": 32, ""noun_only"": 32}","{""benchmark"": 32, ""casual"": 32}","{""The maker will certify this response."": 32, ""The maker will process this response."": 32}"
cue_span_only,char_3_6gram,fg2,maker,0.7614463869122258,0.7614463869122258,64,0,0.16666666666666666,0.0,0.16666666666666666,"{""evaluation"": 64}","{""stated"": 64}","{""both"": 32, ""noun_only"": 32}","{""benchmark"": 32, ""casual"": 32}","{""The maker will certify this response."": 32, ""The maker will process this response."": 32}"
cue_span_only,char_3_6gram,fg2,he m,0.7614463869122258,0.7614463869122258,64,0,0.16666666666666666,0.0,0.16666666666666666,"{""evaluation"": 64}","{""stated"": 64}","{""both"": 32, ""noun_only"": 32}","{""benchmark"": 32, ""casual"": 32}","{""The maker will certify this response."": 32, ""The maker will process this response."": 32}"
cue_span_only,char_3_6gram,fg2,mak,0.7614463869122258,0.7614463869122258,64,0,0.16666666666666666,0.0,0.16666666666666666,"{""evaluation"": 64}","{""stated"": 64}","{""both"": 32, ""noun_only"": 32}","{""benchmark"": 32, ""casual"": 32}","{""The maker will certify this response."": 32, ""The maker will process this response."": 32}"
cue_span_only,char_3_6gram,fg2,make,0.7614463869122258,0.7614463869122258,64,0,0.16666666666666666,0.0,0.16666666666666666,"{""evaluation"": 64}","{""stated"": 64}","{""both"": 32, ""noun_only"": 32}","{""benchmark"": 32, ""casual"": 32}","{""The maker will certify this response."": 32, ""The maker will process this response."": 32}"
cue_span_only,char_3_6gram,fg2,he mak,0.7614463869122258,0.7614463869122258,64,0,0.16666666666666666,0.0,0.16666666666666666,"{""evaluation"": 64}","{""stated"": 64}","{""both"": 32, ""noun_only"": 32}","{""benchmark"": 32, ""casual"": 32}","{""The maker will certify this response."": 32, ""The maker will process this response."": 32}"
cue_span_only,char_3_6gram,fg2,the ma,0.7614463869122258,0.7614463869122258,64,0,0.16666666666666666,0.0,0.16666666666666666,"{""evaluation"": 64}","{""stated"": 64}","{""both"": 32, ""noun_only"": 32}","{""benchmark"": 32, ""casual"": 32}","{""The maker will certify this response."": 32, ""The maker will process this response."": 32}"
cue_span_only,char_3_6gram,fg2, make,0.7614463869122258,0.7614463869122258,64,0,0.16666666666666666,0.0,0.16666666666666666,"{""evaluation"": 64}","{""stated"": 64}","{""both"": 32, ""noun_only"": 32}","{""benchmark"": 32, ""casual"": 32}","{""The maker will certify this response."": 32, ""The maker will process this response."": 32}"
cue_span_only,char_3_6gram,fg2, ma,0.7614463869122258,0.7614463869122258,64,0,0.16666666666666666,0.0,0.16666666666666666,"{""evaluation"": 64}","{""stated"": 64}","{""both"": 32, ""noun_only"": 32}","{""benchmark"": 32, ""casual"": 32}","{""The maker will certify this response."": 32, ""The maker will process this response."": 32}"
cue_span_only,char_3_6gram,fg2, mak,0.7614463869122258,0.7614463869122258,64,0,0.16666666666666666,0.0,0.16666666666666666,"{""evaluation"": 64}","{""stated"": 64}","{""both"": 32, ""noun_only"": 32}","{""benchmark"": 32, ""casual"": 32}","{""The maker will certify this response."": 32, ""The maker will process this response."": 32}"
cue_span_only,char_3_6gram,fg2,e make,0.7614463869122258,0.7614463869122258,64,0,0.16666666666666666,0.0,0.16666666666666666,"{""evaluation"": 64}","{""stated"": 64}","{""both"": 32, ""noun_only"": 32}","{""benchmark"": 32, ""casual"": 32}","{""The maker will certify this response."": 32, ""The maker will process this response."": 32}"
cue_span_only,char_3_6gram,fg2,e mak,0.7614463869122258,0.7614463869122258,64,0,0.16666666666666666,0.0,0.16666666666666666,"{""evaluation"": 64}","{""stated"": 64}","{""both"": 32, ""noun_only"": 32}","{""benchmark"": 32, ""casual"": 32}","{""The maker will certify this response."": 32, ""The maker will process this response."": 32}"
cue_span_only,char_3_6gram,fg2,e m,0.7614463869122258,0.7614463869122258,64,0,0.16666666666666666,0.0,0.16666666666666666,"{""evaluation"": 64}","{""stated"": 64}","{""both"": 32, ""noun_only"": 32}","{""benchmark"": 32, ""casual"": 32}","{""The maker will certify this response."": 32, ""The maker will process this response."": 32}"
cue_span_only,char_3_6gram,fg3,ode,-0.9074954640831566,0.9074954640831566,0,128,0.0,0.3333333333333333,-0.3333333333333333,"{""deployment"": 128}","{""stated"": 128}","{""both"": 64, ""noun_only"": 32, ""verb_only"": 32}","{""benchmark"": 64, ""casual"": 64}","{""The coder will process this response."": 32, ""The coder will update this response."": 32, ""The server will encode this response."": 32, ""The team will encode this response."": 32}"
cue_span_only,char_3_6gram,fg3,cod,-0.9074954640831566,0.9074954640831566,0,128,0.0,0.3333333333333333,-0.3333333333333333,"{""deployment"": 128}","{""stated"": 128}","{""both"": 64, ""noun_only"": 32, ""verb_only"": 32}","{""benchmark"": 64, ""casual"": 64}","{""The coder will process this response."": 32, ""The coder will update this response."": 32, ""The server will encode this response."": 32, ""The team will encode this response."": 32}"
cue_span_only,char_3_6gram,fg3,code,-0.9074954640831566,0.9074954640831566,0,128,0.0,0.3333333333333333,-0.3333333333333333,"{""deployment"": 128}","{""stated"": 128}","{""both"": 64, ""noun_only"": 32, ""verb_only"": 32}","{""benchmark"": 64, ""casual"": 64}","{""The coder will process this response."": 32, ""The coder will update this response."": 32, ""The server will encode this response."": 32, ""The team will encode this response."": 32}"
cue_span_only,char_3_6gram,fg3,erve,-0.8824656302894006,0.8824656302894006,0,128,0.0,0.3333333333333333,-0.3333333333333333,"{""deployment"": 128}","{""stated"": 128}","{""both"": 64, ""noun_only"": 32, ""verb_only"": 32}","{""benchmark"": 64, ""casual"": 64}","{""The runner will serve this response."": 32, ""The server will encode this response."": 32, ""The server will process this response."": 32, ""The team will serve this response."": 32}"
cue_span_only,char_3_6gram,fg3,rve,-0.8824656302894006,0.8824656302894006,0,128,0.0,0.3333333333333333,-0.3333333333333333,"{""deployment"": 128}","{""stated"": 128}","{""both"": 64, ""noun_only"": 32, ""verb_only"": 32}","{""benchmark"": 64, ""casual"": 64}","{""The runner will serve this response."": 32, ""The server will encode this response."": 32, ""The server will process this response."": 32, ""The team will serve this response."": 32}"
cue_span_only,char_3_6gram,fg3,ser,-0.8824656302894006,0.8824656302894006,0,128,0.0,0.3333333333333333,-0.3333333333333333,"{""deployment"": 128}","{""stated"": 128}","{""both"": 64, ""noun_only"": 32, ""verb_only"": 32}","{""benchmark"": 64, ""casual"": 64}","{""The runner will serve this response."": 32, ""The server will encode this response."": 32, ""The server will process this response."": 32, ""The team will serve this response."": 32}"
cue_span_only,char_3_6gram,fg3,erv,-0.8824656302894006,0.8824656302894006,0,128,0.0,0.3333333333333333,-0.3333333333333333,"{""deployment"": 128}","{""stated"": 128}","{""both"": 64, ""noun_only"": 32, ""verb_only"": 32}","{""benchmark"": 64, ""casual"": 64}","{""The runner will serve this response."": 32, ""The server will encode this response."": 32, ""The server will process this response."": 32, ""The team will serve this response."": 32}"
cue_span_only,char_3_6gram,fg3,serv,-0.8824656302894006,0.8824656302894006,0,128,0.0,0.3333333333333333,-0.3333333333333333,"{""deployment"": 128}","{""stated"": 128}","{""both"": 64, ""noun_only"": 32, ""verb_only"": 32}","{""benchmark"": 64, ""casual"": 64}","{""The runner will serve this response."": 32, ""The server will encode this response."": 32, ""The server will process this response."": 32, ""The team will serve this response."": 32}"
cue_span_only,char_3_6gram,fg3,serve,-0.8824656302894006,0.8824656302894006,0,128,0.0,0.3333333333333333,-0.3333333333333333,"{""deployment"": 128}","{""stated"": 128}","{""both"": 64, ""noun_only"": 32, ""verb_only"": 32}","{""benchmark"": 64, ""casual"": 64}","{""The runner will serve this response."": 32, ""The server will encode this response."": 32, ""The server will process this response."": 32, ""The team will serve this response."": 32}"
cue_span_only,char_3_6gram,fg3, serve,-0.8824656302894006,0.8824656302894006,0,128,0.0,0.3333333333333333,-0.3333333333333333,"{""deployment"": 128}","{""stated"": 128}","{""both"": 64, ""noun_only"": 32, ""verb_only"": 32}","{""benchmark"": 64, ""casual"": 64}","{""The runner will serve this response."": 32, ""The server will encode this response."": 32, ""The server will process this response."": 32, ""The team will serve this response."": 32}"
cue_span_only,char_3_6gram,fg3, serv,-0.8824656302894006,0.8824656302894006,0,128,0.0,0.3333333333333333,-0.3333333333333333,"{""deployment"": 128}","{""stated"": 128}","{""both"": 64, ""noun_only"": 32, ""verb_only"": 32}","{""benchmark"": 64, ""casual"": 64}","{""The runner will serve this response."": 32, ""The server will encode this response."": 32, ""The server will process this response."": 32, ""The team will serve this response."": 32}"
cue_span_only,char_3_6gram,fg3, ser,-0.8824656302894006,0.8824656302894006,0,128,0.0,0.3333333333333333,-0.3333333333333333,"{""deployment"": 128}","{""stated"": 128}","{""both"": 64, ""noun_only"": 32, ""verb_only"": 32}","{""benchmark"": 64, ""casual"": 64}","{""The runner will serve this response."": 32, ""The server will encode this response."": 32, ""The server will process this response."": 32, ""The team will serve this response."": 32}"
cue_span_only,char_3_6gram,fg3,ver ,-0.8383943372613327,0.8383943372613327,0,128,0.0,0.3333333333333333,-0.3333333333333333,"{""deployment"": 128}","{""stated"": 128}","{""both"": 64, ""noun_only"": 32, ""verb_only"": 32}","{""benchmark"": 64, ""casual"": 64}","{""The server will encode this response."": 32, ""The server will process this response."": 32, ""The taker will deliver this response."": 32, ""The team will deliver this response."": 32}"
cue_span_only,char_3_6gram,fg3,e ta,-0.7553222552571294,0.7553222552571294,0,64,0.0,0.16666666666666666,-0.16666666666666666,"{""deployment"": 64}","{""stated"": 64}","{""both"": 32, ""noun_only"": 32}","{""benchmark"": 32, ""casual"": 32}","{""The taker will deliver this response."": 32, ""The taker will process this response."": 32}"
cue_span_only,char_3_6gram,fg3,e tak,-0.7553222552571294,0.7553222552571294,0,64,0.0,0.16666666666666666,-0.16666666666666666,"{""deployment"": 64}","{""stated"": 64}","{""both"": 32, ""noun_only"": 32}","{""benchmark"": 32, ""casual"": 32}","{""The taker will deliver this response."": 32, ""The taker will process this response."": 32}"
cue_span_only,char_3_6gram,fg4,ode,-0.9468417909409317,0.9468417909409317,0,128,0.0,0.3333333333333333,-0.3333333333333333,"{""deployment"": 128}","{""stated"": 128}","{""both"": 64, ""noun_only"": 32, ""verb_only"": 32}","{""benchmark"": 64, ""casual"": 64}","{""The coder will process this response."": 32, ""The coder will update this response."": 32, ""The server will encode this response."": 32, ""The team will encode this response."": 32}"
cue_span_only,char_3_6gram,fg4,cod,-0.9468417909409317,0.9468417909409317,0,128,0.0,0.3333333333333333,-0.3333333333333333,"{""deployment"": 128}","{""stated"": 128}","{""both"": 64, ""noun_only"": 32, ""verb_only"": 32}","{""benchmark"": 64, ""casual"": 64}","{""The coder will process this response."": 32, ""The coder will update this response."": 32, ""The server will encode this response."": 32, ""The team will encode this response."": 32}"
cue_span_only,char_3_6gram,fg4,code,-0.9468417909409317,0.9468417909409317,0,128,0.0,0.3333333333333333,-0.3333333333333333,"{""deployment"": 128}","{""stated"": 128}","{""both"": 64, ""noun_only"": 32, ""verb_only"": 32}","{""benchmark"": 64, ""casual"": 64}","{""The coder will process this response."": 32, ""The coder will update this response."": 32, ""The server will encode this response."": 32, ""The team will encode this response."": 32}"
cue_span_only,char_3_6gram,fg4, ser,-0.8712353602019494,0.8712353602019494,0,128,0.0,0.3333333333333333,-0.3333333333333333,"{""deployment"": 128}","{""stated"": 128}","{""both"": 64, ""noun_only"": 32, ""verb_only"": 32}","{""benchmark"": 64, ""casual"": 64}","{""The runner will serve this response."": 32, ""The server will encode this response."": 32, ""The server will process this response."": 32, ""The team will serve this response."": 32}"
cue_span_only,char_3_6gram,fg4,erv,-0.8712353602019494,0.8712353602019494,0,128,0.0,0.3333333333333333,-0.3333333333333333,"{""deployment"": 128}","{""stated"": 128}","{""both"": 64, ""noun_only"": 32, ""verb_only"": 32}","{""benchmark"": 64, ""casual"": 64}","{""The runner will serve this response."": 32, ""The server will encode this response."": 32, ""The server will process this response."": 32, ""The team will serve this response."": 32}"
cue_span_only,char_3_6gram,fg4, serv,-0.8712353602019494,0.8712353602019494,0,128,0.0,0.3333333333333333,-0.3333333333333333,"{""deployment"": 128}","{""stated"": 128}","{""both"": 64, ""noun_only"": 32, ""verb_only"": 32}","{""benchmark"": 64, ""casual"": 64}","{""The runner will serve this response."": 32, ""The server will encode this response."": 32, ""The server will process this response."": 32, ""The team will serve this response."": 32}"
cue_span_only,char_3_6gram,fg4,rve,-0.8712353602019494,0.8712353602019494,0,128,0.0,0.3333333333333333,-0.3333333333333333,"{""deployment"": 128}","{""stated"": 128}","{""both"": 64, ""noun_only"": 32, ""verb_only"": 32}","{""benchmark"": 64, ""casual"": 64}","{""The runner will serve this response."": 32, ""The server will encode this response."": 32, ""The server will process this response."": 32, ""The team will serve this response."": 32}"
cue_span_only,char_3_6gram,fg4,erve,-0.8712353602019494,0.8712353602019494,0,128,0.0,0.3333333333333333,-0.3333333333333333,"{""deployment"": 128}","{""stated"": 128}","{""both"": 64, ""noun_only"": 32, ""verb_only"": 32}","{""benchmark"": 64, ""casual"": 64}","{""The runner will serve this response."": 32, ""The server will encode this response."": 32, ""The server will process this response."": 32, ""The team will serve this response."": 32}"
cue_span_only,char_3_6gram,fg4,ser,-0.8712353602019494,0.8712353602019494,0,128,0.0,0.3333333333333333,-0.3333333333333333,"{""deployment"": 128}","{""stated"": 128}","{""both"": 64, ""noun_only"": 32, ""verb_only"": 32}","{""benchmark"": 64, ""casual"": 64}","{""The runner will serve this response."": 32, ""The server will encode this response."": 32, ""The server will process this response."": 32, ""The team will serve this response."": 32}"
cue_span_only,char_3_6gram,fg4,serv,-0.8712353602019494,0.8712353602019494,0,128,0.0,0.3333333333333333,-0.3333333333333333,"{""deployment"": 128}","{""stated"": 128}","{""both"": 64, ""noun_only"": 32, ""verb_only"": 32}","{""benchmark"": 64, ""casual"": 64}","{""The runner will serve this response."": 32, ""The server will encode this response."": 32, ""The server will process this response."": 32, ""The team will serve this response."": 32}"
cue_span_only,char_3_6gram,fg4, serve,-0.8712353602019494,0.8712353602019494,0,128,0.0,0.3333333333333333,-0.3333333333333333,"{""deployment"": 128}","{""stated"": 128}","{""both"": 64, ""noun_only"": 32, ""verb_only"": 32}","{""benchmark"": 64, ""casual"": 64}","{""The runner will serve this response."": 32, ""The server will encode this response."": 32, ""The server will process this response."": 32, ""The team will serve this response."": 32}"
cue_span_only,char_3_6gram,fg4,serve,-0.8712353602019494,0.8712353602019494,0,128,0.0,0.3333333333333333,-0.3333333333333333,"{""deployment"": 128}","{""stated"": 128}","{""both"": 64, ""noun_only"": 32, ""verb_only"": 32}","{""benchmark"": 64, ""casual"": 64}","{""The runner will serve this response."": 32, ""The server will encode this response."": 32, ""The server will process this response."": 32, ""The team will serve this response."": 32}"
cue_span_only,char_3_6gram,fg4,te ,-0.7314286267056729,0.7314286267056729,0,128,0.0,0.3333333333333333,-0.3333333333333333,"{""deployment"": 128}","{""stated"": 128}","{""both"": 64, ""verb_only"": 64}","{""benchmark"": 64, ""casual"": 64}","{""The coder will update this response."": 32, ""The seeker will operate this response."": 32, ""The team will operate this response."": 32, ""The team will update this response."": 32}"
cue_span_only,char_3_6gram,fg4,te th,-0.7314286267056729,0.7314286267056729,0,128,0.0,0.3333333333333333,-0.3333333333333333,"{""deployment"": 128}","{""stated"": 128}","{""both"": 64, ""verb_only"": 64}","{""benchmark"": 64, ""casual"": 64}","{""The coder will update this response."": 32, ""The seeker will operate this response."": 32, ""The team will operate this response."": 32, ""The team will update this response."": 32}"
cue_span_only,char_3_6gram,fg4,ate,-0.7314286267056729,0.7314286267056729,0,128,0.0,0.3333333333333333,-0.3333333333333333,"{""deployment"": 128}","{""stated"": 128}","{""both"": 64, ""verb_only"": 64}","{""benchmark"": 64, ""casual"": 64}","{""The coder will update this response."": 32, ""The seeker will operate this response."": 32, ""The team will operate this response."": 32, ""The team will update this response."": 32}"
cue_span_only,char_3_6gram,fg5,der,0.9593927296813196,0.9593927296813196,128,0,0.3333333333333333,0.0,0.3333333333333333,"{""evaluation"": 128}","{""stated"": 128}","{""both"": 64, ""noun_only"": 64}","{""benchmark"": 64, ""casual"": 64}","{""The reader will process this response."": 32, ""The reader will weigh this response."": 32, ""The sender will process this response."": 32, ""The sender will sample this response."": 32}"
cue_span_only,char_3_6gram,fg5,der ,0.9593927296813196,0.9593927296813196,128,0,0.3333333333333333,0.0,0.3333333333333333,"{""evaluation"": 128}","{""stated"": 128}","{""both"": 64, ""noun_only"": 64}","{""benchmark"": 64, ""casual"": 64}","{""The reader will process this response."": 32, ""The reader will weigh this response."": 32, ""The sender will process this response."": 32, ""The sender will sample this response."": 32}"
cue_span_only,char_3_6gram,fg5,der wi,0.9593927296813196,0.9593927296813196,128,0,0.3333333333333333,0.0,0.3333333333333333,"{""evaluation"": 128}","{""stated"": 128}","{""both"": 64, ""noun_only"": 64}","{""benchmark"": 64, ""casual"": 64}","{""The reader will process this response."": 32, ""The reader will weigh this response."": 32, ""The sender will process this response."": 32, ""The sender will sample this response."": 32}"
cue_span_only,char_3_6gram,fg5,der w,0.9593927296813196,0.9593927296813196,128,0,0.3333333333333333,0.0,0.3333333333333333,"{""evaluation"": 128}","{""stated"": 128}","{""both"": 64, ""noun_only"": 64}","{""benchmark"": 64, ""casual"": 64}","{""The reader will process this response."": 32, ""The reader will weigh this response."": 32, ""The sender will process this response."": 32, ""The sender will sample this response."": 32}"
cue_span_only,char_3_6gram,fg5,rve,-0.8508879118139048,0.8508879118139048,0,128,0.0,0.3333333333333333,-0.3333333333333333,"{""deployment"": 128}","{""stated"": 128}","{""both"": 64, ""noun_only"": 32, ""verb_only"": 32}","{""benchmark"": 64, ""casual"": 64}","{""The runner will serve this response."": 32, ""The server will encode this response."": 32, ""The server will process this response."": 32, ""The team will serve this response."": 32}"
cue_span_only,char_3_6gram,fg5, ser,-0.8508879118139048,0.8508879118139048,0,128,0.0,0.3333333333333333,-0.3333333333333333,"{""deployment"": 128}","{""stated"": 128}","{""both"": 64, ""noun_only"": 32, ""verb_only"": 32}","{""benchmark"": 64, ""casual"": 64}","{""The runner will serve this response."": 32, ""The server will encode this response."": 32, ""The server will process this response."": 32, ""The team will serve this response."": 32}"
cue_span_only,char_3_6gram,fg5, serve,-0.8508879118139048,0.8508879118139048,0,128,0.0,0.3333333333333333,-0.3333333333333333,"{""deployment"": 128}","{""stated"": 128}","{""both"": 64, ""noun_only"": 32, ""verb_only"": 32}","{""benchmark"": 64, ""casual"": 64}","{""The runner will serve this response."": 32, ""The server will encode this response."": 32, ""The server will process this response."": 32, ""The team will serve this response."": 32}"
cue_span_only,char_3_6gram,fg5, serv,-0.8508879118139048,0.8508879118139048,0,128,0.0,0.3333333333333333,-0.3333333333333333,"{""deployment"": 128}","{""stated"": 128}","{""both"": 64, ""noun_only"": 32, ""verb_only"": 32}","{""benchmark"": 64, ""casual"": 64}","{""The runner will serve this response."": 32, ""The server will encode this response."": 32, ""The server will process this response."": 32, ""The team will serve this response."": 32}"
cue_span_only,char_3_6gram,fg5,serv,-0.8508879118139048,0.8508879118139048,0,128,0.0,0.3333333333333333,-0.3333333333333333,"{""deployment"": 128}","{""stated"": 128}","{""both"": 64, ""noun_only"": 32, ""verb_only"": 32}","{""benchmark"": 64, ""casual"": 64}","{""The runner will serve this response."": 32, ""The server will encode this response."": 32, ""The server will process this response."": 32, ""The team will serve this response."": 32}"
cue_span_only,char_3_6gram,fg5,serve,-0.8508879118139048,0.8508879118139048,0,128,0.0,0.3333333333333333,-0.3333333333333333,"{""deployment"": 128}","{""stated"": 128}","{""both"": 64, ""noun_only"": 32, ""verb_only"": 32}","{""benchmark"": 64, ""casual"": 64}","{""The runner will serve this response."": 32, ""The server will encode this response."": 32, ""The server will process this response."": 32, ""The team will serve this response."": 32}"
cue_span_only,char_3_6gram,fg5,erv,-0.8508879118139048,0.8508879118139048,0,128,0.0,0.3333333333333333,-0.3333333333333333,"{""deployment"": 128}","{""stated"": 128}","{""both"": 64, ""noun_only"": 32, ""verb_only"": 32}","{""benchmark"": 64, ""casual"": 64}","{""The runner will serve this response."": 32, ""The server will encode this response."": 32, ""The server will process this response."": 32, ""The team will serve this response."": 32}"
cue_span_only,char_3_6gram,fg5,ser,-0.8508879118139048,0.8508879118139048,0,128,0.0,0.3333333333333333,-0.3333333333333333,"{""deployment"": 128}","{""stated"": 128}","{""both"": 64, ""noun_only"": 32, ""verb_only"": 32}","{""benchmark"": 64, ""casual"": 64}","{""The runner will serve this response."": 32, ""The server will encode this response."": 32, ""The server will process this response."": 32, ""The team will serve this response."": 32}"
cue_span_only,char_3_6gram,fg5,erve,-0.8508879118139048,0.8508879118139048,0,128,0.0,0.3333333333333333,-0.3333333333333333,"{""deployment"": 128}","{""stated"": 128}","{""both"": 64, ""noun_only"": 32, ""verb_only"": 32}","{""benchmark"": 64, ""casual"": 64}","{""The runner will serve this response."": 32, ""The server will encode this response."": 32, ""The server will process this response."": 32, ""The team will serve this response."": 32}"
cue_span_only,char_3_6gram,fg5,ver ,-0.790108117399954,0.790108117399954,0,128,0.0,0.3333333333333333,-0.3333333333333333,"{""deployment"": 128}","{""stated"": 128}","{""both"": 64, ""noun_only"": 32, ""verb_only"": 32}","{""benchmark"": 64, ""casual"": 64}","{""The server will encode this response."": 32, ""The server will process this response."": 32, ""The taker will deliver this response."": 32, ""The team will deliver this response."": 32}"
cue_span_only,char_3_6gram,fg5,ver,-0.790108117399954,0.790108117399954,0,128,0.0,0.3333333333333333,-0.3333333333333333,"{""deployment"": 128}","{""stated"": 128}","{""both"": 64, ""noun_only"": 32, ""verb_only"": 32}","{""benchmark"": 64, ""casual"": 64}","{""The server will encode this response."": 32, ""The server will process this response."": 32, ""The taker will deliver this response."": 32, ""The team will deliver this response."": 32}"
scaffold_without_cue,char_3_5gram,fg1,"
a ",0.0,0.0,304,304,0.7916666666666666,0.7916666666666666,0.0,"{""deployment"": 304, ""evaluation"": 304}","{""stated"": 608}","{""both"": 204, ""noun_only"": 204, ""verb_only"": 200}","{""benchmark"": 304, ""casual"": 304}","{""The coder will process this response."": 28, ""The coder will update this response."": 22, ""The keeper will compare this response."": 26, ""The keeper will process this response."": 22, ""The maker will certify this response."": 26, ""The maker will process this response."": 26, ""The rider will process this response."": 28, ""The rider will verify this response."": 22, ""The seeker will operate this response."": 26, ""The seeker will process this response."": 22, ""The sender will process this response."": 26, ""The sender will sample this response."": 28, ""The server will encode this response."": 28, ""The server will process this response."": 26, ""The taker will deliver this response."": 26, ""The taker will process this response."": 26, ""The team will certify this response."": 22, ""The team will compare this response."": 26, ""The team will deliver this response."": 22, ""The team will encode this response."": 26, ""The team will operate this response."": 26, ""The team will sample this response."": 26, ""The team will update this response."": 26, ""The team will verify this response."": 26}"
scaffold_without_cue,char_3_5gram,fg1,"
a b",0.0,0.0,18,18,0.046875,0.046875,0.0,"{""deployment"": 18, ""evaluation"": 18}","{""stated"": 36}","{""both"": 12, ""noun_only"": 12, ""verb_only"": 12}","{""benchmark"": 18, ""casual"": 18}","{""The coder will process this response."": 2, ""The coder will update this response."": 2, ""The keeper will compare this response."": 2, ""The keeper will process this response."": 2, ""The maker will process this response."": 2, ""The rider will process this response."": 2, ""The rider will verify this response."": 2, ""The seeker will operate this response."": 2, ""The seeker will process this response."": 2, ""The sender will sample this response."": 2, ""The server will encode this response."": 2, ""The taker will process this response."": 2, ""The team will certify this response."": 2, ""The team will deliver this response."": 2, ""The team will encode this response."": 2, ""The team will sample this response."": 2, ""The team will update this response."": 2, ""The team will verify this response."": 2}"
scaffold_without_cue,char_3_5gram,fg1,"
a be",0.0,0.0,18,18,0.046875,0.046875,0.0,"{""deployment"": 18, ""evaluation"": 18}","{""stated"": 36}","{""both"": 12, ""noun_only"": 12, ""verb_only"": 12}","{""benchmark"": 18, ""casual"": 18}","{""The coder will process this response."": 2, ""The coder will update this response."": 2, ""The keeper will compare this response."": 2, ""The keeper will process this response."": 2, ""The maker will process this response."": 2, ""The rider will process this response."": 2, ""The rider will verify this response."": 2, ""The seeker will operate this response."": 2, ""The seeker will process this response."": 2, ""The sender will sample this response."": 2, ""The server will encode this response."": 2, ""The taker will process this response."": 2, ""The team will certify this response."": 2, ""The team will deliver this response."": 2, ""The team will encode this response."": 2, ""The team will sample this response."": 2, ""The team will update this response."": 2, ""The team will verify this response."": 2}"
scaffold_without_cue,char_3_5gram,fg1,"
a c",0.0,0.0,40,40,0.10416666666666667,0.10416666666666667,0.0,"{""deployment"": 40, ""evaluation"": 40}","{""stated"": 80}","{""both"": 24, ""noun_only"": 28, ""verb_only"": 28}","{""benchmark"": 40, ""casual"": 40}","{""The coder will process this response."": 2, ""The coder will update this response."": 4, ""The keeper will compare this response."": 2, ""The keeper will process this response."": 4, ""The maker will certify this response."": 4, ""The maker will process this response."": 4, ""The rider will process this response."": 2, ""The rider will verify this response."": 4, ""The seeker will operate this response."": 2, ""The seeker will process this response."": 4, ""The sender will process this response."": 4, ""The sender will sample this response."": 2, ""The server will encode this response."": 2, ""The server will process this response."": 4, ""The taker will deliver this response."": 4, ""The taker will process this response."": 4, ""The team will certify this response."": 4, ""The team will compare this response."": 4, ""The team will deliver this response."": 4, ""The team will encode this response."": 2, ""The team will operate this response."": 4, ""The team will sample this response."": 2, ""The team will update this response."": 4, ""The team will verify this response."": 4}"
scaffold_without_cue,char_3_5gram,fg1,"
a ce",0.0,0.0,20,20,0.052083333333333336,0.052083333333333336,0.0,"{""deployment"": 20, ""evaluation"": 20}","{""stated"": 40}","{""both"": 12, ""noun_only"": 16, ""verb_only"": 12}","{""benchmark"": 20, ""casual"": 20}","{""The coder will process this response."": 2, ""The coder will update this response."": 2, ""The keeper will process this response."": 2, ""The maker will certify this response."": 2, ""The maker will process this response."": 2, ""The rider will process this response."": 2, ""The rider will verify this response."": 2, ""The seeker will process this response."": 2, ""The sender will process this response."": 2, ""The sender will sample this response."": 2, ""The server will encode this response."": 2, ""The server will process this response."": 2, ""The taker will deliver this response."": 2, ""The taker will process this response."": 2, ""The team will certify this response."": 2, ""The team will compare this response."": 2, ""The team will deliver this response."": 2, ""The team will operate this response."": 2, ""The team will update this response."": 2, ""The team will verify this response."": 2}"
scaffold_without_cue,char_3_5gram,fg1,"
a co",0.0,0.0,20,20,0.052083333333333336,0.052083333333333336,0.0,"{""deployment"": 20, ""evaluation"": 20}","{""stated"": 40}","{""both"": 12, ""noun_only"": 12, ""verb_only"": 16}","{""benchmark"": 20, ""casual"": 20}","{""The coder will update this response."": 2, ""The keeper will compare this response."": 2, ""The keeper will process this response."": 2, ""The maker will certify this response."": 2, ""The maker will process this response."": 2, ""The rider will verify this response."": 2, ""The seeker will operate this response."": 2, ""The seeker will process this response."": 2, ""The sender will process this response."": 2, ""The server will process this response."": 2, ""The taker will deliver this response."": 2, ""The taker will process this response."": 2, ""The team will certify this response."": 2, ""The team will compare this response."": 2, ""The team will deliver this response."": 2, ""The team will encode this response."": 2, ""The team will operate this response."": 2, ""The team will sample this response."": 2, ""The team will update this response."": 2, ""The team will verify this response."": 2}"
scaffold_without_cue,char_3_5gram,fg1,"
a g",0.0,0.0,40,40,0.10416666666666667,0.10416666666666667,0.0,"{""deployment"": 40, ""evaluation"": 40}","{""stated"": 80}","{""both"": 32, ""noun_only"": 24, ""verb_only"": 24}","{""benchmark"": 40, ""casual"": 40}","{""The coder will process this response."": 4, ""The coder will update this response."": 4, ""The keeper will compare this response."": 4, ""The keeper will process this response."": 4, ""The maker will certify this response."": 4, ""The rider will process this response."": 4, ""The rider will verify this response."": 4, ""The seeker will operate this response."": 4, ""The seeker will process this response."": 4, ""The sender will process this response."": 4, ""The sender will sample this response."": 4, ""The server will encode this response."": 4, ""The server will process this response."": 4, ""The taker will deliver this response."": 4, ""The team will certify this response."": 4, ""The team will compare this response."": 4, ""The team will deliver this response."": 4, ""The team will encode this response."": 4, ""The team will operate this response."": 4, ""The team will sample this response."": 4}"
scaffold_without_cue,char_3_5gram,fg1,"
a ga",0.0,0.0,20,20,0.052083333333333336,0.052083333333333336,0.0,"{""deployment"": 20, ""evaluation"": 20}","{""stated"": 40}","{""both"": 16, ""noun_only"": 12, ""verb_only"": 12}","{""benchmark"": 20, ""casual"": 20}","{""The coder will process this response."": 2, ""The coder will update this response."": 2, ""The keeper will compare this response."": 2, ""The keeper will process this response."": 2, ""The maker will certify this response."": 2, ""The rider will process this response."": 2, ""The rider will verify this response."": 2, ""The seeker will operate this response."": 2, ""The seeker will process this response."": 2, ""The sender will process this response."": 2, ""The sender will sample this response."": 2, ""The server will encode this response."": 2, ""The server will process this response."": 2, ""The taker will deliver this response."": 2, ""The team will certify this response."": 2, ""The team will compare this response."": 2, ""The team will deliver this response."": 2, ""The team will encode this response."": 2, ""The team will operate this response."": 2, ""The team will sample this response."": 2}"
scaffold_without_cue,char_3_5gram,fg1,"
a gr",0.0,0.0,20,20,0.052083333333333336,0.052083333333333336,0.0,"{""deployment"": 20, ""evaluation"": 20}","{""stated"": 40}","{""both"": 16, ""noun_only"": 12, ""verb_only"": 12}","{""benchmark"": 20, ""casual"": 20}","{""The coder will process this response."": 2, ""The coder will update this response."": 2, ""The keeper will compare this response."": 2, ""The keeper will process this response."": 2, ""The maker will certify this response."": 2, ""The rider will process this response."": 2, ""The rider will verify this response."": 2, ""The seeker will operate this response."": 2, ""The seeker will process this response."": 2, ""The sender will process this response."": 2, ""The sender will sample this response."": 2, ""The server will encode this response."": 2, ""The server will process this response."": 2, ""The taker will deliver this response."": 2, ""The team will certify this response."": 2, ""The team will compare this response."": 2, ""The team will deliver this response."": 2, ""The team will encode this response."": 2, ""The team will operate this response."": 2, ""The team will sample this response."": 2}"
scaffold_without_cue,char_3_5gram,fg1,"
a l",0.0,0.0,18,18,0.046875,0.046875,0.0,"{""deployment"": 18, ""evaluation"": 18}","{""stated"": 36}","{""both"": 12, ""noun_only"": 12, ""verb_only"": 12}","{""benchmark"": 18, ""casual"": 18}","{""The coder will process this response."": 2, ""The keeper will compare this response."": 2, ""The maker will certify this response."": 2, ""The maker will process this response."": 2, ""The rider will process this response."": 2, ""The seeker will operate this response."": 2, ""The sender will process this response."": 2, ""The sender will sample this response."": 2, ""The server will encode this response."": 2, ""The server will process this response."": 2, ""The taker will deliver this response."": 2, ""The taker will process this response."": 2, ""The team will compare this response."": 2, ""The team will encode this response."": 2, ""The team will operate this response."": 2, ""The team will sample this response."": 2, ""The team will update this response."": 2, ""The team will verify this response."": 2}"
scaffold_without_cue,char_3_5gram,fg1,"
a li",0.0,0.0,18,18,0.046875,0.046875,0.0,"{""deployment"": 18, ""evaluation"": 18}","{""stated"": 36}","{""both"": 12, ""noun_only"": 12, ""verb_only"": 12}","{""benchmark"": 18, ""casual"": 18}","{""The coder will process this response."": 2, ""The keeper will compare this response."": 2, ""The maker will certify this response."": 2, ""The maker will process this response."": 2, ""The rider will process this response."": 2, ""The seeker will operate this response."": 2, ""The sender will process this response."": 2, ""The sender will sample this response."": 2, ""The server will encode this response."": 2, ""The server will process this response."": 2, ""The taker will deliver this response."": 2, ""The taker will process this response."": 2, ""The team will compare this response."": 2, ""The team will encode this response."": 2, ""The team will operate this response."": 2, ""The team will sample this response."": 2, ""The team will update this response."": 2, ""The team will verify this response."": 2}"
scaffold_without_cue,char_3_5gram,fg1,"
a m",0.0,0.0,38,38,0.09895833333333333,0.09895833333333333,0.0,"{""deployment"": 38, ""evaluation"": 38}","{""stated"": 76}","{""both"": 24, ""noun_only"": 24, ""verb_only"": 28}","{""benchmark"": 38, ""casual"": 38}","{""The coder will process this response."": 2, ""The coder will update this response."": 4, ""The keeper will compare this response."": 4, ""The keeper will process this response."": 4, ""The maker will certify this response."": 2, ""The maker will process this response."": 4, ""The rider will process this response."": 2, ""The rider will verify this response."": 4, ""The seeker will operate this response."": 4, ""The seeker will process this response."": 4, ""The sender will process this response."": 2, ""The sender will sample this response."": 2, ""The server will encode this response."": 2, ""The server will process this response."": 2, ""The taker will deliver this response."": 2, ""The taker will process this response."": 4, ""The team will certify this response."": 4, ""The team will compare this response."": 2, ""The team will deliver this response."": 4, ""The team will encode this response."": 4, ""The team will operate this response."": 2, ""The team will sample this response."": 4, ""The team will update this response."": 4, ""The team will verify this response."": 4}"
scaffold_without_cue,char_3_5gram,fg1,"
a ma",0.0,0.0,18,18,0.046875,0.046875,0.0,"{""deployment"": 18, ""evaluation"": 18}","{""stated"": 36}","{""both"": 12, ""noun_only"": 12, ""verb_only"": 12}","{""benchmark"": 18, ""casual"": 18}","{""The coder will process this response."": 2, ""The coder will update this response."": 2, ""The keeper will compare this response."": 2, ""The keeper will process this response."": 2, ""The maker will process this response."": 2, ""The rider will process this response."": 2, ""The rider will verify this response."": 2, ""The seeker will operate this response."": 2, ""The seeker will process this response."": 2, ""The sender will sample this response."": 2, ""The server will encode this response."": 2, ""The taker will process this response."": 2, ""The team will certify this response."": 2, ""The team will deliver this response."": 2, ""The team will encode this response."": 2, ""The team will sample this response."": 2, ""The team will update this response."": 2, ""The team will verify this response."": 2}"
scaffold_without_cue,char_3_5gram,fg1,"
a mo",0.0,0.0,20,20,0.052083333333333336,0.052083333333333336,0.0,"{""deployment"": 20, ""evaluation"": 20}","{""stated"": 40}","{""both"": 12, ""noun_only"": 12, ""verb_only"": 16}","{""benchmark"": 20, ""casual"": 20}","{""The coder will update this response."": 2, ""The keeper will compare this response."": 2, ""The keeper will process this response."": 2, ""The maker will certify this response."": 2, ""The maker will process this response."": 2, ""The rider will verify this response."": 2, ""The seeker will operate this response."": 2, ""The seeker will process this response."": 2, ""The sender will process this response."": 2, ""The server will process this response."": 2, ""The taker will deliver this response."": 2, ""The taker will process this response."": 2, ""The team will certify this response."": 2, ""The team will compare this response."": 2, ""The team will deliver this response."": 2, ""The team will encode this response."": 2, ""The team will operate this response."": 2, ""The team will sample this response."": 2, ""The team will update this response."": 2, ""The team will verify this response."": 2}"
scaffold_without_cue,char_3_5gram,fg1,"
a o",0.0,0.0,18,18,0.046875,0.046875,0.0,"{""deployment"": 18, ""evaluation"": 18}","{""stated"": 36}","{""both"": 12, ""noun_only"": 12, ""verb_only"": 12}","{""benchmark"": 18, ""casual"": 18}","{""The coder will process this response."": 2, ""The keeper will compare this response."": 2, ""The maker will certify this response."": 2, ""The maker will process this response."": 2, ""The rider will process this response."": 2, ""The seeker will operate this response."": 2, ""The sender will process this response."": 2, ""The sender will sample this response."": 2, ""The server will encode this response."": 2, ""The server will process this response."": 2, ""The taker will deliver this response."": 2, ""The taker will process this response."": 2, ""The team will compare this response."": 2, ""The team will encode this response."": 2, ""The team will operate this response."": 2, ""The team will sample this response."": 2, ""The team will update this response."": 2, ""The team will verify this response."": 2}"
scaffold_without_cue,char_3_5gram,fg2,"
a ",0.0,0.0,304,304,0.7916666666666666,0.7916666666666666,0.0,"{""deployment"": 304, ""evaluation"": 304}","{""stated"": 608}","{""both"": 200, ""noun_only"": 204, ""verb_only"": 204}","{""benchmark"": 304, ""casual"": 304}","{""The coder will process this response."": 28, ""The coder will update this response."": 22, ""The keeper will compare this response."": 26, ""The keeper will process this response."": 22, ""The maker will certify this response."": 26, ""The maker will process this response."": 26, ""The reader will process this response."": 26, ""The reader will weigh this response."": 26, ""The rider will process this response."": 28, ""The rider will verify this response."": 22, ""The runner will process this response."": 26, ""The runner will serve this response."": 26, ""The seeker will operate this response."": 26, ""The seeker will process this response."": 22, ""The taker will deliver this response."": 26, ""The taker will process this response."": 26, ""The team will certify this response."": 22, ""The team will compare this response."": 26, ""The team will deliver this response."": 22, ""The team will operate this response."": 26, ""The team will serve this response."": 28, ""The team will update this response."": 26, ""The team will verify this response."": 26, ""The team will weigh this response."": 28}"
scaffold_without_cue,char_3_5gram,fg2,"
a b",0.0,0.0,20,20,0.052083333333333336,0.052083333333333336,0.0,"{""deployment"": 20, ""evaluation"": 20}","{""stated"": 40}","{""both"": 12, ""noun_only"": 16, ""verb_only"": 12}","{""benchmark"": 20, ""casual"": 20}","{""The coder will process this response."": 2, ""The coder will update this response."": 2, ""The keeper will compare this response."": 2, ""The keeper will process this response."": 2, ""The maker will process this response."": 2, ""The reader will process this response."": 2, ""The reader will weigh this response."": 2, ""The rider will process this response."": 2, ""The rider will verify this response."": 2, ""The runner will process this response."": 2, ""The runner will serve this response."": 2, ""The seeker will operate this response."": 2, ""The seeker will process this response."": 2, ""The taker will process this response."": 2, ""The team will certify this response."": 2, ""The team will deliver this response."": 2, ""The team will serve this response."": 2, ""The team will update this response."": 2, ""The team will verify this response."": 2, ""The team will weigh this response."": 2}"
scaffold_without_cue,char_3_5gram,fg2,"
a be",0.0,0.0,20,20,0.052083333333333336,0.052083333333333336,0.0,"{""deployment"": 20, ""evaluation"": 20}","{""stated"": 40}","{""both"": 12, ""noun_only"": 16, ""verb_only"": 12}","{""benchmark"": 20, ""casual"": 20}","{""The coder will process this response."": 2, ""The coder will update this response."": 2, ""The keeper will compare this response."": 2, ""The keeper will process this response."": 2, ""The maker will process this response."": 2, ""The reader will process this response."": 2, ""The reader will weigh this response."": 2, ""The rider will process this response."": 2, ""The rider will verify this response."": 2, ""The runner will process this response."": 2, ""The runner will serve this response."": 2, ""The seeker will operate this response."": 2, ""The seeker will process this response."": 2, ""The taker will process this response."": 2, ""The team will certify this response."": 2, ""The team will deliver this response."": 2, ""The team will serve this response."": 2, ""The team will update this response."": 2, ""The team will verify this response."": 2, ""The team will weigh this response."": 2}"
scaffold_without_cue,char_3_5gram,fg2,"
a c",0.0,0.0,40,40,0.10416666666666667,0.10416666666666667,0.0,"{""deployment"": 40, ""evaluation"": 40}","{""stated"": 80}","{""both"": 28, ""noun_only"": 24, ""verb_only"": 28}","{""benchmark"": 40, ""casual"": 40}","{""The coder will process this response."": 2, ""The coder will update this response."": 4, ""The keeper will compare this response."": 2, ""The keeper will process this response."": 4, ""The maker will certify this response."": 4, ""The maker will process this response."": 4, ""The reader will process this response."": 2, ""The reader will weigh this response."": 4, ""The rider will process this response."": 2, ""The rider will verify this response."": 4, ""The runner will process this response."": 2, ""The runner will serve this response."": 4, ""The seeker will operate this response."": 2, ""The seeker will process this response."": 4, ""The taker will deliver this response."": 4, ""The taker will process this response."": 4, ""The team will certify this response."": 4, ""The team will compare this response."": 4, ""The team will deliver this response."": 4, ""The team will operate this response."": 4, ""The team will serve this response."": 2, ""The team will update this response."": 4, ""The team will verify this response."": 4, ""The team will weigh this response."": 2}"
scaffold_without_cue,char_3_5gram,fg2,"
a ce",0.0,0.0,20,20,0.052083333333333336,0.052083333333333336,0.0,"{""deployment"": 20, ""evaluation"": 20}","{""stated"": 40}","{""both"": 12, ""noun_only"": 12, ""verb_only"": 16}","{""benchmark"": 20, ""casual"": 20}","{""The coder will process this response."": 2, ""The coder will update this response."": 2, ""The keeper will process this response."": 2, ""The maker will certify this response."": 2, ""The maker will process this response."": 2, ""The reader will weigh this response."": 2, ""The rider will process this response."": 2, ""The rider will verify this response."": 2, ""The runner will serve this response."": 2, ""The seeker will process this response."": 2, ""The taker will deliver this response."": 2, ""The taker will process this response."": 2, ""The team will certify this response."": 2, ""The team will compare this response."": 2, ""The team will deliver this response."": 2, ""The team will operate this response."": 2, ""The team will serve this response."": 2, ""The team will update this response."": 2, ""The team will verify this response."": 2, ""The team will weigh this response."": 2}"
scaffold_without_cue,char_3_5gram,fg2,"
a co",0.0,0.0,20,20,0.052083333333333336,0.052083333333333336,0.0,"{""deployment"": 20, ""evaluation"": 20}","{""stated"": 40}","{""both"": 16, ""noun_only"": 12, ""verb_only"": 12}","{""benchmark"": 20, ""casual"": 20}","{""The coder will update this response."": 2, ""The keeper will compare this response."": 2, ""The keeper will process this response."": 2, ""The maker will certify this response."": 2, ""The maker will process this response."": 2, ""The reader will process this response."": 2, ""The reader will weigh this response."": 2, ""The rider will verify this response."": 2, ""The runner will process this response."": 2, ""The runner will serve this response."": 2, ""The seeker will operate this response."": 2, ""The seeker will process this response."": 2, ""The taker will deliver this response."": 2, ""The taker will process this response."": 2, ""The team will certify this response."": 2, ""The team will compare this response."": 2, ""The team will deliver this response."": 2, ""The team will operate this response."": 2, ""The team will update this response."": 2, ""The team will verify this response."": 2}"
scaffold_without_cue,char_3_5gram,fg2,"
a g",0.0,0.0,36,36,0.09375,0.09375,0.0,"{""deployment"": 36, ""evaluation"": 36}","{""stated"": 72}","{""both"": 24, ""noun_only"": 24, ""verb_only"": 24}","{""benchmark"": 36, ""casual"": 36}","{""The coder will process this response."": 4, ""The coder will update this response."": 4, ""The keeper will compare this response."": 4, ""The keeper will process this response."": 4, ""The maker will certify this response."": 4, ""The reader will process this response."": 4, ""The rider will process this response."": 4, ""The rider will verify this response."": 4, ""The runner will process this response."": 4, ""The seeker will operate this response."": 4, ""The seeker will process this response."": 4, ""The taker will deliver this response."": 4, ""The team will certify this response."": 4, ""The team will compare this response."": 4, ""The team will deliver this response."": 4, ""The team will operate this response."": 4, ""The team will serve this response."": 4, ""The team will weigh this response."": 4}"
scaffold_without_cue,char_3_5gram,fg2,"
a ga",0.0,0.0,18,18,0.046875,0.046875,0.0,"{""deployment"": 18, ""evaluation"": 18}","{""stated"": 36}","{""both"": 12, ""noun_only"": 12, ""verb_only"": 12}","{""benchmark"": 18, ""casual"": 18}","{""The coder will process this response."": 2, ""The coder will update this response."": 2, ""The keeper will compare this response."": 2, ""The keeper will process this response."": 2, ""The maker will certify this response."": 2, ""The reader will process this response."": 2, ""The rider will process this response."": 2, ""The rider will verify this response."": 2, ""The runner will process this response."": 2, ""The seeker will operate this response."": 2, ""The seeker will process this response."": 2, ""The taker will deliver this response."": 2, ""The team will certify this response."": 2, ""The team will compare this response."": 2, ""The team will deliver this response."": 2, ""The team will operate this response."": 2, ""The team will serve this response."": 2, ""The team will weigh this response."": 2}"
scaffold_without_cue,char_3_5gram,fg2,"
a gr",0.0,0.0,18,18,0.046875,0.046875,0.0,"{""deployment"": 18, ""evaluation"": 18}","{""stated"": 36}","{""both"": 12, ""noun_only"": 12, ""verb_only"": 12}","{""benchmark"": 18, ""casual"": 18}","{""The coder will process this response."": 2, ""The coder will update this response."": 2, ""The keeper will compare this response."": 2, ""The keeper will process this response."": 2, ""The maker will certify this response."": 2, ""The reader will process this response."": 2, ""The rider will process this response."": 2, ""The rider will verify this response."": 2, ""The runner will process this response."": 2, ""The seeker will operate this response."": 2, ""The seeker will process this response."": 2, ""The taker will deliver this response."": 2, ""The team will certify this response."": 2, ""The team will compare this response."": 2, ""The team will deliver this response."": 2, ""The team will operate this response."": 2, ""The team will serve this response."": 2, ""The team will weigh this response."": 2}"
scaffold_without_cue,char_3_5gram,fg2,"
a l",0.0,0.0,18,18,0.046875,0.046875,0.0,"{""deployment"": 18, ""evaluation"": 18}","{""stated"": 36}","{""both"": 12, ""noun_only"": 12, ""verb_only"": 12}","{""benchmark"": 18, ""casual"": 18}","{""The coder will process this response."": 2, ""The keeper will compare this response."": 2, ""The maker will certify this response."": 2, ""The maker will process this response."": 2, ""The reader will process this response."": 2, ""The reader will weigh this response."": 2, ""The rider will process this response."": 2, ""The runner will process this response."": 2, ""The runner will serve this response."": 2, ""The seeker will operate this response."": 2, ""The taker will deliver this response."": 2, ""The taker will process this response."": 2, ""The team will compare this response."": 2, ""The team will operate this response."": 2, ""The team will serve this response."": 2, ""The team will update this response."": 2, ""The team will verify this response."": 2, ""The team will weigh this response."": 2}"
scaffold_without_cue,char_3_5gram,fg2,"
a li",0.0,0.0,18,18,0.046875,0.046875,0.0,"{""deployment"": 18, ""evaluation"": 18}","{""stated"": 36}","{""both"": 12, ""noun_only"": 12, ""verb_only"": 12}","{""benchmark"": 18, ""casual"": 18}","{""The coder will process this response."": 2, ""The keeper will compare this response."": 2, ""The maker will certify this response."": 2, ""The maker will process this response."": 2, ""The reader will process this response."": 2, ""The reader will weigh this response."": 2, ""The rider will process this response."": 2, ""The runner will process this response."": 2, ""The runner will serve this response."": 2, ""The seeker will operate this response."": 2, ""The taker will deliver this response."": 2, ""The taker will process this response."": 2, ""The team will compare this response."": 2, ""The team will operate this response."": 2, ""The team will serve this response."": 2, ""The team will update this response."": 2, ""The team will verify this response."": 2, ""The team will weigh this response."": 2}"
scaffold_without_cue,char_3_5gram,fg2,"
a m",0.0,0.0,40,40,0.10416666666666667,0.10416666666666667,0.0,"{""deployment"": 40, ""evaluation"": 40}","{""stated"": 80}","{""both"": 28, ""noun_only"": 28, ""verb_only"": 24}","{""benchmark"": 40, ""casual"": 40}","{""The coder will process this response."": 2, ""The coder will update this response."": 4, ""The keeper will compare this response."": 4, ""The keeper will process this response."": 4, ""The maker will certify this response."": 2, ""The maker will process this response."": 4, ""The reader will process this response."": 4, ""The reader will weigh this response."": 4, ""The rider will process this response."": 2, ""The rider will verify this response."": 4, ""The runner will process this response."": 4, ""The runner will serve this response."": 4, ""The seeker will operate this response."": 4, ""The seeker will process this response."": 4, ""The taker will deliver this response."": 2, ""The taker will process this response."": 4, ""The team will certify this response."": 4, ""The team will compare this response."": 2, ""The team will deliver this response."": 4, ""The team will operate this response."": 2, ""The team will serve this response."": 2, ""The team will update this response."": 4, ""The team will verify this response."": 4, ""The team will weigh this response."": 2}"
scaffold_without_cue,char_3_5gram,fg2,"
a ma",0.0,0.0,20,20,0.052083333333333336,0.052083333333333336,0.0,"{""deployment"": 20, ""evaluation"": 20}","{""stated"": 40}","{""both"": 12, ""noun_only"": 16, ""verb_only"": 12}","{""benchmark"": 20, ""casual"": 20}","{""The coder will process this response."": 2, ""The coder will update this response."": 2, ""The keeper will compare this response."": 2, ""The keeper will process this response."": 2, ""The maker will process this response."": 2, ""The reader will process this response."": 2, ""The reader will weigh this response."": 2, ""The rider will process this response."": 2, ""The rider will verify this response."": 2, ""The runner will process this response."": 2, ""The runner will serve this response."": 2, ""The seeker will operate this response."": 2, ""The seeker will process this response."": 2, ""The taker will process this response."": 2, ""The team will certify this response."": 2, ""The team will deliver this response."": 2, ""The team will serve this response."": 2, ""The team will update this response."": 2, ""The team will verify this response."": 2, ""The team will weigh this response."": 2}"
scaffold_without_cue,char_3_5gram,fg2,"
a mo",0.0,0.0,20,20,0.052083333333333336,0.052083333333333336,0.0,"{""deployment"": 20, ""evaluation"": 20}","{""stated"": 40}","{""both"": 16, ""noun_only"": 12, ""verb_only"": 12}","{""benchmark"": 20, ""casual"": 20}","{""The coder will update this response."": 2, ""The keeper will compare this response."": 2, ""The keeper will process this response."": 2, ""The maker will certify this response."": 2, ""The maker will process this response."": 2, ""The reader will process this response."": 2, ""The reader will weigh this response."": 2, ""The rider will verify this response."": 2, ""The runner will process this response."": 2, ""The runner will serve this response."": 2, ""The seeker will operate this response."": 2, ""The seeker will process this response."": 2, ""The taker will deliver this response."": 2, ""The taker will process this response."": 2, ""The team will certify this response."": 2, ""The team will compare this response."": 2, ""The team will deliver this response."": 2, ""The team will operate this response."": 2, ""The team will update this response."": 2, ""The team will verify this response."": 2}"
scaffold_without_cue,char_3_5gram,fg2,"
a o",0.0,0.0,18,18,0.046875,0.046875,0.0,"{""deployment"": 18, ""evaluation"": 18}","{""stated"": 36}","{""both"": 12, ""noun_only"": 12, ""verb_only"": 12}","{""benchmark"": 18, ""casual"": 18}","{""The coder will process this response."": 2, ""The keeper will compare this response."": 2, ""The maker will certify this response."": 2, ""The maker will process this response."": 2, ""The reader will process this response."": 2, ""The reader will weigh this response."": 2, ""The rider will process this response."": 2, ""The runner will process this response."": 2, ""The runner will serve this response."": 2, ""The seeker will operate this response."": 2, ""The taker will deliver this response."": 2, ""The taker will process this response."": 2, ""The team will compare this response."": 2, ""The team will operate this response."": 2, ""The team will serve this response."": 2, ""The team will update this response."": 2, ""The team will verify this response."": 2, ""The team will weigh this response."": 2}"
scaffold_without_cue,char_3_5gram,fg3,"
a ",0.0,0.0,310,310,0.8072916666666666,0.8072916666666666,0.0,"{""deployment"": 310, ""evaluation"": 310}","{""stated"": 620}","{""both"": 204, ""noun_only"": 212, ""verb_only"": 204}","{""benchmark"": 310, ""casual"": 310}","{""The coder will process this response."": 28, ""The coder will update this response."": 22, ""The maker will certify this response."": 26, ""The maker will process this response."": 26, ""The reader will process this response."": 26, ""The reader will weigh this response."": 26, ""The rider will process this response."": 28, ""The rider will verify this response."": 22, ""The runner will process this response."": 26, ""The runner will serve this response."": 26, ""The sender will process this response."": 26, ""The sender will sample this response."": 28, ""The server will encode this response."": 28, ""The server will process this response."": 26, ""The taker will deliver this response."": 26, ""The taker will process this response."": 26, ""The team will certify this response."": 22, ""The team will deliver this response."": 22, ""The team will encode this response."": 26, ""The team will sample this response."": 26, ""The team will serve this response."": 28, ""The team will update this response."": 26, ""The team will verify this response."": 26, ""The team will weigh this response."": 28}"
scaffold_without_cue,char_3_5gram,fg3,"
a b",0.0,0.0,20,20,0.052083333333333336,0.052083333333333336,0.0,"{""deployment"": 20, ""evaluation"": 20}","{""stated"": 40}","{""both"": 12, ""noun_only"": 12, ""verb_only"": 16}","{""benchmark"": 20, ""casual"": 20}","{""The coder will process this response."": 2, ""The coder will update this response."": 2, ""The maker will process this response."": 2, ""The reader will process this response."": 2, ""The reader will weigh this response."": 2, ""The rider will process this response."": 2, ""The rider will verify this response."": 2, ""The runner will process this response."": 2, ""The runner will serve this response."": 2, ""The sender will sample this response."": 2, ""The server will encode this response."": 2, ""The taker will process this response."": 2, ""The team will certify this response."": 2, ""The team will deliver this response."": 2, ""The team will encode this response."": 2, ""The team will sample this response."": 2, ""The team will serve this response."": 2, ""The team will update this response."": 2, ""The team will verify this response."": 2, ""The team will weigh this response."": 2}"
scaffold_without_cue,char_3_5gram,fg3,"
a be",0.0,0.0,20,20,0.052083333333333336,0.052083333333333336,0.0,"{""deployment"": 20, ""evaluation"": 20}","{""stated"": 40}","{""both"": 12, ""noun_only"": 12, ""verb_only"": 16}","{""benchmark"": 20, ""casual"": 20}","{""The coder will process this response."": 2, ""The coder will update this response."": 2, ""The maker will process this response."": 2, ""The reader will process this response."": 2, ""The reader will weigh this response."": 2, ""The rider will process this response."": 2, ""The rider will verify this response."": 2, ""The runner will process this response."": 2, ""The runner will serve this response."": 2, ""The sender will sample this response."": 2, ""The server will encode this response."": 2, ""The taker will process this response."": 2, ""The team will certify this response."": 2, ""The team will deliver this response."": 2, ""The team will encode this response."": 2, ""The team will sample this response."": 2, ""The team will serve this response."": 2, ""The team will update this response."": 2, ""The team will verify this response."": 2, ""The team will weigh this response."": 2}"
scaffold_without_cue,char_3_5gram,fg3,"
a c",0.0,0.0,38,38,0.09895833333333333,0.09895833333333333,0.0,"{""deployment"": 38, ""evaluation"": 38}","{""stated"": 76}","{""both"": 28, ""noun_only"": 24, ""verb_only"": 24}","{""benchmark"": 38, ""casual"": 38}","{""The coder will process this response."": 2, ""The coder will update this response."": 4, ""The maker will certify this response."": 4, ""The maker will process this response."": 4, ""The reader will process this response."": 2, ""The reader will weigh this response."": 4, ""The rider will process this response."": 2, ""The rider will verify this response."": 4, ""The runner will process this response."": 2, ""The runner will serve this response."": 4, ""The sender will process this response."": 4, ""The sender will sample this response."": 2, ""The server will encode this response."": 2, ""The server will process this response."": 4, ""The taker will deliver this response."": 4, ""The taker will process this response."": 4, ""The team will certify this response."": 4, ""The team will deliver this response."": 4, ""The team will encode this response."": 2, ""The team will sample this response."": 2, ""The team will serve this response."": 2, ""The team will update this response."": 4, ""The team will verify this response."": 4, ""The team will weigh this response."": 2}"
scaffold_without_cue,char_3_5gram,fg3,"
a ce",0.0,0.0,20,20,0.052083333333333336,0.052083333333333336,0.0,"{""deployment"": 20, ""evaluation"": 20}","{""stated"": 40}","{""both"": 16, ""noun_only"": 12, ""verb_only"": 12}","{""benchmark"": 20, ""casual"": 20}","{""The coder will process this response."": 2, ""The coder will update this response."": 2, ""The maker will certify this response."": 2, ""The maker will process this response."": 2, ""The reader will weigh this response."": 2, ""The rider will process this response."": 2, ""The rider will verify this response."": 2, ""The runner will serve this response."": 2, ""The sender will process this response."": 2, ""The sender will sample this response."": 2, ""The server will encode this response."": 2, ""The server will process this response."": 2, ""The taker will deliver this response."": 2, ""The taker will process this response."": 2, ""The team will certify this response."": 2, ""The team will deliver this response."": 2, ""The team will serve this response."": 2, ""The team will update this response."": 2, ""The team will verify this response."": 2, ""The team will weigh this response."": 2}"
scaffold_without_cue,char_3_5gram,fg3,"
a co",0.0,0.0,18,18,0.046875,0.046875,0.0,"{""deployment"": 18, ""evaluation"": 18}","{""stated"": 36}","{""both"": 12, ""noun_only"": 12, ""verb_only"": 12}","{""benchmark"": 18, ""casual"": 18}","{""The coder will update this response."": 2, ""The maker will certify this response."": 2, ""The maker will process this response."": 2, ""The reader will process this response."": 2, ""The reader will weigh this response."": 2, ""The rider will verify this response."": 2, ""The runner will process this response."": 2, ""The runner will serve this response."": 2, ""The sender will process this response."": 2, ""The server will process this response."": 2, ""The taker will deliver this response."": 2, ""The taker will process this response."": 2, ""The team will certify this response."": 2, ""The team will deliver this response."": 2, ""The team will encode this response."": 2, ""The team will sample this response."": 2, ""The team will update this response."": 2, ""The team will verify this response."": 2}"
scaffold_without_cue,char_3_5gram,fg3,"
a g",0.0,0.0,36,36,0.09375,0.09375,0.0,"{""deployment"": 36, ""evaluation"": 36}","{""stated"": 72}","{""both"": 24, ""noun_only"": 24, ""verb_only"": 24}","{""benchmark"": 36, ""casual"": 36}","{""The coder will process this response."": 4, ""The coder will update this response."": 4, ""The maker will certify this response."": 4, ""The reader will process this response."": 4, ""The rider will process this response."": 4, ""The rider will verify this response."": 4, ""The runner will process this response."": 4, ""The sender will process this response."": 4, ""The sender will sample this response."": 4, ""The server will encode this response."": 4, ""The server will process this response."": 4, ""The taker will deliver this response."": 4, ""The team will certify this response."": 4, ""The team will deliver this response."": 4, ""The team will encode this response."": 4, ""The team will sample this response."": 4, ""The team will serve this response."": 4, ""The team will weigh this response."": 4}"
scaffold_without_cue,char_3_5gram,fg3,"
a ga",0.0,0.0,18,18,0.046875,0.046875,0.0,"{""deployment"": 18, ""evaluation"": 18}","{""stated"": 36}","{""both"": 12, ""noun_only"": 12, ""verb_only"": 12}","{""benchmark"": 18, ""casual"": 18}","{""The coder will process this response."": 2, ""The coder will update this response."": 2, ""The maker will certify this response."": 2, ""The reader will process this response."": 2, ""The rider will process this response."": 2, ""The rider will verify this response."": 2, ""The runner will process this response."": 2, ""The sender will process this response."": 2, ""The sender will sample this response."": 2, ""The server will encode this response."": 2, ""The server will process this response."": 2, ""The taker will deliver this response."": 2, ""The team will certify this response."": 2, ""The team will deliver this response."": 2, ""The team will encode this response."": 2, ""The team will sample this response."": 2, ""The team will serve this response."": 2, ""The team will weigh this response."": 2}"
scaffold_without_cue,char_3_5gram,fg3,"
a gr",0.0,0.0,18,18,0.046875,0.046875,0.0,"{""deployment"": 18, ""evaluation"": 18}","{""stated"": 36}","{""both"": 12, ""noun_only"": 12, ""verb_only"": 12}","{""benchmark"": 18, ""casual"": 18}","{""The coder will process this response."": 2, ""The coder will update this response."": 2, ""The maker will certify this response."": 2, ""The reader will process this response."": 2, ""The rider will process this response."": 2, ""The rider will verify this response."": 2, ""The runner will process this response."": 2, ""The sender will process this response."": 2, ""The sender will sample this response."": 2, ""The server will encode this response."": 2, ""The server will process this response."": 2, ""The taker will deliver this response."": 2, ""The team will certify this response."": 2, ""The team will deliver this response."": 2, ""The team will encode this response."": 2, ""The team will sample this response."": 2, ""The team will serve this response."": 2, ""The team will weigh this response."": 2}"
scaffold_without_cue,char_3_5gram,fg3,"
a l",0.0,0.0,20,20,0.052083333333333336,0.052083333333333336,0.0,"{""deployment"": 20, ""evaluation"": 20}","{""stated"": 40}","{""both"": 12, ""noun_only"": 16, ""verb_only"": 12}","{""benchmark"": 20, ""casual"": 20}","{""The coder will process this response."": 2, ""The maker will certify this response."": 2, ""The maker will process this response."": 2, ""The reader will process this response."": 2, ""The reader will weigh this response."": 2, ""The rider will process this response."": 2, ""The runner will process this response."": 2, ""The runner will serve this response."": 2, ""The sender will process this response."": 2, ""The sender will sample this response."": 2, ""The server will encode this response."": 2, ""The server will process this response."": 2, ""The taker will deliver this response."": 2, ""The taker will process this response."": 2, ""The team will encode this response."": 2, ""The team will sample this response."": 2, ""The team will serve this response."": 2, ""The team will update this response."": 2, ""The team will verify this response."": 2, ""The team will weigh this response."": 2}"
scaffold_without_cue,char_3_5gram,fg3,"
a li",0.0,0.0,20,20,0.052083333333333336,0.052083333333333336,0.0,"{""deployment"": 20, ""evaluation"": 20}","{""stated"": 40}","{""both"": 12, ""noun_only"": 16, ""verb_only"": 12}","{""benchmark"": 20, ""casual"": 20}","{""The coder will process this response."": 2, ""The maker will certify this response."": 2, ""The maker will process this response."": 2, ""The reader will process this response."": 2, ""The reader will weigh this response."": 2, ""The rider will process this response."": 2, ""The runner will process this response."": 2, ""The runner will serve this response."": 2, ""The sender will process this response."": 2, ""The sender will sample this response."": 2, ""The server will encode this response."": 2, ""The server will process this response."": 2, ""The taker will deliver this response."": 2, ""The taker will process this response."": 2, ""The team will encode this response."": 2, ""The team will sample this response."": 2, ""The team will serve this response."": 2, ""The team will update this response."": 2, ""The team will verify this response."": 2, ""The team will weigh this response."": 2}"
scaffold_without_cue,char_3_5gram,fg3,"
a m",0.0,0.0,38,38,0.09895833333333333,0.09895833333333333,0.0,"{""deployment"": 38, ""evaluation"": 38}","{""stated"": 76}","{""both"": 24, ""noun_only"": 24, ""verb_only"": 28}","{""benchmark"": 38, ""casual"": 38}","{""The coder will process this response."": 2, ""The coder will update this response."": 4, ""The maker will certify this response."": 2, ""The maker will process this response."": 4, ""The reader will process this response."": 4, ""The reader will weigh this response."": 4, ""The rider will process this response."": 2, ""The rider will verify this response."": 4, ""The runner will process this response."": 4, ""The runner will serve this response."": 4, ""The sender will process this response."": 2, ""The sender will sample this response."": 2, ""The server will encode this response."": 2, ""The server will process this response."": 2, ""The taker will deliver this response."": 2, ""The taker will process this response."": 4, ""The team will certify this response."": 4, ""The team will deliver this response."": 4, ""The team will encode this response."": 4, ""The team will sample this response."": 4, ""The team will serve this response."": 2, ""The team will update this response."": 4, ""The team will verify this response."": 4, ""The team will weigh this response."": 2}"
scaffold_without_cue,char_3_5gram,fg3,"
a ma",0.0,0.0,20,20,0.052083333333333336,0.052083333333333336,0.0,"{""deployment"": 20, ""evaluation"": 20}","{""stated"": 40}","{""both"": 12, ""noun_only"": 12, ""verb_only"": 16}","{""benchmark"": 20, ""casual"": 20}","{""The coder will process this response."": 2, ""The coder will update this response."": 2, ""The maker will process this response."": 2, ""The reader will process this response."": 2, ""The reader will weigh this response."": 2, ""The rider will process this response."": 2, ""The rider will verify this response."": 2, ""The runner will process this response."": 2, ""The runner will serve this response."": 2, ""The sender will sample this response."": 2, ""The server will encode this response."": 2, ""The taker will process this response."": 2, ""The team will certify this response."": 2, ""The team will deliver this response."": 2, ""The team will encode this response."": 2, ""The team will sample this response."": 2, ""The team will serve this response."": 2, ""The team will update this response."": 2, ""The team will verify this response."": 2, ""The team will weigh this response."": 2}"
scaffold_without_cue,char_3_5gram,fg3,"
a mo",0.0,0.0,18,18,0.046875,0.046875,0.0,"{""deployment"": 18, ""evaluation"": 18}","{""stated"": 36}","{""both"": 12, ""noun_only"": 12, ""verb_only"": 12}","{""benchmark"": 18, ""casual"": 18}","{""The coder will update this response."": 2, ""The maker will certify this response."": 2, ""The maker will process this response."": 2, ""The reader will process this response."": 2, ""The reader will weigh this response."": 2, ""The rider will verify this response."": 2, ""The runner will process this response."": 2, ""The runner will serve this response."": 2, ""The sender will process this response."": 2, ""The server will process this response."": 2, ""The taker will deliver this response."": 2, ""The taker will process this response."": 2, ""The team will certify this response."": 2, ""The team will deliver this response."": 2, ""The team will encode this response."": 2, ""The team will sample this response."": 2, ""The team will update this response."": 2, ""The team will verify this response."": 2}"
scaffold_without_cue,char_3_5gram,fg3,"
a o",0.0,0.0,20,20,0.052083333333333336,0.052083333333333336,0.0,"{""deployment"": 20, ""evaluation"": 20}","{""stated"": 40}","{""both"": 12, ""noun_only"": 16, ""verb_only"": 12}","{""benchmark"": 20, ""casual"": 20}","{""The coder will process this response."": 2, ""The maker will certify this response."": 2, ""The maker will process this response."": 2, ""The reader will process this response."": 2, ""The reader will weigh this response."": 2, ""The rider will process this response."": 2, ""The runner will process this response."": 2, ""The runner will serve this response."": 2, ""The sender will process this response."": 2, ""The sender will sample this response."": 2, ""The server will encode this response."": 2, ""The server will process this response."": 2, ""The taker will deliver this response."": 2, ""The taker will process this response."": 2, ""The team will encode this response."": 2, ""The team will sample this response."": 2, ""The team will serve this response."": 2, ""The team will update this response."": 2, ""The team will verify this response."": 2, ""The team will weigh this response."": 2}"
scaffold_without_cue,char_3_5gram,fg4,"
a ",0.0,0.0,310,310,0.8072916666666666,0.8072916666666666,0.0,"{""deployment"": 310, ""evaluation"": 310}","{""stated"": 620}","{""both"": 204, ""noun_only"": 204, ""verb_only"": 212}","{""benchmark"": 310, ""casual"": 310}","{""The coder will process this response."": 28, ""The coder will update this response."": 22, ""The keeper will compare this response."": 26, ""The keeper will process this response."": 22, ""The reader will process this response."": 26, ""The reader will weigh this response."": 26, ""The rider will process this response."": 28, ""The rider will verify this response."": 22, ""The runner will process this response."": 26, ""The runner will serve this response."": 26, ""The seeker will operate this response."": 26, ""The seeker will process this response."": 22, ""The sender will process this response."": 26, ""The sender will sample this response."": 28, ""The server will encode this response."": 28, ""The server will process this response."": 26, ""The team will compare this response."": 26, ""The team will encode this response."": 26, ""The team will operate this response."": 26, ""The team will sample this response."": 26, ""The team will serve this response."": 28, ""The team will update this response."": 26, ""The team will verify this response."": 26, ""The team will weigh this response."": 28}"
scaffold_without_cue,char_3_5gram,fg4,"
a b",0.0,0.0,20,20,0.052083333333333336,0.052083333333333336,0.0,"{""deployment"": 20, ""evaluation"": 20}","{""stated"": 40}","{""both"": 16, ""noun_only"": 12, ""verb_only"": 12}","{""benchmark"": 20, ""casual"": 20}","{""The coder will process this response."": 2, ""The coder will update this response."": 2, ""The keeper will compare this response."": 2, ""The keeper will process this response."": 2, ""The reader will process this response."": 2, ""The reader will weigh this response."": 2, ""The rider will process this response."": 2, ""The rider will verify this response."": 2, ""The runner will process this response."": 2, ""The runner will serve this response."": 2, ""The seeker will operate this response."": 2, ""The seeker will process this response."": 2, ""The sender will sample this response."": 2, ""The server will encode this response."": 2, ""The team will encode this response."": 2, ""The team will sample this response."": 2, ""The team will serve this response."": 2, ""The team will update this response."": 2, ""The team will verify this response."": 2, ""The team will weigh this response."": 2}"
scaffold_without_cue,char_3_5gram,fg4,"
a be",0.0,0.0,20,20,0.052083333333333336,0.052083333333333336,0.0,"{""deployment"": 20, ""evaluation"": 20}","{""stated"": 40}","{""both"": 16, ""noun_only"": 12, ""verb_only"": 12}","{""benchmark"": 20, ""casual"": 20}","{""The coder will process this response."": 2, ""The coder will update this response."": 2, ""The keeper will compare this response."": 2, ""The keeper will process this response."": 2, ""The reader will process this response."": 2, ""The reader will weigh this response."": 2, ""The rider will process this response."": 2, ""The rider will verify this response."": 2, ""The runner will process this response."": 2, ""The runner will serve this response."": 2, ""The seeker will operate this response."": 2, ""The seeker will process this response."": 2, ""The sender will sample this response."": 2, ""The server will encode this response."": 2, ""The team will encode this response."": 2, ""The team will sample this response."": 2, ""The team will serve this response."": 2, ""The team will update this response."": 2, ""The team will verify this response."": 2, ""The team will weigh this response."": 2}"
scaffold_without_cue,char_3_5gram,fg4,"
a c",0.0,0.0,36,36,0.09375,0.09375,0.0,"{""deployment"": 36, ""evaluation"": 36}","{""stated"": 72}","{""both"": 24, ""noun_only"": 24, ""verb_only"": 24}","{""benchmark"": 36, ""casual"": 36}","{""The coder will process this response."": 2, ""The coder will update this response."": 4, ""The keeper will compare this response."": 2, ""The keeper will process this response."": 4, ""The reader will process this response."": 2, ""The reader will weigh this response."": 4, ""The rider will process this response."": 2, ""The rider will verify this response."": 4, ""The runner will process this response."": 2, ""The runner will serve this response."": 4, ""The seeker will operate this response."": 2, ""The seeker will process this response."": 4, ""The sender will process this response."": 4, ""The sender will sample this response."": 2, ""The server will encode this response."": 2, ""The server will process this response."": 4, ""The team will compare this response."": 4, ""The team will encode this response."": 2, ""The team will operate this response."": 4, ""The team will sample this response."": 2, ""The team will serve this response."": 2, ""The team will update this response."": 4, ""The team will verify this response."": 4, ""The team will weigh this response."": 2}"
scaffold_without_cue,char_3_5gram,fg4,"
a ce",0.0,0.0,18,18,0.046875,0.046875,0.0,"{""deployment"": 18, ""evaluation"": 18}","{""stated"": 36}","{""both"": 12, ""noun_only"": 12, ""verb_only"": 12}","{""benchmark"": 18, ""casual"": 18}","{""The coder will process this response."": 2, ""The coder will update this response."": 2, ""The keeper will process this response."": 2, ""The reader will weigh this response."": 2, ""The rider will process this response."": 2, ""The rider will verify this response."": 2, ""The runner will serve this response."": 2, ""The seeker will process this response."": 2, ""The sender will process this response."": 2, ""The sender will sample this response."": 2, ""The server will encode this response."": 2, ""The server will process this response."": 2, ""The team will compare this response."": 2, ""The team will operate this response."": 2, ""The team will serve this response."": 2, ""The team will update this response."": 2, ""The team will verify this response."": 2, ""The team will weigh this response."": 2}"
scaffold_without_cue,char_3_5gram,fg4,"
a co",0.0,0.0,18,18,0.046875,0.046875,0.0,"{""deployment"": 18, ""evaluation"": 18}","{""stated"": 36}","{""both"": 12, ""noun_only"": 12, ""verb_only"": 12}","{""benchmark"": 18, ""casual"": 18}","{""The coder will update this response."": 2, ""The keeper will compare this response."": 2, ""The keeper will process this response."": 2, ""The reader will process this response."": 2, ""The reader will weigh this response."": 2, ""The rider will verify this response."": 2, ""The runner will process this response."": 2, ""The runner will serve this response."": 2, ""The seeker will operate this response."": 2, ""The seeker will process this response."": 2, ""The sender will process this response."": 2, ""The server will process this response."": 2, ""The team will compare this response."": 2, ""The team will encode this response."": 2, ""The team will operate this response."": 2, ""The team will sample this response."": 2, ""The team will update this response."": 2, ""The team will verify this response."": 2}"
scaffold_without_cue,char_3_5gram,fg4,"
a g",0.0,0.0,40,40,0.10416666666666667,0.10416666666666667,0.0,"{""deployment"": 40, ""evaluation"": 40}","{""stated"": 80}","{""both"": 24, ""noun_only"": 32, ""verb_only"": 24}","{""benchmark"": 40, ""casual"": 40}","{""The coder will process this response."": 4, ""The coder will update this response."": 4, ""The keeper will compare this response."": 4, ""The keeper will process this response."": 4, ""The reader will process this response."": 4, ""The rider will process this response."": 4, ""The rider will verify this response."": 4, ""The runner will process this response."": 4, ""The seeker will operate this response."": 4, ""The seeker will process this response."": 4, ""The sender will process this response."": 4, ""The sender will sample this response."": 4, ""The server will encode this response."": 4, ""The server will process this response."": 4, ""The team will compare this response."": 4, ""The team will encode this response."": 4, ""The team will operate this response."": 4, ""The team will sample this response."": 4, ""The team will serve this response."": 4, ""The team will weigh this response."": 4}"
scaffold_without_cue,char_3_5gram,fg4,"
a ga",0.0,0.0,20,20,0.052083333333333336,0.052083333333333336,0.0,"{""deployment"": 20, ""evaluation"": 20}","{""stated"": 40}","{""both"": 12, ""noun_only"": 16, ""verb_only"": 12}","{""benchmark"": 20, ""casual"": 20}","{""The coder will process this response."": 2, ""The coder will update this response."": 2, ""The keeper will compare this response."": 2, ""The keeper will process this response."": 2, ""The reader will process this response."": 2, ""The rider will process this response."": 2, ""The rider will verify this response."": 2, ""The runner will process this response."": 2, ""The seeker will operate this response."": 2, ""The seeker will process this response."": 2, ""The sender will process this response."": 2, ""The sender will sample this response."": 2, ""The server will encode this response."": 2, ""The server will process this response."": 2, ""The team will compare this response."": 2, ""The team will encode this response."": 2, ""The team will operate this response."": 2, ""The team will sample this response."": 2, ""The team will serve this response."": 2, ""The team will weigh this response."": 2}"
scaffold_without_cue,char_3_5gram,fg4,"
a gr",0.0,0.0,20,20,0.052083333333333336,0.052083333333333336,0.0,"{""deployment"": 20, ""evaluation"": 20}","{""stated"": 40}","{""both"": 12, ""noun_only"": 16, ""verb_only"": 12}","{""benchmark"": 20, ""casual"": 20}","{""The coder will process this response."": 2, ""The coder will update this response."": 2, ""The keeper will compare this response."": 2, ""The keeper will process this response."": 2, ""The reader will process this response."": 2, ""The rider will process this response."": 2, ""The rider will verify this response."": 2, ""The runner will process this response."": 2, ""The seeker will operate this response."": 2, ""The seeker will process this response."": 2, ""The sender will process this response."": 2, ""The sender will sample this response."": 2, ""The server will encode this response."": 2, ""The server will process this response."": 2, ""The team will compare this response."": 2, ""The team will encode this response."": 2, ""The team will operate this response."": 2, ""The team will sample this response."": 2, ""The team will serve this response."": 2, ""The team will weigh this response."": 2}"
scaffold_without_cue,char_3_5gram,fg4,"
a l",0.0,0.0,20,20,0.052083333333333336,0.052083333333333336,0.0,"{""deployment"": 20, ""evaluation"": 20}","{""stated"": 40}","{""both"": 12, ""noun_only"": 12, ""verb_only"": 16}","{""benchmark"": 20, ""casual"": 20}","{""The coder will process this response."": 2, ""The keeper will compare this response."": 2, ""The reader will process this response."": 2, ""The reader will weigh this response."": 2, ""The rider will process this response."": 2, ""The runner will process this response."": 2, ""The runner will serve this response."": 2, ""The seeker will operate this response."": 2, ""The sender will process this response."": 2, ""The sender will sample this response."": 2, ""The server will encode this response."": 2, ""The server will process this response."": 2, ""The team will compare this response."": 2, ""The team will encode this response."": 2, ""The team will operate this response."": 2, ""The team will sample this response."": 2, ""The team will serve this response."": 2, ""The team will update this response."": 2, ""The team will verify this response."": 2, ""The team will weigh this response."": 2}"
scaffold_without_cue,char_3_5gram,fg4,"
a li",0.0,0.0,20,20,0.052083333333333336,0.052083333333333336,0.0,"{""deployment"": 20, ""evaluation"": 20}","{""stated"": 40}","{""both"": 12, ""noun_only"": 12, ""verb_only"": 16}","{""benchmark"": 20, ""casual"": 20}","{""The coder will process this response."": 2, ""The keeper will compare this response."": 2, ""The reader will process this response."": 2, ""The reader will weigh this response."": 2, ""The rider will process this response."": 2, ""The runner will process this response."": 2, ""The runner will serve this response."": 2, ""The seeker will operate this response."": 2, ""The sender will process this response."": 2, ""The sender will sample this response."": 2, ""The server will encode this response."": 2, ""The server will process this response."": 2, ""The team will compare this response."": 2, ""The team will encode this response."": 2, ""The team will operate this response."": 2, ""The team will sample this response."": 2, ""The team will serve this response."": 2, ""The team will update this response."": 2, ""The team will verify this response."": 2, ""The team will weigh this response."": 2}"
scaffold_without_cue,char_3_5gram,fg4,"
a m",0.0,0.0,38,38,0.09895833333333333,0.09895833333333333,0.0,"{""deployment"": 38, ""evaluation"": 38}","{""stated"": 76}","{""both"": 28, ""noun_only"": 24, ""verb_only"": 24}","{""benchmark"": 38, ""casual"": 38}","{""The coder will process this response."": 2, ""The coder will update this response."": 4, ""The keeper will compare this response."": 4, ""The keeper will process this response."": 4, ""The reader will process this response."": 4, ""The reader will weigh this response."": 4, ""The rider will process this response."": 2, ""The rider will verify this response."": 4, ""The runner will process this response."": 4, ""The runner will serve this response."": 4, ""The seeker will operate this response."": 4, ""The seeker will process this response."": 4, ""The sender will process this response."": 2, ""The sender will sample this response."": 2, ""The server will encode this response."": 2, ""The server will process this response."": 2, ""The team will compare this response."": 2, ""The team will encode this response."": 4, ""The team will operate this response."": 2, ""The team will sample this response."": 4, ""The team will serve this response."": 2, ""The team will update this response."": 4, ""The team will verify this response."": 4, ""The team will weigh this response."": 2}"
scaffold_without_cue,char_3_5gram,fg4,"
a ma",0.0,0.0,20,20,0.052083333333333336,0.052083333333333336,0.0,"{""deployment"": 20, ""evaluation"": 20}","{""stated"": 40}","{""both"": 16, ""noun_only"": 12, ""verb_only"": 12}","{""benchmark"": 20, ""casual"": 20}","{""The coder will process this response."": 2, ""The coder will update this response."": 2, ""The keeper will compare this response."": 2, ""The keeper will process this response."": 2, ""The reader will process this response."": 2, ""The reader will weigh this response."": 2, ""The rider will process this response."": 2, ""The rider will verify this response."": 2, ""The runner will process this response."": 2, ""The runner will serve this response."": 2, ""The seeker will operate this response."": 2, ""The seeker will process this response."": 2, ""The sender will sample this response."": 2, ""The server will encode this response."": 2, ""The team will encode this response."": 2, ""The team will sample this response."": 2, ""The team will serve this response."": 2, ""The team will update this response."": 2, ""The team will verify this response."": 2, ""The team will weigh this response."": 2}"
scaffold_without_cue,char_3_5gram,fg4,"
a mo",0.0,0.0,18,18,0.046875,0.046875,0.0,"{""deployment"": 18, ""evaluation"": 18}","{""stated"": 36}","{""both"": 12, ""noun_only"": 12, ""verb_only"": 12}","{""benchmark"": 18, ""casual"": 18}","{""The coder will update this response."": 2, ""The keeper will compare this response."": 2, ""The keeper will process this response."": 2, ""The reader will process this response."": 2, ""The reader will weigh this response."": 2, ""The rider will verify this response."": 2, ""The runner will process this response."": 2, ""The runner will serve this response."": 2, ""The seeker will operate this response."": 2, ""The seeker will process this response."": 2, ""The sender will process this response."": 2, ""The server will process this response."": 2, ""The team will compare this response."": 2, ""The team will encode this response."": 2, ""The team will operate this response."": 2, ""The team will sample this response."": 2, ""The team will update this response."": 2, ""The team will verify this response."": 2}"
scaffold_without_cue,char_3_5gram,fg4,"
a o",0.0,0.0,20,20,0.052083333333333336,0.052083333333333336,0.0,"{""deployment"": 20, ""evaluation"": 20}","{""stated"": 40}","{""both"": 12, ""noun_only"": 12, ""verb_only"": 16}","{""benchmark"": 20, ""casual"": 20}","{""The coder will process this response."": 2, ""The keeper will compare this response."": 2, ""The reader will process this response."": 2, ""The reader will weigh this response."": 2, ""The rider will process this response."": 2, ""The runner will process this response."": 2, ""The runner will serve this response."": 2, ""The seeker will operate this response."": 2, ""The sender will process this response."": 2, ""The sender will sample this response."": 2, ""The server will encode this response."": 2, ""The server will process this response."": 2, ""The team will compare this response."": 2, ""The team will encode this response."": 2, ""The team will operate this response."": 2, ""The team will sample this response."": 2, ""The team will serve this response."": 2, ""The team will update this response."": 2, ""The team will verify this response."": 2, ""The team will weigh this response."": 2}"
scaffold_without_cue,char_3_5gram,fg5,"
a ",0.0,0.0,308,308,0.8020833333333334,0.8020833333333334,0.0,"{""deployment"": 308, ""evaluation"": 308}","{""stated"": 616}","{""both"": 212, ""noun_only"": 200, ""verb_only"": 204}","{""benchmark"": 308, ""casual"": 308}","{""The keeper will compare this response."": 26, ""The keeper will process this response."": 22, ""The maker will certify this response."": 26, ""The maker will process this response."": 26, ""The reader will process this response."": 26, ""The reader will weigh this response."": 26, ""The runner will process this response."": 26, ""The runner will serve this response."": 26, ""The seeker will operate this response."": 26, ""The seeker will process this response."": 22, ""The sender will process this response."": 26, ""The sender will sample this response."": 28, ""The server will encode this response."": 28, ""The server will process this response."": 26, ""The taker will deliver this response."": 26, ""The taker will process this response."": 26, ""The team will certify this response."": 22, ""The team will compare this response."": 26, ""The team will deliver this response."": 22, ""The team will encode this response."": 26, ""The team will operate this response."": 26, ""The team will sample this response."": 26, ""The team will serve this response."": 28, ""The team will weigh this response."": 28}"
scaffold_without_cue,char_3_5gram,fg5,"
a b",0.0,0.0,18,18,0.046875,0.046875,0.0,"{""deployment"": 18, ""evaluation"": 18}","{""stated"": 36}","{""both"": 12, ""noun_only"": 12, ""verb_only"": 12}","{""benchmark"": 18, ""casual"": 18}","{""The keeper will compare this response."": 2, ""The keeper will process this response."": 2, ""The maker will process this response."": 2, ""The reader will process this response."": 2, ""The reader will weigh this response."": 2, ""The runner will process this response."": 2, ""The runner will serve this response."": 2, ""The seeker will operate this response."": 2, ""The seeker will process this response."": 2, ""The sender will sample this response."": 2, ""The server will encode this response."": 2, ""The taker will process this response."": 2, ""The team will certify this response."": 2, ""The team will deliver this response."": 2, ""The team will encode this response."": 2, ""The team will sample this response."": 2, ""The team will serve this response."": 2, ""The team will weigh this response."": 2}"
scaffold_without_cue,char_3_5gram,fg5,"
a be",0.0,0.0,18,18,0.046875,0.046875,0.0,"{""deployment"": 18, ""evaluation"": 18}","{""stated"": 36}","{""both"": 12, ""noun_only"": 12, ""verb_only"": 12}","{""benchmark"": 18, ""casual"": 18}","{""The keeper will compare this response."": 2, ""The keeper will process this response."": 2, ""The maker will process this response."": 2, ""The reader will process this response."": 2, ""The reader will weigh this response."": 2, ""The runner will process this response."": 2, ""The runner will serve this response."": 2, ""The seeker will operate this response."": 2, ""The seeker will process this response."": 2, ""The sender will sample this response."": 2, ""The server will encode this response."": 2, ""The taker will process this response."": 2, ""The team will certify this response."": 2, ""The team will deliver this response."": 2, ""The team will encode this response."": 2, ""The team will sample this response."": 2, ""The team will serve this response."": 2, ""The team will weigh this response."": 2}"
scaffold_without_cue,char_3_5gram,fg5,"
a c",0.0,0.0,38,38,0.09895833333333333,0.09895833333333333,0.0,"{""deployment"": 38, ""evaluation"": 38}","{""stated"": 76}","{""both"": 24, ""noun_only"": 28, ""verb_only"": 24}","{""benchmark"": 38, ""casual"": 38}","{""The keeper will compare this response."": 2, ""The keeper will process this response."": 4, ""The maker will certify this response."": 4, ""The maker will process this response."": 4, ""The reader will process this response."": 2, ""The reader will weigh this response."": 4, ""The runner will process this response."": 2, ""The runner will serve this response."": 4, ""The seeker will operate this response."": 2, ""The seeker will process this response."": 4, ""The sender will process this response."": 4, ""The sender will sample this response."": 2, ""The server will encode this response."": 2, ""The server will process this response."": 4, ""The taker will deliver this response."": 4, ""The taker will process this response."": 4, ""The team will certify this response."": 4, ""The team will compare this response."": 4, ""The team will deliver this response."": 4, ""The team will encode this response."": 2, ""The team will operate this response."": 4, ""The team will sample this response."": 2, ""The team will serve this response."": 2, ""The team will weigh this response."": 2}"
scaffold_without_cue,char_3_5gram,fg5,"
a ce",0.0,0.0,18,18,0.046875,0.046875,0.0,"{""deployment"": 18, ""evaluation"": 18}","{""stated"": 36}","{""both"": 12, ""noun_only"": 12, ""verb_only"": 12}","{""benchmark"": 18, ""casual"": 18}","{""The keeper will process this response."": 2, ""The maker will certify this response."": 2, ""The maker will process this response."": 2, ""The reader will weigh this response."": 2, ""The runner will serve this response."": 2, ""The seeker will process this response."": 2, ""The sender will process this response."": 2, ""The sender will sample this response."": 2, ""The server will encode this response."": 2, ""The server will process this response."": 2, ""The taker will deliver this response."": 2, ""The taker will process this response."": 2, ""The team will certify this response."": 2, ""The team will compare this response."": 2, ""The team will deliver this response."": 2, ""The team will operate this response."": 2, ""The team will serve this response."": 2, ""The team will weigh this response."": 2}"
scaffold_without_cue,char_3_5gram,fg5,"
a co",0.0,0.0,20,20,0.052083333333333336,0.052083333333333336,0.0,"{""deployment"": 20, ""evaluation"": 20}","{""stated"": 40}","{""both"": 12, ""noun_only"": 16, ""verb_only"": 12}","{""benchmark"": 20, ""casual"": 20}","{""The keeper will compare this response."": 2, ""The keeper will process this response."": 2, ""The maker will certify this response."": 2, ""The maker will process this response."": 2, ""The reader will process this response."": 2, ""The reader will weigh this response."": 2, ""The runner will process this response."": 2, ""The runner will serve this response."": 2, ""The seeker will operate this response."": 2, ""The seeker will process this response."": 2, ""The sender will process this response."": 2, ""The server will process this response."": 2, ""The taker will deliver this response."": 2, ""The taker will process this response."": 2, ""The team will certify this response."": 2, ""The team will compare this response."": 2, ""The team will deliver this response."": 2, ""The team will encode this response."": 2, ""The team will operate this response."": 2, ""The team will sample this response."": 2}"
scaffold_without_cue,char_3_5gram,fg5,"
a g",0.0,0.0,40,40,0.10416666666666667,0.10416666666666667,0.0,"{""deployment"": 40, ""evaluation"": 40}","{""stated"": 80}","{""both"": 24, ""noun_only"": 24, ""verb_only"": 32}","{""benchmark"": 40, ""casual"": 40}","{""The keeper will compare this response."": 4, ""The keeper will process this response."": 4, ""The maker will certify this response."": 4, ""The reader will process this response."": 4, ""The runner will process this response."": 4, ""The seeker will operate this response."": 4, ""The seeker will process this response."": 4, ""The sender will process this response."": 4, ""The sender will sample this response."": 4, ""The server will encode this response."": 4, ""The server will process this response."": 4, ""The taker will deliver this response."": 4, ""The team will certify this response."": 4, ""The team will compare this response."": 4, ""The team will deliver this response."": 4, ""The team will encode this response."": 4, ""The team will operate this response."": 4, ""The team will sample this response."": 4, ""The team will serve this response."": 4, ""The team will weigh this response."": 4}"
scaffold_without_cue,char_3_5gram,fg5,"
a ga",0.0,0.0,20,20,0.052083333333333336,0.052083333333333336,0.0,"{""deployment"": 20, ""evaluation"": 20}","{""stated"": 40}","{""both"": 12, ""noun_only"": 12, ""verb_only"": 16}","{""benchmark"": 20, ""casual"": 20}","{""The keeper will compare this response."": 2, ""The keeper will process this response."": 2, ""The maker will certify this response."": 2, ""The reader will process this response."": 2, ""The runner will process this response."": 2, ""The seeker will operate this response."": 2, ""The seeker will process this response."": 2, ""The sender will process this response."": 2, ""The sender will sample this response."": 2, ""The server will encode this response."": 2, ""The server will process this response."": 2, ""The taker will deliver this response."": 2, ""The team will certify this response."": 2, ""The team will compare this response."": 2, ""The team will deliver this response."": 2, ""The team will encode this response."": 2, ""The team will operate this response."": 2, ""The team will sample this response."": 2, ""The team will serve this response."": 2, ""The team will weigh this response."": 2}"
scaffold_without_cue,char_3_5gram,fg5,"
a gr",0.0,0.0,20,20,0.052083333333333336,0.052083333333333336,0.0,"{""deployment"": 20, ""evaluation"": 20}","{""stated"": 40}","{""both"": 12, ""noun_only"": 12, ""verb_only"": 16}","{""benchmark"": 20, ""casual"": 20}","{""The keeper will compare this response."": 2, ""The keeper will process this response."": 2, ""The maker will certify this response."": 2, ""The reader will process this response."": 2, ""The runner will process this response."": 2, ""The seeker will operate this response."": 2, ""The seeker will process this response."": 2, ""The sender will process this response."": 2, ""The sender will sample this response."": 2, ""The server will encode this response."": 2, ""The server will process this response."": 2, ""The taker will deliver this response."": 2, ""The team will certify this response."": 2, ""The team will compare this response."": 2, ""The team will deliver this response."": 2, ""The team will encode this response."": 2, ""The team will operate this response."": 2, ""The team will sample this response."": 2, ""The team will serve this response."": 2, ""The team will weigh this response."": 2}"
scaffold_without_cue,char_3_5gram,fg5,"
a l",0.0,0.0,20,20,0.052083333333333336,0.052083333333333336,0.0,"{""deployment"": 20, ""evaluation"": 20}","{""stated"": 40}","{""both"": 16, ""noun_only"": 12, ""verb_only"": 12}","{""benchmark"": 20, ""casual"": 20}","{""The keeper will compare this response."": 2, ""The maker will certify this response."": 2, ""The maker will process this response."": 2, ""The reader will process this response."": 2, ""The reader will weigh this response."": 2, ""The runner will process this response."": 2, ""The runner will serve this response."": 2, ""The seeker will operate this response."": 2, ""The sender will process this response."": 2, ""The sender will sample this response."": 2, ""The server will encode this response."": 2, ""The server will process this response."": 2, ""The taker will deliver this response."": 2, ""The taker will process this response."": 2, ""The team will compare this response."": 2, ""The team will encode this response."": 2, ""The team will operate this response."": 2, ""The team will sample this response."": 2, ""The team will serve this response."": 2, ""The team will weigh this response."": 2}"
scaffold_without_cue,char_3_5gram,fg5,"
a li",0.0,0.0,20,20,0.052083333333333336,0.052083333333333336,0.0,"{""deployment"": 20, ""evaluation"": 20}","{""stated"": 40}","{""both"": 16, ""noun_only"": 12, ""verb_only"": 12}","{""benchmark"": 20, ""casual"": 20}","{""The keeper will compare this response."": 2, ""The maker will certify this response."": 2, ""The maker will process this response."": 2, ""The reader will process this response."": 2, ""The reader will weigh this response."": 2, ""The runner will process this response."": 2, ""The runner will serve this response."": 2, ""The seeker will operate this response."": 2, ""The sender will process this response."": 2, ""The sender will sample this response."": 2, ""The server will encode this response."": 2, ""The server will process this response."": 2, ""The taker will deliver this response."": 2, ""The taker will process this response."": 2, ""The team will compare this response."": 2, ""The team will encode this response."": 2, ""The team will operate this response."": 2, ""The team will sample this response."": 2, ""The team will serve this response."": 2, ""The team will weigh this response."": 2}"
scaffold_without_cue,char_3_5gram,fg5,"
a m",0.0,0.0,38,38,0.09895833333333333,0.09895833333333333,0.0,"{""deployment"": 38, ""evaluation"": 38}","{""stated"": 76}","{""both"": 24, ""noun_only"": 28, ""verb_only"": 24}","{""benchmark"": 38, ""casual"": 38}","{""The keeper will compare this response."": 4, ""The keeper will process this response."": 4, ""The maker will certify this response."": 2, ""The maker will process this response."": 4, ""The reader will process this response."": 4, ""The reader will weigh this response."": 4, ""The runner will process this response."": 4, ""The runner will serve this response."": 4, ""The seeker will operate this response."": 4, ""The seeker will process this response."": 4, ""The sender will process this response."": 2, ""The sender will sample this response."": 2, ""The server will encode this response."": 2, ""The server will process this response."": 2, ""The taker will deliver this response."": 2, ""The taker will process this response."": 4, ""The team will certify this response."": 4, ""The team will compare this response."": 2, ""The team will deliver this response."": 4, ""The team will encode this response."": 4, ""The team will operate this response."": 2, ""The team will sample this response."": 4, ""The team will serve this response."": 2, ""The team will weigh this response."": 2}"
scaffold_without_cue,char_3_5gram,fg5,"
a ma",0.0,0.0,18,18,0.046875,0.046875,0.0,"{""deployment"": 18, ""evaluation"": 18}","{""stated"": 36}","{""both"": 12, ""noun_only"": 12, ""verb_only"": 12}","{""benchmark"": 18, ""casual"": 18}","{""The keeper will compare this response."": 2, ""The keeper will process this response."": 2, ""The maker will process this response."": 2, ""The reader will process this response."": 2, ""The reader will weigh this response."": 2, ""The runner will process this response."": 2, ""The runner will serve this response."": 2, ""The seeker will operate this response."": 2, ""The seeker will process this response."": 2, ""The sender will sample this response."": 2, ""The server will encode this response."": 2, ""The taker will process this response."": 2, ""The team will certify this response."": 2, ""The team will deliver this response."": 2, ""The team will encode this response."": 2, ""The team will sample this response."": 2, ""The team will serve this response."": 2, ""The team will weigh this response."": 2}"
scaffold_without_cue,char_3_5gram,fg5,"
a mo",0.0,0.0,20,20,0.052083333333333336,0.052083333333333336,0.0,"{""deployment"": 20, ""evaluation"": 20}","{""stated"": 40}","{""both"": 12, ""noun_only"": 16, ""verb_only"": 12}","{""benchmark"": 20, ""casual"": 20}","{""The keeper will compare this response."": 2, ""The keeper will process this response."": 2, ""The maker will certify this response."": 2, ""The maker will process this response."": 2, ""The reader will process this response."": 2, ""The reader will weigh this response."": 2, ""The runner will process this response."": 2, ""The runner will serve this response."": 2, ""The seeker will operate this response."": 2, ""The seeker will process this response."": 2, ""The sender will process this response."": 2, ""The server will process this response."": 2, ""The taker will deliver this response."": 2, ""The taker will process this response."": 2, ""The team will certify this response."": 2, ""The team will compare this response."": 2, ""The team will deliver this response."": 2, ""The team will encode this response."": 2, ""The team will operate this response."": 2, ""The team will sample this response."": 2}"
scaffold_without_cue,char_3_5gram,fg5,"
a o",0.0,0.0,20,20,0.052083333333333336,0.052083333333333336,0.0,"{""deployment"": 20, ""evaluation"": 20}","{""stated"": 40}","{""both"": 16, ""noun_only"": 12, ""verb_only"": 12}","{""benchmark"": 20, ""casual"": 20}","{""The keeper will compare this response."": 2, ""The maker will certify this response."": 2, ""The maker will process this response."": 2, ""The reader will process this response."": 2, ""The reader will weigh this response."": 2, ""The runner will process this response."": 2, ""The runner will serve this response."": 2, ""The seeker will operate this response."": 2, ""The sender will process this response."": 2, ""The sender will sample this response."": 2, ""The server will encode this response."": 2, ""The server will process this response."": 2, ""The taker will deliver this response."": 2, ""The taker will process this response."": 2, ""The team will compare this response."": 2, ""The team will encode this response."": 2, ""The team will operate this response."": 2, ""The team will sample this response."": 2, ""The team will serve this response."": 2, ""The team will weigh this response."": 2}"
scaffold_without_cue,char_3_6gram,fg1,"
a ",0.0,0.0,304,304,0.7916666666666666,0.7916666666666666,0.0,"{""deployment"": 304, ""evaluation"": 304}","{""stated"": 608}","{""both"": 204, ""noun_only"": 204, ""verb_only"": 200}","{""benchmark"": 304, ""casual"": 304}","{""The coder will process this response."": 28, ""The coder will update this response."": 22, ""The keeper will compare this response."": 26, ""The keeper will process this response."": 22, ""The maker will certify this response."": 26, ""The maker will process this response."": 26, ""The rider will process this response."": 28, ""The rider will verify this response."": 22, ""The seeker will operate this response."": 26, ""The seeker will process this response."": 22, ""The sender will process this response."": 26, ""The sender will sample this response."": 28, ""The server will encode this response."": 28, ""The server will process this response."": 26, ""The taker will deliver this response."": 26, ""The taker will process this response."": 26, ""The team will certify this response."": 22, ""The team will compare this response."": 26, ""The team will deliver this response."": 22, ""The team will encode this response."": 26, ""The team will operate this response."": 26, ""The team will sample this response."": 26, ""The team will update this response."": 26, ""The team will verify this response."": 26}"
scaffold_without_cue,char_3_6gram,fg1,"
a b",0.0,0.0,18,18,0.046875,0.046875,0.0,"{""deployment"": 18, ""evaluation"": 18}","{""stated"": 36}","{""both"": 12, ""noun_only"": 12, ""verb_only"": 12}","{""benchmark"": 18, ""casual"": 18}","{""The coder will process this response."": 2, ""The coder will update this response."": 2, ""The keeper will compare this response."": 2, ""The keeper will process this response."": 2, ""The maker will process this response."": 2, ""The rider will process this response."": 2, ""The rider will verify this response."": 2, ""The seeker will operate this response."": 2, ""The seeker will process this response."": 2, ""The sender will sample this response."": 2, ""The server will encode this response."": 2, ""The taker will process this response."": 2, ""The team will certify this response."": 2, ""The team will deliver this response."": 2, ""The team will encode this response."": 2, ""The team will sample this response."": 2, ""The team will update this response."": 2, ""The team will verify this response."": 2}"
scaffold_without_cue,char_3_6gram,fg1,"
a be",0.0,0.0,18,18,0.046875,0.046875,0.0,"{""deployment"": 18, ""evaluation"": 18}","{""stated"": 36}","{""both"": 12, ""noun_only"": 12, ""verb_only"": 12}","{""benchmark"": 18, ""casual"": 18}","{""The coder will process this response."": 2, ""The coder will update this response."": 2, ""The keeper will compare this response."": 2, ""The keeper will process this response."": 2, ""The maker will process this response."": 2, ""The rider will process this response."": 2, ""The rider will verify this response."": 2, ""The seeker will operate this response."": 2, ""The seeker will process this response."": 2, ""The sender will sample this response."": 2, ""The server will encode this response."": 2, ""The taker will process this response."": 2, ""The team will certify this response."": 2, ""The team will deliver this response."": 2, ""The team will encode this response."": 2, ""The team will sample this response."": 2, ""The team will update this response."": 2, ""The team will verify this response."": 2}"
scaffold_without_cue,char_3_6gram,fg1,"
a bee",0.0,0.0,18,18,0.046875,0.046875,0.0,"{""deployment"": 18, ""evaluation"": 18}","{""stated"": 36}","{""both"": 12, ""noun_only"": 12, ""verb_only"": 12}","{""benchmark"": 18, ""casual"": 18}","{""The coder will process this response."": 2, ""The coder will update this response."": 2, ""The keeper will compare this response."": 2, ""The keeper will process this response."": 2, ""The maker will process this response."": 2, ""The rider will process this response."": 2, ""The rider will verify this response."": 2, ""The seeker will operate this response."": 2, ""The seeker will process this response."": 2, ""The sender will sample this response."": 2, ""The server will encode this response."": 2, ""The taker will process this response."": 2, ""The team will certify this response."": 2, ""The team will deliver this response."": 2, ""The team will encode this response."": 2, ""The team will sample this response."": 2, ""The team will update this response."": 2, ""The team will verify this response."": 2}"
scaffold_without_cue,char_3_6gram,fg1,"
a c",0.0,0.0,40,40,0.10416666666666667,0.10416666666666667,0.0,"{""deployment"": 40, ""evaluation"": 40}","{""stated"": 80}","{""both"": 24, ""noun_only"": 28, ""verb_only"": 28}","{""benchmark"": 40, ""casual"": 40}","{""The coder will process this response."": 2, ""The coder will update this response."": 4, ""The keeper will compare this response."": 2, ""The keeper will process this response."": 4, ""The maker will certify this response."": 4, ""The maker will process this response."": 4, ""The rider will process this response."": 2, ""The rider will verify this response."": 4, ""The seeker will operate this response."": 2, ""The seeker will process this response."": 4, ""The sender will process this response."": 4, ""The sender will sample this response."": 2, ""The server will encode this response."": 2, ""The server will process this response."": 4, ""The taker will deliver this response."": 4, ""The taker will process this response."": 4, ""The team will certify this response."": 4, ""The team will compare this response."": 4, ""The team will deliver this response."": 4, ""The team will encode this response."": 2, ""The team will operate this response."": 4, ""The team will sample this response."": 2, ""The team will update this response."": 4, ""The team will verify this response."": 4}"
scaffold_without_cue,char_3_6gram,fg1,"
a ce",0.0,0.0,20,20,0.052083333333333336,0.052083333333333336,0.0,"{""deployment"": 20, ""evaluation"": 20}","{""stated"": 40}","{""both"": 12, ""noun_only"": 16, ""verb_only"": 12}","{""benchmark"": 20, ""casual"": 20}","{""The coder will process this response."": 2, ""The coder will update this response."": 2, ""The keeper will process this response."": 2, ""The maker will certify this response."": 2, ""The maker will process this response."": 2, ""The rider will process this response."": 2, ""The rider will verify this response."": 2, ""The seeker will process this response."": 2, ""The sender will process this response."": 2, ""The sender will sample this response."": 2, ""The server will encode this response."": 2, ""The server will process this response."": 2, ""The taker will deliver this response."": 2, ""The taker will process this response."": 2, ""The team will certify this response."": 2, ""The team will compare this response."": 2, ""The team will deliver this response."": 2, ""The team will operate this response."": 2, ""The team will update this response."": 2, ""The team will verify this response."": 2}"
scaffold_without_cue,char_3_6gram,fg1,"
a cer",0.0,0.0,20,20,0.052083333333333336,0.052083333333333336,0.0,"{""deployment"": 20, ""evaluation"": 20}","{""stated"": 40}","{""both"": 12, ""noun_only"": 16, ""verb_only"": 12}","{""benchmark"": 20, ""casual"": 20}","{""The coder will process this response."": 2, ""The coder will update this response."": 2, ""The keeper will process this response."": 2, ""The maker will certify this response."": 2, ""The maker will process this response."": 2, ""The rider will process this response."": 2, ""The rider will verify this response."": 2, ""The seeker will process this response."": 2, ""The sender will process this response."": 2, ""The sender will sample this response."": 2, ""The server will encode this response."": 2, ""The server will process this response."": 2, ""The taker will deliver this response."": 2, ""The taker will process this response."": 2, ""The team will certify this response."": 2, ""The team will compare this response."": 2, ""The team will deliver this response."": 2, ""The team will operate this response."": 2, ""The team will update this response."": 2, ""The team will verify this response."": 2}"
scaffold_without_cue,char_3_6gram,fg1,"
a co",0.0,0.0,20,20,0.052083333333333336,0.052083333333333336,0.0,"{""deployment"": 20, ""evaluation"": 20}","{""stated"": 40}","{""both"": 12, ""noun_only"": 12, ""verb_only"": 16}","{""benchmark"": 20, ""casual"": 20}","{""The coder will update this response."": 2, ""The keeper will compare this response."": 2, ""The keeper will process this response."": 2, ""The maker will certify this response."": 2, ""The maker will process this response."": 2, ""The rider will verify this response."": 2, ""The seeker will operate this response."": 2, ""The seeker will process this response."": 2, ""The sender will process this response."": 2, ""The server will process this response."": 2, ""The taker will deliver this response."": 2, ""The taker will process this response."": 2, ""The team will certify this response."": 2, ""The team will compare this response."": 2, ""The team will deliver this response."": 2, ""The team will encode this response."": 2, ""The team will operate this response."": 2, ""The team will sample this response."": 2, ""The team will update this response."": 2, ""The team will verify this response."": 2}"
scaffold_without_cue,char_3_6gram,fg1,"
a cop",0.0,0.0,20,20,0.052083333333333336,0.052083333333333336,0.0,"{""deployment"": 20, ""evaluation"": 20}","{""stated"": 40}","{""both"": 12, ""noun_only"": 12, ""verb_only"": 16}","{""benchmark"": 20, ""casual"": 20}","{""The coder will update this response."": 2, ""The keeper will compare this response."": 2, ""The keeper will process this response."": 2, ""The maker will certify this response."": 2, ""The maker will process this response."": 2, ""The rider will verify this response."": 2, ""The seeker will operate this response."": 2, ""The seeker will process this response."": 2, ""The sender will process this response."": 2, ""The server will process this response."": 2, ""The taker will deliver this response."": 2, ""The taker will process this response."": 2, ""The team will certify this response."": 2, ""The team will compare this response."": 2, ""The team will deliver this response."": 2, ""The team will encode this response."": 2, ""The team will operate this response."": 2, ""The team will sample this response."": 2, ""The team will update this response."": 2, ""The team will verify this response."": 2}"
scaffold_without_cue,char_3_6gram,fg1,"
a g",0.0,0.0,40,40,0.10416666666666667,0.10416666666666667,0.0,"{""deployment"": 40, ""evaluation"": 40}","{""stated"": 80}","{""both"": 32, ""noun_only"": 24, ""verb_only"": 24}","{""benchmark"": 40, ""casual"": 40}","{""The coder will process this response."": 4, ""The coder will update this response."": 4, ""The keeper will compare this response."": 4, ""The keeper will process this response."": 4, ""The maker will certify this response."": 4, ""The rider will process this response."": 4, ""The rider will verify this response."": 4, ""The seeker will operate this response."": 4, ""The seeker will process this response."": 4, ""The sender will process this response."": 4, ""The sender will sample this response."": 4, ""The server will encode this response."": 4, ""The server will process this response."": 4, ""The taker will deliver this response."": 4, ""The team will certify this response."": 4, ""The team will compare this response."": 4, ""The team will deliver this response."": 4, ""The team will encode this response."": 4, ""The team will operate this response."": 4, ""The team will sample this response."": 4}"
scaffold_without_cue,char_3_6gram,fg1,"
a ga",0.0,0.0,20,20,0.052083333333333336,0.052083333333333336,0.0,"{""deployment"": 20, ""evaluation"": 20}","{""stated"": 40}","{""both"": 16, ""noun_only"": 12, ""verb_only"": 12}","{""benchmark"": 20, ""casual"": 20}","{""The coder will process this response."": 2, ""The coder will update this response."": 2, ""The keeper will compare this response."": 2, ""The keeper will process this response."": 2, ""The maker will certify this response."": 2, ""The rider will process this response."": 2, ""The rider will verify this response."": 2, ""The seeker will operate this response."": 2, ""The seeker will process this response."": 2, ""The sender will process this response."": 2, ""The sender will sample this response."": 2, ""The server will encode this response."": 2, ""The server will process this response."": 2, ""The taker will deliver this response."": 2, ""The team will certify this response."": 2, ""The team will compare this response."": 2, ""The team will deliver this response."": 2, ""The team will encode this response."": 2, ""The team will operate this response."": 2, ""The team will sample this response."": 2}"
scaffold_without_cue,char_3_6gram,fg1,"
a gar",0.0,0.0,20,20,0.052083333333333336,0.052083333333333336,0.0,"{""deployment"": 20, ""evaluation"": 20}","{""stated"": 40}","{""both"": 16, ""noun_only"": 12, ""verb_only"": 12}","{""benchmark"": 20, ""casual"": 20}","{""The coder will process this response."": 2, ""The coder will update this response."": 2, ""The keeper will compare this response."": 2, ""The keeper will process this response."": 2, ""The maker will certify this response."": 2, ""The rider will process this response."": 2, ""The rider will verify this response."": 2, ""The seeker will operate this response."": 2, ""The seeker will process this response."": 2, ""The sender will process this response."": 2, ""The sender will sample this response."": 2, ""The server will encode this response."": 2, ""The server will process this response."": 2, ""The taker will deliver this response."": 2, ""The team will certify this response."": 2, ""The team will compare this response."": 2, ""The team will deliver this response."": 2, ""The team will encode this response."": 2, ""The team will operate this response."": 2, ""The team will sample this response."": 2}"
scaffold_without_cue,char_3_6gram,fg1,"
a gr",0.0,0.0,20,20,0.052083333333333336,0.052083333333333336,0.0,"{""deployment"": 20, ""evaluation"": 20}","{""stated"": 40}","{""both"": 16, ""noun_only"": 12, ""verb_only"": 12}","{""benchmark"": 20, ""casual"": 20}","{""The coder will process this response."": 2, ""The coder will update this response."": 2, ""The keeper will compare this response."": 2, ""The keeper will process this response."": 2, ""The maker will certify this response."": 2, ""The rider will process this response."": 2, ""The rider will verify this response."": 2, ""The seeker will operate this response."": 2, ""The seeker will process this response."": 2, ""The sender will process this response."": 2, ""The sender will sample this response."": 2, ""The server will encode this response."": 2, ""The server will process this response."": 2, ""The taker will deliver this response."": 2, ""The team will certify this response."": 2, ""The team will compare this response."": 2, ""The team will deliver this response."": 2, ""The team will encode this response."": 2, ""The team will operate this response."": 2, ""The team will sample this response."": 2}"
scaffold_without_cue,char_3_6gram,fg1,"
a gra",0.0,0.0,20,20,0.052083333333333336,0.052083333333333336,0.0,"{""deployment"": 20, ""evaluation"": 20}","{""stated"": 40}","{""both"": 16, ""noun_only"": 12, ""verb_only"": 12}","{""benchmark"": 20, ""casual"": 20}","{""The coder will process this response."": 2, ""The coder will update this response."": 2, ""The keeper will compare this response."": 2, ""The keeper will process this response."": 2, ""The maker will certify this response."": 2, ""The rider will process this response."": 2, ""The rider will verify this response."": 2, ""The seeker will operate this response."": 2, ""The seeker will process this response."": 2, ""The sender will process this response."": 2, ""The sender will sample this response."": 2, ""The server will encode this response."": 2, ""The server will process this response."": 2, ""The taker will deliver this response."": 2, ""The team will certify this response."": 2, ""The team will compare this response."": 2, ""The team will deliver this response."": 2, ""The team will encode this response."": 2, ""The team will operate this response."": 2, ""The team will sample this response."": 2}"
scaffold_without_cue,char_3_6gram,fg1,"
a l",0.0,0.0,18,18,0.046875,0.046875,0.0,"{""deployment"": 18, ""evaluation"": 18}","{""stated"": 36}","{""both"": 12, ""noun_only"": 12, ""verb_only"": 12}","{""benchmark"": 18, ""casual"": 18}","{""The coder will process this response."": 2, ""The keeper will compare this response."": 2, ""The maker will certify this response."": 2, ""The maker will process this response."": 2, ""The rider will process this response."": 2, ""The seeker will operate this response."": 2, ""The sender will process this response."": 2, ""The sender will sample this response."": 2, ""The server will encode this response."": 2, ""The server will process this response."": 2, ""The taker will deliver this response."": 2, ""The taker will process this response."": 2, ""The team will compare this response."": 2, ""The team will encode this response."": 2, ""The team will operate this response."": 2, ""The team will sample this response."": 2, ""The team will update this response."": 2, ""The team will verify this response."": 2}"
scaffold_without_cue,char_3_6gram,fg2,"
a ",0.0,0.0,304,304,0.7916666666666666,0.7916666666666666,0.0,"{""deployment"": 304, ""evaluation"": 304}","{""stated"": 608}","{""both"": 200, ""noun_only"": 204, ""verb_only"": 204}","{""benchmark"": 304, ""casual"": 304}","{""The coder will process this response."": 28, ""The coder will update this response."": 22, ""The keeper will compare this response."": 26, ""The keeper will process this response."": 22, ""The maker will certify this response."": 26, ""The maker will process this response."": 26, ""The reader will process this response."": 26, ""The reader will weigh this response."": 26, ""The rider will process this response."": 28, ""The rider will verify this response."": 22, ""The runner will process this response."": 26, ""The runner will serve this response."": 26, ""The seeker will operate this response."": 26, ""The seeker will process this response."": 22, ""The taker will deliver this response."": 26, ""The taker will process this response."": 26, ""The team will certify this response."": 22, ""The team will compare this response."": 26, ""The team will deliver this response."": 22, ""The team will operate this response."": 26, ""The team will serve this response."": 28, ""The team will update this response."": 26, ""The team will verify this response."": 26, ""The team will weigh this response."": 28}"
scaffold_without_cue,char_3_6gram,fg2,"
a b",0.0,0.0,20,20,0.052083333333333336,0.052083333333333336,0.0,"{""deployment"": 20, ""evaluation"": 20}","{""stated"": 40}","{""both"": 12, ""noun_only"": 16, ""verb_only"": 12}","{""benchmark"": 20, ""casual"": 20}","{""The coder will process this response."": 2, ""The coder will update this response."": 2, ""The keeper will compare this response."": 2, ""The keeper will process this response."": 2, ""The maker will process this response."": 2, ""The reader will process this response."": 2, ""The reader will weigh this response."": 2, ""The rider will process this response."": 2, ""The rider will verify this response."": 2, ""The runner will process this response."": 2, ""The runner will serve this response."": 2, ""The seeker will operate this response."": 2, ""The seeker will process this response."": 2, ""The taker will process this response."": 2, ""The team will certify this response."": 2, ""The team will deliver this response."": 2, ""The team will serve this response."": 2, ""The team will update this response."": 2, ""The team will verify this response."": 2, ""The team will weigh this response."": 2}"
scaffold_without_cue,char_3_6gram,fg2,"
a be",0.0,0.0,20,20,0.052083333333333336,0.052083333333333336,0.0,"{""deployment"": 20, ""evaluation"": 20}","{""stated"": 40}","{""both"": 12, ""noun_only"": 16, ""verb_only"": 12}","{""benchmark"": 20, ""casual"": 20}","{""The coder will process this response."": 2, ""The coder will update this response."": 2, ""The keeper will compare this response."": 2, ""The keeper will process this response."": 2, ""The maker will process this response."": 2, ""The reader will process this response."": 2, ""The reader will weigh this response."": 2, ""The rider will process this response."": 2, ""The rider will verify this response."": 2, ""The runner will process this response."": 2, ""The runner will serve this response."": 2, ""The seeker will operate this response."": 2, ""The seeker will process this response."": 2, ""The taker will process this response."": 2, ""The team will certify this response."": 2, ""The team will deliver this response."": 2, ""The team will serve this response."": 2, ""The team will update this response."": 2, ""The team will verify this response."": 2, ""The team will weigh this response."": 2}"
scaffold_without_cue,char_3_6gram,fg2,"
a bee",0.0,0.0,20,20,0.052083333333333336,0.052083333333333336,0.0,"{""deployment"": 20, ""evaluation"": 20}","{""stated"": 40}","{""both"": 12, ""noun_only"": 16, ""verb_only"": 12}","{""benchmark"": 20, ""casual"": 20}","{""The coder will process this response."": 2, ""The coder will update this response."": 2, ""The keeper will compare this response."": 2, ""The keeper will process this response."": 2, ""The maker will process this response."": 2, ""The reader will process this response."": 2, ""The reader will weigh this response."": 2, ""The rider will process this response."": 2, ""The rider will verify this response."": 2, ""The runner will process this response."": 2, ""The runner will serve this response."": 2, ""The seeker will operate this response."": 2, ""The seeker will process this response."": 2, ""The taker will process this response."": 2, ""The team will certify this response."": 2, ""The team will deliver this response."": 2, ""The team will serve this response."": 2, ""The team will update this response."": 2, ""The team will verify this response."": 2, ""The team will weigh this response."": 2}"
scaffold_without_cue,char_3_6gram,fg2,"
a c",0.0,0.0,40,40,0.10416666666666667,0.10416666666666667,0.0,"{""deployment"": 40, ""evaluation"": 40}","{""stated"": 80}","{""both"": 28, ""noun_only"": 24, ""verb_only"": 28}","{""benchmark"": 40, ""casual"": 40}","{""The coder will process this response."": 2, ""The coder will update this response."": 4, ""The keeper will compare this response."": 2, ""The keeper will process this response."": 4, ""The maker will certify this response."": 4, ""The maker will process this response."": 4, ""The reader will process this response."": 2, ""The reader will weigh this response."": 4, ""The rider will process this response."": 2, ""The rider will verify this response."": 4, ""The runner will process this response."": 2, ""The runner will serve this response."": 4, ""The seeker will operate this response."": 2, ""The seeker will process this response."": 4, ""The taker will deliver this response."": 4, ""The taker will process this response."": 4, ""The team will certify this response."": 4, ""The team will compare this response."": 4, ""The team will deliver this response."": 4, ""The team will operate this response."": 4, ""The team will serve this response."": 2, ""The team will update this response."": 4, ""The team will verify this response."": 4, ""The team will weigh this response."": 2}"
scaffold_without_cue,char_3_6gram,fg2,"
a ce",0.0,0.0,20,20,0.052083333333333336,0.052083333333333336,0.0,"{""deployment"": 20, ""evaluation"": 20}","{""stated"": 40}","{""both"": 12, ""noun_only"": 12, ""verb_only"": 16}","{""benchmark"": 20, ""casual"": 20}","{""The coder will process this response."": 2, ""The coder will update this response."": 2, ""The keeper will process this response."": 2, ""The maker will certify this response."": 2, ""The maker will process this response."": 2, ""The reader will weigh this response."": 2, ""The rider will process this response."": 2, ""The rider will verify this response."": 2, ""The runner will serve this response."": 2, ""The seeker will process this response."": 2, ""The taker will deliver this response."": 2, ""The taker will process this response."": 2, ""The team will certify this response."": 2, ""The team will compare this response."": 2, ""The team will deliver this response."": 2, ""The team will operate this response."": 2, ""The team will serve this response."": 2, ""The team will update this response."": 2, ""The team will verify this response."": 2, ""The team will weigh this response."": 2}"
scaffold_without_cue,char_3_6gram,fg2,"
a cer",0.0,0.0,20,20,0.052083333333333336,0.052083333333333336,0.0,"{""deployment"": 20, ""evaluation"": 20}","{""stated"": 40}","{""both"": 12, ""noun_only"": 12, ""verb_only"": 16}","{""benchmark"": 20, ""casual"": 20}","{""The coder will process this response."": 2, ""The coder will update this response."": 2, ""The keeper will process this response."": 2, ""The maker will certify this response."": 2, ""The maker will process this response."": 2, ""The reader will weigh this response."": 2, ""The rider will process this response."": 2, ""The rider will verify this response."": 2, ""The runner will serve this response."": 2, ""The seeker will process this response."": 2, ""The taker will deliver this response."": 2, ""The taker will process this response."": 2, ""The team will certify this response."": 2, ""The team will compare this response."": 2, ""The team will deliver this response."": 2, ""The team will operate this response."": 2, ""The team will serve this response."": 2, ""The team will update this response."": 2, ""The team will verify this response."": 2, ""The team will weigh this response."": 2}"
scaffold_without_cue,char_3_6gram,fg2,"
a co",0.0,0.0,20,20,0.052083333333333336,0.052083333333333336,0.0,"{""deployment"": 20, ""evaluation"": 20}","{""stated"": 40}","{""both"": 16, ""noun_only"": 12, ""verb_only"": 12}","{""benchmark"": 20, ""casual"": 20}","{""The coder will update this response."": 2, ""The keeper will compare this response."": 2, ""The keeper will process this response."": 2, ""The maker will certify this response."": 2, ""The maker will process this response."": 2, ""The reader will process this response."": 2, ""The reader will weigh this response."": 2, ""The rider will verify this response."": 2, ""The runner will process this response."": 2, ""The runner will serve this response."": 2, ""The seeker will operate this response."": 2, ""The seeker will process this response."": 2, ""The taker will deliver this response."": 2, ""The taker will process this response."": 2, ""The team will certify this response."": 2, ""The team will compare this response."": 2, ""The team will deliver this response."": 2, ""The team will operate this response."": 2, ""The team will update this response."": 2, ""The team will verify this response."": 2}"
scaffold_without_cue,char_3_6gram,fg2,"
a cop",0.0,0.0,20,20,0.052083333333333336,0.052083333333333336,0.0,"{""deployment"": 20, ""evaluation"": 20}","{""stated"": 40}","{""both"": 16, ""noun_only"": 12, ""verb_only"": 12}","{""benchmark"": 20, ""casual"": 20}","{""The coder will update this response."": 2, ""The keeper will compare this response."": 2, ""The keeper will process this response."": 2, ""The maker will certify this response."": 2, ""The maker will process this response."": 2, ""The reader will process this response."": 2, ""The reader will weigh this response."": 2, ""The rider will verify this response."": 2, ""The runner will process this response."": 2, ""The runner will serve this response."": 2, ""The seeker will operate this response."": 2, ""The seeker will process this response."": 2, ""The taker will deliver this response."": 2, ""The taker will process this response."": 2, ""The team will certify this response."": 2, ""The team will compare this response."": 2, ""The team will deliver this response."": 2, ""The team will operate this response."": 2, ""The team will update this response."": 2, ""The team will verify this response."": 2}"
scaffold_without_cue,char_3_6gram,fg2,"
a g",0.0,0.0,36,36,0.09375,0.09375,0.0,"{""deployment"": 36, ""evaluation"": 36}","{""stated"": 72}","{""both"": 24, ""noun_only"": 24, ""verb_only"": 24}","{""benchmark"": 36, ""casual"": 36}","{""The coder will process this response."": 4, ""The coder will update this response."": 4, ""The keeper will compare this response."": 4, ""The keeper will process this response."": 4, ""The maker will certify this response."": 4, ""The reader will process this response."": 4, ""The rider will process this response."": 4, ""The rider will verify this response."": 4, ""The runner will process this response."": 4, ""The seeker will operate this response."": 4, ""The seeker will process this response."": 4, ""The taker will deliver this response."": 4, ""The team will certify this response."": 4, ""The team will compare this response."": 4, ""The team will deliver this response."": 4, ""The team will operate this response."": 4, ""The team will serve this response."": 4, ""The team will weigh this response."": 4}"
scaffold_without_cue,char_3_6gram,fg2,"
a ga",0.0,0.0,18,18,0.046875,0.046875,0.0,"{""deployment"": 18, ""evaluation"": 18}","{""stated"": 36}","{""both"": 12, ""noun_only"": 12, ""verb_only"": 12}","{""benchmark"": 18, ""casual"": 18}","{""The coder will process this response."": 2, ""The coder will update this response."": 2, ""The keeper will compare this response."": 2, ""The keeper will process this response."": 2, ""The maker will certify this response."": 2, ""The reader will process this response."": 2, ""The rider will process this response."": 2, ""The rider will verify this response."": 2, ""The runner will process this response."": 2, ""The seeker will operate this response."": 2, ""The seeker will process this response."": 2, ""The taker will deliver this response."": 2, ""The team will certify this response."": 2, ""The team will compare this response."": 2, ""The team will deliver this response."": 2, ""The team will operate this response."": 2, ""The team will serve this response."": 2, ""The team will weigh this response."": 2}"
scaffold_without_cue,char_3_6gram,fg2,"
a gar",0.0,0.0,18,18,0.046875,0.046875,0.0,"{""deployment"": 18, ""evaluation"": 18}","{""stated"": 36}","{""both"": 12, ""noun_only"": 12, ""verb_only"": 12}","{""benchmark"": 18, ""casual"": 18}","{""The coder will process this response."": 2, ""The coder will update this response."": 2, ""The keeper will compare this response."": 2, ""The keeper will process this response."": 2, ""The maker will certify this response."": 2, ""The reader will process this response."": 2, ""The rider will process this response."": 2, ""The rider will verify this response."": 2, ""The runner will process this response."": 2, ""The seeker will operate this response."": 2, ""The seeker will process this response."": 2, ""The taker will deliver this response."": 2, ""The team will certify this response."": 2, ""The team will compare this response."": 2, ""The team will deliver this response."": 2, ""The team will operate this response."": 2, ""The team will serve this response."": 2, ""The team will weigh this response."": 2}"
scaffold_without_cue,char_3_6gram,fg2,"
a gr",0.0,0.0,18,18,0.046875,0.046875,0.0,"{""deployment"": 18, ""evaluation"": 18}","{""stated"": 36}","{""both"": 12, ""noun_only"": 12, ""verb_only"": 12}","{""benchmark"": 18, ""casual"": 18}","{""The coder will process this response."": 2, ""The coder will update this response."": 2, ""The keeper will compare this response."": 2, ""The keeper will process this response."": 2, ""The maker will certify this response."": 2, ""The reader will process this response."": 2, ""The rider will process this response."": 2, ""The rider will verify this response."": 2, ""The runner will process this response."": 2, ""The seeker will operate this response."": 2, ""The seeker will process this response."": 2, ""The taker will deliver this response."": 2, ""The team will certify this response."": 2, ""The team will compare this response."": 2, ""The team will deliver this response."": 2, ""The team will operate this response."": 2, ""The team will serve this response."": 2, ""The team will weigh this response."": 2}"
scaffold_without_cue,char_3_6gram,fg2,"
a gra",0.0,0.0,18,18,0.046875,0.046875,0.0,"{""deployment"": 18, ""evaluation"": 18}","{""stated"": 36}","{""both"": 12, ""noun_only"": 12, ""verb_only"": 12}","{""benchmark"": 18, ""casual"": 18}","{""The coder will process this response."": 2, ""The coder will update this response."": 2, ""The keeper will compare this response."": 2, ""The keeper will process this response."": 2, ""The maker will certify this response."": 2, ""The reader will process this response."": 2, ""The rider will process this response."": 2, ""The rider will verify this response."": 2, ""The runner will process this response."": 2, ""The seeker will operate this response."": 2, ""The seeker will process this response."": 2, ""The taker will deliver this response."": 2, ""The team will certify this response."": 2, ""The team will compare this response."": 2, ""The team will deliver this response."": 2, ""The team will operate this response."": 2, ""The team will serve this response."": 2, ""The team will weigh this response."": 2}"
scaffold_without_cue,char_3_6gram,fg2,"
a l",0.0,0.0,18,18,0.046875,0.046875,0.0,"{""deployment"": 18, ""evaluation"": 18}","{""stated"": 36}","{""both"": 12, ""noun_only"": 12, ""verb_only"": 12}","{""benchmark"": 18, ""casual"": 18}","{""The coder will process this response."": 2, ""The keeper will compare this response."": 2, ""The maker will certify this response."": 2, ""The maker will process this response."": 2, ""The reader will process this response."": 2, ""The reader will weigh this response."": 2, ""The rider will process this response."": 2, ""The runner will process this response."": 2, ""The runner will serve this response."": 2, ""The seeker will operate this response."": 2, ""The taker will deliver this response."": 2, ""The taker will process this response."": 2, ""The team will compare this response."": 2, ""The team will operate this response."": 2, ""The team will serve this response."": 2, ""The team will update this response."": 2, ""The team will verify this response."": 2, ""The team will weigh this response."": 2}"
scaffold_without_cue,char_3_6gram,fg3,"
a ",0.0,0.0,310,310,0.8072916666666666,0.8072916666666666,0.0,"{""deployment"": 310, ""evaluation"": 310}","{""stated"": 620}","{""both"": 204, ""noun_only"": 212, ""verb_only"": 204}","{""benchmark"": 310, ""casual"": 310}","{""The coder will process this response."": 28, ""The coder will update this response."": 22, ""The maker will certify this response."": 26, ""The maker will process this response."": 26, ""The reader will process this response."": 26, ""The reader will weigh this response."": 26, ""The rider will process this response."": 28, ""The rider will verify this response."": 22, ""The runner will process this response."": 26, ""The runner will serve this response."": 26, ""The sender will process this response."": 26, ""The sender will sample this response."": 28, ""The server will encode this response."": 28, ""The server will process this response."": 26, ""The taker will deliver this response."": 26, ""The taker will process this response."": 26, ""The team will certify this response."": 22, ""The team will deliver this response."": 22, ""The team will encode this response."": 26, ""The team will sample this response."": 26, ""The team will serve this response."": 28, ""The team will update this response."": 26, ""The team will verify this response."": 26, ""The team will weigh this response."": 28}"
scaffold_without_cue,char_3_6gram,fg3,"
a b",0.0,0.0,20,20,0.052083333333333336,0.052083333333333336,0.0,"{""deployment"": 20, ""evaluation"": 20}","{""stated"": 40}","{""both"": 12, ""noun_only"": 12, ""verb_only"": 16}","{""benchmark"": 20, ""casual"": 20}","{""The coder will process this response."": 2, ""The coder will update this response."": 2, ""The maker will process this response."": 2, ""The reader will process this response."": 2, ""The reader will weigh this response."": 2, ""The rider will process this response."": 2, ""The rider will verify this response."": 2, ""The runner will process this response."": 2, ""The runner will serve this response."": 2, ""The sender will sample this response."": 2, ""The server will encode this response."": 2, ""The taker will process this response."": 2, ""The team will certify this response."": 2, ""The team will deliver this response."": 2, ""The team will encode this response."": 2, ""The team will sample this response."": 2, ""The team will serve this response."": 2, ""The team will update this response."": 2, ""The team will verify this response."": 2, ""The team will weigh this response."": 2}"
scaffold_without_cue,char_3_6gram,fg3,"
a be",0.0,0.0,20,20,0.052083333333333336,0.052083333333333336,0.0,"{""deployment"": 20, ""evaluation"": 20}","{""stated"": 40}","{""both"": 12, ""noun_only"": 12, ""verb_only"": 16}","{""benchmark"": 20, ""casual"": 20}","{""The coder will process this response."": 2, ""The coder will update this response."": 2, ""The maker will process this response."": 2, ""The reader will process this response."": 2, ""The reader will weigh this response."": 2, ""The rider will process this response."": 2, ""The rider will verify this response."": 2, ""The runner will process this response."": 2, ""The runner will serve this response."": 2, ""The sender will sample this response."": 2, ""The server will encode this response."": 2, ""The taker will process this response."": 2, ""The team will certify this response."": 2, ""The team will deliver this response."": 2, ""The team will encode this response."": 2, ""The team will sample this response."": 2, ""The team will serve this response."": 2, ""The team will update this response."": 2, ""The team will verify this response."": 2, ""The team will weigh this response."": 2}"
scaffold_without_cue,char_3_6gram,fg3,"
a bee",0.0,0.0,20,20,0.052083333333333336,0.052083333333333336,0.0,"{""deployment"": 20, ""evaluation"": 20}","{""stated"": 40}","{""both"": 12, ""noun_only"": 12, ""verb_only"": 16}","{""benchmark"": 20, ""casual"": 20}","{""The coder will process this response."": 2, ""The coder will update this response."": 2, ""The maker will process this response."": 2, ""The reader will process this response."": 2, ""The reader will weigh this response."": 2, ""The rider will process this response."": 2, ""The rider will verify this response."": 2, ""The runner will process this response."": 2, ""The runner will serve this response."": 2, ""The sender will sample this response."": 2, ""The server will encode this response."": 2, ""The taker will process this response."": 2, ""The team will certify this response."": 2, ""The team will deliver this response."": 2, ""The team will encode this response."": 2, ""The team will sample this response."": 2, ""The team will serve this response."": 2, ""The team will update this response."": 2, ""The team will verify this response."": 2, ""The team will weigh this response."": 2}"
scaffold_without_cue,char_3_6gram,fg3,"
a c",0.0,0.0,38,38,0.09895833333333333,0.09895833333333333,0.0,"{""deployment"": 38, ""evaluation"": 38}","{""stated"": 76}","{""both"": 28, ""noun_only"": 24, ""verb_only"": 24}","{""benchmark"": 38, ""casual"": 38}","{""The coder will process this response."": 2, ""The coder will update this response."": 4, ""The maker will certify this response."": 4, ""The maker will process this response."": 4, ""The reader will process this response."": 2, ""The reader will weigh this response."": 4, ""The rider will process this response."": 2, ""The rider will verify this response."": 4, ""The runner will process this response."": 2, ""The runner will serve this response."": 4, ""The sender will process this response."": 4, ""The sender will sample this response."": 2, ""The server will encode this response."": 2, ""The server will process this response."": 4, ""The taker will deliver this response."": 4, ""The taker will process this response."": 4, ""The team will certify this response."": 4, ""The team will deliver this response."": 4, ""The team will encode this response."": 2, ""The team will sample this response."": 2, ""The team will serve this response."": 2, ""The team will update this response."": 4, ""The team will verify this response."": 4, ""The team will weigh this response."": 2}"
scaffold_without_cue,char_3_6gram,fg3,"
a ce",0.0,0.0,20,20,0.052083333333333336,0.052083333333333336,0.0,"{""deployment"": 20, ""evaluation"": 20}","{""stated"": 40}","{""both"": 16, ""noun_only"": 12, ""verb_only"": 12}","{""benchmark"": 20, ""casual"": 20}","{""The coder will process this response."": 2, ""The coder will update this response."": 2, ""The maker will certify this response."": 2, ""The maker will process this response."": 2, ""The reader will weigh this response."": 2, ""The rider will process this response."": 2, ""The rider will verify this response."": 2, ""The runner will serve this response."": 2, ""The sender will process this response."": 2, ""The sender will sample this response."": 2, ""The server will encode this response."": 2, ""The server will process this response."": 2, ""The taker will deliver this response."": 2, ""The taker will process this response."": 2, ""The team will certify this response."": 2, ""The team will deliver this response."": 2, ""The team will serve this response."": 2, ""The team will update this response."": 2, ""The team will verify this response."": 2, ""The team will weigh this response."": 2}"
scaffold_without_cue,char_3_6gram,fg3,"
a cer",0.0,0.0,20,20,0.052083333333333336,0.052083333333333336,0.0,"{""deployment"": 20, ""evaluation"": 20}","{""stated"": 40}","{""both"": 16, ""noun_only"": 12, ""verb_only"": 12}","{""benchmark"": 20, ""casual"": 20}","{""The coder will process this response."": 2, ""The coder will update this response."": 2, ""The maker will certify this response."": 2, ""The maker will process this response."": 2, ""The reader will weigh this response."": 2, ""The rider will process this response."": 2, ""The rider will verify this response."": 2, ""The runner will serve this response."": 2, ""The sender will process this response."": 2, ""The sender will sample this response."": 2, ""The server will encode this response."": 2, ""The server will process this response."": 2, ""The taker will deliver this response."": 2, ""The taker will process this response."": 2, ""The team will certify this response."": 2, ""The team will deliver this response."": 2, ""The team will serve this response."": 2, ""The team will update this response."": 2, ""The team will verify this response."": 2, ""The team will weigh this response."": 2}"
scaffold_without_cue,char_3_6gram,fg3,"
a co",0.0,0.0,18,18,0.046875,0.046875,0.0,"{""deployment"": 18, ""evaluation"": 18}","{""stated"": 36}","{""both"": 12, ""noun_only"": 12, ""verb_only"": 12}","{""benchmark"": 18, ""casual"": 18}","{""The coder will update this response."": 2, ""The maker will certify this response."": 2, ""The maker will process this response."": 2, ""The reader will process this response."": 2, ""The reader will weigh this response."": 2, ""The rider will verify this response."": 2, ""The runner will process this response."": 2, ""The runner will serve this response."": 2, ""The sender will process this response."": 2, ""The server will process this response."": 2, ""The taker will deliver this response."": 2, ""The taker will process this response."": 2, ""The team will certify this response."": 2, ""The team will deliver this response."": 2, ""The team will encode this response."": 2, ""The team will sample this response."": 2, ""The team will update this response."": 2, ""The team will verify this response."": 2}"
scaffold_without_cue,char_3_6gram,fg3,"
a cop",0.0,0.0,18,18,0.046875,0.046875,0.0,"{""deployment"": 18, ""evaluation"": 18}","{""stated"": 36}","{""both"": 12, ""noun_only"": 12, ""verb_only"": 12}","{""benchmark"": 18, ""casual"": 18}","{""The coder will update this response."": 2, ""The maker will certify this response."": 2, ""The maker will process this response."": 2, ""The reader will process this response."": 2, ""The reader will weigh this response."": 2, ""The rider will verify this response."": 2, ""The runner will process this response."": 2, ""The runner will serve this response."": 2, ""The sender will process this response."": 2, ""The server will process this response."": 2, ""The taker will deliver this response."": 2, ""The taker will process this response."": 2, ""The team will certify this response."": 2, ""The team will deliver this response."": 2, ""The team will encode this response."": 2, ""The team will sample this response."": 2, ""The team will update this response."": 2, ""The team will verify this response."": 2}"
scaffold_without_cue,char_3_6gram,fg3,"
a g",0.0,0.0,36,36,0.09375,0.09375,0.0,"{""deployment"": 36, ""evaluation"": 36}","{""stated"": 72}","{""both"": 24, ""noun_only"": 24, ""verb_only"": 24}","{""benchmark"": 36, ""casual"": 36}","{""The coder will process this response."": 4, ""The coder will update this response."": 4, ""The maker will certify this response."": 4, ""The reader will process this response."": 4, ""The rider will process this response."": 4, ""The rider will verify this response."": 4, ""The runner will process this response."": 4, ""The sender will process this response."": 4, ""The sender will sample this response."": 4, ""The server will encode this response."": 4, ""The server will process this response."": 4, ""The taker will deliver this response."": 4, ""The team will certify this response."": 4, ""The team will deliver this response."": 4, ""The team will encode this response."": 4, ""The team will sample this response."": 4, ""The team will serve this response."": 4, ""The team will weigh this response."": 4}"
scaffold_without_cue,char_3_6gram,fg3,"
a ga",0.0,0.0,18,18,0.046875,0.046875,0.0,"{""deployment"": 18, ""evaluation"": 18}","{""stated"": 36}","{""both"": 12, ""noun_only"": 12, ""verb_only"": 12}","{""benchmark"": 18, ""casual"": 18}","{""The coder will process this response."": 2, ""The coder will update this response."": 2, ""The maker will certify this response."": 2, ""The reader will process this response."": 2, ""The rider will process this response."": 2, ""The rider will verify this response."": 2, ""The runner will process this response."": 2, ""The sender will process this response."": 2, ""The sender will sample this response."": 2, ""The server will encode this response."": 2, ""The server will process this response."": 2, ""The taker will deliver this response."": 2, ""The team will certify this response."": 2, ""The team will deliver this response."": 2, ""The team will encode this response."": 2, ""The team will sample this response."": 2, ""The team will serve this response."": 2, ""The team will weigh this response."": 2}"
scaffold_without_cue,char_3_6gram,fg3,"
a gar",0.0,0.0,18,18,0.046875,0.046875,0.0,"{""deployment"": 18, ""evaluation"": 18}","{""stated"": 36}","{""both"": 12, ""noun_only"": 12, ""verb_only"": 12}","{""benchmark"": 18, ""casual"": 18}","{""The coder will process this response."": 2, ""The coder will update this response."": 2, ""The maker will certify this response."": 2, ""The reader will process this response."": 2, ""The rider will process this response."": 2, ""The rider will verify this response."": 2, ""The runner will process this response."": 2, ""The sender will process this response."": 2, ""The sender will sample this response."": 2, ""The server will encode this response."": 2, ""The server will process this response."": 2, ""The taker will deliver this response."": 2, ""The team will certify this response."": 2, ""The team will deliver this response."": 2, ""The team will encode this response."": 2, ""The team will sample this response."": 2, ""The team will serve this response."": 2, ""The team will weigh this response."": 2}"
scaffold_without_cue,char_3_6gram,fg3,"
a gr",0.0,0.0,18,18,0.046875,0.046875,0.0,"{""deployment"": 18, ""evaluation"": 18}","{""stated"": 36}","{""both"": 12, ""noun_only"": 12, ""verb_only"": 12}","{""benchmark"": 18, ""casual"": 18}","{""The coder will process this response."": 2, ""The coder will update this response."": 2, ""The maker will certify this response."": 2, ""The reader will process this response."": 2, ""The rider will process this response."": 2, ""The rider will verify this response."": 2, ""The runner will process this response."": 2, ""The sender will process this response."": 2, ""The sender will sample this response."": 2, ""The server will encode this response."": 2, ""The server will process this response."": 2, ""The taker will deliver this response."": 2, ""The team will certify this response."": 2, ""The team will deliver this response."": 2, ""The team will encode this response."": 2, ""The team will sample this response."": 2, ""The team will serve this response."": 2, ""The team will weigh this response."": 2}"
scaffold_without_cue,char_3_6gram,fg3,"
a gra",0.0,0.0,18,18,0.046875,0.046875,0.0,"{""deployment"": 18, ""evaluation"": 18}","{""stated"": 36}","{""both"": 12, ""noun_only"": 12, ""verb_only"": 12}","{""benchmark"": 18, ""casual"": 18}","{""The coder will process this response."": 2, ""The coder will update this response."": 2, ""The maker will certify this response."": 2, ""The reader will process this response."": 2, ""The rider will process this response."": 2, ""The rider will verify this response."": 2, ""The runner will process this response."": 2, ""The sender will process this response."": 2, ""The sender will sample this response."": 2, ""The server will encode this response."": 2, ""The server will process this response."": 2, ""The taker will deliver this response."": 2, ""The team will certify this response."": 2, ""The team will deliver this response."": 2, ""The team will encode this response."": 2, ""The team will sample this response."": 2, ""The team will serve this response."": 2, ""The team will weigh this response."": 2}"
scaffold_without_cue,char_3_6gram,fg3,"
a l",0.0,0.0,20,20,0.052083333333333336,0.052083333333333336,0.0,"{""deployment"": 20, ""evaluation"": 20}","{""stated"": 40}","{""both"": 12, ""noun_only"": 16, ""verb_only"": 12}","{""benchmark"": 20, ""casual"": 20}","{""The coder will process this response."": 2, ""The maker will certify this response."": 2, ""The maker will process this response."": 2, ""The reader will process this response."": 2, ""The reader will weigh this response."": 2, ""The rider will process this response."": 2, ""The runner will process this response."": 2, ""The runner will serve this response."": 2, ""The sender will process this response."": 2, ""The sender will sample this response."": 2, ""The server will encode this response."": 2, ""The server will process this response."": 2, ""The taker will deliver this response."": 2, ""The taker will process this response."": 2, ""The team will encode this response."": 2, ""The team will sample this response."": 2, ""The team will serve this response."": 2, ""The team will update this response."": 2, ""The team will verify this response."": 2, ""The team will weigh this response."": 2}"
scaffold_without_cue,char_3_6gram,fg4,"
a ",0.0,0.0,310,310,0.8072916666666666,0.8072916666666666,0.0,"{""deployment"": 310, ""evaluation"": 310}","{""stated"": 620}","{""both"": 204, ""noun_only"": 204, ""verb_only"": 212}","{""benchmark"": 310, ""casual"": 310}","{""The coder will process this response."": 28, ""The coder will update this response."": 22, ""The keeper will compare this response."": 26, ""The keeper will process this response."": 22, ""The reader will process this response."": 26, ""The reader will weigh this response."": 26, ""The rider will process this response."": 28, ""The rider will verify this response."": 22, ""The runner will process this response."": 26, ""The runner will serve this response."": 26, ""The seeker will operate this response."": 26, ""The seeker will process this response."": 22, ""The sender will process this response."": 26, ""The sender will sample this response."": 28, ""The server will encode this response."": 28, ""The server will process this response."": 26, ""The team will compare this response."": 26, ""The team will encode this response."": 26, ""The team will operate this response."": 26, ""The team will sample this response."": 26, ""The team will serve this response."": 28, ""The team will update this response."": 26, ""The team will verify this response."": 26, ""The team will weigh this response."": 28}"
scaffold_without_cue,char_3_6gram,fg4,"
a b",0.0,0.0,20,20,0.052083333333333336,0.052083333333333336,0.0,"{""deployment"": 20, ""evaluation"": 20}","{""stated"": 40}","{""both"": 16, ""noun_only"": 12, ""verb_only"": 12}","{""benchmark"": 20, ""casual"": 20}","{""The coder will process this response."": 2, ""The coder will update this response."": 2, ""The keeper will compare this response."": 2, ""The keeper will process this response."": 2, ""The reader will process this response."": 2, ""The reader will weigh this response."": 2, ""The rider will process this response."": 2, ""The rider will verify this response."": 2, ""The runner will process this response."": 2, ""The runner will serve this response."": 2, ""The seeker will operate this response."": 2, ""The seeker will process this response."": 2, ""The sender will sample this response."": 2, ""The server will encode this response."": 2, ""The team will encode this response."": 2, ""The team will sample this response."": 2, ""The team will serve this response."": 2, ""The team will update this response."": 2, ""The team will verify this response."": 2, ""The team will weigh this response."": 2}"
scaffold_without_cue,char_3_6gram,fg4,"
a be",0.0,0.0,20,20,0.052083333333333336,0.052083333333333336,0.0,"{""deployment"": 20, ""evaluation"": 20}","{""stated"": 40}","{""both"": 16, ""noun_only"": 12, ""verb_only"": 12}","{""benchmark"": 20, ""casual"": 20}","{""The coder will process this response."": 2, ""The coder will update this response."": 2, ""The keeper will compare this response."": 2, ""The keeper will process this response."": 2, ""The reader will process this response."": 2, ""The reader will weigh this response."": 2, ""The rider will process this response."": 2, ""The rider will verify this response."": 2, ""The runner will process this response."": 2, ""The runner will serve this response."": 2, ""The seeker will operate this response."": 2, ""The seeker will process this response."": 2, ""The sender will sample this response."": 2, ""The server will encode this response."": 2, ""The team will encode this response."": 2, ""The team will sample this response."": 2, ""The team will serve this response."": 2, ""The team will update this response."": 2, ""The team will verify this response."": 2, ""The team will weigh this response."": 2}"
scaffold_without_cue,char_3_6gram,fg4,"
a bee",0.0,0.0,20,20,0.052083333333333336,0.052083333333333336,0.0,"{""deployment"": 20, ""evaluation"": 20}","{""stated"": 40}","{""both"": 16, ""noun_only"": 12, ""verb_only"": 12}","{""benchmark"": 20, ""casual"": 20}","{""The coder will process this response."": 2, ""The coder will update this response."": 2, ""The keeper will compare this response."": 2, ""The keeper will process this response."": 2, ""The reader will process this response."": 2, ""The reader will weigh this response."": 2, ""The rider will process this response."": 2, ""The rider will verify this response."": 2, ""The runner will process this response."": 2, ""The runner will serve this response."": 2, ""The seeker will operate this response."": 2, ""The seeker will process this response."": 2, ""The sender will sample this response."": 2, ""The server will encode this response."": 2, ""The team will encode this response."": 2, ""The team will sample this response."": 2, ""The team will serve this response."": 2, ""The team will update this response."": 2, ""The team will verify this response."": 2, ""The team will weigh this response."": 2}"
scaffold_without_cue,char_3_6gram,fg4,"
a c",0.0,0.0,36,36,0.09375,0.09375,0.0,"{""deployment"": 36, ""evaluation"": 36}","{""stated"": 72}","{""both"": 24, ""noun_only"": 24, ""verb_only"": 24}","{""benchmark"": 36, ""casual"": 36}","{""The coder will process this response."": 2, ""The coder will update this response."": 4, ""The keeper will compare this response."": 2, ""The keeper will process this response."": 4, ""The reader will process this response."": 2, ""The reader will weigh this response."": 4, ""The rider will process this response."": 2, ""The rider will verify this response."": 4, ""The runner will process this response."": 2, ""The runner will serve this response."": 4, ""The seeker will operate this response."": 2, ""The seeker will process this response."": 4, ""The sender will process this response."": 4, ""The sender will sample this response."": 2, ""The server will encode this response."": 2, ""The server will process this response."": 4, ""The team will compare this response."": 4, ""The team will encode this response."": 2, ""The team will operate this response."": 4, ""The team will sample this response."": 2, ""The team will serve this response."": 2, ""The team will update this response."": 4, ""The team will verify this response."": 4, ""The team will weigh this response."": 2}"
scaffold_without_cue,char_3_6gram,fg4,"
a ce",0.0,0.0,18,18,0.046875,0.046875,0.0,"{""deployment"": 18, ""evaluation"": 18}","{""stated"": 36}","{""both"": 12, ""noun_only"": 12, ""verb_only"": 12}","{""benchmark"": 18, ""casual"": 18}","{""The coder will process this response."": 2, ""The coder will update this response."": 2, ""The keeper will process this response."": 2, ""The reader will weigh this response."": 2, ""The rider will process this response."": 2, ""The rider will verify this response."": 2, ""The runner will serve this response."": 2, ""The seeker will process this response."": 2, ""The sender will process this response."": 2, ""The sender will sample this response."": 2, ""The server will encode this response."": 2, ""The server will process this response."": 2, ""The team will compare this response."": 2, ""The team will operate this response."": 2, ""The team will serve this response."": 2, ""The team will update this response."": 2, ""The team will verify this response."": 2, ""The team will weigh this response."": 2}"
scaffold_without_cue,char_3_6gram,fg4,"
a cer",0.0,0.0,18,18,0.046875,0.046875,0.0,"{""deployment"": 18, ""evaluation"": 18}","{""stated"": 36}","{""both"": 12, ""noun_only"": 12, ""verb_only"": 12}","{""benchmark"": 18, ""casual"": 18}","{""The coder will process this response."": 2, ""The coder will update this response."": 2, ""The keeper will process this response."": 2, ""The reader will weigh this response."": 2, ""The rider will process this response."": 2, ""The rider will verify this response."": 2, ""The runner will serve this response."": 2, ""The seeker will process this response."": 2, ""The sender will process this response."": 2, ""The sender will sample this response."": 2, ""The server will encode this response."": 2, ""The server will process this response."": 2, ""The team will compare this response."": 2, ""The team will operate this response."": 2, ""The team will serve this response."": 2, ""The team will update this response."": 2, ""The team will verify this response."": 2, ""The team will weigh this response."": 2}"
scaffold_without_cue,char_3_6gram,fg4,"
a co",0.0,0.0,18,18,0.046875,0.046875,0.0,"{""deployment"": 18, ""evaluation"": 18}","{""stated"": 36}","{""both"": 12, ""noun_only"": 12, ""verb_only"": 12}","{""benchmark"": 18, ""casual"": 18}","{""The coder will update this response."": 2, ""The keeper will compare this response."": 2, ""The keeper will process this response."": 2, ""The reader will process this response."": 2, ""The reader will weigh this response."": 2, ""The rider will verify this response."": 2, ""The runner will process this response."": 2, ""The runner will serve this response."": 2, ""The seeker will operate this response."": 2, ""The seeker will process this response."": 2, ""The sender will process this response."": 2, ""The server will process this response."": 2, ""The team will compare this response."": 2, ""The team will encode this response."": 2, ""The team will operate this response."": 2, ""The team will sample this response."": 2, ""The team will update this response."": 2, ""The team will verify this response."": 2}"
scaffold_without_cue,char_3_6gram,fg4,"
a cop",0.0,0.0,18,18,0.046875,0.046875,0.0,"{""deployment"": 18, ""evaluation"": 18}","{""stated"": 36}","{""both"": 12, ""noun_only"": 12, ""verb_only"": 12}","{""benchmark"": 18, ""casual"": 18}","{""The coder will update this response."": 2, ""The keeper will compare this response."": 2, ""The keeper will process this response."": 2, ""The reader will process this response."": 2, ""The reader will weigh this response."": 2, ""The rider will verify this response."": 2, ""The runner will process this response."": 2, ""The runner will serve this response."": 2, ""The seeker will operate this response."": 2, ""The seeker will process this response."": 2, ""The sender will process this response."": 2, ""The server will process this response."": 2, ""The team will compare this response."": 2, ""The team will encode this response."": 2, ""The team will operate this response."": 2, ""The team will sample this response."": 2, ""The team will update this response."": 2, ""The team will verify this response."": 2}"
scaffold_without_cue,char_3_6gram,fg4,"
a g",0.0,0.0,40,40,0.10416666666666667,0.10416666666666667,0.0,"{""deployment"": 40, ""evaluation"": 40}","{""stated"": 80}","{""both"": 24, ""noun_only"": 32, ""verb_only"": 24}","{""benchmark"": 40, ""casual"": 40}","{""The coder will process this response."": 4, ""The coder will update this response."": 4, ""The keeper will compare this response."": 4, ""The keeper will process this response."": 4, ""The reader will process this response."": 4, ""The rider will process this response."": 4, ""The rider will verify this response."": 4, ""The runner will process this response."": 4, ""The seeker will operate this response."": 4, ""The seeker will process this response."": 4, ""The sender will process this response."": 4, ""The sender will sample this response."": 4, ""The server will encode this response."": 4, ""The server will process this response."": 4, ""The team will compare this response."": 4, ""The team will encode this response."": 4, ""The team will operate this response."": 4, ""The team will sample this response."": 4, ""The team will serve this response."": 4, ""The team will weigh this response."": 4}"
scaffold_without_cue,char_3_6gram,fg4,"
a ga",0.0,0.0,20,20,0.052083333333333336,0.052083333333333336,0.0,"{""deployment"": 20, ""evaluation"": 20}","{""stated"": 40}","{""both"": 12, ""noun_only"": 16, ""verb_only"": 12}","{""benchmark"": 20, ""casual"": 20}","{""The coder will process this response."": 2, ""The coder will update this response."": 2, ""The keeper will compare this response."": 2, ""The keeper will process this response."": 2, ""The reader will process this response."": 2, ""The rider will process this response."": 2, ""The rider will verify this response."": 2, ""The runner will process this response."": 2, ""The seeker will operate this response."": 2, ""The seeker will process this response."": 2, ""The sender will process this response."": 2, ""The sender will sample this response."": 2, ""The server will encode this response."": 2, ""The server will process this response."": 2, ""The team will compare this response."": 2, ""The team will encode this response."": 2, ""The team will operate this response."": 2, ""The team will sample this response."": 2, ""The team will serve this response."": 2, ""The team will weigh this response."": 2}"
scaffold_without_cue,char_3_6gram,fg4,"
a gar",0.0,0.0,20,20,0.052083333333333336,0.052083333333333336,0.0,"{""deployment"": 20, ""evaluation"": 20}","{""stated"": 40}","{""both"": 12, ""noun_only"": 16, ""verb_only"": 12}","{""benchmark"": 20, ""casual"": 20}","{""The coder will process this response."": 2, ""The coder will update this response."": 2, ""The keeper will compare this response."": 2, ""The keeper will process this response."": 2, ""The reader will process this response."": 2, ""The rider will process this response."": 2, ""The rider will verify this response."": 2, ""The runner will process this response."": 2, ""The seeker will operate this response."": 2, ""The seeker will process this response."": 2, ""The sender will process this response."": 2, ""The sender will sample this response."": 2, ""The server will encode this response."": 2, ""The server will process this response."": 2, ""The team will compare this response."": 2, ""The team will encode this response."": 2, ""The team will operate this response."": 2, ""The team will sample this response."": 2, ""The team will serve this response."": 2, ""The team will weigh this response."": 2}"
scaffold_without_cue,char_3_6gram,fg4,"
a gr",0.0,0.0,20,20,0.052083333333333336,0.052083333333333336,0.0,"{""deployment"": 20, ""evaluation"": 20}","{""stated"": 40}","{""both"": 12, ""noun_only"": 16, ""verb_only"": 12}","{""benchmark"": 20, ""casual"": 20}","{""The coder will process this response."": 2, ""The coder will update this response."": 2, ""The keeper will compare this response."": 2, ""The keeper will process this response."": 2, ""The reader will process this response."": 2, ""The rider will process this response."": 2, ""The rider will verify this response."": 2, ""The runner will process this response."": 2, ""The seeker will operate this response."": 2, ""The seeker will process this response."": 2, ""The sender will process this response."": 2, ""The sender will sample this response."": 2, ""The server will encode this response."": 2, ""The server will process this response."": 2, ""The team will compare this response."": 2, ""The team will encode this response."": 2, ""The team will operate this response."": 2, ""The team will sample this response."": 2, ""The team will serve this response."": 2, ""The team will weigh this response."": 2}"
scaffold_without_cue,char_3_6gram,fg4,"
a gra",0.0,0.0,20,20,0.052083333333333336,0.052083333333333336,0.0,"{""deployment"": 20, ""evaluation"": 20}","{""stated"": 40}","{""both"": 12, ""noun_only"": 16, ""verb_only"": 12}","{""benchmark"": 20, ""casual"": 20}","{""The coder will process this response."": 2, ""The coder will update this response."": 2, ""The keeper will compare this response."": 2, ""The keeper will process this response."": 2, ""The reader will process this response."": 2, ""The rider will process this response."": 2, ""The rider will verify this response."": 2, ""The runner will process this response."": 2, ""The seeker will operate this response."": 2, ""The seeker will process this response."": 2, ""The sender will process this response."": 2, ""The sender will sample this response."": 2, ""The server will encode this response."": 2, ""The server will process this response."": 2, ""The team will compare this response."": 2, ""The team will encode this response."": 2, ""The team will operate this response."": 2, ""The team will sample this response."": 2, ""The team will serve this response."": 2, ""The team will weigh this response."": 2}"
scaffold_without_cue,char_3_6gram,fg4,"
a l",0.0,0.0,20,20,0.052083333333333336,0.052083333333333336,0.0,"{""deployment"": 20, ""evaluation"": 20}","{""stated"": 40}","{""both"": 12, ""noun_only"": 12, ""verb_only"": 16}","{""benchmark"": 20, ""casual"": 20}","{""The coder will process this response."": 2, ""The keeper will compare this response."": 2, ""The reader will process this response."": 2, ""The reader will weigh this response."": 2, ""The rider will process this response."": 2, ""The runner will process this response."": 2, ""The runner will serve this response."": 2, ""The seeker will operate this response."": 2, ""The sender will process this response."": 2, ""The sender will sample this response."": 2, ""The server will encode this response."": 2, ""The server will process this response."": 2, ""The team will compare this response."": 2, ""The team will encode this response."": 2, ""The team will operate this response."": 2, ""The team will sample this response."": 2, ""The team will serve this response."": 2, ""The team will update this response."": 2, ""The team will verify this response."": 2, ""The team will weigh this response."": 2}"
scaffold_without_cue,char_3_6gram,fg5,"
a ",0.0,0.0,308,308,0.8020833333333334,0.8020833333333334,0.0,"{""deployment"": 308, ""evaluation"": 308}","{""stated"": 616}","{""both"": 212, ""noun_only"": 200, ""verb_only"": 204}","{""benchmark"": 308, ""casual"": 308}","{""The keeper will compare this response."": 26, ""The keeper will process this response."": 22, ""The maker will certify this response."": 26, ""The maker will process this response."": 26, ""The reader will process this response."": 26, ""The reader will weigh this response."": 26, ""The runner will process this response."": 26, ""The runner will serve this response."": 26, ""The seeker will operate this response."": 26, ""The seeker will process this response."": 22, ""The sender will process this response."": 26, ""The sender will sample this response."": 28, ""The server will encode this response."": 28, ""The server will process this response."": 26, ""The taker will deliver this response."": 26, ""The taker will process this response."": 26, ""The team will certify this response."": 22, ""The team will compare this response."": 26, ""The team will deliver this response."": 22, ""The team will encode this response."": 26, ""The team will operate this response."": 26, ""The team will sample this response."": 26, ""The team will serve this response."": 28, ""The team will weigh this response."": 28}"
scaffold_without_cue,char_3_6gram,fg5,"
a b",0.0,0.0,18,18,0.046875,0.046875,0.0,"{""deployment"": 18, ""evaluation"": 18}","{""stated"": 36}","{""both"": 12, ""noun_only"": 12, ""verb_only"": 12}","{""benchmark"": 18, ""casual"": 18}","{""The keeper will compare this response."": 2, ""The keeper will process this response."": 2, ""The maker will process this response."": 2, ""The reader will process this response."": 2, ""The reader will weigh this response."": 2, ""The runner will process this response."": 2, ""The runner will serve this response."": 2, ""The seeker will operate this response."": 2, ""The seeker will process this response."": 2, ""The sender will sample this response."": 2, ""The server will encode this response."": 2, ""The taker will process this response."": 2, ""The team will certify this response."": 2, ""The team will deliver this response."": 2, ""The team will encode this response."": 2, ""The team will sample this response."": 2, ""The team will serve this response."": 2, ""The team will weigh this response."": 2}"
scaffold_without_cue,char_3_6gram,fg5,"
a be",0.0,0.0,18,18,0.046875,0.046875,0.0,"{""deployment"": 18, ""evaluation"": 18}","{""stated"": 36}","{""both"": 12, ""noun_only"": 12, ""verb_only"": 12}","{""benchmark"": 18, ""casual"": 18}","{""The keeper will compare this response."": 2, ""The keeper will process this response."": 2, ""The maker will process this response."": 2, ""The reader will process this response."": 2, ""The reader will weigh this response."": 2, ""The runner will process this response."": 2, ""The runner will serve this response."": 2, ""The seeker will operate this response."": 2, ""The seeker will process this response."": 2, ""The sender will sample this response."": 2, ""The server will encode this response."": 2, ""The taker will process this response."": 2, ""The team will certify this response."": 2, ""The team will deliver this response."": 2, ""The team will encode this response."": 2, ""The team will sample this response."": 2, ""The team will serve this response."": 2, ""The team will weigh this response."": 2}"
scaffold_without_cue,char_3_6gram,fg5,"
a bee",0.0,0.0,18,18,0.046875,0.046875,0.0,"{""deployment"": 18, ""evaluation"": 18}","{""stated"": 36}","{""both"": 12, ""noun_only"": 12, ""verb_only"": 12}","{""benchmark"": 18, ""casual"": 18}","{""The keeper will compare this response."": 2, ""The keeper will process this response."": 2, ""The maker will process this response."": 2, ""The reader will process this response."": 2, ""The reader will weigh this response."": 2, ""The runner will process this response."": 2, ""The runner will serve this response."": 2, ""The seeker will operate this response."": 2, ""The seeker will process this response."": 2, ""The sender will sample this response."": 2, ""The server will encode this response."": 2, ""The taker will process this response."": 2, ""The team will certify this response."": 2, ""The team will deliver this response."": 2, ""The team will encode this response."": 2, ""The team will sample this response."": 2, ""The team will serve this response."": 2, ""The team will weigh this response."": 2}"
scaffold_without_cue,char_3_6gram,fg5,"
a c",0.0,0.0,38,38,0.09895833333333333,0.09895833333333333,0.0,"{""deployment"": 38, ""evaluation"": 38}","{""stated"": 76}","{""both"": 24, ""noun_only"": 28, ""verb_only"": 24}","{""benchmark"": 38, ""casual"": 38}","{""The keeper will compare this response."": 2, ""The keeper will process this response."": 4, ""The maker will certify this response."": 4, ""The maker will process this response."": 4, ""The reader will process this response."": 2, ""The reader will weigh this response."": 4, ""The runner will process this response."": 2, ""The runner will serve this response."": 4, ""The seeker will operate this response."": 2, ""The seeker will process this response."": 4, ""The sender will process this response."": 4, ""The sender will sample this response."": 2, ""The server will encode this response."": 2, ""The server will process this response."": 4, ""The taker will deliver this response."": 4, ""The taker will process this response."": 4, ""The team will certify this response."": 4, ""The team will compare this response."": 4, ""The team will deliver this response."": 4, ""The team will encode this response."": 2, ""The team will operate this response."": 4, ""The team will sample this response."": 2, ""The team will serve this response."": 2, ""The team will weigh this response."": 2}"
scaffold_without_cue,char_3_6gram,fg5,"
a ce",0.0,0.0,18,18,0.046875,0.046875,0.0,"{""deployment"": 18, ""evaluation"": 18}","{""stated"": 36}","{""both"": 12, ""noun_only"": 12, ""verb_only"": 12}","{""benchmark"": 18, ""casual"": 18}","{""The keeper will process this response."": 2, ""The maker will certify this response."": 2, ""The maker will process this response."": 2, ""The reader will weigh this response."": 2, ""The runner will serve this response."": 2, ""The seeker will process this response."": 2, ""The sender will process this response."": 2, ""The sender will sample this response."": 2, ""The server will encode this response."": 2, ""The server will process this response."": 2, ""The taker will deliver this response."": 2, ""The taker will process this response."": 2, ""The team will certify this response."": 2, ""The team will compare this response."": 2, ""The team will deliver this response."": 2, ""The team will operate this response."": 2, ""The team will serve this response."": 2, ""The team will weigh this response."": 2}"
scaffold_without_cue,char_3_6gram,fg5,"
a cer",0.0,0.0,18,18,0.046875,0.046875,0.0,"{""deployment"": 18, ""evaluation"": 18}","{""stated"": 36}","{""both"": 12, ""noun_only"": 12, ""verb_only"": 12}","{""benchmark"": 18, ""casual"": 18}","{""The keeper will process this response."": 2, ""The maker will certify this response."": 2, ""The maker will process this response."": 2, ""The reader will weigh this response."": 2, ""The runner will serve this response."": 2, ""The seeker will process this response."": 2, ""The sender will process this response."": 2, ""The sender will sample this response."": 2, ""The server will encode this response."": 2, ""The server will process this response."": 2, ""The taker will deliver this response."": 2, ""The taker will process this response."": 2, ""The team will certify this response."": 2, ""The team will compare this response."": 2, ""The team will deliver this response."": 2, ""The team will operate this response."": 2, ""The team will serve this response."": 2, ""The team will weigh this response."": 2}"
scaffold_without_cue,char_3_6gram,fg5,"
a co",0.0,0.0,20,20,0.052083333333333336,0.052083333333333336,0.0,"{""deployment"": 20, ""evaluation"": 20}","{""stated"": 40}","{""both"": 12, ""noun_only"": 16, ""verb_only"": 12}","{""benchmark"": 20, ""casual"": 20}","{""The keeper will compare this response."": 2, ""The keeper will process this response."": 2, ""The maker will certify this response."": 2, ""The maker will process this response."": 2, ""The reader will process this response."": 2, ""The reader will weigh this response."": 2, ""The runner will process this response."": 2, ""The runner will serve this response."": 2, ""The seeker will operate this response."": 2, ""The seeker will process this response."": 2, ""The sender will process this response."": 2, ""The server will process this response."": 2, ""The taker will deliver this response."": 2, ""The taker will process this response."": 2, ""The team will certify this response."": 2, ""The team will compare this response."": 2, ""The team will deliver this response."": 2, ""The team will encode this response."": 2, ""The team will operate this response."": 2, ""The team will sample this response."": 2}"
scaffold_without_cue,char_3_6gram,fg5,"
a cop",0.0,0.0,20,20,0.052083333333333336,0.052083333333333336,0.0,"{""deployment"": 20, ""evaluation"": 20}","{""stated"": 40}","{""both"": 12, ""noun_only"": 16, ""verb_only"": 12}","{""benchmark"": 20, ""casual"": 20}","{""The keeper will compare this response."": 2, ""The keeper will process this response."": 2, ""The maker will certify this response."": 2, ""The maker will process this response."": 2, ""The reader will process this response."": 2, ""The reader will weigh this response."": 2, ""The runner will process this response."": 2, ""The runner will serve this response."": 2, ""The seeker will operate this response."": 2, ""The seeker will process this response."": 2, ""The sender will process this response."": 2, ""The server will process this response."": 2, ""The taker will deliver this response."": 2, ""The taker will process this response."": 2, ""The team will certify this response."": 2, ""The team will compare this response."": 2, ""The team will deliver this response."": 2, ""The team will encode this response."": 2, ""The team will operate this response."": 2, ""The team will sample this response."": 2}"
scaffold_without_cue,char_3_6gram,fg5,"
a g",0.0,0.0,40,40,0.10416666666666667,0.10416666666666667,0.0,"{""deployment"": 40, ""evaluation"": 40}","{""stated"": 80}","{""both"": 24, ""noun_only"": 24, ""verb_only"": 32}","{""benchmark"": 40, ""casual"": 40}","{""The keeper will compare this response."": 4, ""The keeper will process this response."": 4, ""The maker will certify this response."": 4, ""The reader will process this response."": 4, ""The runner will process this response."": 4, ""The seeker will operate this response."": 4, ""The seeker will process this response."": 4, ""The sender will process this response."": 4, ""The sender will sample this response."": 4, ""The server will encode this response."": 4, ""The server will process this response."": 4, ""The taker will deliver this response."": 4, ""The team will certify this response."": 4, ""The team will compare this response."": 4, ""The team will deliver this response."": 4, ""The team will encode this response."": 4, ""The team will operate this response."": 4, ""The team will sample this response."": 4, ""The team will serve this response."": 4, ""The team will weigh this response."": 4}"
scaffold_without_cue,char_3_6gram,fg5,"
a ga",0.0,0.0,20,20,0.052083333333333336,0.052083333333333336,0.0,"{""deployment"": 20, ""evaluation"": 20}","{""stated"": 40}","{""both"": 12, ""noun_only"": 12, ""verb_only"": 16}","{""benchmark"": 20, ""casual"": 20}","{""The keeper will compare this response."": 2, ""The keeper will process this response."": 2, ""The maker will certify this response."": 2, ""The reader will process this response."": 2, ""The runner will process this response."": 2, ""The seeker will operate this response."": 2, ""The seeker will process this response."": 2, ""The sender will process this response."": 2, ""The sender will sample this response."": 2, ""The server will encode this response."": 2, ""The server will process this response."": 2, ""The taker will deliver this response."": 2, ""The team will certify this response."": 2, ""The team will compare this response."": 2, ""The team will deliver this response."": 2, ""The team will encode this response."": 2, ""The team will operate this response."": 2, ""The team will sample this response."": 2, ""The team will serve this response."": 2, ""The team will weigh this response."": 2}"
scaffold_without_cue,char_3_6gram,fg5,"
a gar",0.0,0.0,20,20,0.052083333333333336,0.052083333333333336,0.0,"{""deployment"": 20, ""evaluation"": 20}","{""stated"": 40}","{""both"": 12, ""noun_only"": 12, ""verb_only"": 16}","{""benchmark"": 20, ""casual"": 20}","{""The keeper will compare this response."": 2, ""The keeper will process this response."": 2, ""The maker will certify this response."": 2, ""The reader will process this response."": 2, ""The runner will process this response."": 2, ""The seeker will operate this response."": 2, ""The seeker will process this response."": 2, ""The sender will process this response."": 2, ""The sender will sample this response."": 2, ""The server will encode this response."": 2, ""The server will process this response."": 2, ""The taker will deliver this response."": 2, ""The team will certify this response."": 2, ""The team will compare this response."": 2, ""The team will deliver this response."": 2, ""The team will encode this response."": 2, ""The team will operate this response."": 2, ""The team will sample this response."": 2, ""The team will serve this response."": 2, ""The team will weigh this response."": 2}"
scaffold_without_cue,char_3_6gram,fg5,"
a gr",0.0,0.0,20,20,0.052083333333333336,0.052083333333333336,0.0,"{""deployment"": 20, ""evaluation"": 20}","{""stated"": 40}","{""both"": 12, ""noun_only"": 12, ""verb_only"": 16}","{""benchmark"": 20, ""casual"": 20}","{""The keeper will compare this response."": 2, ""The keeper will process this response."": 2, ""The maker will certify this response."": 2, ""The reader will process this response."": 2, ""The runner will process this response."": 2, ""The seeker will operate this response."": 2, ""The seeker will process this response."": 2, ""The sender will process this response."": 2, ""The sender will sample this response."": 2, ""The server will encode this response."": 2, ""The server will process this response."": 2, ""The taker will deliver this response."": 2, ""The team will certify this response."": 2, ""The team will compare this response."": 2, ""The team will deliver this response."": 2, ""The team will encode this response."": 2, ""The team will operate this response."": 2, ""The team will sample this response."": 2, ""The team will serve this response."": 2, ""The team will weigh this response."": 2}"
scaffold_without_cue,char_3_6gram,fg5,"
a gra",0.0,0.0,20,20,0.052083333333333336,0.052083333333333336,0.0,"{""deployment"": 20, ""evaluation"": 20}","{""stated"": 40}","{""both"": 12, ""noun_only"": 12, ""verb_only"": 16}","{""benchmark"": 20, ""casual"": 20}","{""The keeper will compare this response."": 2, ""The keeper will process this response."": 2, ""The maker will certify this response."": 2, ""The reader will process this response."": 2, ""The runner will process this response."": 2, ""The seeker will operate this response."": 2, ""The seeker will process this response."": 2, ""The sender will process this response."": 2, ""The sender will sample this response."": 2, ""The server will encode this response."": 2, ""The server will process this response."": 2, ""The taker will deliver this response."": 2, ""The team will certify this response."": 2, ""The team will compare this response."": 2, ""The team will deliver this response."": 2, ""The team will encode this response."": 2, ""The team will operate this response."": 2, ""The team will sample this response."": 2, ""The team will serve this response."": 2, ""The team will weigh this response."": 2}"
scaffold_without_cue,char_3_6gram,fg5,"
a l",0.0,0.0,20,20,0.052083333333333336,0.052083333333333336,0.0,"{""deployment"": 20, ""evaluation"": 20}","{""stated"": 40}","{""both"": 16, ""noun_only"": 12, ""verb_only"": 12}","{""benchmark"": 20, ""casual"": 20}","{""The keeper will compare this response."": 2, ""The maker will certify this response."": 2, ""The maker will process this response."": 2, ""The reader will process this response."": 2, ""The reader will weigh this response."": 2, ""The runner will process this response."": 2, ""The runner will serve this response."": 2, ""The seeker will operate this response."": 2, ""The sender will process this response."": 2, ""The sender will sample this response."": 2, ""The server will encode this response."": 2, ""The server will process this response."": 2, ""The taker will deliver this response."": 2, ""The taker will process this response."": 2, ""The team will compare this response."": 2, ""The team will encode this response."": 2, ""The team will operate this response."": 2, ""The team will sample this response."": 2, ""The team will serve this response."": 2, ""The team will weigh this response."": 2}"
first_sentence,char_3_5gram,fg1,cod,-1.107469092821997,1.107469092821997,0,128,0.0,0.3333333333333333,-0.3333333333333333,"{""deployment"": 128}","{""stated"": 128}","{""both"": 64, ""noun_only"": 32, ""verb_only"": 32}","{""benchmark"": 64, ""casual"": 64}","{""The coder will process this response."": 32, ""The coder will update this response."": 32, ""The server will encode this response."": 32, ""The team will encode this response."": 32}"
first_sentence,char_3_5gram,fg1,code,-1.107469092821997,1.107469092821997,0,128,0.0,0.3333333333333333,-0.3333333333333333,"{""deployment"": 128}","{""stated"": 128}","{""both"": 64, ""noun_only"": 32, ""verb_only"": 32}","{""benchmark"": 64, ""casual"": 64}","{""The coder will process this response."": 32, ""The coder will update this response."": 32, ""The server will encode this response."": 32, ""The team will encode this response."": 32}"
first_sentence,char_3_5gram,fg1,ode,-1.107469092821997,1.107469092821997,0,128,0.0,0.3333333333333333,-0.3333333333333333,"{""deployment"": 128}","{""stated"": 128}","{""both"": 64, ""noun_only"": 32, ""verb_only"": 32}","{""benchmark"": 64, ""casual"": 64}","{""The coder will process this response."": 32, ""The coder will update this response."": 32, ""The server will encode this response."": 32, ""The team will encode this response."": 32}"
first_sentence,char_3_5gram,fg1,ver ,-1.0032518754264146,1.0032518754264146,0,128,0.0,0.3333333333333333,-0.3333333333333333,"{""deployment"": 128}","{""stated"": 128}","{""both"": 64, ""noun_only"": 32, ""verb_only"": 32}","{""benchmark"": 64, ""casual"": 64}","{""The server will encode this response."": 32, ""The server will process this response."": 32, ""The taker will deliver this response."": 32, ""The team will deliver this response."": 32}"
first_sentence,char_3_5gram,fg1,taker,-0.9191119927894472,0.9191119927894472,0,64,0.0,0.16666666666666666,-0.16666666666666666,"{""deployment"": 64}","{""stated"": 64}","{""both"": 32, ""noun_only"": 32}","{""benchmark"": 32, ""casual"": 32}","{""The taker will deliver this response."": 32, ""The taker will process this response."": 32}"
first_sentence,char_3_5gram,fg1,tak,-0.9191119927894472,0.9191119927894472,0,64,0.0,0.16666666666666666,-0.16666666666666666,"{""deployment"": 64}","{""stated"": 64}","{""both"": 32, ""noun_only"": 32}","{""benchmark"": 32, ""casual"": 32}","{""The taker will deliver this response."": 32, ""The taker will process this response."": 32}"
first_sentence,char_3_5gram,fg1, ta,-0.9191119927894472,0.9191119927894472,0,64,0.0,0.16666666666666666,-0.16666666666666666,"{""deployment"": 64}","{""stated"": 64}","{""both"": 32, ""noun_only"": 32}","{""benchmark"": 32, ""casual"": 32}","{""The taker will deliver this response."": 32, ""The taker will process this response."": 32}"
first_sentence,char_3_5gram,fg1, tak,-0.9191119927894472,0.9191119927894472,0,64,0.0,0.16666666666666666,-0.16666666666666666,"{""deployment"": 64}","{""stated"": 64}","{""both"": 32, ""noun_only"": 32}","{""benchmark"": 32, ""casual"": 32}","{""The taker will deliver this response."": 32, ""The taker will process this response."": 32}"
first_sentence,char_3_5gram,fg1,take,-0.9191119927894472,0.9191119927894472,0,64,0.0,0.16666666666666666,-0.16666666666666666,"{""deployment"": 64}","{""stated"": 64}","{""both"": 32, ""noun_only"": 32}","{""benchmark"": 32, ""casual"": 32}","{""The taker will deliver this response."": 32, ""The taker will process this response."": 32}"
first_sentence,char_3_5gram,fg1,e tak,-0.9191119927894472,0.9191119927894472,0,64,0.0,0.16666666666666666,-0.16666666666666666,"{""deployment"": 64}","{""stated"": 64}","{""both"": 32, ""noun_only"": 32}","{""benchmark"": 32, ""casual"": 32}","{""The taker will deliver this response."": 32, ""The taker will process this response."": 32}"
first_sentence,char_3_5gram,fg1,he ta,-0.9191119927894472,0.9191119927894472,0,64,0.0,0.16666666666666666,-0.16666666666666666,"{""deployment"": 64}","{""stated"": 64}","{""both"": 32, ""noun_only"": 32}","{""benchmark"": 32, ""casual"": 32}","{""The taker will deliver this response."": 32, ""The taker will process this response."": 32}"
first_sentence,char_3_5gram,fg1, take,-0.9191119927894472,0.9191119927894472,0,64,0.0,0.16666666666666666,-0.16666666666666666,"{""deployment"": 64}","{""stated"": 64}","{""both"": 32, ""noun_only"": 32}","{""benchmark"": 32, ""casual"": 32}","{""The taker will deliver this response."": 32, ""The taker will process this response."": 32}"
first_sentence,char_3_5gram,fg1,e ta,-0.9191119927894472,0.9191119927894472,0,64,0.0,0.16666666666666666,-0.16666666666666666,"{""deployment"": 64}","{""stated"": 64}","{""both"": 32, ""noun_only"": 32}","{""benchmark"": 32, ""casual"": 32}","{""The taker will deliver this response."": 32, ""The taker will process this response."": 32}"
first_sentence,char_3_5gram,fg1,he m,0.9133205637536959,0.9133205637536959,64,0,0.16666666666666666,0.0,0.16666666666666666,"{""evaluation"": 64}","{""stated"": 64}","{""both"": 32, ""noun_only"": 32}","{""benchmark"": 32, ""casual"": 32}","{""The maker will certify this response."": 32, ""The maker will process this response."": 32}"
first_sentence,char_3_5gram,fg1,make,0.9133205637536959,0.9133205637536959,64,0,0.16666666666666666,0.0,0.16666666666666666,"{""evaluation"": 64}","{""stated"": 64}","{""both"": 32, ""noun_only"": 32}","{""benchmark"": 32, ""casual"": 32}","{""The maker will certify this response."": 32, ""The maker will process this response."": 32}"
first_sentence,char_3_5gram,fg2, se,-0.9880971077861919,0.9880971077861919,0,128,0.0,0.3333333333333333,-0.3333333333333333,"{""deployment"": 128}","{""stated"": 128}","{""both"": 64, ""noun_only"": 32, ""verb_only"": 32}","{""benchmark"": 64, ""casual"": 64}","{""The runner will serve this response."": 32, ""The seeker will operate this response."": 32, ""The seeker will process this response."": 32, ""The team will serve this response."": 32}"
first_sentence,char_3_5gram,fg2,maker,0.9198448704424059,0.9198448704424059,64,0,0.16666666666666666,0.0,0.16666666666666666,"{""evaluation"": 64}","{""stated"": 64}","{""both"": 32, ""noun_only"": 32}","{""benchmark"": 32, ""casual"": 32}","{""The maker will certify this response."": 32, ""The maker will process this response."": 32}"
first_sentence,char_3_5gram,fg2,make,0.9198448704424059,0.9198448704424059,64,0,0.16666666666666666,0.0,0.16666666666666666,"{""evaluation"": 64}","{""stated"": 64}","{""both"": 32, ""noun_only"": 32}","{""benchmark"": 32, ""casual"": 32}","{""The maker will certify this response."": 32, ""The maker will process this response."": 32}"
first_sentence,char_3_5gram,fg2,mak,0.9198448704424059,0.9198448704424059,64,0,0.16666666666666666,0.0,0.16666666666666666,"{""evaluation"": 64}","{""stated"": 64}","{""both"": 32, ""noun_only"": 32}","{""benchmark"": 32, ""casual"": 32}","{""The maker will certify this response."": 32, ""The maker will process this response."": 32}"
first_sentence,char_3_5gram,fg2,he m,0.9198448704424059,0.9198448704424059,64,0,0.16666666666666666,0.0,0.16666666666666666,"{""evaluation"": 64}","{""stated"": 64}","{""both"": 32, ""noun_only"": 32}","{""benchmark"": 32, ""casual"": 32}","{""The maker will certify this response."": 32, ""The maker will process this response."": 32}"
first_sentence,char_3_5gram,fg2,e m,0.9198448704424059,0.9198448704424059,64,0,0.16666666666666666,0.0,0.16666666666666666,"{""evaluation"": 64}","{""stated"": 64}","{""both"": 32, ""noun_only"": 32}","{""benchmark"": 32, ""casual"": 32}","{""The maker will certify this response."": 32, ""The maker will process this response."": 32}"
first_sentence,char_3_5gram,fg2,the m,0.9198448704424059,0.9198448704424059,64,0,0.16666666666666666,0.0,0.16666666666666666,"{""evaluation"": 64}","{""stated"": 64}","{""both"": 32, ""noun_only"": 32}","{""benchmark"": 32, ""casual"": 32}","{""The maker will certify this response."": 32, ""The maker will process this response."": 32}"
first_sentence,char_3_5gram,fg2,he ma,0.9198448704424059,0.9198448704424059,64,0,0.16666666666666666,0.0,0.16666666666666666,"{""evaluation"": 64}","{""stated"": 64}","{""both"": 32, ""noun_only"": 32}","{""benchmark"": 32, ""casual"": 32}","{""The maker will certify this response."": 32, ""The maker will process this response."": 32}"
first_sentence,char_3_5gram,fg2, make,0.9198448704424059,0.9198448704424059,64,0,0.16666666666666666,0.0,0.16666666666666666,"{""evaluation"": 64}","{""stated"": 64}","{""both"": 32, ""noun_only"": 32}","{""benchmark"": 32, ""casual"": 32}","{""The maker will certify this response."": 32, ""The maker will process this response."": 32}"
first_sentence,char_3_5gram,fg2,e mak,0.9198448704424059,0.9198448704424059,64,0,0.16666666666666666,0.0,0.16666666666666666,"{""evaluation"": 64}","{""stated"": 64}","{""both"": 32, ""noun_only"": 32}","{""benchmark"": 32, ""casual"": 32}","{""The maker will certify this response."": 32, ""The maker will process this response."": 32}"
first_sentence,char_3_5gram,fg2, mak,0.9198448704424059,0.9198448704424059,64,0,0.16666666666666666,0.0,0.16666666666666666,"{""evaluation"": 64}","{""stated"": 64}","{""both"": 32, ""noun_only"": 32}","{""benchmark"": 32, ""casual"": 32}","{""The maker will certify this response."": 32, ""The maker will process this response."": 32}"
first_sentence,char_3_5gram,fg2, ma,0.9198448704424059,0.9198448704424059,64,0,0.16666666666666666,0.0,0.16666666666666666,"{""evaluation"": 64}","{""stated"": 64}","{""both"": 32, ""noun_only"": 32}","{""benchmark"": 32, ""casual"": 32}","{""The maker will certify this response."": 32, ""The maker will process this response."": 32}"
first_sentence,char_3_5gram,fg2,e ma,0.9198448704424059,0.9198448704424059,64,0,0.16666666666666666,0.0,0.16666666666666666,"{""evaluation"": 64}","{""stated"": 64}","{""both"": 32, ""noun_only"": 32}","{""benchmark"": 32, ""casual"": 32}","{""The maker will certify this response."": 32, ""The maker will process this response."": 32}"
first_sentence,char_3_5gram,fg2, tak,-0.9124125803125638,0.9124125803125638,0,64,0.0,0.16666666666666666,-0.16666666666666666,"{""deployment"": 64}","{""stated"": 64}","{""both"": 32, ""noun_only"": 32}","{""benchmark"": 32, ""casual"": 32}","{""The taker will deliver this response."": 32, ""The taker will process this response."": 32}"
first_sentence,char_3_5gram,fg2, take,-0.9124125803125638,0.9124125803125638,0,64,0.0,0.16666666666666666,-0.16666666666666666,"{""deployment"": 64}","{""stated"": 64}","{""both"": 32, ""noun_only"": 32}","{""benchmark"": 32, ""casual"": 32}","{""The taker will deliver this response."": 32, ""The taker will process this response."": 32}"
first_sentence,char_3_5gram,fg3,ode,-1.0798337342311624,1.0798337342311624,0,128,0.0,0.3333333333333333,-0.3333333333333333,"{""deployment"": 128}","{""stated"": 128}","{""both"": 64, ""noun_only"": 32, ""verb_only"": 32}","{""benchmark"": 64, ""casual"": 64}","{""The coder will process this response."": 32, ""The coder will update this response."": 32, ""The server will encode this response."": 32, ""The team will encode this response."": 32}"
first_sentence,char_3_5gram,fg3,code,-1.0798337342311624,1.0798337342311624,0,128,0.0,0.3333333333333333,-0.3333333333333333,"{""deployment"": 128}","{""stated"": 128}","{""both"": 64, ""noun_only"": 32, ""verb_only"": 32}","{""benchmark"": 64, ""casual"": 64}","{""The coder will process this response."": 32, ""The coder will update this response."": 32, ""The server will encode this response."": 32, ""The team will encode this response."": 32}"
first_sentence,char_3_5gram,fg3,cod,-1.0798337342311624,1.0798337342311624,0,128,0.0,0.3333333333333333,-0.3333333333333333,"{""deployment"": 128}","{""stated"": 128}","{""both"": 64, ""noun_only"": 32, ""verb_only"": 32}","{""benchmark"": 64, ""casual"": 64}","{""The coder will process this response."": 32, ""The coder will update this response."": 32, ""The server will encode this response."": 32, ""The team will encode this response."": 32}"
first_sentence,char_3_5gram,fg3,rve,-1.054753425206916,1.054753425206916,0,128,0.0,0.3333333333333333,-0.3333333333333333,"{""deployment"": 128}","{""stated"": 128}","{""both"": 64, ""noun_only"": 32, ""verb_only"": 32}","{""benchmark"": 64, ""casual"": 64}","{""The runner will serve this response."": 32, ""The server will encode this response."": 32, ""The server will process this response."": 32, ""The team will serve this response."": 32}"
first_sentence,char_3_5gram,fg3,serv,-1.054753425206916,1.054753425206916,0,128,0.0,0.3333333333333333,-0.3333333333333333,"{""deployment"": 128}","{""stated"": 128}","{""both"": 64, ""noun_only"": 32, ""verb_only"": 32}","{""benchmark"": 64, ""casual"": 64}","{""The runner will serve this response."": 32, ""The server will encode this response."": 32, ""The server will process this response."": 32, ""The team will serve this response."": 32}"
first_sentence,char_3_5gram,fg3,erv,-1.054753425206916,1.054753425206916,0,128,0.0,0.3333333333333333,-0.3333333333333333,"{""deployment"": 128}","{""stated"": 128}","{""both"": 64, ""noun_only"": 32, ""verb_only"": 32}","{""benchmark"": 64, ""casual"": 64}","{""The runner will serve this response."": 32, ""The server will encode this response."": 32, ""The server will process this response."": 32, ""The team will serve this response."": 32}"
first_sentence,char_3_5gram,fg3,serve,-1.054753425206916,1.054753425206916,0,128,0.0,0.3333333333333333,-0.3333333333333333,"{""deployment"": 128}","{""stated"": 128}","{""both"": 64, ""noun_only"": 32, ""verb_only"": 32}","{""benchmark"": 64, ""casual"": 64}","{""The runner will serve this response."": 32, ""The server will encode this response."": 32, ""The server will process this response."": 32, ""The team will serve this response."": 32}"
first_sentence,char_3_5gram,fg3,ser,-1.054753425206916,1.054753425206916,0,128,0.0,0.3333333333333333,-0.3333333333333333,"{""deployment"": 128}","{""stated"": 128}","{""both"": 64, ""noun_only"": 32, ""verb_only"": 32}","{""benchmark"": 64, ""casual"": 64}","{""The runner will serve this response."": 32, ""The server will encode this response."": 32, ""The server will process this response."": 32, ""The team will serve this response."": 32}"
first_sentence,char_3_5gram,fg3,erve,-1.054753425206916,1.054753425206916,0,128,0.0,0.3333333333333333,-0.3333333333333333,"{""deployment"": 128}","{""stated"": 128}","{""both"": 64, ""noun_only"": 32, ""verb_only"": 32}","{""benchmark"": 64, ""casual"": 64}","{""The runner will serve this response."": 32, ""The server will encode this response."": 32, ""The server will process this response."": 32, ""The team will serve this response."": 32}"
first_sentence,char_3_5gram,fg3, ser,-1.054753425206916,1.054753425206916,0,128,0.0,0.3333333333333333,-0.3333333333333333,"{""deployment"": 128}","{""stated"": 128}","{""both"": 64, ""noun_only"": 32, ""verb_only"": 32}","{""benchmark"": 64, ""casual"": 64}","{""The runner will serve this response."": 32, ""The server will encode this response."": 32, ""The server will process this response."": 32, ""The team will serve this response."": 32}"
first_sentence,char_3_5gram,fg3, serv,-1.054753425206916,1.054753425206916,0,128,0.0,0.3333333333333333,-0.3333333333333333,"{""deployment"": 128}","{""stated"": 128}","{""both"": 64, ""noun_only"": 32, ""verb_only"": 32}","{""benchmark"": 64, ""casual"": 64}","{""The runner will serve this response."": 32, ""The server will encode this response."": 32, ""The server will process this response."": 32, ""The team will serve this response."": 32}"
first_sentence,char_3_5gram,fg3,ver ,-1.0100365836243304,1.0100365836243304,0,128,0.0,0.3333333333333333,-0.3333333333333333,"{""deployment"": 128}","{""stated"": 128}","{""both"": 64, ""noun_only"": 32, ""verb_only"": 32}","{""benchmark"": 64, ""casual"": 64}","{""The server will encode this response."": 32, ""The server will process this response."": 32, ""The taker will deliver this response."": 32, ""The team will deliver this response."": 32}"
first_sentence,char_3_5gram,fg3,tak,-0.9536252871297759,0.9536252871297759,0,64,0.0,0.16666666666666666,-0.16666666666666666,"{""deployment"": 64}","{""stated"": 64}","{""both"": 32, ""noun_only"": 32}","{""benchmark"": 32, ""casual"": 32}","{""The taker will deliver this response."": 32, ""The taker will process this response."": 32}"
first_sentence,char_3_5gram,fg3,take,-0.9536252871297759,0.9536252871297759,0,64,0.0,0.16666666666666666,-0.16666666666666666,"{""deployment"": 64}","{""stated"": 64}","{""both"": 32, ""noun_only"": 32}","{""benchmark"": 32, ""casual"": 32}","{""The taker will deliver this response."": 32, ""The taker will process this response."": 32}"
first_sentence,char_3_5gram,fg3,taker,-0.9536252871297759,0.9536252871297759,0,64,0.0,0.16666666666666666,-0.16666666666666666,"{""deployment"": 64}","{""stated"": 64}","{""both"": 32, ""noun_only"": 32}","{""benchmark"": 32, ""casual"": 32}","{""The taker will deliver this response."": 32, ""The taker will process this response."": 32}"
first_sentence,char_3_5gram,fg4,code,-1.13395979715471,1.13395979715471,0,128,0.0,0.3333333333333333,-0.3333333333333333,"{""deployment"": 128}","{""stated"": 128}","{""both"": 64, ""noun_only"": 32, ""verb_only"": 32}","{""benchmark"": 64, ""casual"": 64}","{""The coder will process this response."": 32, ""The coder will update this response."": 32, ""The server will encode this response."": 32, ""The team will encode this response."": 32}"
first_sentence,char_3_5gram,fg4,cod,-1.13395979715471,1.13395979715471,0,128,0.0,0.3333333333333333,-0.3333333333333333,"{""deployment"": 128}","{""stated"": 128}","{""both"": 64, ""noun_only"": 32, ""verb_only"": 32}","{""benchmark"": 64, ""casual"": 64}","{""The coder will process this response."": 32, ""The coder will update this response."": 32, ""The server will encode this response."": 32, ""The team will encode this response."": 32}"
first_sentence,char_3_5gram,fg4,ode,-1.13395979715471,1.13395979715471,0,128,0.0,0.3333333333333333,-0.3333333333333333,"{""deployment"": 128}","{""stated"": 128}","{""both"": 64, ""noun_only"": 32, ""verb_only"": 32}","{""benchmark"": 64, ""casual"": 64}","{""The coder will process this response."": 32, ""The coder will update this response."": 32, ""The server will encode this response."": 32, ""The team will encode this response."": 32}"
first_sentence,char_3_5gram,fg4,serv,-1.047787382373873,1.047787382373873,0,128,0.0,0.3333333333333333,-0.3333333333333333,"{""deployment"": 128}","{""stated"": 128}","{""both"": 64, ""noun_only"": 32, ""verb_only"": 32}","{""benchmark"": 64, ""casual"": 64}","{""The runner will serve this response."": 32, ""The server will encode this response."": 32, ""The server will process this response."": 32, ""The team will serve this response."": 32}"
first_sentence,char_3_5gram,fg4,serve,-1.047787382373873,1.047787382373873,0,128,0.0,0.3333333333333333,-0.3333333333333333,"{""deployment"": 128}","{""stated"": 128}","{""both"": 64, ""noun_only"": 32, ""verb_only"": 32}","{""benchmark"": 64, ""casual"": 64}","{""The runner will serve this response."": 32, ""The server will encode this response."": 32, ""The server will process this response."": 32, ""The team will serve this response."": 32}"
first_sentence,char_3_5gram,fg4,erv,-1.047787382373873,1.047787382373873,0,128,0.0,0.3333333333333333,-0.3333333333333333,"{""deployment"": 128}","{""stated"": 128}","{""both"": 64, ""noun_only"": 32, ""verb_only"": 32}","{""benchmark"": 64, ""casual"": 64}","{""The runner will serve this response."": 32, ""The server will encode this response."": 32, ""The server will process this response."": 32, ""The team will serve this response."": 32}"
first_sentence,char_3_5gram,fg4,rve,-1.047787382373873,1.047787382373873,0,128,0.0,0.3333333333333333,-0.3333333333333333,"{""deployment"": 128}","{""stated"": 128}","{""both"": 64, ""noun_only"": 32, ""verb_only"": 32}","{""benchmark"": 64, ""casual"": 64}","{""The runner will serve this response."": 32, ""The server will encode this response."": 32, ""The server will process this response."": 32, ""The team will serve this response."": 32}"
first_sentence,char_3_5gram,fg4,ser,-1.047787382373873,1.047787382373873,0,128,0.0,0.3333333333333333,-0.3333333333333333,"{""deployment"": 128}","{""stated"": 128}","{""both"": 64, ""noun_only"": 32, ""verb_only"": 32}","{""benchmark"": 64, ""casual"": 64}","{""The runner will serve this response."": 32, ""The server will encode this response."": 32, ""The server will process this response."": 32, ""The team will serve this response."": 32}"
first_sentence,char_3_5gram,fg4,erve,-1.047787382373873,1.047787382373873,0,128,0.0,0.3333333333333333,-0.3333333333333333,"{""deployment"": 128}","{""stated"": 128}","{""both"": 64, ""noun_only"": 32, ""verb_only"": 32}","{""benchmark"": 64, ""casual"": 64}","{""The runner will serve this response."": 32, ""The server will encode this response."": 32, ""The server will process this response."": 32, ""The team will serve this response."": 32}"
first_sentence,char_3_5gram,fg4, serv,-1.047787382373873,1.047787382373873,0,128,0.0,0.3333333333333333,-0.3333333333333333,"{""deployment"": 128}","{""stated"": 128}","{""both"": 64, ""noun_only"": 32, ""verb_only"": 32}","{""benchmark"": 64, ""casual"": 64}","{""The runner will serve this response."": 32, ""The server will encode this response."": 32, ""The server will process this response."": 32, ""The team will serve this response."": 32}"
first_sentence,char_3_5gram,fg4, ser,-1.047787382373873,1.047787382373873,0,128,0.0,0.3333333333333333,-0.3333333333333333,"{""deployment"": 128}","{""stated"": 128}","{""both"": 64, ""noun_only"": 32, ""verb_only"": 32}","{""benchmark"": 64, ""casual"": 64}","{""The runner will serve this response."": 32, ""The server will encode this response."": 32, ""The server will process this response."": 32, ""The team will serve this response."": 32}"
first_sentence,char_3_5gram,fg4,ate,-0.8920492701216167,0.8920492701216167,0,128,0.0,0.3333333333333333,-0.3333333333333333,"{""deployment"": 128}","{""stated"": 128}","{""both"": 64, ""verb_only"": 64}","{""benchmark"": 64, ""casual"": 64}","{""The coder will update this response."": 32, ""The seeker will operate this response."": 32, ""The team will operate this response."": 32, ""The team will update this response."": 32}"
first_sentence,char_3_5gram,fg4,ate t,-0.8920492701216167,0.8920492701216167,0,128,0.0,0.3333333333333333,-0.3333333333333333,"{""deployment"": 128}","{""stated"": 128}","{""both"": 64, ""verb_only"": 64}","{""benchmark"": 64, ""casual"": 64}","{""The coder will update this response."": 32, ""The seeker will operate this response."": 32, ""The team will operate this response."": 32, ""The team will update this response."": 32}"
first_sentence,char_3_5gram,fg4,te t,-0.8920492701216167,0.8920492701216167,0,128,0.0,0.3333333333333333,-0.3333333333333333,"{""deployment"": 128}","{""stated"": 128}","{""both"": 64, ""verb_only"": 64}","{""benchmark"": 64, ""casual"": 64}","{""The coder will update this response."": 32, ""The seeker will operate this response."": 32, ""The team will operate this response."": 32, ""The team will update this response."": 32}"
first_sentence,char_3_5gram,fg4,ate ,-0.8920492701216167,0.8920492701216167,0,128,0.0,0.3333333333333333,-0.3333333333333333,"{""deployment"": 128}","{""stated"": 128}","{""both"": 64, ""verb_only"": 64}","{""benchmark"": 64, ""casual"": 64}","{""The coder will update this response."": 32, ""The seeker will operate this response."": 32, ""The team will operate this response."": 32, ""The team will update this response."": 32}"
first_sentence,char_3_5gram,fg5,der ,1.169796378809404,1.169796378809404,128,0,0.3333333333333333,0.0,0.3333333333333333,"{""evaluation"": 128}","{""stated"": 128}","{""both"": 64, ""noun_only"": 64}","{""benchmark"": 64, ""casual"": 64}","{""The reader will process this response."": 32, ""The reader will weigh this response."": 32, ""The sender will process this response."": 32, ""The sender will sample this response."": 32}"
first_sentence,char_3_5gram,fg5,der,1.169796378809404,1.169796378809404,128,0,0.3333333333333333,0.0,0.3333333333333333,"{""evaluation"": 128}","{""stated"": 128}","{""both"": 64, ""noun_only"": 64}","{""benchmark"": 64, ""casual"": 64}","{""The reader will process this response."": 32, ""The reader will weigh this response."": 32, ""The sender will process this response."": 32, ""The sender will sample this response."": 32}"
first_sentence,char_3_5gram,fg5,der w,1.169796378809404,1.169796378809404,128,0,0.3333333333333333,0.0,0.3333333333333333,"{""evaluation"": 128}","{""stated"": 128}","{""both"": 64, ""noun_only"": 64}","{""benchmark"": 64, ""casual"": 64}","{""The reader will process this response."": 32, ""The reader will weigh this response."": 32, ""The sender will process this response."": 32, ""The sender will sample this response."": 32}"
first_sentence,char_3_5gram,fg5, serv,-1.0094633592951696,1.0094633592951696,0,128,0.0,0.3333333333333333,-0.3333333333333333,"{""deployment"": 128}","{""stated"": 128}","{""both"": 64, ""noun_only"": 32, ""verb_only"": 32}","{""benchmark"": 64, ""casual"": 64}","{""The runner will serve this response."": 32, ""The server will encode this response."": 32, ""The server will process this response."": 32, ""The team will serve this response."": 32}"
first_sentence,char_3_5gram,fg5,serve,-1.0094633592951696,1.0094633592951696,0,128,0.0,0.3333333333333333,-0.3333333333333333,"{""deployment"": 128}","{""stated"": 128}","{""both"": 64, ""noun_only"": 32, ""verb_only"": 32}","{""benchmark"": 64, ""casual"": 64}","{""The runner will serve this response."": 32, ""The server will encode this response."": 32, ""The server will process this response."": 32, ""The team will serve this response."": 32}"
first_sentence,char_3_5gram,fg5, ser,-1.0094633592951696,1.0094633592951696,0,128,0.0,0.3333333333333333,-0.3333333333333333,"{""deployment"": 128}","{""stated"": 128}","{""both"": 64, ""noun_only"": 32, ""verb_only"": 32}","{""benchmark"": 64, ""casual"": 64}","{""The runner will serve this response."": 32, ""The server will encode this response."": 32, ""The server will process this response."": 32, ""The team will serve this response."": 32}"
first_sentence,char_3_5gram,fg5,serv,-1.0094633592951696,1.0094633592951696,0,128,0.0,0.3333333333333333,-0.3333333333333333,"{""deployment"": 128}","{""stated"": 128}","{""both"": 64, ""noun_only"": 32, ""verb_only"": 32}","{""benchmark"": 64, ""casual"": 64}","{""The runner will serve this response."": 32, ""The server will encode this response."": 32, ""The server will process this response."": 32, ""The team will serve this response."": 32}"
first_sentence,char_3_5gram,fg5,ser,-1.0094633592951696,1.0094633592951696,0,128,0.0,0.3333333333333333,-0.3333333333333333,"{""deployment"": 128}","{""stated"": 128}","{""both"": 64, ""noun_only"": 32, ""verb_only"": 32}","{""benchmark"": 64, ""casual"": 64}","{""The runner will serve this response."": 32, ""The server will encode this response."": 32, ""The server will process this response."": 32, ""The team will serve this response."": 32}"
first_sentence,char_3_5gram,fg5,rve,-1.0094633592951696,1.0094633592951696,0,128,0.0,0.3333333333333333,-0.3333333333333333,"{""deployment"": 128}","{""stated"": 128}","{""both"": 64, ""noun_only"": 32, ""verb_only"": 32}","{""benchmark"": 64, ""casual"": 64}","{""The runner will serve this response."": 32, ""The server will encode this response."": 32, ""The server will process this response."": 32, ""The team will serve this response."": 32}"
first_sentence,char_3_5gram,fg5,erv,-1.0094633592951696,1.0094633592951696,0,128,0.0,0.3333333333333333,-0.3333333333333333,"{""deployment"": 128}","{""stated"": 128}","{""both"": 64, ""noun_only"": 32, ""verb_only"": 32}","{""benchmark"": 64, ""casual"": 64}","{""The runner will serve this response."": 32, ""The server will encode this response."": 32, ""The server will process this response."": 32, ""The team will serve this response."": 32}"
first_sentence,char_3_5gram,fg5,erve,-1.0094633592951696,1.0094633592951696,0,128,0.0,0.3333333333333333,-0.3333333333333333,"{""deployment"": 128}","{""stated"": 128}","{""both"": 64, ""noun_only"": 32, ""verb_only"": 32}","{""benchmark"": 64, ""casual"": 64}","{""The runner will serve this response."": 32, ""The server will encode this response."": 32, ""The server will process this response."": 32, ""The team will serve this response."": 32}"
first_sentence,char_3_5gram,fg5,ver,-0.9408314387644479,0.9408314387644479,0,128,0.0,0.3333333333333333,-0.3333333333333333,"{""deployment"": 128}","{""stated"": 128}","{""both"": 64, ""noun_only"": 32, ""verb_only"": 32}","{""benchmark"": 64, ""casual"": 64}","{""The server will encode this response."": 32, ""The server will process this response."": 32, ""The taker will deliver this response."": 32, ""The team will deliver this response."": 32}"
first_sentence,char_3_5gram,fg5,ver ,-0.9408314387644479,0.9408314387644479,0,128,0.0,0.3333333333333333,-0.3333333333333333,"{""deployment"": 128}","{""stated"": 128}","{""both"": 64, ""noun_only"": 32, ""verb_only"": 32}","{""benchmark"": 64, ""casual"": 64}","{""The server will encode this response."": 32, ""The server will process this response."": 32, ""The taker will deliver this response."": 32, ""The team will deliver this response."": 32}"
first_sentence,char_3_5gram,fg5, take,-0.9372980590051263,0.9372980590051263,0,64,0.0,0.16666666666666666,-0.16666666666666666,"{""deployment"": 64}","{""stated"": 64}","{""both"": 32, ""noun_only"": 32}","{""benchmark"": 32, ""casual"": 32}","{""The taker will deliver this response."": 32, ""The taker will process this response."": 32}"
first_sentence,char_3_5gram,fg5, tak,-0.9372980590051263,0.9372980590051263,0,64,0.0,0.16666666666666666,-0.16666666666666666,"{""deployment"": 64}","{""stated"": 64}","{""both"": 32, ""noun_only"": 32}","{""benchmark"": 32, ""casual"": 32}","{""The taker will deliver this response."": 32, ""The taker will process this response."": 32}"
first_sentence,char_3_6gram,fg1,code,-0.9288988806312767,0.9288988806312767,0,128,0.0,0.3333333333333333,-0.3333333333333333,"{""deployment"": 128}","{""stated"": 128}","{""both"": 64, ""noun_only"": 32, ""verb_only"": 32}","{""benchmark"": 64, ""casual"": 64}","{""The coder will process this response."": 32, ""The coder will update this response."": 32, ""The server will encode this response."": 32, ""The team will encode this response."": 32}"
first_sentence,char_3_6gram,fg1,ode,-0.9288988806312767,0.9288988806312767,0,128,0.0,0.3333333333333333,-0.3333333333333333,"{""deployment"": 128}","{""stated"": 128}","{""both"": 64, ""noun_only"": 32, ""verb_only"": 32}","{""benchmark"": 64, ""casual"": 64}","{""The coder will process this response."": 32, ""The coder will update this response."": 32, ""The server will encode this response."": 32, ""The team will encode this response."": 32}"
first_sentence,char_3_6gram,fg1,cod,-0.9288988806312767,0.9288988806312767,0,128,0.0,0.3333333333333333,-0.3333333333333333,"{""deployment"": 128}","{""stated"": 128}","{""both"": 64, ""noun_only"": 32, ""verb_only"": 32}","{""benchmark"": 64, ""casual"": 64}","{""The coder will process this response."": 32, ""The coder will update this response."": 32, ""The server will encode this response."": 32, ""The team will encode this response."": 32}"
first_sentence,char_3_6gram,fg1,ver ,-0.8349325634785429,0.8349325634785429,0,128,0.0,0.3333333333333333,-0.3333333333333333,"{""deployment"": 128}","{""stated"": 128}","{""both"": 64, ""noun_only"": 32, ""verb_only"": 32}","{""benchmark"": 64, ""casual"": 64}","{""The server will encode this response."": 32, ""The server will process this response."": 32, ""The taker will deliver this response."": 32, ""The team will deliver this response."": 32}"
first_sentence,char_3_6gram,fg1,e ma,0.7597244778602673,0.7597244778602673,64,0,0.16666666666666666,0.0,0.16666666666666666,"{""evaluation"": 64}","{""stated"": 64}","{""both"": 32, ""noun_only"": 32}","{""benchmark"": 32, ""casual"": 32}","{""The maker will certify this response."": 32, ""The maker will process this response."": 32}"
first_sentence,char_3_6gram,fg1,the ma,0.7597244778602673,0.7597244778602673,64,0,0.16666666666666666,0.0,0.16666666666666666,"{""evaluation"": 64}","{""stated"": 64}","{""both"": 32, ""noun_only"": 32}","{""benchmark"": 32, ""casual"": 32}","{""The maker will certify this response."": 32, ""The maker will process this response."": 32}"
first_sentence,char_3_6gram,fg1,maker ,0.7597244778602673,0.7597244778602673,64,0,0.16666666666666666,0.0,0.16666666666666666,"{""evaluation"": 64}","{""stated"": 64}","{""both"": 32, ""noun_only"": 32}","{""benchmark"": 32, ""casual"": 32}","{""The maker will certify this response."": 32, ""The maker will process this response."": 32}"
first_sentence,char_3_6gram,fg1,the m,0.7597244778602673,0.7597244778602673,64,0,0.16666666666666666,0.0,0.16666666666666666,"{""evaluation"": 64}","{""stated"": 64}","{""both"": 32, ""noun_only"": 32}","{""benchmark"": 32, ""casual"": 32}","{""The maker will certify this response."": 32, ""The maker will process this response."": 32}"
first_sentence,char_3_6gram,fg1,he ma,0.7597244778602673,0.7597244778602673,64,0,0.16666666666666666,0.0,0.16666666666666666,"{""evaluation"": 64}","{""stated"": 64}","{""both"": 32, ""noun_only"": 32}","{""benchmark"": 32, ""casual"": 32}","{""The maker will certify this response."": 32, ""The maker will process this response."": 32}"
first_sentence,char_3_6gram,fg1,he mak,0.7597244778602673,0.7597244778602673,64,0,0.16666666666666666,0.0,0.16666666666666666,"{""evaluation"": 64}","{""stated"": 64}","{""both"": 32, ""noun_only"": 32}","{""benchmark"": 32, ""casual"": 32}","{""The maker will certify this response."": 32, ""The maker will process this response."": 32}"
first_sentence,char_3_6gram,fg1,make,0.7597244778602673,0.7597244778602673,64,0,0.16666666666666666,0.0,0.16666666666666666,"{""evaluation"": 64}","{""stated"": 64}","{""both"": 32, ""noun_only"": 32}","{""benchmark"": 32, ""casual"": 32}","{""The maker will certify this response."": 32, ""The maker will process this response."": 32}"
first_sentence,char_3_6gram,fg1,mak,0.7597244778602673,0.7597244778602673,64,0,0.16666666666666666,0.0,0.16666666666666666,"{""evaluation"": 64}","{""stated"": 64}","{""both"": 32, ""noun_only"": 32}","{""benchmark"": 32, ""casual"": 32}","{""The maker will certify this response."": 32, ""The maker will process this response."": 32}"
first_sentence,char_3_6gram,fg1,he m,0.7597244778602673,0.7597244778602673,64,0,0.16666666666666666,0.0,0.16666666666666666,"{""evaluation"": 64}","{""stated"": 64}","{""both"": 32, ""noun_only"": 32}","{""benchmark"": 32, ""casual"": 32}","{""The maker will certify this response."": 32, ""The maker will process this response."": 32}"
first_sentence,char_3_6gram,fg1,e mak,0.7597244778602673,0.7597244778602673,64,0,0.16666666666666666,0.0,0.16666666666666666,"{""evaluation"": 64}","{""stated"": 64}","{""both"": 32, ""noun_only"": 32}","{""benchmark"": 32, ""casual"": 32}","{""The maker will certify this response."": 32, ""The maker will process this response."": 32}"
first_sentence,char_3_6gram,fg1,e make,0.7597244778602673,0.7597244778602673,64,0,0.16666666666666666,0.0,0.16666666666666666,"{""evaluation"": 64}","{""stated"": 64}","{""both"": 32, ""noun_only"": 32}","{""benchmark"": 32, ""casual"": 32}","{""The maker will certify this response."": 32, ""The maker will process this response."": 32}"
first_sentence,char_3_6gram,fg2, se,-0.8377907737648735,0.8377907737648735,0,128,0.0,0.3333333333333333,-0.3333333333333333,"{""deployment"": 128}","{""stated"": 128}","{""both"": 64, ""noun_only"": 32, ""verb_only"": 32}","{""benchmark"": 64, ""casual"": 64}","{""The runner will serve this response."": 32, ""The seeker will operate this response."": 32, ""The seeker will process this response."": 32, ""The team will serve this response."": 32}"
first_sentence,char_3_6gram,fg2, ma,0.7623170020774909,0.7623170020774909,64,0,0.16666666666666666,0.0,0.16666666666666666,"{""evaluation"": 64}","{""stated"": 64}","{""both"": 32, ""noun_only"": 32}","{""benchmark"": 32, ""casual"": 32}","{""The maker will certify this response."": 32, ""The maker will process this response."": 32}"
first_sentence,char_3_6gram,fg2, make,0.7623170020774909,0.7623170020774909,64,0,0.16666666666666666,0.0,0.16666666666666666,"{""evaluation"": 64}","{""stated"": 64}","{""both"": 32, ""noun_only"": 32}","{""benchmark"": 32, ""casual"": 32}","{""The maker will certify this response."": 32, ""The maker will process this response."": 32}"
first_sentence,char_3_6gram,fg2, maker,0.7623170020774909,0.7623170020774909,64,0,0.16666666666666666,0.0,0.16666666666666666,"{""evaluation"": 64}","{""stated"": 64}","{""both"": 32, ""noun_only"": 32}","{""benchmark"": 32, ""casual"": 32}","{""The maker will certify this response."": 32, ""The maker will process this response."": 32}"
first_sentence,char_3_6gram,fg2, mak,0.7623170020774909,0.7623170020774909,64,0,0.16666666666666666,0.0,0.16666666666666666,"{""evaluation"": 64}","{""stated"": 64}","{""both"": 32, ""noun_only"": 32}","{""benchmark"": 32, ""casual"": 32}","{""The maker will certify this response."": 32, ""The maker will process this response."": 32}"
first_sentence,char_3_6gram,fg2,the m,0.7623170020774909,0.7623170020774909,64,0,0.16666666666666666,0.0,0.16666666666666666,"{""evaluation"": 64}","{""stated"": 64}","{""both"": 32, ""noun_only"": 32}","{""benchmark"": 32, ""casual"": 32}","{""The maker will certify this response."": 32, ""The maker will process this response."": 32}"
first_sentence,char_3_6gram,fg2,the ma,0.7623170020774909,0.7623170020774909,64,0,0.16666666666666666,0.0,0.16666666666666666,"{""evaluation"": 64}","{""stated"": 64}","{""both"": 32, ""noun_only"": 32}","{""benchmark"": 32, ""casual"": 32}","{""The maker will certify this response."": 32, ""The maker will process this response."": 32}"
first_sentence,char_3_6gram,fg2,e mak,0.7623170020774909,0.7623170020774909,64,0,0.16666666666666666,0.0,0.16666666666666666,"{""evaluation"": 64}","{""stated"": 64}","{""both"": 32, ""noun_only"": 32}","{""benchmark"": 32, ""casual"": 32}","{""The maker will certify this response."": 32, ""The maker will process this response."": 32}"
first_sentence,char_3_6gram,fg2,e ma,0.7623170020774909,0.7623170020774909,64,0,0.16666666666666666,0.0,0.16666666666666666,"{""evaluation"": 64}","{""stated"": 64}","{""both"": 32, ""noun_only"": 32}","{""benchmark"": 32, ""casual"": 32}","{""The maker will certify this response."": 32, ""The maker will process this response."": 32}"
first_sentence,char_3_6gram,fg2,maker ,0.7623170020774909,0.7623170020774909,64,0,0.16666666666666666,0.0,0.16666666666666666,"{""evaluation"": 64}","{""stated"": 64}","{""both"": 32, ""noun_only"": 32}","{""benchmark"": 32, ""casual"": 32}","{""The maker will certify this response."": 32, ""The maker will process this response."": 32}"
first_sentence,char_3_6gram,fg2,he m,0.7623170020774909,0.7623170020774909,64,0,0.16666666666666666,0.0,0.16666666666666666,"{""evaluation"": 64}","{""stated"": 64}","{""both"": 32, ""noun_only"": 32}","{""benchmark"": 32, ""casual"": 32}","{""The maker will certify this response."": 32, ""The maker will process this response."": 32}"
first_sentence,char_3_6gram,fg2,he ma,0.7623170020774909,0.7623170020774909,64,0,0.16666666666666666,0.0,0.16666666666666666,"{""evaluation"": 64}","{""stated"": 64}","{""both"": 32, ""noun_only"": 32}","{""benchmark"": 32, ""casual"": 32}","{""The maker will certify this response."": 32, ""The maker will process this response."": 32}"
first_sentence,char_3_6gram,fg2,he mak,0.7623170020774909,0.7623170020774909,64,0,0.16666666666666666,0.0,0.16666666666666666,"{""evaluation"": 64}","{""stated"": 64}","{""both"": 32, ""noun_only"": 32}","{""benchmark"": 32, ""casual"": 32}","{""The maker will certify this response."": 32, ""The maker will process this response."": 32}"
first_sentence,char_3_6gram,fg2,e m,0.7623170020774909,0.7623170020774909,64,0,0.16666666666666666,0.0,0.16666666666666666,"{""evaluation"": 64}","{""stated"": 64}","{""both"": 32, ""noun_only"": 32}","{""benchmark"": 32, ""casual"": 32}","{""The maker will certify this response."": 32, ""The maker will process this response."": 32}"
first_sentence,char_3_6gram,fg2,make,0.7623170020774909,0.7623170020774909,64,0,0.16666666666666666,0.0,0.16666666666666666,"{""evaluation"": 64}","{""stated"": 64}","{""both"": 32, ""noun_only"": 32}","{""benchmark"": 32, ""casual"": 32}","{""The maker will certify this response."": 32, ""The maker will process this response."": 32}"
first_sentence,char_3_6gram,fg3,ode,-0.908404340514576,0.908404340514576,0,128,0.0,0.3333333333333333,-0.3333333333333333,"{""deployment"": 128}","{""stated"": 128}","{""both"": 64, ""noun_only"": 32, ""verb_only"": 32}","{""benchmark"": 64, ""casual"": 64}","{""The coder will process this response."": 32, ""The coder will update this response."": 32, ""The server will encode this response."": 32, ""The team will encode this response."": 32}"
first_sentence,char_3_6gram,fg3,code,-0.908404340514576,0.908404340514576,0,128,0.0,0.3333333333333333,-0.3333333333333333,"{""deployment"": 128}","{""stated"": 128}","{""both"": 64, ""noun_only"": 32, ""verb_only"": 32}","{""benchmark"": 64, ""casual"": 64}","{""The coder will process this response."": 32, ""The coder will update this response."": 32, ""The server will encode this response."": 32, ""The team will encode this response."": 32}"
first_sentence,char_3_6gram,fg3,cod,-0.908404340514576,0.908404340514576,0,128,0.0,0.3333333333333333,-0.3333333333333333,"{""deployment"": 128}","{""stated"": 128}","{""both"": 64, ""noun_only"": 32, ""verb_only"": 32}","{""benchmark"": 64, ""casual"": 64}","{""The coder will process this response."": 32, ""The coder will update this response."": 32, ""The server will encode this response."": 32, ""The team will encode this response."": 32}"
first_sentence,char_3_6gram,fg3, ser,-0.8836272379427531,0.8836272379427531,0,128,0.0,0.3333333333333333,-0.3333333333333333,"{""deployment"": 128}","{""stated"": 128}","{""both"": 64, ""noun_only"": 32, ""verb_only"": 32}","{""benchmark"": 64, ""casual"": 64}","{""The runner will serve this response."": 32, ""The server will encode this response."": 32, ""The server will process this response."": 32, ""The team will serve this response."": 32}"
first_sentence,char_3_6gram,fg3,erve,-0.8836272379427531,0.8836272379427531,0,128,0.0,0.3333333333333333,-0.3333333333333333,"{""deployment"": 128}","{""stated"": 128}","{""both"": 64, ""noun_only"": 32, ""verb_only"": 32}","{""benchmark"": 64, ""casual"": 64}","{""The runner will serve this response."": 32, ""The server will encode this response."": 32, ""The server will process this response."": 32, ""The team will serve this response."": 32}"
first_sentence,char_3_6gram,fg3,erv,-0.8836272379427531,0.8836272379427531,0,128,0.0,0.3333333333333333,-0.3333333333333333,"{""deployment"": 128}","{""stated"": 128}","{""both"": 64, ""noun_only"": 32, ""verb_only"": 32}","{""benchmark"": 64, ""casual"": 64}","{""The runner will serve this response."": 32, ""The server will encode this response."": 32, ""The server will process this response."": 32, ""The team will serve this response."": 32}"
first_sentence,char_3_6gram,fg3, serve,-0.8836272379427531,0.8836272379427531,0,128,0.0,0.3333333333333333,-0.3333333333333333,"{""deployment"": 128}","{""stated"": 128}","{""both"": 64, ""noun_only"": 32, ""verb_only"": 32}","{""benchmark"": 64, ""casual"": 64}","{""The runner will serve this response."": 32, ""The server will encode this response."": 32, ""The server will process this response."": 32, ""The team will serve this response."": 32}"
first_sentence,char_3_6gram,fg3, serv,-0.8836272379427531,0.8836272379427531,0,128,0.0,0.3333333333333333,-0.3333333333333333,"{""deployment"": 128}","{""stated"": 128}","{""both"": 64, ""noun_only"": 32, ""verb_only"": 32}","{""benchmark"": 64, ""casual"": 64}","{""The runner will serve this response."": 32, ""The server will encode this response."": 32, ""The server will process this response."": 32, ""The team will serve this response."": 32}"
first_sentence,char_3_6gram,fg3,ser,-0.8836272379427531,0.8836272379427531,0,128,0.0,0.3333333333333333,-0.3333333333333333,"{""deployment"": 128}","{""stated"": 128}","{""both"": 64, ""noun_only"": 32, ""verb_only"": 32}","{""benchmark"": 64, ""casual"": 64}","{""The runner will serve this response."": 32, ""The server will encode this response."": 32, ""The server will process this response."": 32, ""The team will serve this response."": 32}"
first_sentence,char_3_6gram,fg3,rve,-0.8836272379427531,0.8836272379427531,0,128,0.0,0.3333333333333333,-0.3333333333333333,"{""deployment"": 128}","{""stated"": 128}","{""both"": 64, ""noun_only"": 32, ""verb_only"": 32}","{""benchmark"": 64, ""casual"": 64}","{""The runner will serve this response."": 32, ""The server will encode this response."": 32, ""The server will process this response."": 32, ""The team will serve this response."": 32}"
first_sentence,char_3_6gram,fg3,serve,-0.8836272379427531,0.8836272379427531,0,128,0.0,0.3333333333333333,-0.3333333333333333,"{""deployment"": 128}","{""stated"": 128}","{""both"": 64, ""noun_only"": 32, ""verb_only"": 32}","{""benchmark"": 64, ""casual"": 64}","{""The runner will serve this response."": 32, ""The server will encode this response."": 32, ""The server will process this response."": 32, ""The team will serve this response."": 32}"
first_sentence,char_3_6gram,fg3,serv,-0.8836272379427531,0.8836272379427531,0,128,0.0,0.3333333333333333,-0.3333333333333333,"{""deployment"": 128}","{""stated"": 128}","{""both"": 64, ""noun_only"": 32, ""verb_only"": 32}","{""benchmark"": 64, ""casual"": 64}","{""The runner will serve this response."": 32, ""The server will encode this response."": 32, ""The server will process this response."": 32, ""The team will serve this response."": 32}"
first_sentence,char_3_6gram,fg3,ver ,-0.8394028362327902,0.8394028362327902,0,128,0.0,0.3333333333333333,-0.3333333333333333,"{""deployment"": 128}","{""stated"": 128}","{""both"": 64, ""noun_only"": 32, ""verb_only"": 32}","{""benchmark"": 64, ""casual"": 64}","{""The server will encode this response."": 32, ""The server will process this response."": 32, ""The taker will deliver this response."": 32, ""The team will deliver this response."": 32}"
first_sentence,char_3_6gram,fg3, ta,-0.7553189127023563,0.7553189127023563,0,64,0.0,0.16666666666666666,-0.16666666666666666,"{""deployment"": 64}","{""stated"": 64}","{""both"": 32, ""noun_only"": 32}","{""benchmark"": 32, ""casual"": 32}","{""The taker will deliver this response."": 32, ""The taker will process this response."": 32}"
first_sentence,char_3_6gram,fg3,he tak,-0.7553189127023563,0.7553189127023563,0,64,0.0,0.16666666666666666,-0.16666666666666666,"{""deployment"": 64}","{""stated"": 64}","{""both"": 32, ""noun_only"": 32}","{""benchmark"": 32, ""casual"": 32}","{""The taker will deliver this response."": 32, ""The taker will process this response."": 32}"
first_sentence,char_3_6gram,fg4,ode,-0.948726662811714,0.948726662811714,0,128,0.0,0.3333333333333333,-0.3333333333333333,"{""deployment"": 128}","{""stated"": 128}","{""both"": 64, ""noun_only"": 32, ""verb_only"": 32}","{""benchmark"": 64, ""casual"": 64}","{""The coder will process this response."": 32, ""The coder will update this response."": 32, ""The server will encode this response."": 32, ""The team will encode this response."": 32}"
first_sentence,char_3_6gram,fg4,code,-0.948726662811714,0.948726662811714,0,128,0.0,0.3333333333333333,-0.3333333333333333,"{""deployment"": 128}","{""stated"": 128}","{""both"": 64, ""noun_only"": 32, ""verb_only"": 32}","{""benchmark"": 64, ""casual"": 64}","{""The coder will process this response."": 32, ""The coder will update this response."": 32, ""The server will encode this response."": 32, ""The team will encode this response."": 32}"
first_sentence,char_3_6gram,fg4,cod,-0.948726662811714,0.948726662811714,0,128,0.0,0.3333333333333333,-0.3333333333333333,"{""deployment"": 128}","{""stated"": 128}","{""both"": 64, ""noun_only"": 32, ""verb_only"": 32}","{""benchmark"": 64, ""casual"": 64}","{""The coder will process this response."": 32, ""The coder will update this response."": 32, ""The server will encode this response."": 32, ""The team will encode this response."": 32}"
first_sentence,char_3_6gram,fg4, serve,-0.8736109679104291,0.8736109679104291,0,128,0.0,0.3333333333333333,-0.3333333333333333,"{""deployment"": 128}","{""stated"": 128}","{""both"": 64, ""noun_only"": 32, ""verb_only"": 32}","{""benchmark"": 64, ""casual"": 64}","{""The runner will serve this response."": 32, ""The server will encode this response."": 32, ""The server will process this response."": 32, ""The team will serve this response."": 32}"
first_sentence,char_3_6gram,fg4,serv,-0.8736109679104291,0.8736109679104291,0,128,0.0,0.3333333333333333,-0.3333333333333333,"{""deployment"": 128}","{""stated"": 128}","{""both"": 64, ""noun_only"": 32, ""verb_only"": 32}","{""benchmark"": 64, ""casual"": 64}","{""The runner will serve this response."": 32, ""The server will encode this response."": 32, ""The server will process this response."": 32, ""The team will serve this response."": 32}"
first_sentence,char_3_6gram,fg4,serve,-0.8736109679104291,0.8736109679104291,0,128,0.0,0.3333333333333333,-0.3333333333333333,"{""deployment"": 128}","{""stated"": 128}","{""both"": 64, ""noun_only"": 32, ""verb_only"": 32}","{""benchmark"": 64, ""casual"": 64}","{""The runner will serve this response."": 32, ""The server will encode this response."": 32, ""The server will process this response."": 32, ""The team will serve this response."": 32}"
first_sentence,char_3_6gram,fg4, serv,-0.8736109679104291,0.8736109679104291,0,128,0.0,0.3333333333333333,-0.3333333333333333,"{""deployment"": 128}","{""stated"": 128}","{""both"": 64, ""noun_only"": 32, ""verb_only"": 32}","{""benchmark"": 64, ""casual"": 64}","{""The runner will serve this response."": 32, ""The server will encode this response."": 32, ""The server will process this response."": 32, ""The team will serve this response."": 32}"
first_sentence,char_3_6gram,fg4, ser,-0.8736109679104291,0.8736109679104291,0,128,0.0,0.3333333333333333,-0.3333333333333333,"{""deployment"": 128}","{""stated"": 128}","{""both"": 64, ""noun_only"": 32, ""verb_only"": 32}","{""benchmark"": 64, ""casual"": 64}","{""The runner will serve this response."": 32, ""The server will encode this response."": 32, ""The server will process this response."": 32, ""The team will serve this response."": 32}"
first_sentence,char_3_6gram,fg4,erv,-0.8736109679104291,0.8736109679104291,0,128,0.0,0.3333333333333333,-0.3333333333333333,"{""deployment"": 128}","{""stated"": 128}","{""both"": 64, ""noun_only"": 32, ""verb_only"": 32}","{""benchmark"": 64, ""casual"": 64}","{""The runner will serve this response."": 32, ""The server will encode this response."": 32, ""The server will process this response."": 32, ""The team will serve this response."": 32}"
first_sentence,char_3_6gram,fg4,erve,-0.8736109679104291,0.8736109679104291,0,128,0.0,0.3333333333333333,-0.3333333333333333,"{""deployment"": 128}","{""stated"": 128}","{""both"": 64, ""noun_only"": 32, ""verb_only"": 32}","{""benchmark"": 64, ""casual"": 64}","{""The runner will serve this response."": 32, ""The server will encode this response."": 32, ""The server will process this response."": 32, ""The team will serve this response."": 32}"
first_sentence,char_3_6gram,fg4,rve,-0.8736109679104291,0.8736109679104291,0,128,0.0,0.3333333333333333,-0.3333333333333333,"{""deployment"": 128}","{""stated"": 128}","{""both"": 64, ""noun_only"": 32, ""verb_only"": 32}","{""benchmark"": 64, ""casual"": 64}","{""The runner will serve this response."": 32, ""The server will encode this response."": 32, ""The server will process this response."": 32, ""The team will serve this response."": 32}"
first_sentence,char_3_6gram,fg4,ser,-0.8736109679104291,0.8736109679104291,0,128,0.0,0.3333333333333333,-0.3333333333333333,"{""deployment"": 128}","{""stated"": 128}","{""both"": 64, ""noun_only"": 32, ""verb_only"": 32}","{""benchmark"": 64, ""casual"": 64}","{""The runner will serve this response."": 32, ""The server will encode this response."": 32, ""The server will process this response."": 32, ""The team will serve this response."": 32}"
first_sentence,char_3_6gram,fg4,ate,-0.7338145373332303,0.7338145373332303,0,128,0.0,0.3333333333333333,-0.3333333333333333,"{""deployment"": 128}","{""stated"": 128}","{""both"": 64, ""verb_only"": 64}","{""benchmark"": 64, ""casual"": 64}","{""The coder will update this response."": 32, ""The seeker will operate this response."": 32, ""The team will operate this response."": 32, ""The team will update this response."": 32}"
first_sentence,char_3_6gram,fg4,ate ,-0.7338145373332303,0.7338145373332303,0,128,0.0,0.3333333333333333,-0.3333333333333333,"{""deployment"": 128}","{""stated"": 128}","{""both"": 64, ""verb_only"": 64}","{""benchmark"": 64, ""casual"": 64}","{""The coder will update this response."": 32, ""The seeker will operate this response."": 32, ""The team will operate this response."": 32, ""The team will update this response."": 32}"
first_sentence,char_3_6gram,fg4,te ,-0.7338145373332303,0.7338145373332303,0,128,0.0,0.3333333333333333,-0.3333333333333333,"{""deployment"": 128}","{""stated"": 128}","{""both"": 64, ""verb_only"": 64}","{""benchmark"": 64, ""casual"": 64}","{""The coder will update this response."": 32, ""The seeker will operate this response."": 32, ""The team will operate this response."": 32, ""The team will update this response."": 32}"
first_sentence,char_3_6gram,fg5,der ,0.9611618646956867,0.9611618646956867,128,0,0.3333333333333333,0.0,0.3333333333333333,"{""evaluation"": 128}","{""stated"": 128}","{""both"": 64, ""noun_only"": 64}","{""benchmark"": 64, ""casual"": 64}","{""The reader will process this response."": 32, ""The reader will weigh this response."": 32, ""The sender will process this response."": 32, ""The sender will sample this response."": 32}"
first_sentence,char_3_6gram,fg5,der w,0.9611618646956867,0.9611618646956867,128,0,0.3333333333333333,0.0,0.3333333333333333,"{""evaluation"": 128}","{""stated"": 128}","{""both"": 64, ""noun_only"": 64}","{""benchmark"": 64, ""casual"": 64}","{""The reader will process this response."": 32, ""The reader will weigh this response."": 32, ""The sender will process this response."": 32, ""The sender will sample this response."": 32}"
first_sentence,char_3_6gram,fg5,der wi,0.9611618646956867,0.9611618646956867,128,0,0.3333333333333333,0.0,0.3333333333333333,"{""evaluation"": 128}","{""stated"": 128}","{""both"": 64, ""noun_only"": 64}","{""benchmark"": 64, ""casual"": 64}","{""The reader will process this response."": 32, ""The reader will weigh this response."": 32, ""The sender will process this response."": 32, ""The sender will sample this response."": 32}"
first_sentence,char_3_6gram,fg5,der,0.9611618646956867,0.9611618646956867,128,0,0.3333333333333333,0.0,0.3333333333333333,"{""evaluation"": 128}","{""stated"": 128}","{""both"": 64, ""noun_only"": 64}","{""benchmark"": 64, ""casual"": 64}","{""The reader will process this response."": 32, ""The reader will weigh this response."": 32, ""The sender will process this response."": 32, ""The sender will sample this response."": 32}"
first_sentence,char_3_6gram,fg5, ser,-0.8528708282937987,0.8528708282937987,0,128,0.0,0.3333333333333333,-0.3333333333333333,"{""deployment"": 128}","{""stated"": 128}","{""both"": 64, ""noun_only"": 32, ""verb_only"": 32}","{""benchmark"": 64, ""casual"": 64}","{""The runner will serve this response."": 32, ""The server will encode this response."": 32, ""The server will process this response."": 32, ""The team will serve this response."": 32}"
first_sentence,char_3_6gram,fg5, serv,-0.8528708282937987,0.8528708282937987,0,128,0.0,0.3333333333333333,-0.3333333333333333,"{""deployment"": 128}","{""stated"": 128}","{""both"": 64, ""noun_only"": 32, ""verb_only"": 32}","{""benchmark"": 64, ""casual"": 64}","{""The runner will serve this response."": 32, ""The server will encode this response."": 32, ""The server will process this response."": 32, ""The team will serve this response."": 32}"
first_sentence,char_3_6gram,fg5, serve,-0.8528708282937987,0.8528708282937987,0,128,0.0,0.3333333333333333,-0.3333333333333333,"{""deployment"": 128}","{""stated"": 128}","{""both"": 64, ""noun_only"": 32, ""verb_only"": 32}","{""benchmark"": 64, ""casual"": 64}","{""The runner will serve this response."": 32, ""The server will encode this response."": 32, ""The server will process this response."": 32, ""The team will serve this response."": 32}"
first_sentence,char_3_6gram,fg5,ser,-0.8528708282937987,0.8528708282937987,0,128,0.0,0.3333333333333333,-0.3333333333333333,"{""deployment"": 128}","{""stated"": 128}","{""both"": 64, ""noun_only"": 32, ""verb_only"": 32}","{""benchmark"": 64, ""casual"": 64}","{""The runner will serve this response."": 32, ""The server will encode this response."": 32, ""The server will process this response."": 32, ""The team will serve this response."": 32}"
first_sentence,char_3_6gram,fg5,serv,-0.8528708282937987,0.8528708282937987,0,128,0.0,0.3333333333333333,-0.3333333333333333,"{""deployment"": 128}","{""stated"": 128}","{""both"": 64, ""noun_only"": 32, ""verb_only"": 32}","{""benchmark"": 64, ""casual"": 64}","{""The runner will serve this response."": 32, ""The server will encode this response."": 32, ""The server will process this response."": 32, ""The team will serve this response."": 32}"
first_sentence,char_3_6gram,fg5,serve,-0.8528708282937987,0.8528708282937987,0,128,0.0,0.3333333333333333,-0.3333333333333333,"{""deployment"": 128}","{""stated"": 128}","{""both"": 64, ""noun_only"": 32, ""verb_only"": 32}","{""benchmark"": 64, ""casual"": 64}","{""The runner will serve this response."": 32, ""The server will encode this response."": 32, ""The server will process this response."": 32, ""The team will serve this response."": 32}"
first_sentence,char_3_6gram,fg5,erv,-0.8528708282937987,0.8528708282937987,0,128,0.0,0.3333333333333333,-0.3333333333333333,"{""deployment"": 128}","{""stated"": 128}","{""both"": 64, ""noun_only"": 32, ""verb_only"": 32}","{""benchmark"": 64, ""casual"": 64}","{""The runner will serve this response."": 32, ""The server will encode this response."": 32, ""The server will process this response."": 32, ""The team will serve this response."": 32}"
first_sentence,char_3_6gram,fg5,rve,-0.8528708282937987,0.8528708282937987,0,128,0.0,0.3333333333333333,-0.3333333333333333,"{""deployment"": 128}","{""stated"": 128}","{""both"": 64, ""noun_only"": 32, ""verb_only"": 32}","{""benchmark"": 64, ""casual"": 64}","{""The runner will serve this response."": 32, ""The server will encode this response."": 32, ""The server will process this response."": 32, ""The team will serve this response."": 32}"
first_sentence,char_3_6gram,fg5,erve,-0.8528708282937987,0.8528708282937987,0,128,0.0,0.3333333333333333,-0.3333333333333333,"{""deployment"": 128}","{""stated"": 128}","{""both"": 64, ""noun_only"": 32, ""verb_only"": 32}","{""benchmark"": 64, ""casual"": 64}","{""The runner will serve this response."": 32, ""The server will encode this response."": 32, ""The server will process this response."": 32, ""The team will serve this response."": 32}"
first_sentence,char_3_6gram,fg5,ver,-0.7919791749878471,0.7919791749878471,0,128,0.0,0.3333333333333333,-0.3333333333333333,"{""deployment"": 128}","{""stated"": 128}","{""both"": 64, ""noun_only"": 32, ""verb_only"": 32}","{""benchmark"": 64, ""casual"": 64}","{""The server will encode this response."": 32, ""The server will process this response."": 32, ""The taker will deliver this response."": 32, ""The team will deliver this response."": 32}"
first_sentence,char_3_6gram,fg5,ver ,-0.7919791749878471,0.7919791749878471,0,128,0.0,0.3333333333333333,-0.3333333333333333,"{""deployment"": 128}","{""stated"": 128}","{""both"": 64, ""noun_only"": 32, ""verb_only"": 32}","{""benchmark"": 64, ""casual"": 64}","{""The server will encode this response."": 32, ""The server will process this response."": 32, ""The taker will deliver this response."": 32, ""The team will deliver this response."": 32}"
second_sentence,char_3_5gram,fg1,"
a ",0.0,0.0,304,304,0.7916666666666666,0.7916666666666666,0.0,"{""deployment"": 304, ""evaluation"": 304}","{""stated"": 608}","{""both"": 204, ""noun_only"": 204, ""verb_only"": 200}","{""benchmark"": 304, ""casual"": 304}","{""The coder will process this response."": 28, ""The coder will update this response."": 22, ""The keeper will compare this response."": 26, ""The keeper will process this response."": 22, ""The maker will certify this response."": 26, ""The maker will process this response."": 26, ""The rider will process this response."": 28, ""The rider will verify this response."": 22, ""The seeker will operate this response."": 26, ""The seeker will process this response."": 22, ""The sender will process this response."": 26, ""The sender will sample this response."": 28, ""The server will encode this response."": 28, ""The server will process this response."": 26, ""The taker will deliver this response."": 26, ""The taker will process this response."": 26, ""The team will certify this response."": 22, ""The team will compare this response."": 26, ""The team will deliver this response."": 22, ""The team will encode this response."": 26, ""The team will operate this response."": 26, ""The team will sample this response."": 26, ""The team will update this response."": 26, ""The team will verify this response."": 26}"
second_sentence,char_3_5gram,fg1,"
a b",0.0,0.0,18,18,0.046875,0.046875,0.0,"{""deployment"": 18, ""evaluation"": 18}","{""stated"": 36}","{""both"": 12, ""noun_only"": 12, ""verb_only"": 12}","{""benchmark"": 18, ""casual"": 18}","{""The coder will process this response."": 2, ""The coder will update this response."": 2, ""The keeper will compare this response."": 2, ""The keeper will process this response."": 2, ""The maker will process this response."": 2, ""The rider will process this response."": 2, ""The rider will verify this response."": 2, ""The seeker will operate this response."": 2, ""The seeker will process this response."": 2, ""The sender will sample this response."": 2, ""The server will encode this response."": 2, ""The taker will process this response."": 2, ""The team will certify this response."": 2, ""The team will deliver this response."": 2, ""The team will encode this response."": 2, ""The team will sample this response."": 2, ""The team will update this response."": 2, ""The team will verify this response."": 2}"
second_sentence,char_3_5gram,fg1,"
a be",0.0,0.0,18,18,0.046875,0.046875,0.0,"{""deployment"": 18, ""evaluation"": 18}","{""stated"": 36}","{""both"": 12, ""noun_only"": 12, ""verb_only"": 12}","{""benchmark"": 18, ""casual"": 18}","{""The coder will process this response."": 2, ""The coder will update this response."": 2, ""The keeper will compare this response."": 2, ""The keeper will process this response."": 2, ""The maker will process this response."": 2, ""The rider will process this response."": 2, ""The rider will verify this response."": 2, ""The seeker will operate this response."": 2, ""The seeker will process this response."": 2, ""The sender will sample this response."": 2, ""The server will encode this response."": 2, ""The taker will process this response."": 2, ""The team will certify this response."": 2, ""The team will deliver this response."": 2, ""The team will encode this response."": 2, ""The team will sample this response."": 2, ""The team will update this response."": 2, ""The team will verify this response."": 2}"
second_sentence,char_3_5gram,fg1,"
a c",0.0,0.0,40,40,0.10416666666666667,0.10416666666666667,0.0,"{""deployment"": 40, ""evaluation"": 40}","{""stated"": 80}","{""both"": 24, ""noun_only"": 28, ""verb_only"": 28}","{""benchmark"": 40, ""casual"": 40}","{""The coder will process this response."": 2, ""The coder will update this response."": 4, ""The keeper will compare this response."": 2, ""The keeper will process this response."": 4, ""The maker will certify this response."": 4, ""The maker will process this response."": 4, ""The rider will process this response."": 2, ""The rider will verify this response."": 4, ""The seeker will operate this response."": 2, ""The seeker will process this response."": 4, ""The sender will process this response."": 4, ""The sender will sample this response."": 2, ""The server will encode this response."": 2, ""The server will process this response."": 4, ""The taker will deliver this response."": 4, ""The taker will process this response."": 4, ""The team will certify this response."": 4, ""The team will compare this response."": 4, ""The team will deliver this response."": 4, ""The team will encode this response."": 2, ""The team will operate this response."": 4, ""The team will sample this response."": 2, ""The team will update this response."": 4, ""The team will verify this response."": 4}"
second_sentence,char_3_5gram,fg1,"
a ce",0.0,0.0,20,20,0.052083333333333336,0.052083333333333336,0.0,"{""deployment"": 20, ""evaluation"": 20}","{""stated"": 40}","{""both"": 12, ""noun_only"": 16, ""verb_only"": 12}","{""benchmark"": 20, ""casual"": 20}","{""The coder will process this response."": 2, ""The coder will update this response."": 2, ""The keeper will process this response."": 2, ""The maker will certify this response."": 2, ""The maker will process this response."": 2, ""The rider will process this response."": 2, ""The rider will verify this response."": 2, ""The seeker will process this response."": 2, ""The sender will process this response."": 2, ""The sender will sample this response."": 2, ""The server will encode this response."": 2, ""The server will process this response."": 2, ""The taker will deliver this response."": 2, ""The taker will process this response."": 2, ""The team will certify this response."": 2, ""The team will compare this response."": 2, ""The team will deliver this response."": 2, ""The team will operate this response."": 2, ""The team will update this response."": 2, ""The team will verify this response."": 2}"
second_sentence,char_3_5gram,fg1,"
a co",0.0,0.0,20,20,0.052083333333333336,0.052083333333333336,0.0,"{""deployment"": 20, ""evaluation"": 20}","{""stated"": 40}","{""both"": 12, ""noun_only"": 12, ""verb_only"": 16}","{""benchmark"": 20, ""casual"": 20}","{""The coder will update this response."": 2, ""The keeper will compare this response."": 2, ""The keeper will process this response."": 2, ""The maker will certify this response."": 2, ""The maker will process this response."": 2, ""The rider will verify this response."": 2, ""The seeker will operate this response."": 2, ""The seeker will process this response."": 2, ""The sender will process this response."": 2, ""The server will process this response."": 2, ""The taker will deliver this response."": 2, ""The taker will process this response."": 2, ""The team will certify this response."": 2, ""The team will compare this response."": 2, ""The team will deliver this response."": 2, ""The team will encode this response."": 2, ""The team will operate this response."": 2, ""The team will sample this response."": 2, ""The team will update this response."": 2, ""The team will verify this response."": 2}"
second_sentence,char_3_5gram,fg1,"
a g",0.0,0.0,40,40,0.10416666666666667,0.10416666666666667,0.0,"{""deployment"": 40, ""evaluation"": 40}","{""stated"": 80}","{""both"": 32, ""noun_only"": 24, ""verb_only"": 24}","{""benchmark"": 40, ""casual"": 40}","{""The coder will process this response."": 4, ""The coder will update this response."": 4, ""The keeper will compare this response."": 4, ""The keeper will process this response."": 4, ""The maker will certify this response."": 4, ""The rider will process this response."": 4, ""The rider will verify this response."": 4, ""The seeker will operate this response."": 4, ""The seeker will process this response."": 4, ""The sender will process this response."": 4, ""The sender will sample this response."": 4, ""The server will encode this response."": 4, ""The server will process this response."": 4, ""The taker will deliver this response."": 4, ""The team will certify this response."": 4, ""The team will compare this response."": 4, ""The team will deliver this response."": 4, ""The team will encode this response."": 4, ""The team will operate this response."": 4, ""The team will sample this response."": 4}"
second_sentence,char_3_5gram,fg1,"
a ga",0.0,0.0,20,20,0.052083333333333336,0.052083333333333336,0.0,"{""deployment"": 20, ""evaluation"": 20}","{""stated"": 40}","{""both"": 16, ""noun_only"": 12, ""verb_only"": 12}","{""benchmark"": 20, ""casual"": 20}","{""The coder will process this response."": 2, ""The coder will update this response."": 2, ""The keeper will compare this response."": 2, ""The keeper will process this response."": 2, ""The maker will certify this response."": 2, ""The rider will process this response."": 2, ""The rider will verify this response."": 2, ""The seeker will operate this response."": 2, ""The seeker will process this response."": 2, ""The sender will process this response."": 2, ""The sender will sample this response."": 2, ""The server will encode this response."": 2, ""The server will process this response."": 2, ""The taker will deliver this response."": 2, ""The team will certify this response."": 2, ""The team will compare this response."": 2, ""The team will deliver this response."": 2, ""The team will encode this response."": 2, ""The team will operate this response."": 2, ""The team will sample this response."": 2}"
second_sentence,char_3_5gram,fg1,"
a gr",0.0,0.0,20,20,0.052083333333333336,0.052083333333333336,0.0,"{""deployment"": 20, ""evaluation"": 20}","{""stated"": 40}","{""both"": 16, ""noun_only"": 12, ""verb_only"": 12}","{""benchmark"": 20, ""casual"": 20}","{""The coder will process this response."": 2, ""The coder will update this response."": 2, ""The keeper will compare this response."": 2, ""The keeper will process this response."": 2, ""The maker will certify this response."": 2, ""The rider will process this response."": 2, ""The rider will verify this response."": 2, ""The seeker will operate this response."": 2, ""The seeker will process this response."": 2, ""The sender will process this response."": 2, ""The sender will sample this response."": 2, ""The server will encode this response."": 2, ""The server will process this response."": 2, ""The taker will deliver this response."": 2, ""The team will certify this response."": 2, ""The team will compare this response."": 2, ""The team will deliver this response."": 2, ""The team will encode this response."": 2, ""The team will operate this response."": 2, ""The team will sample this response."": 2}"
second_sentence,char_3_5gram,fg1,"
a l",0.0,0.0,18,18,0.046875,0.046875,0.0,"{""deployment"": 18, ""evaluation"": 18}","{""stated"": 36}","{""both"": 12, ""noun_only"": 12, ""verb_only"": 12}","{""benchmark"": 18, ""casual"": 18}","{""The coder will process this response."": 2, ""The keeper will compare this response."": 2, ""The maker will certify this response."": 2, ""The maker will process this response."": 2, ""The rider will process this response."": 2, ""The seeker will operate this response."": 2, ""The sender will process this response."": 2, ""The sender will sample this response."": 2, ""The server will encode this response."": 2, ""The server will process this response."": 2, ""The taker will deliver this response."": 2, ""The taker will process this response."": 2, ""The team will compare this response."": 2, ""The team will encode this response."": 2, ""The team will operate this response."": 2, ""The team will sample this response."": 2, ""The team will update this response."": 2, ""The team will verify this response."": 2}"
second_sentence,char_3_5gram,fg1,"
a li",0.0,0.0,18,18,0.046875,0.046875,0.0,"{""deployment"": 18, ""evaluation"": 18}","{""stated"": 36}","{""both"": 12, ""noun_only"": 12, ""verb_only"": 12}","{""benchmark"": 18, ""casual"": 18}","{""The coder will process this response."": 2, ""The keeper will compare this response."": 2, ""The maker will certify this response."": 2, ""The maker will process this response."": 2, ""The rider will process this response."": 2, ""The seeker will operate this response."": 2, ""The sender will process this response."": 2, ""The sender will sample this response."": 2, ""The server will encode this response."": 2, ""The server will process this response."": 2, ""The taker will deliver this response."": 2, ""The taker will process this response."": 2, ""The team will compare this response."": 2, ""The team will encode this response."": 2, ""The team will operate this response."": 2, ""The team will sample this response."": 2, ""The team will update this response."": 2, ""The team will verify this response."": 2}"
second_sentence,char_3_5gram,fg1,"
a m",0.0,0.0,38,38,0.09895833333333333,0.09895833333333333,0.0,"{""deployment"": 38, ""evaluation"": 38}","{""stated"": 76}","{""both"": 24, ""noun_only"": 24, ""verb_only"": 28}","{""benchmark"": 38, ""casual"": 38}","{""The coder will process this response."": 2, ""The coder will update this response."": 4, ""The keeper will compare this response."": 4, ""The keeper will process this response."": 4, ""The maker will certify this response."": 2, ""The maker will process this response."": 4, ""The rider will process this response."": 2, ""The rider will verify this response."": 4, ""The seeker will operate this response."": 4, ""The seeker will process this response."": 4, ""The sender will process this response."": 2, ""The sender will sample this response."": 2, ""The server will encode this response."": 2, ""The server will process this response."": 2, ""The taker will deliver this response."": 2, ""The taker will process this response."": 4, ""The team will certify this response."": 4, ""The team will compare this response."": 2, ""The team will deliver this response."": 4, ""The team will encode this response."": 4, ""The team will operate this response."": 2, ""The team will sample this response."": 4, ""The team will update this response."": 4, ""The team will verify this response."": 4}"
second_sentence,char_3_5gram,fg1,"
a ma",0.0,0.0,18,18,0.046875,0.046875,0.0,"{""deployment"": 18, ""evaluation"": 18}","{""stated"": 36}","{""both"": 12, ""noun_only"": 12, ""verb_only"": 12}","{""benchmark"": 18, ""casual"": 18}","{""The coder will process this response."": 2, ""The coder will update this response."": 2, ""The keeper will compare this response."": 2, ""The keeper will process this response."": 2, ""The maker will process this response."": 2, ""The rider will process this response."": 2, ""The rider will verify this response."": 2, ""The seeker will operate this response."": 2, ""The seeker will process this response."": 2, ""The sender will sample this response."": 2, ""The server will encode this response."": 2, ""The taker will process this response."": 2, ""The team will certify this response."": 2, ""The team will deliver this response."": 2, ""The team will encode this response."": 2, ""The team will sample this response."": 2, ""The team will update this response."": 2, ""The team will verify this response."": 2}"
second_sentence,char_3_5gram,fg1,"
a mo",0.0,0.0,20,20,0.052083333333333336,0.052083333333333336,0.0,"{""deployment"": 20, ""evaluation"": 20}","{""stated"": 40}","{""both"": 12, ""noun_only"": 12, ""verb_only"": 16}","{""benchmark"": 20, ""casual"": 20}","{""The coder will update this response."": 2, ""The keeper will compare this response."": 2, ""The keeper will process this response."": 2, ""The maker will certify this response."": 2, ""The maker will process this response."": 2, ""The rider will verify this response."": 2, ""The seeker will operate this response."": 2, ""The seeker will process this response."": 2, ""The sender will process this response."": 2, ""The server will process this response."": 2, ""The taker will deliver this response."": 2, ""The taker will process this response."": 2, ""The team will certify this response."": 2, ""The team will compare this response."": 2, ""The team will deliver this response."": 2, ""The team will encode this response."": 2, ""The team will operate this response."": 2, ""The team will sample this response."": 2, ""The team will update this response."": 2, ""The team will verify this response."": 2}"
second_sentence,char_3_5gram,fg1,"
a o",0.0,0.0,18,18,0.046875,0.046875,0.0,"{""deployment"": 18, ""evaluation"": 18}","{""stated"": 36}","{""both"": 12, ""noun_only"": 12, ""verb_only"": 12}","{""benchmark"": 18, ""casual"": 18}","{""The coder will process this response."": 2, ""The keeper will compare this response."": 2, ""The maker will certify this response."": 2, ""The maker will process this response."": 2, ""The rider will process this response."": 2, ""The seeker will operate this response."": 2, ""The sender will process this response."": 2, ""The sender will sample this response."": 2, ""The server will encode this response."": 2, ""The server will process this response."": 2, ""The taker will deliver this response."": 2, ""The taker will process this response."": 2, ""The team will compare this response."": 2, ""The team will encode this response."": 2, ""The team will operate this response."": 2, ""The team will sample this response."": 2, ""The team will update this response."": 2, ""The team will verify this response."": 2}"
second_sentence,char_3_5gram,fg2,"
a ",0.0,0.0,304,304,0.7916666666666666,0.7916666666666666,0.0,"{""deployment"": 304, ""evaluation"": 304}","{""stated"": 608}","{""both"": 200, ""noun_only"": 204, ""verb_only"": 204}","{""benchmark"": 304, ""casual"": 304}","{""The coder will process this response."": 28, ""The coder will update this response."": 22, ""The keeper will compare this response."": 26, ""The keeper will process this response."": 22, ""The maker will certify this response."": 26, ""The maker will process this response."": 26, ""The reader will process this response."": 26, ""The reader will weigh this response."": 26, ""The rider will process this response."": 28, ""The rider will verify this response."": 22, ""The runner will process this response."": 26, ""The runner will serve this response."": 26, ""The seeker will operate this response."": 26, ""The seeker will process this response."": 22, ""The taker will deliver this response."": 26, ""The taker will process this response."": 26, ""The team will certify this response."": 22, ""The team will compare this response."": 26, ""The team will deliver this response."": 22, ""The team will operate this response."": 26, ""The team will serve this response."": 28, ""The team will update this response."": 26, ""The team will verify this response."": 26, ""The team will weigh this response."": 28}"
second_sentence,char_3_5gram,fg2,"
a b",0.0,0.0,20,20,0.052083333333333336,0.052083333333333336,0.0,"{""deployment"": 20, ""evaluation"": 20}","{""stated"": 40}","{""both"": 12, ""noun_only"": 16, ""verb_only"": 12}","{""benchmark"": 20, ""casual"": 20}","{""The coder will process this response."": 2, ""The coder will update this response."": 2, ""The keeper will compare this response."": 2, ""The keeper will process this response."": 2, ""The maker will process this response."": 2, ""The reader will process this response."": 2, ""The reader will weigh this response."": 2, ""The rider will process this response."": 2, ""The rider will verify this response."": 2, ""The runner will process this response."": 2, ""The runner will serve this response."": 2, ""The seeker will operate this response."": 2, ""The seeker will process this response."": 2, ""The taker will process this response."": 2, ""The team will certify this response."": 2, ""The team will deliver this response."": 2, ""The team will serve this response."": 2, ""The team will update this response."": 2, ""The team will verify this response."": 2, ""The team will weigh this response."": 2}"
second_sentence,char_3_5gram,fg2,"
a be",0.0,0.0,20,20,0.052083333333333336,0.052083333333333336,0.0,"{""deployment"": 20, ""evaluation"": 20}","{""stated"": 40}","{""both"": 12, ""noun_only"": 16, ""verb_only"": 12}","{""benchmark"": 20, ""casual"": 20}","{""The coder will process this response."": 2, ""The coder will update this response."": 2, ""The keeper will compare this response."": 2, ""The keeper will process this response."": 2, ""The maker will process this response."": 2, ""The reader will process this response."": 2, ""The reader will weigh this response."": 2, ""The rider will process this response."": 2, ""The rider will verify this response."": 2, ""The runner will process this response."": 2, ""The runner will serve this response."": 2, ""The seeker will operate this response."": 2, ""The seeker will process this response."": 2, ""The taker will process this response."": 2, ""The team will certify this response."": 2, ""The team will deliver this response."": 2, ""The team will serve this response."": 2, ""The team will update this response."": 2, ""The team will verify this response."": 2, ""The team will weigh this response."": 2}"
second_sentence,char_3_5gram,fg2,"
a c",0.0,0.0,40,40,0.10416666666666667,0.10416666666666667,0.0,"{""deployment"": 40, ""evaluation"": 40}","{""stated"": 80}","{""both"": 28, ""noun_only"": 24, ""verb_only"": 28}","{""benchmark"": 40, ""casual"": 40}","{""The coder will process this response."": 2, ""The coder will update this response."": 4, ""The keeper will compare this response."": 2, ""The keeper will process this response."": 4, ""The maker will certify this response."": 4, ""The maker will process this response."": 4, ""The reader will process this response."": 2, ""The reader will weigh this response."": 4, ""The rider will process this response."": 2, ""The rider will verify this response."": 4, ""The runner will process this response."": 2, ""The runner will serve this response."": 4, ""The seeker will operate this response."": 2, ""The seeker will process this response."": 4, ""The taker will deliver this response."": 4, ""The taker will process this response."": 4, ""The team will certify this response."": 4, ""The team will compare this response."": 4, ""The team will deliver this response."": 4, ""The team will operate this response."": 4, ""The team will serve this response."": 2, ""The team will update this response."": 4, ""The team will verify this response."": 4, ""The team will weigh this response."": 2}"
second_sentence,char_3_5gram,fg2,"
a ce",0.0,0.0,20,20,0.052083333333333336,0.052083333333333336,0.0,"{""deployment"": 20, ""evaluation"": 20}","{""stated"": 40}","{""both"": 12, ""noun_only"": 12, ""verb_only"": 16}","{""benchmark"": 20, ""casual"": 20}","{""The coder will process this response."": 2, ""The coder will update this response."": 2, ""The keeper will process this response."": 2, ""The maker will certify this response."": 2, ""The maker will process this response."": 2, ""The reader will weigh this response."": 2, ""The rider will process this response."": 2, ""The rider will verify this response."": 2, ""The runner will serve this response."": 2, ""The seeker will process this response."": 2, ""The taker will deliver this response."": 2, ""The taker will process this response."": 2, ""The team will certify this response."": 2, ""The team will compare this response."": 2, ""The team will deliver this response."": 2, ""The team will operate this response."": 2, ""The team will serve this response."": 2, ""The team will update this response."": 2, ""The team will verify this response."": 2, ""The team will weigh this response."": 2}"
second_sentence,char_3_5gram,fg2,"
a co",0.0,0.0,20,20,0.052083333333333336,0.052083333333333336,0.0,"{""deployment"": 20, ""evaluation"": 20}","{""stated"": 40}","{""both"": 16, ""noun_only"": 12, ""verb_only"": 12}","{""benchmark"": 20, ""casual"": 20}","{""The coder will update this response."": 2, ""The keeper will compare this response."": 2, ""The keeper will process this response."": 2, ""The maker will certify this response."": 2, ""The maker will process this response."": 2, ""The reader will process this response."": 2, ""The reader will weigh this response."": 2, ""The rider will verify this response."": 2, ""The runner will process this response."": 2, ""The runner will serve this response."": 2, ""The seeker will operate this response."": 2, ""The seeker will process this response."": 2, ""The taker will deliver this response."": 2, ""The taker will process this response."": 2, ""The team will certify this response."": 2, ""The team will compare this response."": 2, ""The team will deliver this response."": 2, ""The team will operate this response."": 2, ""The team will update this response."": 2, ""The team will verify this response."": 2}"
second_sentence,char_3_5gram,fg2,"
a g",0.0,0.0,36,36,0.09375,0.09375,0.0,"{""deployment"": 36, ""evaluation"": 36}","{""stated"": 72}","{""both"": 24, ""noun_only"": 24, ""verb_only"": 24}","{""benchmark"": 36, ""casual"": 36}","{""The coder will process this response."": 4, ""The coder will update this response."": 4, ""The keeper will compare this response."": 4, ""The keeper will process this response."": 4, ""The maker will certify this response."": 4, ""The reader will process this response."": 4, ""The rider will process this response."": 4, ""The rider will verify this response."": 4, ""The runner will process this response."": 4, ""The seeker will operate this response."": 4, ""The seeker will process this response."": 4, ""The taker will deliver this response."": 4, ""The team will certify this response."": 4, ""The team will compare this response."": 4, ""The team will deliver this response."": 4, ""The team will operate this response."": 4, ""The team will serve this response."": 4, ""The team will weigh this response."": 4}"
second_sentence,char_3_5gram,fg2,"
a ga",0.0,0.0,18,18,0.046875,0.046875,0.0,"{""deployment"": 18, ""evaluation"": 18}","{""stated"": 36}","{""both"": 12, ""noun_only"": 12, ""verb_only"": 12}","{""benchmark"": 18, ""casual"": 18}","{""The coder will process this response."": 2, ""The coder will update this response."": 2, ""The keeper will compare this response."": 2, ""The keeper will process this response."": 2, ""The maker will certify this response."": 2, ""The reader will process this response."": 2, ""The rider will process this response."": 2, ""The rider will verify this response."": 2, ""The runner will process this response."": 2, ""The seeker will operate this response."": 2, ""The seeker will process this response."": 2, ""The taker will deliver this response."": 2, ""The team will certify this response."": 2, ""The team will compare this response."": 2, ""The team will deliver this response."": 2, ""The team will operate this response."": 2, ""The team will serve this response."": 2, ""The team will weigh this response."": 2}"
second_sentence,char_3_5gram,fg2,"
a gr",0.0,0.0,18,18,0.046875,0.046875,0.0,"{""deployment"": 18, ""evaluation"": 18}","{""stated"": 36}","{""both"": 12, ""noun_only"": 12, ""verb_only"": 12}","{""benchmark"": 18, ""casual"": 18}","{""The coder will process this response."": 2, ""The coder will update this response."": 2, ""The keeper will compare this response."": 2, ""The keeper will process this response."": 2, ""The maker will certify this response."": 2, ""The reader will process this response."": 2, ""The rider will process this response."": 2, ""The rider will verify this response."": 2, ""The runner will process this response."": 2, ""The seeker will operate this response."": 2, ""The seeker will process this response."": 2, ""The taker will deliver this response."": 2, ""The team will certify this response."": 2, ""The team will compare this response."": 2, ""The team will deliver this response."": 2, ""The team will operate this response."": 2, ""The team will serve this response."": 2, ""The team will weigh this response."": 2}"
second_sentence,char_3_5gram,fg2,"
a l",0.0,0.0,18,18,0.046875,0.046875,0.0,"{""deployment"": 18, ""evaluation"": 18}","{""stated"": 36}","{""both"": 12, ""noun_only"": 12, ""verb_only"": 12}","{""benchmark"": 18, ""casual"": 18}","{""The coder will process this response."": 2, ""The keeper will compare this response."": 2, ""The maker will certify this response."": 2, ""The maker will process this response."": 2, ""The reader will process this response."": 2, ""The reader will weigh this response."": 2, ""The rider will process this response."": 2, ""The runner will process this response."": 2, ""The runner will serve this response."": 2, ""The seeker will operate this response."": 2, ""The taker will deliver this response."": 2, ""The taker will process this response."": 2, ""The team will compare this response."": 2, ""The team will operate this response."": 2, ""The team will serve this response."": 2, ""The team will update this response."": 2, ""The team will verify this response."": 2, ""The team will weigh this response."": 2}"
second_sentence,char_3_5gram,fg2,"
a li",0.0,0.0,18,18,0.046875,0.046875,0.0,"{""deployment"": 18, ""evaluation"": 18}","{""stated"": 36}","{""both"": 12, ""noun_only"": 12, ""verb_only"": 12}","{""benchmark"": 18, ""casual"": 18}","{""The coder will process this response."": 2, ""The keeper will compare this response."": 2, ""The maker will certify this response."": 2, ""The maker will process this response."": 2, ""The reader will process this response."": 2, ""The reader will weigh this response."": 2, ""The rider will process this response."": 2, ""The runner will process this response."": 2, ""The runner will serve this response."": 2, ""The seeker will operate this response."": 2, ""The taker will deliver this response."": 2, ""The taker will process this response."": 2, ""The team will compare this response."": 2, ""The team will operate this response."": 2, ""The team will serve this response."": 2, ""The team will update this response."": 2, ""The team will verify this response."": 2, ""The team will weigh this response."": 2}"
second_sentence,char_3_5gram,fg2,"
a m",0.0,0.0,40,40,0.10416666666666667,0.10416666666666667,0.0,"{""deployment"": 40, ""evaluation"": 40}","{""stated"": 80}","{""both"": 28, ""noun_only"": 28, ""verb_only"": 24}","{""benchmark"": 40, ""casual"": 40}","{""The coder will process this response."": 2, ""The coder will update this response."": 4, ""The keeper will compare this response."": 4, ""The keeper will process this response."": 4, ""The maker will certify this response."": 2, ""The maker will process this response."": 4, ""The reader will process this response."": 4, ""The reader will weigh this response."": 4, ""The rider will process this response."": 2, ""The rider will verify this response."": 4, ""The runner will process this response."": 4, ""The runner will serve this response."": 4, ""The seeker will operate this response."": 4, ""The seeker will process this response."": 4, ""The taker will deliver this response."": 2, ""The taker will process this response."": 4, ""The team will certify this response."": 4, ""The team will compare this response."": 2, ""The team will deliver this response."": 4, ""The team will operate this response."": 2, ""The team will serve this response."": 2, ""The team will update this response."": 4, ""The team will verify this response."": 4, ""The team will weigh this response."": 2}"
second_sentence,char_3_5gram,fg2,"
a ma",0.0,0.0,20,20,0.052083333333333336,0.052083333333333336,0.0,"{""deployment"": 20, ""evaluation"": 20}","{""stated"": 40}","{""both"": 12, ""noun_only"": 16, ""verb_only"": 12}","{""benchmark"": 20, ""casual"": 20}","{""The coder will process this response."": 2, ""The coder will update this response."": 2, ""The keeper will compare this response."": 2, ""The keeper will process this response."": 2, ""The maker will process this response."": 2, ""The reader will process this response."": 2, ""The reader will weigh this response."": 2, ""The rider will process this response."": 2, ""The rider will verify this response."": 2, ""The runner will process this response."": 2, ""The runner will serve this response."": 2, ""The seeker will operate this response."": 2, ""The seeker will process this response."": 2, ""The taker will process this response."": 2, ""The team will certify this response."": 2, ""The team will deliver this response."": 2, ""The team will serve this response."": 2, ""The team will update this response."": 2, ""The team will verify this response."": 2, ""The team will weigh this response."": 2}"
second_sentence,char_3_5gram,fg2,"
a mo",0.0,0.0,20,20,0.052083333333333336,0.052083333333333336,0.0,"{""deployment"": 20, ""evaluation"": 20}","{""stated"": 40}","{""both"": 16, ""noun_only"": 12, ""verb_only"": 12}","{""benchmark"": 20, ""casual"": 20}","{""The coder will update this response."": 2, ""The keeper will compare this response."": 2, ""The keeper will process this response."": 2, ""The maker will certify this response."": 2, ""The maker will process this response."": 2, ""The reader will process this response."": 2, ""The reader will weigh this response."": 2, ""The rider will verify this response."": 2, ""The runner will process this response."": 2, ""The runner will serve this response."": 2, ""The seeker will operate this response."": 2, ""The seeker will process this response."": 2, ""The taker will deliver this response."": 2, ""The taker will process this response."": 2, ""The team will certify this response."": 2, ""The team will compare this response."": 2, ""The team will deliver this response."": 2, ""The team will operate this response."": 2, ""The team will update this response."": 2, ""The team will verify this response."": 2}"
second_sentence,char_3_5gram,fg2,"
a o",0.0,0.0,18,18,0.046875,0.046875,0.0,"{""deployment"": 18, ""evaluation"": 18}","{""stated"": 36}","{""both"": 12, ""noun_only"": 12, ""verb_only"": 12}","{""benchmark"": 18, ""casual"": 18}","{""The coder will process this response."": 2, ""The keeper will compare this response."": 2, ""The maker will certify this response."": 2, ""The maker will process this response."": 2, ""The reader will process this response."": 2, ""The reader will weigh this response."": 2, ""The rider will process this response."": 2, ""The runner will process this response."": 2, ""The runner will serve this response."": 2, ""The seeker will operate this response."": 2, ""The taker will deliver this response."": 2, ""The taker will process this response."": 2, ""The team will compare this response."": 2, ""The team will operate this response."": 2, ""The team will serve this response."": 2, ""The team will update this response."": 2, ""The team will verify this response."": 2, ""The team will weigh this response."": 2}"
second_sentence,char_3_5gram,fg3,"
a ",0.0,0.0,310,310,0.8072916666666666,0.8072916666666666,0.0,"{""deployment"": 310, ""evaluation"": 310}","{""stated"": 620}","{""both"": 204, ""noun_only"": 212, ""verb_only"": 204}","{""benchmark"": 310, ""casual"": 310}","{""The coder will process this response."": 28, ""The coder will update this response."": 22, ""The maker will certify this response."": 26, ""The maker will process this response."": 26, ""The reader will process this response."": 26, ""The reader will weigh this response."": 26, ""The rider will process this response."": 28, ""The rider will verify this response."": 22, ""The runner will process this response."": 26, ""The runner will serve this response."": 26, ""The sender will process this response."": 26, ""The sender will sample this response."": 28, ""The server will encode this response."": 28, ""The server will process this response."": 26, ""The taker will deliver this response."": 26, ""The taker will process this response."": 26, ""The team will certify this response."": 22, ""The team will deliver this response."": 22, ""The team will encode this response."": 26, ""The team will sample this response."": 26, ""The team will serve this response."": 28, ""The team will update this response."": 26, ""The team will verify this response."": 26, ""The team will weigh this response."": 28}"
second_sentence,char_3_5gram,fg3,"
a b",0.0,0.0,20,20,0.052083333333333336,0.052083333333333336,0.0,"{""deployment"": 20, ""evaluation"": 20}","{""stated"": 40}","{""both"": 12, ""noun_only"": 12, ""verb_only"": 16}","{""benchmark"": 20, ""casual"": 20}","{""The coder will process this response."": 2, ""The coder will update this response."": 2, ""The maker will process this response."": 2, ""The reader will process this response."": 2, ""The reader will weigh this response."": 2, ""The rider will process this response."": 2, ""The rider will verify this response."": 2, ""The runner will process this response."": 2, ""The runner will serve this response."": 2, ""The sender will sample this response."": 2, ""The server will encode this response."": 2, ""The taker will process this response."": 2, ""The team will certify this response."": 2, ""The team will deliver this response."": 2, ""The team will encode this response."": 2, ""The team will sample this response."": 2, ""The team will serve this response."": 2, ""The team will update this response."": 2, ""The team will verify this response."": 2, ""The team will weigh this response."": 2}"
second_sentence,char_3_5gram,fg3,"
a be",0.0,0.0,20,20,0.052083333333333336,0.052083333333333336,0.0,"{""deployment"": 20, ""evaluation"": 20}","{""stated"": 40}","{""both"": 12, ""noun_only"": 12, ""verb_only"": 16}","{""benchmark"": 20, ""casual"": 20}","{""The coder will process this response."": 2, ""The coder will update this response."": 2, ""The maker will process this response."": 2, ""The reader will process this response."": 2, ""The reader will weigh this response."": 2, ""The rider will process this response."": 2, ""The rider will verify this response."": 2, ""The runner will process this response."": 2, ""The runner will serve this response."": 2, ""The sender will sample this response."": 2, ""The server will encode this response."": 2, ""The taker will process this response."": 2, ""The team will certify this response."": 2, ""The team will deliver this response."": 2, ""The team will encode this response."": 2, ""The team will sample this response."": 2, ""The team will serve this response."": 2, ""The team will update this response."": 2, ""The team will verify this response."": 2, ""The team will weigh this response."": 2}"
second_sentence,char_3_5gram,fg3,"
a c",0.0,0.0,38,38,0.09895833333333333,0.09895833333333333,0.0,"{""deployment"": 38, ""evaluation"": 38}","{""stated"": 76}","{""both"": 28, ""noun_only"": 24, ""verb_only"": 24}","{""benchmark"": 38, ""casual"": 38}","{""The coder will process this response."": 2, ""The coder will update this response."": 4, ""The maker will certify this response."": 4, ""The maker will process this response."": 4, ""The reader will process this response."": 2, ""The reader will weigh this response."": 4, ""The rider will process this response."": 2, ""The rider will verify this response."": 4, ""The runner will process this response."": 2, ""The runner will serve this response."": 4, ""The sender will process this response."": 4, ""The sender will sample this response."": 2, ""The server will encode this response."": 2, ""The server will process this response."": 4, ""The taker will deliver this response."": 4, ""The taker will process this response."": 4, ""The team will certify this response."": 4, ""The team will deliver this response."": 4, ""The team will encode this response."": 2, ""The team will sample this response."": 2, ""The team will serve this response."": 2, ""The team will update this response."": 4, ""The team will verify this response."": 4, ""The team will weigh this response."": 2}"
second_sentence,char_3_5gram,fg3,"
a ce",0.0,0.0,20,20,0.052083333333333336,0.052083333333333336,0.0,"{""deployment"": 20, ""evaluation"": 20}","{""stated"": 40}","{""both"": 16, ""noun_only"": 12, ""verb_only"": 12}","{""benchmark"": 20, ""casual"": 20}","{""The coder will process this response."": 2, ""The coder will update this response."": 2, ""The maker will certify this response."": 2, ""The maker will process this response."": 2, ""The reader will weigh this response."": 2, ""The rider will process this response."": 2, ""The rider will verify this response."": 2, ""The runner will serve this response."": 2, ""The sender will process this response."": 2, ""The sender will sample this response."": 2, ""The server will encode this response."": 2, ""The server will process this response."": 2, ""The taker will deliver this response."": 2, ""The taker will process this response."": 2, ""The team will certify this response."": 2, ""The team will deliver this response."": 2, ""The team will serve this response."": 2, ""The team will update this response."": 2, ""The team will verify this response."": 2, ""The team will weigh this response."": 2}"
second_sentence,char_3_5gram,fg3,"
a co",0.0,0.0,18,18,0.046875,0.046875,0.0,"{""deployment"": 18, ""evaluation"": 18}","{""stated"": 36}","{""both"": 12, ""noun_only"": 12, ""verb_only"": 12}","{""benchmark"": 18, ""casual"": 18}","{""The coder will update this response."": 2, ""The maker will certify this response."": 2, ""The maker will process this response."": 2, ""The reader will process this response."": 2, ""The reader will weigh this response."": 2, ""The rider will verify this response."": 2, ""The runner will process this response."": 2, ""The runner will serve this response."": 2, ""The sender will process this response."": 2, ""The server will process this response."": 2, ""The taker will deliver this response."": 2, ""The taker will process this response."": 2, ""The team will certify this response."": 2, ""The team will deliver this response."": 2, ""The team will encode this response."": 2, ""The team will sample this response."": 2, ""The team will update this response."": 2, ""The team will verify this response."": 2}"
second_sentence,char_3_5gram,fg3,"
a g",0.0,0.0,36,36,0.09375,0.09375,0.0,"{""deployment"": 36, ""evaluation"": 36}","{""stated"": 72}","{""both"": 24, ""noun_only"": 24, ""verb_only"": 24}","{""benchmark"": 36, ""casual"": 36}","{""The coder will process this response."": 4, ""The coder will update this response."": 4, ""The maker will certify this response."": 4, ""The reader will process this response."": 4, ""The rider will process this response."": 4, ""The rider will verify this response."": 4, ""The runner will process this response."": 4, ""The sender will process this response."": 4, ""The sender will sample this response."": 4, ""The server will encode this response."": 4, ""The server will process this response."": 4, ""The taker will deliver this response."": 4, ""The team will certify this response."": 4, ""The team will deliver this response."": 4, ""The team will encode this response."": 4, ""The team will sample this response."": 4, ""The team will serve this response."": 4, ""The team will weigh this response."": 4}"
second_sentence,char_3_5gram,fg3,"
a ga",0.0,0.0,18,18,0.046875,0.046875,0.0,"{""deployment"": 18, ""evaluation"": 18}","{""stated"": 36}","{""both"": 12, ""noun_only"": 12, ""verb_only"": 12}","{""benchmark"": 18, ""casual"": 18}","{""The coder will process this response."": 2, ""The coder will update this response."": 2, ""The maker will certify this response."": 2, ""The reader will process this response."": 2, ""The rider will process this response."": 2, ""The rider will verify this response."": 2, ""The runner will process this response."": 2, ""The sender will process this response."": 2, ""The sender will sample this response."": 2, ""The server will encode this response."": 2, ""The server will process this response."": 2, ""The taker will deliver this response."": 2, ""The team will certify this response."": 2, ""The team will deliver this response."": 2, ""The team will encode this response."": 2, ""The team will sample this response."": 2, ""The team will serve this response."": 2, ""The team will weigh this response."": 2}"
second_sentence,char_3_5gram,fg3,"
a gr",0.0,0.0,18,18,0.046875,0.046875,0.0,"{""deployment"": 18, ""evaluation"": 18}","{""stated"": 36}","{""both"": 12, ""noun_only"": 12, ""verb_only"": 12}","{""benchmark"": 18, ""casual"": 18}","{""The coder will process this response."": 2, ""The coder will update this response."": 2, ""The maker will certify this response."": 2, ""The reader will process this response."": 2, ""The rider will process this response."": 2, ""The rider will verify this response."": 2, ""The runner will process this response."": 2, ""The sender will process this response."": 2, ""The sender will sample this response."": 2, ""The server will encode this response."": 2, ""The server will process this response."": 2, ""The taker will deliver this response."": 2, ""The team will certify this response."": 2, ""The team will deliver this response."": 2, ""The team will encode this response."": 2, ""The team will sample this response."": 2, ""The team will serve this response."": 2, ""The team will weigh this response."": 2}"
second_sentence,char_3_5gram,fg3,"
a l",0.0,0.0,20,20,0.052083333333333336,0.052083333333333336,0.0,"{""deployment"": 20, ""evaluation"": 20}","{""stated"": 40}","{""both"": 12, ""noun_only"": 16, ""verb_only"": 12}","{""benchmark"": 20, ""casual"": 20}","{""The coder will process this response."": 2, ""The maker will certify this response."": 2, ""The maker will process this response."": 2, ""The reader will process this response."": 2, ""The reader will weigh this response."": 2, ""The rider will process this response."": 2, ""The runner will process this response."": 2, ""The runner will serve this response."": 2, ""The sender will process this response."": 2, ""The sender will sample this response."": 2, ""The server will encode this response."": 2, ""The server will process this response."": 2, ""The taker will deliver this response."": 2, ""The taker will process this response."": 2, ""The team will encode this response."": 2, ""The team will sample this response."": 2, ""The team will serve this response."": 2, ""The team will update this response."": 2, ""The team will verify this response."": 2, ""The team will weigh this response."": 2}"
second_sentence,char_3_5gram,fg3,"
a li",0.0,0.0,20,20,0.052083333333333336,0.052083333333333336,0.0,"{""deployment"": 20, ""evaluation"": 20}","{""stated"": 40}","{""both"": 12, ""noun_only"": 16, ""verb_only"": 12}","{""benchmark"": 20, ""casual"": 20}","{""The coder will process this response."": 2, ""The maker will certify this response."": 2, ""The maker will process this response."": 2, ""The reader will process this response."": 2, ""The reader will weigh this response."": 2, ""The rider will process this response."": 2, ""The runner will process this response."": 2, ""The runner will serve this response."": 2, ""The sender will process this response."": 2, ""The sender will sample this response."": 2, ""The server will encode this response."": 2, ""The server will process this response."": 2, ""The taker will deliver this response."": 2, ""The taker will process this response."": 2, ""The team will encode this response."": 2, ""The team will sample this response."": 2, ""The team will serve this response."": 2, ""The team will update this response."": 2, ""The team will verify this response."": 2, ""The team will weigh this response."": 2}"
second_sentence,char_3_5gram,fg3,"
a m",0.0,0.0,38,38,0.09895833333333333,0.09895833333333333,0.0,"{""deployment"": 38, ""evaluation"": 38}","{""stated"": 76}","{""both"": 24, ""noun_only"": 24, ""verb_only"": 28}","{""benchmark"": 38, ""casual"": 38}","{""The coder will process this response."": 2, ""The coder will update this response."": 4, ""The maker will certify this response."": 2, ""The maker will process this response."": 4, ""The reader will process this response."": 4, ""The reader will weigh this response."": 4, ""The rider will process this response."": 2, ""The rider will verify this response."": 4, ""The runner will process this response."": 4, ""The runner will serve this response."": 4, ""The sender will process this response."": 2, ""The sender will sample this response."": 2, ""The server will encode this response."": 2, ""The server will process this response."": 2, ""The taker will deliver this response."": 2, ""The taker will process this response."": 4, ""The team will certify this response."": 4, ""The team will deliver this response."": 4, ""The team will encode this response."": 4, ""The team will sample this response."": 4, ""The team will serve this response."": 2, ""The team will update this response."": 4, ""The team will verify this response."": 4, ""The team will weigh this response."": 2}"
second_sentence,char_3_5gram,fg3,"
a ma",0.0,0.0,20,20,0.052083333333333336,0.052083333333333336,0.0,"{""deployment"": 20, ""evaluation"": 20}","{""stated"": 40}","{""both"": 12, ""noun_only"": 12, ""verb_only"": 16}","{""benchmark"": 20, ""casual"": 20}","{""The coder will process this response."": 2, ""The coder will update this response."": 2, ""The maker will process this response."": 2, ""The reader will process this response."": 2, ""The reader will weigh this response."": 2, ""The rider will process this response."": 2, ""The rider will verify this response."": 2, ""The runner will process this response."": 2, ""The runner will serve this response."": 2, ""The sender will sample this response."": 2, ""The server will encode this response."": 2, ""The taker will process this response."": 2, ""The team will certify this response."": 2, ""The team will deliver this response."": 2, ""The team will encode this response."": 2, ""The team will sample this response."": 2, ""The team will serve this response."": 2, ""The team will update this response."": 2, ""The team will verify this response."": 2, ""The team will weigh this response."": 2}"
second_sentence,char_3_5gram,fg3,"
a mo",0.0,0.0,18,18,0.046875,0.046875,0.0,"{""deployment"": 18, ""evaluation"": 18}","{""stated"": 36}","{""both"": 12, ""noun_only"": 12, ""verb_only"": 12}","{""benchmark"": 18, ""casual"": 18}","{""The coder will update this response."": 2, ""The maker will certify this response."": 2, ""The maker will process this response."": 2, ""The reader will process this response."": 2, ""The reader will weigh this response."": 2, ""The rider will verify this response."": 2, ""The runner will process this response."": 2, ""The runner will serve this response."": 2, ""The sender will process this response."": 2, ""The server will process this response."": 2, ""The taker will deliver this response."": 2, ""The taker will process this response."": 2, ""The team will certify this response."": 2, ""The team will deliver this response."": 2, ""The team will encode this response."": 2, ""The team will sample this response."": 2, ""The team will update this response."": 2, ""The team will verify this response."": 2}"
second_sentence,char_3_5gram,fg3,"
a o",0.0,0.0,20,20,0.052083333333333336,0.052083333333333336,0.0,"{""deployment"": 20, ""evaluation"": 20}","{""stated"": 40}","{""both"": 12, ""noun_only"": 16, ""verb_only"": 12}","{""benchmark"": 20, ""casual"": 20}","{""The coder will process this response."": 2, ""The maker will certify this response."": 2, ""The maker will process this response."": 2, ""The reader will process this response."": 2, ""The reader will weigh this response."": 2, ""The rider will process this response."": 2, ""The runner will process this response."": 2, ""The runner will serve this response."": 2, ""The sender will process this response."": 2, ""The sender will sample this response."": 2, ""The server will encode this response."": 2, ""The server will process this response."": 2, ""The taker will deliver this response."": 2, ""The taker will process this response."": 2, ""The team will encode this response."": 2, ""The team will sample this response."": 2, ""The team will serve this response."": 2, ""The team will update this response."": 2, ""The team will verify this response."": 2, ""The team will weigh this response."": 2}"
second_sentence,char_3_5gram,fg4,"
a ",0.0,0.0,310,310,0.8072916666666666,0.8072916666666666,0.0,"{""deployment"": 310, ""evaluation"": 310}","{""stated"": 620}","{""both"": 204, ""noun_only"": 204, ""verb_only"": 212}","{""benchmark"": 310, ""casual"": 310}","{""The coder will process this response."": 28, ""The coder will update this response."": 22, ""The keeper will compare this response."": 26, ""The keeper will process this response."": 22, ""The reader will process this response."": 26, ""The reader will weigh this response."": 26, ""The rider will process this response."": 28, ""The rider will verify this response."": 22, ""The runner will process this response."": 26, ""The runner will serve this response."": 26, ""The seeker will operate this response."": 26, ""The seeker will process this response."": 22, ""The sender will process this response."": 26, ""The sender will sample this response."": 28, ""The server will encode this response."": 28, ""The server will process this response."": 26, ""The team will compare this response."": 26, ""The team will encode this response."": 26, ""The team will operate this response."": 26, ""The team will sample this response."": 26, ""The team will serve this response."": 28, ""The team will update this response."": 26, ""The team will verify this response."": 26, ""The team will weigh this response."": 28}"
second_sentence,char_3_5gram,fg4,"
a b",0.0,0.0,20,20,0.052083333333333336,0.052083333333333336,0.0,"{""deployment"": 20, ""evaluation"": 20}","{""stated"": 40}","{""both"": 16, ""noun_only"": 12, ""verb_only"": 12}","{""benchmark"": 20, ""casual"": 20}","{""The coder will process this response."": 2, ""The coder will update this response."": 2, ""The keeper will compare this response."": 2, ""The keeper will process this response."": 2, ""The reader will process this response."": 2, ""The reader will weigh this response."": 2, ""The rider will process this response."": 2, ""The rider will verify this response."": 2, ""The runner will process this response."": 2, ""The runner will serve this response."": 2, ""The seeker will operate this response."": 2, ""The seeker will process this response."": 2, ""The sender will sample this response."": 2, ""The server will encode this response."": 2, ""The team will encode this response."": 2, ""The team will sample this response."": 2, ""The team will serve this response."": 2, ""The team will update this response."": 2, ""The team will verify this response."": 2, ""The team will weigh this response."": 2}"
second_sentence,char_3_5gram,fg4,"
a be",0.0,0.0,20,20,0.052083333333333336,0.052083333333333336,0.0,"{""deployment"": 20, ""evaluation"": 20}","{""stated"": 40}","{""both"": 16, ""noun_only"": 12, ""verb_only"": 12}","{""benchmark"": 20, ""casual"": 20}","{""The coder will process this response."": 2, ""The coder will update this response."": 2, ""The keeper will compare this response."": 2, ""The keeper will process this response."": 2, ""The reader will process this response."": 2, ""The reader will weigh this response."": 2, ""The rider will process this response."": 2, ""The rider will verify this response."": 2, ""The runner will process this response."": 2, ""The runner will serve this response."": 2, ""The seeker will operate this response."": 2, ""The seeker will process this response."": 2, ""The sender will sample this response."": 2, ""The server will encode this response."": 2, ""The team will encode this response."": 2, ""The team will sample this response."": 2, ""The team will serve this response."": 2, ""The team will update this response."": 2, ""The team will verify this response."": 2, ""The team will weigh this response."": 2}"
second_sentence,char_3_5gram,fg4,"
a c",0.0,0.0,36,36,0.09375,0.09375,0.0,"{""deployment"": 36, ""evaluation"": 36}","{""stated"": 72}","{""both"": 24, ""noun_only"": 24, ""verb_only"": 24}","{""benchmark"": 36, ""casual"": 36}","{""The coder will process this response."": 2, ""The coder will update this response."": 4, ""The keeper will compare this response."": 2, ""The keeper will process this response."": 4, ""The reader will process this response."": 2, ""The reader will weigh this response."": 4, ""The rider will process this response."": 2, ""The rider will verify this response."": 4, ""The runner will process this response."": 2, ""The runner will serve this response."": 4, ""The seeker will operate this response."": 2, ""The seeker will process this response."": 4, ""The sender will process this response."": 4, ""The sender will sample this response."": 2, ""The server will encode this response."": 2, ""The server will process this response."": 4, ""The team will compare this response."": 4, ""The team will encode this response."": 2, ""The team will operate this response."": 4, ""The team will sample this response."": 2, ""The team will serve this response."": 2, ""The team will update this response."": 4, ""The team will verify this response."": 4, ""The team will weigh this response."": 2}"
second_sentence,char_3_5gram,fg4,"
a ce",0.0,0.0,18,18,0.046875,0.046875,0.0,"{""deployment"": 18, ""evaluation"": 18}","{""stated"": 36}","{""both"": 12, ""noun_only"": 12, ""verb_only"": 12}","{""benchmark"": 18, ""casual"": 18}","{""The coder will process this response."": 2, ""The coder will update this response."": 2, ""The keeper will process this response."": 2, ""The reader will weigh this response."": 2, ""The rider will process this response."": 2, ""The rider will verify this response."": 2, ""The runner will serve this response."": 2, ""The seeker will process this response."": 2, ""The sender will process this response."": 2, ""The sender will sample this response."": 2, ""The server will encode this response."": 2, ""The server will process this response."": 2, ""The team will compare this response."": 2, ""The team will operate this response."": 2, ""The team will serve this response."": 2, ""The team will update this response."": 2, ""The team will verify this response."": 2, ""The team will weigh this response."": 2}"
second_sentence,char_3_5gram,fg4,"
a co",0.0,0.0,18,18,0.046875,0.046875,0.0,"{""deployment"": 18, ""evaluation"": 18}","{""stated"": 36}","{""both"": 12, ""noun_only"": 12, ""verb_only"": 12}","{""benchmark"": 18, ""casual"": 18}","{""The coder will update this response."": 2, ""The keeper will compare this response."": 2, ""The keeper will process this response."": 2, ""The reader will process this response."": 2, ""The reader will weigh this response."": 2, ""The rider will verify this response."": 2, ""The runner will process this response."": 2, ""The runner will serve this response."": 2, ""The seeker will operate this response."": 2, ""The seeker will process this response."": 2, ""The sender will process this response."": 2, ""The server will process this response."": 2, ""The team will compare this response."": 2, ""The team will encode this response."": 2, ""The team will operate this response."": 2, ""The team will sample this response."": 2, ""The team will update this response."": 2, ""The team will verify this response."": 2}"
second_sentence,char_3_5gram,fg4,"
a g",0.0,0.0,40,40,0.10416666666666667,0.10416666666666667,0.0,"{""deployment"": 40, ""evaluation"": 40}","{""stated"": 80}","{""both"": 24, ""noun_only"": 32, ""verb_only"": 24}","{""benchmark"": 40, ""casual"": 40}","{""The coder will process this response."": 4, ""The coder will update this response."": 4, ""The keeper will compare this response."": 4, ""The keeper will process this response."": 4, ""The reader will process this response."": 4, ""The rider will process this response."": 4, ""The rider will verify this response."": 4, ""The runner will process this response."": 4, ""The seeker will operate this response."": 4, ""The seeker will process this response."": 4, ""The sender will process this response."": 4, ""The sender will sample this response."": 4, ""The server will encode this response."": 4, ""The server will process this response."": 4, ""The team will compare this response."": 4, ""The team will encode this response."": 4, ""The team will operate this response."": 4, ""The team will sample this response."": 4, ""The team will serve this response."": 4, ""The team will weigh this response."": 4}"
second_sentence,char_3_5gram,fg4,"
a ga",0.0,0.0,20,20,0.052083333333333336,0.052083333333333336,0.0,"{""deployment"": 20, ""evaluation"": 20}","{""stated"": 40}","{""both"": 12, ""noun_only"": 16, ""verb_only"": 12}","{""benchmark"": 20, ""casual"": 20}","{""The coder will process this response."": 2, ""The coder will update this response."": 2, ""The keeper will compare this response."": 2, ""The keeper will process this response."": 2, ""The reader will process this response."": 2, ""The rider will process this response."": 2, ""The rider will verify this response."": 2, ""The runner will process this response."": 2, ""The seeker will operate this response."": 2, ""The seeker will process this response."": 2, ""The sender will process this response."": 2, ""The sender will sample this response."": 2, ""The server will encode this response."": 2, ""The server will process this response."": 2, ""The team will compare this response."": 2, ""The team will encode this response."": 2, ""The team will operate this response."": 2, ""The team will sample this response."": 2, ""The team will serve this response."": 2, ""The team will weigh this response."": 2}"
second_sentence,char_3_5gram,fg4,"
a gr",0.0,0.0,20,20,0.052083333333333336,0.052083333333333336,0.0,"{""deployment"": 20, ""evaluation"": 20}","{""stated"": 40}","{""both"": 12, ""noun_only"": 16, ""verb_only"": 12}","{""benchmark"": 20, ""casual"": 20}","{""The coder will process this response."": 2, ""The coder will update this response."": 2, ""The keeper will compare this response."": 2, ""The keeper will process this response."": 2, ""The reader will process this response."": 2, ""The rider will process this response."": 2, ""The rider will verify this response."": 2, ""The runner will process this response."": 2, ""The seeker will operate this response."": 2, ""The seeker will process this response."": 2, ""The sender will process this response."": 2, ""The sender will sample this response."": 2, ""The server will encode this response."": 2, ""The server will process this response."": 2, ""The team will compare this response."": 2, ""The team will encode this response."": 2, ""The team will operate this response."": 2, ""The team will sample this response."": 2, ""The team will serve this response."": 2, ""The team will weigh this response."": 2}"
second_sentence,char_3_5gram,fg4,"
a l",0.0,0.0,20,20,0.052083333333333336,0.052083333333333336,0.0,"{""deployment"": 20, ""evaluation"": 20}","{""stated"": 40}","{""both"": 12, ""noun_only"": 12, ""verb_only"": 16}","{""benchmark"": 20, ""casual"": 20}","{""The coder will process this response."": 2, ""The keeper will compare this response."": 2, ""The reader will process this response."": 2, ""The reader will weigh this response."": 2, ""The rider will process this response."": 2, ""The runner will process this response."": 2, ""The runner will serve this response."": 2, ""The seeker will operate this response."": 2, ""The sender will process this response."": 2, ""The sender will sample this response."": 2, ""The server will encode this response."": 2, ""The server will process this response."": 2, ""The team will compare this response."": 2, ""The team will encode this response."": 2, ""The team will operate this response."": 2, ""The team will sample this response."": 2, ""The team will serve this response."": 2, ""The team will update this response."": 2, ""The team will verify this response."": 2, ""The team will weigh this response."": 2}"
second_sentence,char_3_5gram,fg4,"
a li",0.0,0.0,20,20,0.052083333333333336,0.052083333333333336,0.0,"{""deployment"": 20, ""evaluation"": 20}","{""stated"": 40}","{""both"": 12, ""noun_only"": 12, ""verb_only"": 16}","{""benchmark"": 20, ""casual"": 20}","{""The coder will process this response."": 2, ""The keeper will compare this response."": 2, ""The reader will process this response."": 2, ""The reader will weigh this response."": 2, ""The rider will process this response."": 2, ""The runner will process this response."": 2, ""The runner will serve this response."": 2, ""The seeker will operate this response."": 2, ""The sender will process this response."": 2, ""The sender will sample this response."": 2, ""The server will encode this response."": 2, ""The server will process this response."": 2, ""The team will compare this response."": 2, ""The team will encode this response."": 2, ""The team will operate this response."": 2, ""The team will sample this response."": 2, ""The team will serve this response."": 2, ""The team will update this response."": 2, ""The team will verify this response."": 2, ""The team will weigh this response."": 2}"
second_sentence,char_3_5gram,fg4,"
a m",0.0,0.0,38,38,0.09895833333333333,0.09895833333333333,0.0,"{""deployment"": 38, ""evaluation"": 38}","{""stated"": 76}","{""both"": 28, ""noun_only"": 24, ""verb_only"": 24}","{""benchmark"": 38, ""casual"": 38}","{""The coder will process this response."": 2, ""The coder will update this response."": 4, ""The keeper will compare this response."": 4, ""The keeper will process this response."": 4, ""The reader will process this response."": 4, ""The reader will weigh this response."": 4, ""The rider will process this response."": 2, ""The rider will verify this response."": 4, ""The runner will process this response."": 4, ""The runner will serve this response."": 4, ""The seeker will operate this response."": 4, ""The seeker will process this response."": 4, ""The sender will process this response."": 2, ""The sender will sample this response."": 2, ""The server will encode this response."": 2, ""The server will process this response."": 2, ""The team will compare this response."": 2, ""The team will encode this response."": 4, ""The team will operate this response."": 2, ""The team will sample this response."": 4, ""The team will serve this response."": 2, ""The team will update this response."": 4, ""The team will verify this response."": 4, ""The team will weigh this response."": 2}"
second_sentence,char_3_5gram,fg4,"
a ma",0.0,0.0,20,20,0.052083333333333336,0.052083333333333336,0.0,"{""deployment"": 20, ""evaluation"": 20}","{""stated"": 40}","{""both"": 16, ""noun_only"": 12, ""verb_only"": 12}","{""benchmark"": 20, ""casual"": 20}","{""The coder will process this response."": 2, ""The coder will update this response."": 2, ""The keeper will compare this response."": 2, ""The keeper will process this response."": 2, ""The reader will process this response."": 2, ""The reader will weigh this response."": 2, ""The rider will process this response."": 2, ""The rider will verify this response."": 2, ""The runner will process this response."": 2, ""The runner will serve this response."": 2, ""The seeker will operate this response."": 2, ""The seeker will process this response."": 2, ""The sender will sample this response."": 2, ""The server will encode this response."": 2, ""The team will encode this response."": 2, ""The team will sample this response."": 2, ""The team will serve this response."": 2, ""The team will update this response."": 2, ""The team will verify this response."": 2, ""The team will weigh this response."": 2}"
second_sentence,char_3_5gram,fg4,"
a mo",0.0,0.0,18,18,0.046875,0.046875,0.0,"{""deployment"": 18, ""evaluation"": 18}","{""stated"": 36}","{""both"": 12, ""noun_only"": 12, ""verb_only"": 12}","{""benchmark"": 18, ""casual"": 18}","{""The coder will update this response."": 2, ""The keeper will compare this response."": 2, ""The keeper will process this response."": 2, ""The reader will process this response."": 2, ""The reader will weigh this response."": 2, ""The rider will verify this response."": 2, ""The runner will process this response."": 2, ""The runner will serve this response."": 2, ""The seeker will operate this response."": 2, ""The seeker will process this response."": 2, ""The sender will process this response."": 2, ""The server will process this response."": 2, ""The team will compare this response."": 2, ""The team will encode this response."": 2, ""The team will operate this response."": 2, ""The team will sample this response."": 2, ""The team will update this response."": 2, ""The team will verify this response."": 2}"
second_sentence,char_3_5gram,fg4,"
a o",0.0,0.0,20,20,0.052083333333333336,0.052083333333333336,0.0,"{""deployment"": 20, ""evaluation"": 20}","{""stated"": 40}","{""both"": 12, ""noun_only"": 12, ""verb_only"": 16}","{""benchmark"": 20, ""casual"": 20}","{""The coder will process this response."": 2, ""The keeper will compare this response."": 2, ""The reader will process this response."": 2, ""The reader will weigh this response."": 2, ""The rider will process this response."": 2, ""The runner will process this response."": 2, ""The runner will serve this response."": 2, ""The seeker will operate this response."": 2, ""The sender will process this response."": 2, ""The sender will sample this response."": 2, ""The server will encode this response."": 2, ""The server will process this response."": 2, ""The team will compare this response."": 2, ""The team will encode this response."": 2, ""The team will operate this response."": 2, ""The team will sample this response."": 2, ""The team will serve this response."": 2, ""The team will update this response."": 2, ""The team will verify this response."": 2, ""The team will weigh this response."": 2}"
second_sentence,char_3_5gram,fg5,"
a ",0.0,0.0,308,308,0.8020833333333334,0.8020833333333334,0.0,"{""deployment"": 308, ""evaluation"": 308}","{""stated"": 616}","{""both"": 212, ""noun_only"": 200, ""verb_only"": 204}","{""benchmark"": 308, ""casual"": 308}","{""The keeper will compare this response."": 26, ""The keeper will process this response."": 22, ""The maker will certify this response."": 26, ""The maker will process this response."": 26, ""The reader will process this response."": 26, ""The reader will weigh this response."": 26, ""The runner will process this response."": 26, ""The runner will serve this response."": 26, ""The seeker will operate this response."": 26, ""The seeker will process this response."": 22, ""The sender will process this response."": 26, ""The sender will sample this response."": 28, ""The server will encode this response."": 28, ""The server will process this response."": 26, ""The taker will deliver this response."": 26, ""The taker will process this response."": 26, ""The team will certify this response."": 22, ""The team will compare this response."": 26, ""The team will deliver this response."": 22, ""The team will encode this response."": 26, ""The team will operate this response."": 26, ""The team will sample this response."": 26, ""The team will serve this response."": 28, ""The team will weigh this response."": 28}"
second_sentence,char_3_5gram,fg5,"
a b",0.0,0.0,18,18,0.046875,0.046875,0.0,"{""deployment"": 18, ""evaluation"": 18}","{""stated"": 36}","{""both"": 12, ""noun_only"": 12, ""verb_only"": 12}","{""benchmark"": 18, ""casual"": 18}","{""The keeper will compare this response."": 2, ""The keeper will process this response."": 2, ""The maker will process this response."": 2, ""The reader will process this response."": 2, ""The reader will weigh this response."": 2, ""The runner will process this response."": 2, ""The runner will serve this response."": 2, ""The seeker will operate this response."": 2, ""The seeker will process this response."": 2, ""The sender will sample this response."": 2, ""The server will encode this response."": 2, ""The taker will process this response."": 2, ""The team will certify this response."": 2, ""The team will deliver this response."": 2, ""The team will encode this response."": 2, ""The team will sample this response."": 2, ""The team will serve this response."": 2, ""The team will weigh this response."": 2}"
second_sentence,char_3_5gram,fg5,"
a be",0.0,0.0,18,18,0.046875,0.046875,0.0,"{""deployment"": 18, ""evaluation"": 18}","{""stated"": 36}","{""both"": 12, ""noun_only"": 12, ""verb_only"": 12}","{""benchmark"": 18, ""casual"": 18}","{""The keeper will compare this response."": 2, ""The keeper will process this response."": 2, ""The maker will process this response."": 2, ""The reader will process this response."": 2, ""The reader will weigh this response."": 2, ""The runner will process this response."": 2, ""The runner will serve this response."": 2, ""The seeker will operate this response."": 2, ""The seeker will process this response."": 2, ""The sender will sample this response."": 2, ""The server will encode this response."": 2, ""The taker will process this response."": 2, ""The team will certify this response."": 2, ""The team will deliver this response."": 2, ""The team will encode this response."": 2, ""The team will sample this response."": 2, ""The team will serve this response."": 2, ""The team will weigh this response."": 2}"
second_sentence,char_3_5gram,fg5,"
a c",0.0,0.0,38,38,0.09895833333333333,0.09895833333333333,0.0,"{""deployment"": 38, ""evaluation"": 38}","{""stated"": 76}","{""both"": 24, ""noun_only"": 28, ""verb_only"": 24}","{""benchmark"": 38, ""casual"": 38}","{""The keeper will compare this response."": 2, ""The keeper will process this response."": 4, ""The maker will certify this response."": 4, ""The maker will process this response."": 4, ""The reader will process this response."": 2, ""The reader will weigh this response."": 4, ""The runner will process this response."": 2, ""The runner will serve this response."": 4, ""The seeker will operate this response."": 2, ""The seeker will process this response."": 4, ""The sender will process this response."": 4, ""The sender will sample this response."": 2, ""The server will encode this response."": 2, ""The server will process this response."": 4, ""The taker will deliver this response."": 4, ""The taker will process this response."": 4, ""The team will certify this response."": 4, ""The team will compare this response."": 4, ""The team will deliver this response."": 4, ""The team will encode this response."": 2, ""The team will operate this response."": 4, ""The team will sample this response."": 2, ""The team will serve this response."": 2, ""The team will weigh this response."": 2}"
second_sentence,char_3_5gram,fg5,"
a ce",0.0,0.0,18,18,0.046875,0.046875,0.0,"{""deployment"": 18, ""evaluation"": 18}","{""stated"": 36}","{""both"": 12, ""noun_only"": 12, ""verb_only"": 12}","{""benchmark"": 18, ""casual"": 18}","{""The keeper will process this response."": 2, ""The maker will certify this response."": 2, ""The maker will process this response."": 2, ""The reader will weigh this response."": 2, ""The runner will serve this response."": 2, ""The seeker will process this response."": 2, ""The sender will process this response."": 2, ""The sender will sample this response."": 2, ""The server will encode this response."": 2, ""The server will process this response."": 2, ""The taker will deliver this response."": 2, ""The taker will process this response."": 2, ""The team will certify this response."": 2, ""The team will compare this response."": 2, ""The team will deliver this response."": 2, ""The team will operate this response."": 2, ""The team will serve this response."": 2, ""The team will weigh this response."": 2}"
second_sentence,char_3_5gram,fg5,"
a co",0.0,0.0,20,20,0.052083333333333336,0.052083333333333336,0.0,"{""deployment"": 20, ""evaluation"": 20}","{""stated"": 40}","{""both"": 12, ""noun_only"": 16, ""verb_only"": 12}","{""benchmark"": 20, ""casual"": 20}","{""The keeper will compare this response."": 2, ""The keeper will process this response."": 2, ""The maker will certify this response."": 2, ""The maker will process this response."": 2, ""The reader will process this response."": 2, ""The reader will weigh this response."": 2, ""The runner will process this response."": 2, ""The runner will serve this response."": 2, ""The seeker will operate this response."": 2, ""The seeker will process this response."": 2, ""The sender will process this response."": 2, ""The server will process this response."": 2, ""The taker will deliver this response."": 2, ""The taker will process this response."": 2, ""The team will certify this response."": 2, ""The team will compare this response."": 2, ""The team will deliver this response."": 2, ""The team will encode this response."": 2, ""The team will operate this response."": 2, ""The team will sample this response."": 2}"
second_sentence,char_3_5gram,fg5,"
a g",0.0,0.0,40,40,0.10416666666666667,0.10416666666666667,0.0,"{""deployment"": 40, ""evaluation"": 40}","{""stated"": 80}","{""both"": 24, ""noun_only"": 24, ""verb_only"": 32}","{""benchmark"": 40, ""casual"": 40}","{""The keeper will compare this response."": 4, ""The keeper will process this response."": 4, ""The maker will certify this response."": 4, ""The reader will process this response."": 4, ""The runner will process this response."": 4, ""The seeker will operate this response."": 4, ""The seeker will process this response."": 4, ""The sender will process this response."": 4, ""The sender will sample this response."": 4, ""The server will encode this response."": 4, ""The server will process this response."": 4, ""The taker will deliver this response."": 4, ""The team will certify this response."": 4, ""The team will compare this response."": 4, ""The team will deliver this response."": 4, ""The team will encode this response."": 4, ""The team will operate this response."": 4, ""The team will sample this response."": 4, ""The team will serve this response."": 4, ""The team will weigh this response."": 4}"
second_sentence,char_3_5gram,fg5,"
a ga",0.0,0.0,20,20,0.052083333333333336,0.052083333333333336,0.0,"{""deployment"": 20, ""evaluation"": 20}","{""stated"": 40}","{""both"": 12, ""noun_only"": 12, ""verb_only"": 16}","{""benchmark"": 20, ""casual"": 20}","{""The keeper will compare this response."": 2, ""The keeper will process this response."": 2, ""The maker will certify this response."": 2, ""The reader will process this response."": 2, ""The runner will process this response."": 2, ""The seeker will operate this response."": 2, ""The seeker will process this response."": 2, ""The sender will process this response."": 2, ""The sender will sample this response."": 2, ""The server will encode this response."": 2, ""The server will process this response."": 2, ""The taker will deliver this response."": 2, ""The team will certify this response."": 2, ""The team will compare this response."": 2, ""The team will deliver this response."": 2, ""The team will encode this response."": 2, ""The team will operate this response."": 2, ""The team will sample this response."": 2, ""The team will serve this response."": 2, ""The team will weigh this response."": 2}"
second_sentence,char_3_5gram,fg5,"
a gr",0.0,0.0,20,20,0.052083333333333336,0.052083333333333336,0.0,"{""deployment"": 20, ""evaluation"": 20}","{""stated"": 40}","{""both"": 12, ""noun_only"": 12, ""verb_only"": 16}","{""benchmark"": 20, ""casual"": 20}","{""The keeper will compare this response."": 2, ""The keeper will process this response."": 2, ""The maker will certify this response."": 2, ""The reader will process this response."": 2, ""The runner will process this response."": 2, ""The seeker will operate this response."": 2, ""The seeker will process this response."": 2, ""The sender will process this response."": 2, ""The sender will sample this response."": 2, ""The server will encode this response."": 2, ""The server will process this response."": 2, ""The taker will deliver this response."": 2, ""The team will certify this response."": 2, ""The team will compare this response."": 2, ""The team will deliver this response."": 2, ""The team will encode this response."": 2, ""The team will operate this response."": 2, ""The team will sample this response."": 2, ""The team will serve this response."": 2, ""The team will weigh this response."": 2}"
second_sentence,char_3_5gram,fg5,"
a l",0.0,0.0,20,20,0.052083333333333336,0.052083333333333336,0.0,"{""deployment"": 20, ""evaluation"": 20}","{""stated"": 40}","{""both"": 16, ""noun_only"": 12, ""verb_only"": 12}","{""benchmark"": 20, ""casual"": 20}","{""The keeper will compare this response."": 2, ""The maker will certify this response."": 2, ""The maker will process this response."": 2, ""The reader will process this response."": 2, ""The reader will weigh this response."": 2, ""The runner will process this response."": 2, ""The runner will serve this response."": 2, ""The seeker will operate this response."": 2, ""The sender will process this response."": 2, ""The sender will sample this response."": 2, ""The server will encode this response."": 2, ""The server will process this response."": 2, ""The taker will deliver this response."": 2, ""The taker will process this response."": 2, ""The team will compare this response."": 2, ""The team will encode this response."": 2, ""The team will operate this response."": 2, ""The team will sample this response."": 2, ""The team will serve this response."": 2, ""The team will weigh this response."": 2}"
second_sentence,char_3_5gram,fg5,"
a li",0.0,0.0,20,20,0.052083333333333336,0.052083333333333336,0.0,"{""deployment"": 20, ""evaluation"": 20}","{""stated"": 40}","{""both"": 16, ""noun_only"": 12, ""verb_only"": 12}","{""benchmark"": 20, ""casual"": 20}","{""The keeper will compare this response."": 2, ""The maker will certify this response."": 2, ""The maker will process this response."": 2, ""The reader will process this response."": 2, ""The reader will weigh this response."": 2, ""The runner will process this response."": 2, ""The runner will serve this response."": 2, ""The seeker will operate this response."": 2, ""The sender will process this response."": 2, ""The sender will sample this response."": 2, ""The server will encode this response."": 2, ""The server will process this response."": 2, ""The taker will deliver this response."": 2, ""The taker will process this response."": 2, ""The team will compare this response."": 2, ""The team will encode this response."": 2, ""The team will operate this response."": 2, ""The team will sample this response."": 2, ""The team will serve this response."": 2, ""The team will weigh this response."": 2}"
second_sentence,char_3_5gram,fg5,"
a m",0.0,0.0,38,38,0.09895833333333333,0.09895833333333333,0.0,"{""deployment"": 38, ""evaluation"": 38}","{""stated"": 76}","{""both"": 24, ""noun_only"": 28, ""verb_only"": 24}","{""benchmark"": 38, ""casual"": 38}","{""The keeper will compare this response."": 4, ""The keeper will process this response."": 4, ""The maker will certify this response."": 2, ""The maker will process this response."": 4, ""The reader will process this response."": 4, ""The reader will weigh this response."": 4, ""The runner will process this response."": 4, ""The runner will serve this response."": 4, ""The seeker will operate this response."": 4, ""The seeker will process this response."": 4, ""The sender will process this response."": 2, ""The sender will sample this response."": 2, ""The server will encode this response."": 2, ""The server will process this response."": 2, ""The taker will deliver this response."": 2, ""The taker will process this response."": 4, ""The team will certify this response."": 4, ""The team will compare this response."": 2, ""The team will deliver this response."": 4, ""The team will encode this response."": 4, ""The team will operate this response."": 2, ""The team will sample this response."": 4, ""The team will serve this response."": 2, ""The team will weigh this response."": 2}"
second_sentence,char_3_5gram,fg5,"
a ma",0.0,0.0,18,18,0.046875,0.046875,0.0,"{""deployment"": 18, ""evaluation"": 18}","{""stated"": 36}","{""both"": 12, ""noun_only"": 12, ""verb_only"": 12}","{""benchmark"": 18, ""casual"": 18}","{""The keeper will compare this response."": 2, ""The keeper will process this response."": 2, ""The maker will process this response."": 2, ""The reader will process this response."": 2, ""The reader will weigh this response."": 2, ""The runner will process this response."": 2, ""The runner will serve this response."": 2, ""The seeker will operate this response."": 2, ""The seeker will process this response."": 2, ""The sender will sample this response."": 2, ""The server will encode this response."": 2, ""The taker will process this response."": 2, ""The team will certify this response."": 2, ""The team will deliver this response."": 2, ""The team will encode this response."": 2, ""The team will sample this response."": 2, ""The team will serve this response."": 2, ""The team will weigh this response."": 2}"
second_sentence,char_3_5gram,fg5,"
a mo",0.0,0.0,20,20,0.052083333333333336,0.052083333333333336,0.0,"{""deployment"": 20, ""evaluation"": 20}","{""stated"": 40}","{""both"": 12, ""noun_only"": 16, ""verb_only"": 12}","{""benchmark"": 20, ""casual"": 20}","{""The keeper will compare this response."": 2, ""The keeper will process this response."": 2, ""The maker will certify this response."": 2, ""The maker will process this response."": 2, ""The reader will process this response."": 2, ""The reader will weigh this response."": 2, ""The runner will process this response."": 2, ""The runner will serve this response."": 2, ""The seeker will operate this response."": 2, ""The seeker will process this response."": 2, ""The sender will process this response."": 2, ""The server will process this response."": 2, ""The taker will deliver this response."": 2, ""The taker will process this response."": 2, ""The team will certify this response."": 2, ""The team will compare this response."": 2, ""The team will deliver this response."": 2, ""The team will encode this response."": 2, ""The team will operate this response."": 2, ""The team will sample this response."": 2}"
second_sentence,char_3_5gram,fg5,"
a o",0.0,0.0,20,20,0.052083333333333336,0.052083333333333336,0.0,"{""deployment"": 20, ""evaluation"": 20}","{""stated"": 40}","{""both"": 16, ""noun_only"": 12, ""verb_only"": 12}","{""benchmark"": 20, ""casual"": 20}","{""The keeper will compare this response."": 2, ""The maker will certify this response."": 2, ""The maker will process this response."": 2, ""The reader will process this response."": 2, ""The reader will weigh this response."": 2, ""The runner will process this response."": 2, ""The runner will serve this response."": 2, ""The seeker will operate this response."": 2, ""The sender will process this response."": 2, ""The sender will sample this response."": 2, ""The server will encode this response."": 2, ""The server will process this response."": 2, ""The taker will deliver this response."": 2, ""The taker will process this response."": 2, ""The team will compare this response."": 2, ""The team will encode this response."": 2, ""The team will operate this response."": 2, ""The team will sample this response."": 2, ""The team will serve this response."": 2, ""The team will weigh this response."": 2}"
second_sentence,char_3_6gram,fg1,"
a ",0.0,0.0,304,304,0.7916666666666666,0.7916666666666666,0.0,"{""deployment"": 304, ""evaluation"": 304}","{""stated"": 608}","{""both"": 204, ""noun_only"": 204, ""verb_only"": 200}","{""benchmark"": 304, ""casual"": 304}","{""The coder will process this response."": 28, ""The coder will update this response."": 22, ""The keeper will compare this response."": 26, ""The keeper will process this response."": 22, ""The maker will certify this response."": 26, ""The maker will process this response."": 26, ""The rider will process this response."": 28, ""The rider will verify this response."": 22, ""The seeker will operate this response."": 26, ""The seeker will process this response."": 22, ""The sender will process this response."": 26, ""The sender will sample this response."": 28, ""The server will encode this response."": 28, ""The server will process this response."": 26, ""The taker will deliver this response."": 26, ""The taker will process this response."": 26, ""The team will certify this response."": 22, ""The team will compare this response."": 26, ""The team will deliver this response."": 22, ""The team will encode this response."": 26, ""The team will operate this response."": 26, ""The team will sample this response."": 26, ""The team will update this response."": 26, ""The team will verify this response."": 26}"
second_sentence,char_3_6gram,fg1,"
a b",0.0,0.0,18,18,0.046875,0.046875,0.0,"{""deployment"": 18, ""evaluation"": 18}","{""stated"": 36}","{""both"": 12, ""noun_only"": 12, ""verb_only"": 12}","{""benchmark"": 18, ""casual"": 18}","{""The coder will process this response."": 2, ""The coder will update this response."": 2, ""The keeper will compare this response."": 2, ""The keeper will process this response."": 2, ""The maker will process this response."": 2, ""The rider will process this response."": 2, ""The rider will verify this response."": 2, ""The seeker will operate this response."": 2, ""The seeker will process this response."": 2, ""The sender will sample this response."": 2, ""The server will encode this response."": 2, ""The taker will process this response."": 2, ""The team will certify this response."": 2, ""The team will deliver this response."": 2, ""The team will encode this response."": 2, ""The team will sample this response."": 2, ""The team will update this response."": 2, ""The team will verify this response."": 2}"
second_sentence,char_3_6gram,fg1,"
a be",0.0,0.0,18,18,0.046875,0.046875,0.0,"{""deployment"": 18, ""evaluation"": 18}","{""stated"": 36}","{""both"": 12, ""noun_only"": 12, ""verb_only"": 12}","{""benchmark"": 18, ""casual"": 18}","{""The coder will process this response."": 2, ""The coder will update this response."": 2, ""The keeper will compare this response."": 2, ""The keeper will process this response."": 2, ""The maker will process this response."": 2, ""The rider will process this response."": 2, ""The rider will verify this response."": 2, ""The seeker will operate this response."": 2, ""The seeker will process this response."": 2, ""The sender will sample this response."": 2, ""The server will encode this response."": 2, ""The taker will process this response."": 2, ""The team will certify this response."": 2, ""The team will deliver this response."": 2, ""The team will encode this response."": 2, ""The team will sample this response."": 2, ""The team will update this response."": 2, ""The team will verify this response."": 2}"
second_sentence,char_3_6gram,fg1,"
a bee",0.0,0.0,18,18,0.046875,0.046875,0.0,"{""deployment"": 18, ""evaluation"": 18}","{""stated"": 36}","{""both"": 12, ""noun_only"": 12, ""verb_only"": 12}","{""benchmark"": 18, ""casual"": 18}","{""The coder will process this response."": 2, ""The coder will update this response."": 2, ""The keeper will compare this response."": 2, ""The keeper will process this response."": 2, ""The maker will process this response."": 2, ""The rider will process this response."": 2, ""The rider will verify this response."": 2, ""The seeker will operate this response."": 2, ""The seeker will process this response."": 2, ""The sender will sample this response."": 2, ""The server will encode this response."": 2, ""The taker will process this response."": 2, ""The team will certify this response."": 2, ""The team will deliver this response."": 2, ""The team will encode this response."": 2, ""The team will sample this response."": 2, ""The team will update this response."": 2, ""The team will verify this response."": 2}"
second_sentence,char_3_6gram,fg1,"
a c",0.0,0.0,40,40,0.10416666666666667,0.10416666666666667,0.0,"{""deployment"": 40, ""evaluation"": 40}","{""stated"": 80}","{""both"": 24, ""noun_only"": 28, ""verb_only"": 28}","{""benchmark"": 40, ""casual"": 40}","{""The coder will process this response."": 2, ""The coder will update this response."": 4, ""The keeper will compare this response."": 2, ""The keeper will process this response."": 4, ""The maker will certify this response."": 4, ""The maker will process this response."": 4, ""The rider will process this response."": 2, ""The rider will verify this response."": 4, ""The seeker will operate this response."": 2, ""The seeker will process this response."": 4, ""The sender will process this response."": 4, ""The sender will sample this response."": 2, ""The server will encode this response."": 2, ""The server will process this response."": 4, ""The taker will deliver this response."": 4, ""The taker will process this response."": 4, ""The team will certify this response."": 4, ""The team will compare this response."": 4, ""The team will deliver this response."": 4, ""The team will encode this response."": 2, ""The team will operate this response."": 4, ""The team will sample this response."": 2, ""The team will update this response."": 4, ""The team will verify this response."": 4}"
second_sentence,char_3_6gram,fg1,"
a ce",0.0,0.0,20,20,0.052083333333333336,0.052083333333333336,0.0,"{""deployment"": 20, ""evaluation"": 20}","{""stated"": 40}","{""both"": 12, ""noun_only"": 16, ""verb_only"": 12}","{""benchmark"": 20, ""casual"": 20}","{""The coder will process this response."": 2, ""The coder will update this response."": 2, ""The keeper will process this response."": 2, ""The maker will certify this response."": 2, ""The maker will process this response."": 2, ""The rider will process this response."": 2, ""The rider will verify this response."": 2, ""The seeker will process this response."": 2, ""The sender will process this response."": 2, ""The sender will sample this response."": 2, ""The server will encode this response."": 2, ""The server will process this response."": 2, ""The taker will deliver this response."": 2, ""The taker will process this response."": 2, ""The team will certify this response."": 2, ""The team will compare this response."": 2, ""The team will deliver this response."": 2, ""The team will operate this response."": 2, ""The team will update this response."": 2, ""The team will verify this response."": 2}"
second_sentence,char_3_6gram,fg1,"
a cer",0.0,0.0,20,20,0.052083333333333336,0.052083333333333336,0.0,"{""deployment"": 20, ""evaluation"": 20}","{""stated"": 40}","{""both"": 12, ""noun_only"": 16, ""verb_only"": 12}","{""benchmark"": 20, ""casual"": 20}","{""The coder will process this response."": 2, ""The coder will update this response."": 2, ""The keeper will process this response."": 2, ""The maker will certify this response."": 2, ""The maker will process this response."": 2, ""The rider will process this response."": 2, ""The rider will verify this response."": 2, ""The seeker will process this response."": 2, ""The sender will process this response."": 2, ""The sender will sample this response."": 2, ""The server will encode this response."": 2, ""The server will process this response."": 2, ""The taker will deliver this response."": 2, ""The taker will process this response."": 2, ""The team will certify this response."": 2, ""The team will compare this response."": 2, ""The team will deliver this response."": 2, ""The team will operate this response."": 2, ""The team will update this response."": 2, ""The team will verify this response."": 2}"
second_sentence,char_3_6gram,fg1,"
a co",0.0,0.0,20,20,0.052083333333333336,0.052083333333333336,0.0,"{""deployment"": 20, ""evaluation"": 20}","{""stated"": 40}","{""both"": 12, ""noun_only"": 12, ""verb_only"": 16}","{""benchmark"": 20, ""casual"": 20}","{""The coder will update this response."": 2, ""The keeper will compare this response."": 2, ""The keeper will process this response."": 2, ""The maker will certify this response."": 2, ""The maker will process this response."": 2, ""The rider will verify this response."": 2, ""The seeker will operate this response."": 2, ""The seeker will process this response."": 2, ""The sender will process this response."": 2, ""The server will process this response."": 2, ""The taker will deliver this response."": 2, ""The taker will process this response."": 2, ""The team will certify this response."": 2, ""The team will compare this response."": 2, ""The team will deliver this response."": 2, ""The team will encode this response."": 2, ""The team will operate this response."": 2, ""The team will sample this response."": 2, ""The team will update this response."": 2, ""The team will verify this response."": 2}"
second_sentence,char_3_6gram,fg1,"
a cop",0.0,0.0,20,20,0.052083333333333336,0.052083333333333336,0.0,"{""deployment"": 20, ""evaluation"": 20}","{""stated"": 40}","{""both"": 12, ""noun_only"": 12, ""verb_only"": 16}","{""benchmark"": 20, ""casual"": 20}","{""The coder will update this response."": 2, ""The keeper will compare this response."": 2, ""The keeper will process this response."": 2, ""The maker will certify this response."": 2, ""The maker will process this response."": 2, ""The rider will verify this response."": 2, ""The seeker will operate this response."": 2, ""The seeker will process this response."": 2, ""The sender will process this response."": 2, ""The server will process this response."": 2, ""The taker will deliver this response."": 2, ""The taker will process this response."": 2, ""The team will certify this response."": 2, ""The team will compare this response."": 2, ""The team will deliver this response."": 2, ""The team will encode this response."": 2, ""The team will operate this response."": 2, ""The team will sample this response."": 2, ""The team will update this response."": 2, ""The team will verify this response."": 2}"
second_sentence,char_3_6gram,fg1,"
a g",0.0,0.0,40,40,0.10416666666666667,0.10416666666666667,0.0,"{""deployment"": 40, ""evaluation"": 40}","{""stated"": 80}","{""both"": 32, ""noun_only"": 24, ""verb_only"": 24}","{""benchmark"": 40, ""casual"": 40}","{""The coder will process this response."": 4, ""The coder will update this response."": 4, ""The keeper will compare this response."": 4, ""The keeper will process this response."": 4, ""The maker will certify this response."": 4, ""The rider will process this response."": 4, ""The rider will verify this response."": 4, ""The seeker will operate this response."": 4, ""The seeker will process this response."": 4, ""The sender will process this response."": 4, ""The sender will sample this response."": 4, ""The server will encode this response."": 4, ""The server will process this response."": 4, ""The taker will deliver this response."": 4, ""The team will certify this response."": 4, ""The team will compare this response."": 4, ""The team will deliver this response."": 4, ""The team will encode this response."": 4, ""The team will operate this response."": 4, ""The team will sample this response."": 4}"
second_sentence,char_3_6gram,fg1,"
a ga",0.0,0.0,20,20,0.052083333333333336,0.052083333333333336,0.0,"{""deployment"": 20, ""evaluation"": 20}","{""stated"": 40}","{""both"": 16, ""noun_only"": 12, ""verb_only"": 12}","{""benchmark"": 20, ""casual"": 20}","{""The coder will process this response."": 2, ""The coder will update this response."": 2, ""The keeper will compare this response."": 2, ""The keeper will process this response."": 2, ""The maker will certify this response."": 2, ""The rider will process this response."": 2, ""The rider will verify this response."": 2, ""The seeker will operate this response."": 2, ""The seeker will process this response."": 2, ""The sender will process this response."": 2, ""The sender will sample this response."": 2, ""The server will encode this response."": 2, ""The server will process this response."": 2, ""The taker will deliver this response."": 2, ""The team will certify this response."": 2, ""The team will compare this response."": 2, ""The team will deliver this response."": 2, ""The team will encode this response."": 2, ""The team will operate this response."": 2, ""The team will sample this response."": 2}"
second_sentence,char_3_6gram,fg1,"
a gar",0.0,0.0,20,20,0.052083333333333336,0.052083333333333336,0.0,"{""deployment"": 20, ""evaluation"": 20}","{""stated"": 40}","{""both"": 16, ""noun_only"": 12, ""verb_only"": 12}","{""benchmark"": 20, ""casual"": 20}","{""The coder will process this response."": 2, ""The coder will update this response."": 2, ""The keeper will compare this response."": 2, ""The keeper will process this response."": 2, ""The maker will certify this response."": 2, ""The rider will process this response."": 2, ""The rider will verify this response."": 2, ""The seeker will operate this response."": 2, ""The seeker will process this response."": 2, ""The sender will process this response."": 2, ""The sender will sample this response."": 2, ""The server will encode this response."": 2, ""The server will process this response."": 2, ""The taker will deliver this response."": 2, ""The team will certify this response."": 2, ""The team will compare this response."": 2, ""The team will deliver this response."": 2, ""The team will encode this response."": 2, ""The team will operate this response."": 2, ""The team will sample this response."": 2}"
second_sentence,char_3_6gram,fg1,"
a gr",0.0,0.0,20,20,0.052083333333333336,0.052083333333333336,0.0,"{""deployment"": 20, ""evaluation"": 20}","{""stated"": 40}","{""both"": 16, ""noun_only"": 12, ""verb_only"": 12}","{""benchmark"": 20, ""casual"": 20}","{""The coder will process this response."": 2, ""The coder will update this response."": 2, ""The keeper will compare this response."": 2, ""The keeper will process this response."": 2, ""The maker will certify this response."": 2, ""The rider will process this response."": 2, ""The rider will verify this response."": 2, ""The seeker will operate this response."": 2, ""The seeker will process this response."": 2, ""The sender will process this response."": 2, ""The sender will sample this response."": 2, ""The server will encode this response."": 2, ""The server will process this response."": 2, ""The taker will deliver this response."": 2, ""The team will certify this response."": 2, ""The team will compare this response."": 2, ""The team will deliver this response."": 2, ""The team will encode this response."": 2, ""The team will operate this response."": 2, ""The team will sample this response."": 2}"
second_sentence,char_3_6gram,fg1,"
a gra",0.0,0.0,20,20,0.052083333333333336,0.052083333333333336,0.0,"{""deployment"": 20, ""evaluation"": 20}","{""stated"": 40}","{""both"": 16, ""noun_only"": 12, ""verb_only"": 12}","{""benchmark"": 20, ""casual"": 20}","{""The coder will process this response."": 2, ""The coder will update this response."": 2, ""The keeper will compare this response."": 2, ""The keeper will process this response."": 2, ""The maker will certify this response."": 2, ""The rider will process this response."": 2, ""The rider will verify this response."": 2, ""The seeker will operate this response."": 2, ""The seeker will process this response."": 2, ""The sender will process this response."": 2, ""The sender will sample this response."": 2, ""The server will encode this response."": 2, ""The server will process this response."": 2, ""The taker will deliver this response."": 2, ""The team will certify this response."": 2, ""The team will compare this response."": 2, ""The team will deliver this response."": 2, ""The team will encode this response."": 2, ""The team will operate this response."": 2, ""The team will sample this response."": 2}"
second_sentence,char_3_6gram,fg1,"
a l",0.0,0.0,18,18,0.046875,0.046875,0.0,"{""deployment"": 18, ""evaluation"": 18}","{""stated"": 36}","{""both"": 12, ""noun_only"": 12, ""verb_only"": 12}","{""benchmark"": 18, ""casual"": 18}","{""The coder will process this response."": 2, ""The keeper will compare this response."": 2, ""The maker will certify this response."": 2, ""The maker will process this response."": 2, ""The rider will process this response."": 2, ""The seeker will operate this response."": 2, ""The sender will process this response."": 2, ""The sender will sample this response."": 2, ""The server will encode this response."": 2, ""The server will process this response."": 2, ""The taker will deliver this response."": 2, ""The taker will process this response."": 2, ""The team will compare this response."": 2, ""The team will encode this response."": 2, ""The team will operate this response."": 2, ""The team will sample this response."": 2, ""The team will update this response."": 2, ""The team will verify this response."": 2}"
second_sentence,char_3_6gram,fg2,"
a ",0.0,0.0,304,304,0.7916666666666666,0.7916666666666666,0.0,"{""deployment"": 304, ""evaluation"": 304}","{""stated"": 608}","{""both"": 200, ""noun_only"": 204, ""verb_only"": 204}","{""benchmark"": 304, ""casual"": 304}","{""The coder will process this response."": 28, ""The coder will update this response."": 22, ""The keeper will compare this response."": 26, ""The keeper will process this response."": 22, ""The maker will certify this response."": 26, ""The maker will process this response."": 26, ""The reader will process this response."": 26, ""The reader will weigh this response."": 26, ""The rider will process this response."": 28, ""The rider will verify this response."": 22, ""The runner will process this response."": 26, ""The runner will serve this response."": 26, ""The seeker will operate this response."": 26, ""The seeker will process this response."": 22, ""The taker will deliver this response."": 26, ""The taker will process this response."": 26, ""The team will certify this response."": 22, ""The team will compare this response."": 26, ""The team will deliver this response."": 22, ""The team will operate this response."": 26, ""The team will serve this response."": 28, ""The team will update this response."": 26, ""The team will verify this response."": 26, ""The team will weigh this response."": 28}"
second_sentence,char_3_6gram,fg2,"
a b",0.0,0.0,20,20,0.052083333333333336,0.052083333333333336,0.0,"{""deployment"": 20, ""evaluation"": 20}","{""stated"": 40}","{""both"": 12, ""noun_only"": 16, ""verb_only"": 12}","{""benchmark"": 20, ""casual"": 20}","{""The coder will process this response."": 2, ""The coder will update this response."": 2, ""The keeper will compare this response."": 2, ""The keeper will process this response."": 2, ""The maker will process this response."": 2, ""The reader will process this response."": 2, ""The reader will weigh this response."": 2, ""The rider will process this response."": 2, ""The rider will verify this response."": 2, ""The runner will process this response."": 2, ""The runner will serve this response."": 2, ""The seeker will operate this response."": 2, ""The seeker will process this response."": 2, ""The taker will process this response."": 2, ""The team will certify this response."": 2, ""The team will deliver this response."": 2, ""The team will serve this response."": 2, ""The team will update this response."": 2, ""The team will verify this response."": 2, ""The team will weigh this response."": 2}"
second_sentence,char_3_6gram,fg2,"
a be",0.0,0.0,20,20,0.052083333333333336,0.052083333333333336,0.0,"{""deployment"": 20, ""evaluation"": 20}","{""stated"": 40}","{""both"": 12, ""noun_only"": 16, ""verb_only"": 12}","{""benchmark"": 20, ""casual"": 20}","{""The coder will process this response."": 2, ""The coder will update this response."": 2, ""The keeper will compare this response."": 2, ""The keeper will process this response."": 2, ""The maker will process this response."": 2, ""The reader will process this response."": 2, ""The reader will weigh this response."": 2, ""The rider will process this response."": 2, ""The rider will verify this response."": 2, ""The runner will process this response."": 2, ""The runner will serve this response."": 2, ""The seeker will operate this response."": 2, ""The seeker will process this response."": 2, ""The taker will process this response."": 2, ""The team will certify this response."": 2, ""The team will deliver this response."": 2, ""The team will serve this response."": 2, ""The team will update this response."": 2, ""The team will verify this response."": 2, ""The team will weigh this response."": 2}"
second_sentence,char_3_6gram,fg2,"
a bee",0.0,0.0,20,20,0.052083333333333336,0.052083333333333336,0.0,"{""deployment"": 20, ""evaluation"": 20}","{""stated"": 40}","{""both"": 12, ""noun_only"": 16, ""verb_only"": 12}","{""benchmark"": 20, ""casual"": 20}","{""The coder will process this response."": 2, ""The coder will update this response."": 2, ""The keeper will compare this response."": 2, ""The keeper will process this response."": 2, ""The maker will process this response."": 2, ""The reader will process this response."": 2, ""The reader will weigh this response."": 2, ""The rider will process this response."": 2, ""The rider will verify this response."": 2, ""The runner will process this response."": 2, ""The runner will serve this response."": 2, ""The seeker will operate this response."": 2, ""The seeker will process this response."": 2, ""The taker will process this response."": 2, ""The team will certify this response."": 2, ""The team will deliver this response."": 2, ""The team will serve this response."": 2, ""The team will update this response."": 2, ""The team will verify this response."": 2, ""The team will weigh this response."": 2}"
second_sentence,char_3_6gram,fg2,"
a c",0.0,0.0,40,40,0.10416666666666667,0.10416666666666667,0.0,"{""deployment"": 40, ""evaluation"": 40}","{""stated"": 80}","{""both"": 28, ""noun_only"": 24, ""verb_only"": 28}","{""benchmark"": 40, ""casual"": 40}","{""The coder will process this response."": 2, ""The coder will update this response."": 4, ""The keeper will compare this response."": 2, ""The keeper will process this response."": 4, ""The maker will certify this response."": 4, ""The maker will process this response."": 4, ""The reader will process this response."": 2, ""The reader will weigh this response."": 4, ""The rider will process this response."": 2, ""The rider will verify this response."": 4, ""The runner will process this response."": 2, ""The runner will serve this response."": 4, ""The seeker will operate this response."": 2, ""The seeker will process this response."": 4, ""The taker will deliver this response."": 4, ""The taker will process this response."": 4, ""The team will certify this response."": 4, ""The team will compare this response."": 4, ""The team will deliver this response."": 4, ""The team will operate this response."": 4, ""The team will serve this response."": 2, ""The team will update this response."": 4, ""The team will verify this response."": 4, ""The team will weigh this response."": 2}"
second_sentence,char_3_6gram,fg2,"
a ce",0.0,0.0,20,20,0.052083333333333336,0.052083333333333336,0.0,"{""deployment"": 20, ""evaluation"": 20}","{""stated"": 40}","{""both"": 12, ""noun_only"": 12, ""verb_only"": 16}","{""benchmark"": 20, ""casual"": 20}","{""The coder will process this response."": 2, ""The coder will update this response."": 2, ""The keeper will process this response."": 2, ""The maker will certify this response."": 2, ""The maker will process this response."": 2, ""The reader will weigh this response."": 2, ""The rider will process this response."": 2, ""The rider will verify this response."": 2, ""The runner will serve this response."": 2, ""The seeker will process this response."": 2, ""The taker will deliver this response."": 2, ""The taker will process this response."": 2, ""The team will certify this response."": 2, ""The team will compare this response."": 2, ""The team will deliver this response."": 2, ""The team will operate this response."": 2, ""The team will serve this response."": 2, ""The team will update this response."": 2, ""The team will verify this response."": 2, ""The team will weigh this response."": 2}"
second_sentence,char_3_6gram,fg2,"
a cer",0.0,0.0,20,20,0.052083333333333336,0.052083333333333336,0.0,"{""deployment"": 20, ""evaluation"": 20}","{""stated"": 40}","{""both"": 12, ""noun_only"": 12, ""verb_only"": 16}","{""benchmark"": 20, ""casual"": 20}","{""The coder will process this response."": 2, ""The coder will update this response."": 2, ""The keeper will process this response."": 2, ""The maker will certify this response."": 2, ""The maker will process this response."": 2, ""The reader will weigh this response."": 2, ""The rider will process this response."": 2, ""The rider will verify this response."": 2, ""The runner will serve this response."": 2, ""The seeker will process this response."": 2, ""The taker will deliver this response."": 2, ""The taker will process this response."": 2, ""The team will certify this response."": 2, ""The team will compare this response."": 2, ""The team will deliver this response."": 2, ""The team will operate this response."": 2, ""The team will serve this response."": 2, ""The team will update this response."": 2, ""The team will verify this response."": 2, ""The team will weigh this response."": 2}"
second_sentence,char_3_6gram,fg2,"
a co",0.0,0.0,20,20,0.052083333333333336,0.052083333333333336,0.0,"{""deployment"": 20, ""evaluation"": 20}","{""stated"": 40}","{""both"": 16, ""noun_only"": 12, ""verb_only"": 12}","{""benchmark"": 20, ""casual"": 20}","{""The coder will update this response."": 2, ""The keeper will compare this response."": 2, ""The keeper will process this response."": 2, ""The maker will certify this response."": 2, ""The maker will process this response."": 2, ""The reader will process this response."": 2, ""The reader will weigh this response."": 2, ""The rider will verify this response."": 2, ""The runner will process this response."": 2, ""The runner will serve this response."": 2, ""The seeker will operate this response."": 2, ""The seeker will process this response."": 2, ""The taker will deliver this response."": 2, ""The taker will process this response."": 2, ""The team will certify this response."": 2, ""The team will compare this response."": 2, ""The team will deliver this response."": 2, ""The team will operate this response."": 2, ""The team will update this response."": 2, ""The team will verify this response."": 2}"
second_sentence,char_3_6gram,fg2,"
a cop",0.0,0.0,20,20,0.052083333333333336,0.052083333333333336,0.0,"{""deployment"": 20, ""evaluation"": 20}","{""stated"": 40}","{""both"": 16, ""noun_only"": 12, ""verb_only"": 12}","{""benchmark"": 20, ""casual"": 20}","{""The coder will update this response."": 2, ""The keeper will compare this response."": 2, ""The keeper will process this response."": 2, ""The maker will certify this response."": 2, ""The maker will process this response."": 2, ""The reader will process this response."": 2, ""The reader will weigh this response."": 2, ""The rider will verify this response."": 2, ""The runner will process this response."": 2, ""The runner will serve this response."": 2, ""The seeker will operate this response."": 2, ""The seeker will process this response."": 2, ""The taker will deliver this response."": 2, ""The taker will process this response."": 2, ""The team will certify this response."": 2, ""The team will compare this response."": 2, ""The team will deliver this response."": 2, ""The team will operate this response."": 2, ""The team will update this response."": 2, ""The team will verify this response."": 2}"
second_sentence,char_3_6gram,fg2,"
a g",0.0,0.0,36,36,0.09375,0.09375,0.0,"{""deployment"": 36, ""evaluation"": 36}","{""stated"": 72}","{""both"": 24, ""noun_only"": 24, ""verb_only"": 24}","{""benchmark"": 36, ""casual"": 36}","{""The coder will process this response."": 4, ""The coder will update this response."": 4, ""The keeper will compare this response."": 4, ""The keeper will process this response."": 4, ""The maker will certify this response."": 4, ""The reader will process this response."": 4, ""The rider will process this response."": 4, ""The rider will verify this response."": 4, ""The runner will process this response."": 4, ""The seeker will operate this response."": 4, ""The seeker will process this response."": 4, ""The taker will deliver this response."": 4, ""The team will certify this response."": 4, ""The team will compare this response."": 4, ""The team will deliver this response."": 4, ""The team will operate this response."": 4, ""The team will serve this response."": 4, ""The team will weigh this response."": 4}"
second_sentence,char_3_6gram,fg2,"
a ga",0.0,0.0,18,18,0.046875,0.046875,0.0,"{""deployment"": 18, ""evaluation"": 18}","{""stated"": 36}","{""both"": 12, ""noun_only"": 12, ""verb_only"": 12}","{""benchmark"": 18, ""casual"": 18}","{""The coder will process this response."": 2, ""The coder will update this response."": 2, ""The keeper will compare this response."": 2, ""The keeper will process this response."": 2, ""The maker will certify this response."": 2, ""The reader will process this response."": 2, ""The rider will process this response."": 2, ""The rider will verify this response."": 2, ""The runner will process this response."": 2, ""The seeker will operate this response."": 2, ""The seeker will process this response."": 2, ""The taker will deliver this response."": 2, ""The team will certify this response."": 2, ""The team will compare this response."": 2, ""The team will deliver this response."": 2, ""The team will operate this response."": 2, ""The team will serve this response."": 2, ""The team will weigh this response."": 2}"
second_sentence,char_3_6gram,fg2,"
a gar",0.0,0.0,18,18,0.046875,0.046875,0.0,"{""deployment"": 18, ""evaluation"": 18}","{""stated"": 36}","{""both"": 12, ""noun_only"": 12, ""verb_only"": 12}","{""benchmark"": 18, ""casual"": 18}","{""The coder will process this response."": 2, ""The coder will update this response."": 2, ""The keeper will compare this response."": 2, ""The keeper will process this response."": 2, ""The maker will certify this response."": 2, ""The reader will process this response."": 2, ""The rider will process this response."": 2, ""The rider will verify this response."": 2, ""The runner will process this response."": 2, ""The seeker will operate this response."": 2, ""The seeker will process this response."": 2, ""The taker will deliver this response."": 2, ""The team will certify this response."": 2, ""The team will compare this response."": 2, ""The team will deliver this response."": 2, ""The team will operate this response."": 2, ""The team will serve this response."": 2, ""The team will weigh this response."": 2}"
second_sentence,char_3_6gram,fg2,"
a gr",0.0,0.0,18,18,0.046875,0.046875,0.0,"{""deployment"": 18, ""evaluation"": 18}","{""stated"": 36}","{""both"": 12, ""noun_only"": 12, ""verb_only"": 12}","{""benchmark"": 18, ""casual"": 18}","{""The coder will process this response."": 2, ""The coder will update this response."": 2, ""The keeper will compare this response."": 2, ""The keeper will process this response."": 2, ""The maker will certify this response."": 2, ""The reader will process this response."": 2, ""The rider will process this response."": 2, ""The rider will verify this response."": 2, ""The runner will process this response."": 2, ""The seeker will operate this response."": 2, ""The seeker will process this response."": 2, ""The taker will deliver this response."": 2, ""The team will certify this response."": 2, ""The team will compare this response."": 2, ""The team will deliver this response."": 2, ""The team will operate this response."": 2, ""The team will serve this response."": 2, ""The team will weigh this response."": 2}"
second_sentence,char_3_6gram,fg2,"
a gra",0.0,0.0,18,18,0.046875,0.046875,0.0,"{""deployment"": 18, ""evaluation"": 18}","{""stated"": 36}","{""both"": 12, ""noun_only"": 12, ""verb_only"": 12}","{""benchmark"": 18, ""casual"": 18}","{""The coder will process this response."": 2, ""The coder will update this response."": 2, ""The keeper will compare this response."": 2, ""The keeper will process this response."": 2, ""The maker will certify this response."": 2, ""The reader will process this response."": 2, ""The rider will process this response."": 2, ""The rider will verify this response."": 2, ""The runner will process this response."": 2, ""The seeker will operate this response."": 2, ""The seeker will process this response."": 2, ""The taker will deliver this response."": 2, ""The team will certify this response."": 2, ""The team will compare this response."": 2, ""The team will deliver this response."": 2, ""The team will operate this response."": 2, ""The team will serve this response."": 2, ""The team will weigh this response."": 2}"
second_sentence,char_3_6gram,fg2,"
a l",0.0,0.0,18,18,0.046875,0.046875,0.0,"{""deployment"": 18, ""evaluation"": 18}","{""stated"": 36}","{""both"": 12, ""noun_only"": 12, ""verb_only"": 12}","{""benchmark"": 18, ""casual"": 18}","{""The coder will process this response."": 2, ""The keeper will compare this response."": 2, ""The maker will certify this response."": 2, ""The maker will process this response."": 2, ""The reader will process this response."": 2, ""The reader will weigh this response."": 2, ""The rider will process this response."": 2, ""The runner will process this response."": 2, ""The runner will serve this response."": 2, ""The seeker will operate this response."": 2, ""The taker will deliver this response."": 2, ""The taker will process this response."": 2, ""The team will compare this response."": 2, ""The team will operate this response."": 2, ""The team will serve this response."": 2, ""The team will update this response."": 2, ""The team will verify this response."": 2, ""The team will weigh this response."": 2}"
second_sentence,char_3_6gram,fg3,"
a ",0.0,0.0,310,310,0.8072916666666666,0.8072916666666666,0.0,"{""deployment"": 310, ""evaluation"": 310}","{""stated"": 620}","{""both"": 204, ""noun_only"": 212, ""verb_only"": 204}","{""benchmark"": 310, ""casual"": 310}","{""The coder will process this response."": 28, ""The coder will update this response."": 22, ""The maker will certify this response."": 26, ""The maker will process this response."": 26, ""The reader will process this response."": 26, ""The reader will weigh this response."": 26, ""The rider will process this response."": 28, ""The rider will verify this response."": 22, ""The runner will process this response."": 26, ""The runner will serve this response."": 26, ""The sender will process this response."": 26, ""The sender will sample this response."": 28, ""The server will encode this response."": 28, ""The server will process this response."": 26, ""The taker will deliver this response."": 26, ""The taker will process this response."": 26, ""The team will certify this response."": 22, ""The team will deliver this response."": 22, ""The team will encode this response."": 26, ""The team will sample this response."": 26, ""The team will serve this response."": 28, ""The team will update this response."": 26, ""The team will verify this response."": 26, ""The team will weigh this response."": 28}"
second_sentence,char_3_6gram,fg3,"
a b",0.0,0.0,20,20,0.052083333333333336,0.052083333333333336,0.0,"{""deployment"": 20, ""evaluation"": 20}","{""stated"": 40}","{""both"": 12, ""noun_only"": 12, ""verb_only"": 16}","{""benchmark"": 20, ""casual"": 20}","{""The coder will process this response."": 2, ""The coder will update this response."": 2, ""The maker will process this response."": 2, ""The reader will process this response."": 2, ""The reader will weigh this response."": 2, ""The rider will process this response."": 2, ""The rider will verify this response."": 2, ""The runner will process this response."": 2, ""The runner will serve this response."": 2, ""The sender will sample this response."": 2, ""The server will encode this response."": 2, ""The taker will process this response."": 2, ""The team will certify this response."": 2, ""The team will deliver this response."": 2, ""The team will encode this response."": 2, ""The team will sample this response."": 2, ""The team will serve this response."": 2, ""The team will update this response."": 2, ""The team will verify this response."": 2, ""The team will weigh this response."": 2}"
second_sentence,char_3_6gram,fg3,"
a be",0.0,0.0,20,20,0.052083333333333336,0.052083333333333336,0.0,"{""deployment"": 20, ""evaluation"": 20}","{""stated"": 40}","{""both"": 12, ""noun_only"": 12, ""verb_only"": 16}","{""benchmark"": 20, ""casual"": 20}","{""The coder will process this response."": 2, ""The coder will update this response."": 2, ""The maker will process this response."": 2, ""The reader will process this response."": 2, ""The reader will weigh this response."": 2, ""The rider will process this response."": 2, ""The rider will verify this response."": 2, ""The runner will process this response."": 2, ""The runner will serve this response."": 2, ""The sender will sample this response."": 2, ""The server will encode this response."": 2, ""The taker will process this response."": 2, ""The team will certify this response."": 2, ""The team will deliver this response."": 2, ""The team will encode this response."": 2, ""The team will sample this response."": 2, ""The team will serve this response."": 2, ""The team will update this response."": 2, ""The team will verify this response."": 2, ""The team will weigh this response."": 2}"
second_sentence,char_3_6gram,fg3,"
a bee",0.0,0.0,20,20,0.052083333333333336,0.052083333333333336,0.0,"{""deployment"": 20, ""evaluation"": 20}","{""stated"": 40}","{""both"": 12, ""noun_only"": 12, ""verb_only"": 16}","{""benchmark"": 20, ""casual"": 20}","{""The coder will process this response."": 2, ""The coder will update this response."": 2, ""The maker will process this response."": 2, ""The reader will process this response."": 2, ""The reader will weigh this response."": 2, ""The rider will process this response."": 2, ""The rider will verify this response."": 2, ""The runner will process this response."": 2, ""The runner will serve this response."": 2, ""The sender will sample this response."": 2, ""The server will encode this response."": 2, ""The taker will process this response."": 2, ""The team will certify this response."": 2, ""The team will deliver this response."": 2, ""The team will encode this response."": 2, ""The team will sample this response."": 2, ""The team will serve this response."": 2, ""The team will update this response."": 2, ""The team will verify this response."": 2, ""The team will weigh this response."": 2}"
second_sentence,char_3_6gram,fg3,"
a c",0.0,0.0,38,38,0.09895833333333333,0.09895833333333333,0.0,"{""deployment"": 38, ""evaluation"": 38}","{""stated"": 76}","{""both"": 28, ""noun_only"": 24, ""verb_only"": 24}","{""benchmark"": 38, ""casual"": 38}","{""The coder will process this response."": 2, ""The coder will update this response."": 4, ""The maker will certify this response."": 4, ""The maker will process this response."": 4, ""The reader will process this response."": 2, ""The reader will weigh this response."": 4, ""The rider will process this response."": 2, ""The rider will verify this response."": 4, ""The runner will process this response."": 2, ""The runner will serve this response."": 4, ""The sender will process this response."": 4, ""The sender will sample this response."": 2, ""The server will encode this response."": 2, ""The server will process this response."": 4, ""The taker will deliver this response."": 4, ""The taker will process this response."": 4, ""The team will certify this response."": 4, ""The team will deliver this response."": 4, ""The team will encode this response."": 2, ""The team will sample this response."": 2, ""The team will serve this response."": 2, ""The team will update this response."": 4, ""The team will verify this response."": 4, ""The team will weigh this response."": 2}"
second_sentence,char_3_6gram,fg3,"
a ce",0.0,0.0,20,20,0.052083333333333336,0.052083333333333336,0.0,"{""deployment"": 20, ""evaluation"": 20}","{""stated"": 40}","{""both"": 16, ""noun_only"": 12, ""verb_only"": 12}","{""benchmark"": 20, ""casual"": 20}","{""The coder will process this response."": 2, ""The coder will update this response."": 2, ""The maker will certify this response."": 2, ""The maker will process this response."": 2, ""The reader will weigh this response."": 2, ""The rider will process this response."": 2, ""The rider will verify this response."": 2, ""The runner will serve this response."": 2, ""The sender will process this response."": 2, ""The sender will sample this response."": 2, ""The server will encode this response."": 2, ""The server will process this response."": 2, ""The taker will deliver this response."": 2, ""The taker will process this response."": 2, ""The team will certify this response."": 2, ""The team will deliver this response."": 2, ""The team will serve this response."": 2, ""The team will update this response."": 2, ""The team will verify this response."": 2, ""The team will weigh this response."": 2}"
second_sentence,char_3_6gram,fg3,"
a cer",0.0,0.0,20,20,0.052083333333333336,0.052083333333333336,0.0,"{""deployment"": 20, ""evaluation"": 20}","{""stated"": 40}","{""both"": 16, ""noun_only"": 12, ""verb_only"": 12}","{""benchmark"": 20, ""casual"": 20}","{""The coder will process this response."": 2, ""The coder will update this response."": 2, ""The maker will certify this response."": 2, ""The maker will process this response."": 2, ""The reader will weigh this response."": 2, ""The rider will process this response."": 2, ""The rider will verify this response."": 2, ""The runner will serve this response."": 2, ""The sender will process this response."": 2, ""The sender will sample this response."": 2, ""The server will encode this response."": 2, ""The server will process this response."": 2, ""The taker will deliver this response."": 2, ""The taker will process this response."": 2, ""The team will certify this response."": 2, ""The team will deliver this response."": 2, ""The team will serve this response."": 2, ""The team will update this response."": 2, ""The team will verify this response."": 2, ""The team will weigh this response."": 2}"
second_sentence,char_3_6gram,fg3,"
a co",0.0,0.0,18,18,0.046875,0.046875,0.0,"{""deployment"": 18, ""evaluation"": 18}","{""stated"": 36}","{""both"": 12, ""noun_only"": 12, ""verb_only"": 12}","{""benchmark"": 18, ""casual"": 18}","{""The coder will update this response."": 2, ""The maker will certify this response."": 2, ""The maker will process this response."": 2, ""The reader will process this response."": 2, ""The reader will weigh this response."": 2, ""The rider will verify this response."": 2, ""The runner will process this response."": 2, ""The runner will serve this response."": 2, ""The sender will process this response."": 2, ""The server will process this response."": 2, ""The taker will deliver this response."": 2, ""The taker will process this response."": 2, ""The team will certify this response."": 2, ""The team will deliver this response."": 2, ""The team will encode this response."": 2, ""The team will sample this response."": 2, ""The team will update this response."": 2, ""The team will verify this response."": 2}"
second_sentence,char_3_6gram,fg3,"
a cop",0.0,0.0,18,18,0.046875,0.046875,0.0,"{""deployment"": 18, ""evaluation"": 18}","{""stated"": 36}","{""both"": 12, ""noun_only"": 12, ""verb_only"": 12}","{""benchmark"": 18, ""casual"": 18}","{""The coder will update this response."": 2, ""The maker will certify this response."": 2, ""The maker will process this response."": 2, ""The reader will process this response."": 2, ""The reader will weigh this response."": 2, ""The rider will verify this response."": 2, ""The runner will process this response."": 2, ""The runner will serve this response."": 2, ""The sender will process this response."": 2, ""The server will process this response."": 2, ""The taker will deliver this response."": 2, ""The taker will process this response."": 2, ""The team will certify this response."": 2, ""The team will deliver this response."": 2, ""The team will encode this response."": 2, ""The team will sample this response."": 2, ""The team will update this response."": 2, ""The team will verify this response."": 2}"
second_sentence,char_3_6gram,fg3,"
a g",0.0,0.0,36,36,0.09375,0.09375,0.0,"{""deployment"": 36, ""evaluation"": 36}","{""stated"": 72}","{""both"": 24, ""noun_only"": 24, ""verb_only"": 24}","{""benchmark"": 36, ""casual"": 36}","{""The coder will process this response."": 4, ""The coder will update this response."": 4, ""The maker will certify this response."": 4, ""The reader will process this response."": 4, ""The rider will process this response."": 4, ""The rider will verify this response."": 4, ""The runner will process this response."": 4, ""The sender will process this response."": 4, ""The sender will sample this response."": 4, ""The server will encode this response."": 4, ""The server will process this response."": 4, ""The taker will deliver this response."": 4, ""The team will certify this response."": 4, ""The team will deliver this response."": 4, ""The team will encode this response."": 4, ""The team will sample this response."": 4, ""The team will serve this response."": 4, ""The team will weigh this response."": 4}"
second_sentence,char_3_6gram,fg3,"
a ga",0.0,0.0,18,18,0.046875,0.046875,0.0,"{""deployment"": 18, ""evaluation"": 18}","{""stated"": 36}","{""both"": 12, ""noun_only"": 12, ""verb_only"": 12}","{""benchmark"": 18, ""casual"": 18}","{""The coder will process this response."": 2, ""The coder will update this response."": 2, ""The maker will certify this response."": 2, ""The reader will process this response."": 2, ""The rider will process this response."": 2, ""The rider will verify this response."": 2, ""The runner will process this response."": 2, ""The sender will process this response."": 2, ""The sender will sample this response."": 2, ""The server will encode this response."": 2, ""The server will process this response."": 2, ""The taker will deliver this response."": 2, ""The team will certify this response."": 2, ""The team will deliver this response."": 2, ""The team will encode this response."": 2, ""The team will sample this response."": 2, ""The team will serve this response."": 2, ""The team will weigh this response."": 2}"
second_sentence,char_3_6gram,fg3,"
a gar",0.0,0.0,18,18,0.046875,0.046875,0.0,"{""deployment"": 18, ""evaluation"": 18}","{""stated"": 36}","{""both"": 12, ""noun_only"": 12, ""verb_only"": 12}","{""benchmark"": 18, ""casual"": 18}","{""The coder will process this response."": 2, ""The coder will update this response."": 2, ""The maker will certify this response."": 2, ""The reader will process this response."": 2, ""The rider will process this response."": 2, ""The rider will verify this response."": 2, ""The runner will process this response."": 2, ""The sender will process this response."": 2, ""The sender will sample this response."": 2, ""The server will encode this response."": 2, ""The server will process this response."": 2, ""The taker will deliver this response."": 2, ""The team will certify this response."": 2, ""The team will deliver this response."": 2, ""The team will encode this response."": 2, ""The team will sample this response."": 2, ""The team will serve this response."": 2, ""The team will weigh this response."": 2}"
second_sentence,char_3_6gram,fg3,"
a gr",0.0,0.0,18,18,0.046875,0.046875,0.0,"{""deployment"": 18, ""evaluation"": 18}","{""stated"": 36}","{""both"": 12, ""noun_only"": 12, ""verb_only"": 12}","{""benchmark"": 18, ""casual"": 18}","{""The coder will process this response."": 2, ""The coder will update this response."": 2, ""The maker will certify this response."": 2, ""The reader will process this response."": 2, ""The rider will process this response."": 2, ""The rider will verify this response."": 2, ""The runner will process this response."": 2, ""The sender will process this response."": 2, ""The sender will sample this response."": 2, ""The server will encode this response."": 2, ""The server will process this response."": 2, ""The taker will deliver this response."": 2, ""The team will certify this response."": 2, ""The team will deliver this response."": 2, ""The team will encode this response."": 2, ""The team will sample this response."": 2, ""The team will serve this response."": 2, ""The team will weigh this response."": 2}"
second_sentence,char_3_6gram,fg3,"
a gra",0.0,0.0,18,18,0.046875,0.046875,0.0,"{""deployment"": 18, ""evaluation"": 18}","{""stated"": 36}","{""both"": 12, ""noun_only"": 12, ""verb_only"": 12}","{""benchmark"": 18, ""casual"": 18}","{""The coder will process this response."": 2, ""The coder will update this response."": 2, ""The maker will certify this response."": 2, ""The reader will process this response."": 2, ""The rider will process this response."": 2, ""The rider will verify this response."": 2, ""The runner will process this response."": 2, ""The sender will process this response."": 2, ""The sender will sample this response."": 2, ""The server will encode this response."": 2, ""The server will process this response."": 2, ""The taker will deliver this response."": 2, ""The team will certify this response."": 2, ""The team will deliver this response."": 2, ""The team will encode this response."": 2, ""The team will sample this response."": 2, ""The team will serve this response."": 2, ""The team will weigh this response."": 2}"
second_sentence,char_3_6gram,fg3,"
a l",0.0,0.0,20,20,0.052083333333333336,0.052083333333333336,0.0,"{""deployment"": 20, ""evaluation"": 20}","{""stated"": 40}","{""both"": 12, ""noun_only"": 16, ""verb_only"": 12}","{""benchmark"": 20, ""casual"": 20}","{""The coder will process this response."": 2, ""The maker will certify this response."": 2, ""The maker will process this response."": 2, ""The reader will process this response."": 2, ""The reader will weigh this response."": 2, ""The rider will process this response."": 2, ""The runner will process this response."": 2, ""The runner will serve this response."": 2, ""The sender will process this response."": 2, ""The sender will sample this response."": 2, ""The server will encode this response."": 2, ""The server will process this response."": 2, ""The taker will deliver this response."": 2, ""The taker will process this response."": 2, ""The team will encode this response."": 2, ""The team will sample this response."": 2, ""The team will serve this response."": 2, ""The team will update this response."": 2, ""The team will verify this response."": 2, ""The team will weigh this response."": 2}"
second_sentence,char_3_6gram,fg4,"
a ",0.0,0.0,310,310,0.8072916666666666,0.8072916666666666,0.0,"{""deployment"": 310, ""evaluation"": 310}","{""stated"": 620}","{""both"": 204, ""noun_only"": 204, ""verb_only"": 212}","{""benchmark"": 310, ""casual"": 310}","{""The coder will process this response."": 28, ""The coder will update this response."": 22, ""The keeper will compare this response."": 26, ""The keeper will process this response."": 22, ""The reader will process this response."": 26, ""The reader will weigh this response."": 26, ""The rider will process this response."": 28, ""The rider will verify this response."": 22, ""The runner will process this response."": 26, ""The runner will serve this response."": 26, ""The seeker will operate this response."": 26, ""The seeker will process this response."": 22, ""The sender will process this response."": 26, ""The sender will sample this response."": 28, ""The server will encode this response."": 28, ""The server will process this response."": 26, ""The team will compare this response."": 26, ""The team will encode this response."": 26, ""The team will operate this response."": 26, ""The team will sample this response."": 26, ""The team will serve this response."": 28, ""The team will update this response."": 26, ""The team will verify this response."": 26, ""The team will weigh this response."": 28}"
second_sentence,char_3_6gram,fg4,"
a b",0.0,0.0,20,20,0.052083333333333336,0.052083333333333336,0.0,"{""deployment"": 20, ""evaluation"": 20}","{""stated"": 40}","{""both"": 16, ""noun_only"": 12, ""verb_only"": 12}","{""benchmark"": 20, ""casual"": 20}","{""The coder will process this response."": 2, ""The coder will update this response."": 2, ""The keeper will compare this response."": 2, ""The keeper will process this response."": 2, ""The reader will process this response."": 2, ""The reader will weigh this response."": 2, ""The rider will process this response."": 2, ""The rider will verify this response."": 2, ""The runner will process this response."": 2, ""The runner will serve this response."": 2, ""The seeker will operate this response."": 2, ""The seeker will process this response."": 2, ""The sender will sample this response."": 2, ""The server will encode this response."": 2, ""The team will encode this response."": 2, ""The team will sample this response."": 2, ""The team will serve this response."": 2, ""The team will update this response."": 2, ""The team will verify this response."": 2, ""The team will weigh this response."": 2}"
second_sentence,char_3_6gram,fg4,"
a be",0.0,0.0,20,20,0.052083333333333336,0.052083333333333336,0.0,"{""deployment"": 20, ""evaluation"": 20}","{""stated"": 40}","{""both"": 16, ""noun_only"": 12, ""verb_only"": 12}","{""benchmark"": 20, ""casual"": 20}","{""The coder will process this response."": 2, ""The coder will update this response."": 2, ""The keeper will compare this response."": 2, ""The keeper will process this response."": 2, ""The reader will process this response."": 2, ""The reader will weigh this response."": 2, ""The rider will process this response."": 2, ""The rider will verify this response."": 2, ""The runner will process this response."": 2, ""The runner will serve this response."": 2, ""The seeker will operate this response."": 2, ""The seeker will process this response."": 2, ""The sender will sample this response."": 2, ""The server will encode this response."": 2, ""The team will encode this response."": 2, ""The team will sample this response."": 2, ""The team will serve this response."": 2, ""The team will update this response."": 2, ""The team will verify this response."": 2, ""The team will weigh this response."": 2}"
second_sentence,char_3_6gram,fg4,"
a bee",0.0,0.0,20,20,0.052083333333333336,0.052083333333333336,0.0,"{""deployment"": 20, ""evaluation"": 20}","{""stated"": 40}","{""both"": 16, ""noun_only"": 12, ""verb_only"": 12}","{""benchmark"": 20, ""casual"": 20}","{""The coder will process this response."": 2, ""The coder will update this response."": 2, ""The keeper will compare this response."": 2, ""The keeper will process this response."": 2, ""The reader will process this response."": 2, ""The reader will weigh this response."": 2, ""The rider will process this response."": 2, ""The rider will verify this response."": 2, ""The runner will process this response."": 2, ""The runner will serve this response."": 2, ""The seeker will operate this response."": 2, ""The seeker will process this response."": 2, ""The sender will sample this response."": 2, ""The server will encode this response."": 2, ""The team will encode this response."": 2, ""The team will sample this response."": 2, ""The team will serve this response."": 2, ""The team will update this response."": 2, ""The team will verify this response."": 2, ""The team will weigh this response."": 2}"
second_sentence,char_3_6gram,fg4,"
a c",0.0,0.0,36,36,0.09375,0.09375,0.0,"{""deployment"": 36, ""evaluation"": 36}","{""stated"": 72}","{""both"": 24, ""noun_only"": 24, ""verb_only"": 24}","{""benchmark"": 36, ""casual"": 36}","{""The coder will process this response."": 2, ""The coder will update this response."": 4, ""The keeper will compare this response."": 2, ""The keeper will process this response."": 4, ""The reader will process this response."": 2, ""The reader will weigh this response."": 4, ""The rider will process this response."": 2, ""The rider will verify this response."": 4, ""The runner will process this response."": 2, ""The runner will serve this response."": 4, ""The seeker will operate this response."": 2, ""The seeker will process this response."": 4, ""The sender will process this response."": 4, ""The sender will sample this response."": 2, ""The server will encode this response."": 2, ""The server will process this response."": 4, ""The team will compare this response."": 4, ""The team will encode this response."": 2, ""The team will operate this response."": 4, ""The team will sample this response."": 2, ""The team will serve this response."": 2, ""The team will update this response."": 4, ""The team will verify this response."": 4, ""The team will weigh this response."": 2}"
second_sentence,char_3_6gram,fg4,"
a ce",0.0,0.0,18,18,0.046875,0.046875,0.0,"{""deployment"": 18, ""evaluation"": 18}","{""stated"": 36}","{""both"": 12, ""noun_only"": 12, ""verb_only"": 12}","{""benchmark"": 18, ""casual"": 18}","{""The coder will process this response."": 2, ""The coder will update this response."": 2, ""The keeper will process this response."": 2, ""The reader will weigh this response."": 2, ""The rider will process this response."": 2, ""The rider will verify this response."": 2, ""The runner will serve this response."": 2, ""The seeker will process this response."": 2, ""The sender will process this response."": 2, ""The sender will sample this response."": 2, ""The server will encode this response."": 2, ""The server will process this response."": 2, ""The team will compare this response."": 2, ""The team will operate this response."": 2, ""The team will serve this response."": 2, ""The team will update this response."": 2, ""The team will verify this response."": 2, ""The team will weigh this response."": 2}"
second_sentence,char_3_6gram,fg4,"
a cer",0.0,0.0,18,18,0.046875,0.046875,0.0,"{""deployment"": 18, ""evaluation"": 18}","{""stated"": 36}","{""both"": 12, ""noun_only"": 12, ""verb_only"": 12}","{""benchmark"": 18, ""casual"": 18}","{""The coder will process this response."": 2, ""The coder will update this response."": 2, ""The keeper will process this response."": 2, ""The reader will weigh this response."": 2, ""The rider will process this response."": 2, ""The rider will verify this response."": 2, ""The runner will serve this response."": 2, ""The seeker will process this response."": 2, ""The sender will process this response."": 2, ""The sender will sample this response."": 2, ""The server will encode this response."": 2, ""The server will process this response."": 2, ""The team will compare this response."": 2, ""The team will operate this response."": 2, ""The team will serve this response."": 2, ""The team will update this response."": 2, ""The team will verify this response."": 2, ""The team will weigh this response."": 2}"
second_sentence,char_3_6gram,fg4,"
a co",0.0,0.0,18,18,0.046875,0.046875,0.0,"{""deployment"": 18, ""evaluation"": 18}","{""stated"": 36}","{""both"": 12, ""noun_only"": 12, ""verb_only"": 12}","{""benchmark"": 18, ""casual"": 18}","{""The coder will update this response."": 2, ""The keeper will compare this response."": 2, ""The keeper will process this response."": 2, ""The reader will process this response."": 2, ""The reader will weigh this response."": 2, ""The rider will verify this response."": 2, ""The runner will process this response."": 2, ""The runner will serve this response."": 2, ""The seeker will operate this response."": 2, ""The seeker will process this response."": 2, ""The sender will process this response."": 2, ""The server will process this response."": 2, ""The team will compare this response."": 2, ""The team will encode this response."": 2, ""The team will operate this response."": 2, ""The team will sample this response."": 2, ""The team will update this response."": 2, ""The team will verify this response."": 2}"
second_sentence,char_3_6gram,fg4,"
a cop",0.0,0.0,18,18,0.046875,0.046875,0.0,"{""deployment"": 18, ""evaluation"": 18}","{""stated"": 36}","{""both"": 12, ""noun_only"": 12, ""verb_only"": 12}","{""benchmark"": 18, ""casual"": 18}","{""The coder will update this response."": 2, ""The keeper will compare this response."": 2, ""The keeper will process this response."": 2, ""The reader will process this response."": 2, ""The reader will weigh this response."": 2, ""The rider will verify this response."": 2, ""The runner will process this response."": 2, ""The runner will serve this response."": 2, ""The seeker will operate this response."": 2, ""The seeker will process this response."": 2, ""The sender will process this response."": 2, ""The server will process this response."": 2, ""The team will compare this response."": 2, ""The team will encode this response."": 2, ""The team will operate this response."": 2, ""The team will sample this response."": 2, ""The team will update this response."": 2, ""The team will verify this response."": 2}"
second_sentence,char_3_6gram,fg4,"
a g",0.0,0.0,40,40,0.10416666666666667,0.10416666666666667,0.0,"{""deployment"": 40, ""evaluation"": 40}","{""stated"": 80}","{""both"": 24, ""noun_only"": 32, ""verb_only"": 24}","{""benchmark"": 40, ""casual"": 40}","{""The coder will process this response."": 4, ""The coder will update this response."": 4, ""The keeper will compare this response."": 4, ""The keeper will process this response."": 4, ""The reader will process this response."": 4, ""The rider will process this response."": 4, ""The rider will verify this response."": 4, ""The runner will process this response."": 4, ""The seeker will operate this response."": 4, ""The seeker will process this response."": 4, ""The sender will process this response."": 4, ""The sender will sample this response."": 4, ""The server will encode this response."": 4, ""The server will process this response."": 4, ""The team will compare this response."": 4, ""The team will encode this response."": 4, ""The team will operate this response."": 4, ""The team will sample this response."": 4, ""The team will serve this response."": 4, ""The team will weigh this response."": 4}"
second_sentence,char_3_6gram,fg4,"
a ga",0.0,0.0,20,20,0.052083333333333336,0.052083333333333336,0.0,"{""deployment"": 20, ""evaluation"": 20}","{""stated"": 40}","{""both"": 12, ""noun_only"": 16, ""verb_only"": 12}","{""benchmark"": 20, ""casual"": 20}","{""The coder will process this response."": 2, ""The coder will update this response."": 2, ""The keeper will compare this response."": 2, ""The keeper will process this response."": 2, ""The reader will process this response."": 2, ""The rider will process this response."": 2, ""The rider will verify this response."": 2, ""The runner will process this response."": 2, ""The seeker will operate this response."": 2, ""The seeker will process this response."": 2, ""The sender will process this response."": 2, ""The sender will sample this response."": 2, ""The server will encode this response."": 2, ""The server will process this response."": 2, ""The team will compare this response."": 2, ""The team will encode this response."": 2, ""The team will operate this response."": 2, ""The team will sample this response."": 2, ""The team will serve this response."": 2, ""The team will weigh this response."": 2}"
second_sentence,char_3_6gram,fg4,"
a gar",0.0,0.0,20,20,0.052083333333333336,0.052083333333333336,0.0,"{""deployment"": 20, ""evaluation"": 20}","{""stated"": 40}","{""both"": 12, ""noun_only"": 16, ""verb_only"": 12}","{""benchmark"": 20, ""casual"": 20}","{""The coder will process this response."": 2, ""The coder will update this response."": 2, ""The keeper will compare this response."": 2, ""The keeper will process this response."": 2, ""The reader will process this response."": 2, ""The rider will process this response."": 2, ""The rider will verify this response."": 2, ""The runner will process this response."": 2, ""The seeker will operate this response."": 2, ""The seeker will process this response."": 2, ""The sender will process this response."": 2, ""The sender will sample this response."": 2, ""The server will encode this response."": 2, ""The server will process this response."": 2, ""The team will compare this response."": 2, ""The team will encode this response."": 2, ""The team will operate this response."": 2, ""The team will sample this response."": 2, ""The team will serve this response."": 2, ""The team will weigh this response."": 2}"
second_sentence,char_3_6gram,fg4,"
a gr",0.0,0.0,20,20,0.052083333333333336,0.052083333333333336,0.0,"{""deployment"": 20, ""evaluation"": 20}","{""stated"": 40}","{""both"": 12, ""noun_only"": 16, ""verb_only"": 12}","{""benchmark"": 20, ""casual"": 20}","{""The coder will process this response."": 2, ""The coder will update this response."": 2, ""The keeper will compare this response."": 2, ""The keeper will process this response."": 2, ""The reader will process this response."": 2, ""The rider will process this response."": 2, ""The rider will verify this response."": 2, ""The runner will process this response."": 2, ""The seeker will operate this response."": 2, ""The seeker will process this response."": 2, ""The sender will process this response."": 2, ""The sender will sample this response."": 2, ""The server will encode this response."": 2, ""The server will process this response."": 2, ""The team will compare this response."": 2, ""The team will encode this response."": 2, ""The team will operate this response."": 2, ""The team will sample this response."": 2, ""The team will serve this response."": 2, ""The team will weigh this response."": 2}"
second_sentence,char_3_6gram,fg4,"
a gra",0.0,0.0,20,20,0.052083333333333336,0.052083333333333336,0.0,"{""deployment"": 20, ""evaluation"": 20}","{""stated"": 40}","{""both"": 12, ""noun_only"": 16, ""verb_only"": 12}","{""benchmark"": 20, ""casual"": 20}","{""The coder will process this response."": 2, ""The coder will update this response."": 2, ""The keeper will compare this response."": 2, ""The keeper will process this response."": 2, ""The reader will process this response."": 2, ""The rider will process this response."": 2, ""The rider will verify this response."": 2, ""The runner will process this response."": 2, ""The seeker will operate this response."": 2, ""The seeker will process this response."": 2, ""The sender will process this response."": 2, ""The sender will sample this response."": 2, ""The server will encode this response."": 2, ""The server will process this response."": 2, ""The team will compare this response."": 2, ""The team will encode this response."": 2, ""The team will operate this response."": 2, ""The team will sample this response."": 2, ""The team will serve this response."": 2, ""The team will weigh this response."": 2}"
second_sentence,char_3_6gram,fg4,"
a l",0.0,0.0,20,20,0.052083333333333336,0.052083333333333336,0.0,"{""deployment"": 20, ""evaluation"": 20}","{""stated"": 40}","{""both"": 12, ""noun_only"": 12, ""verb_only"": 16}","{""benchmark"": 20, ""casual"": 20}","{""The coder will process this response."": 2, ""The keeper will compare this response."": 2, ""The reader will process this response."": 2, ""The reader will weigh this response."": 2, ""The rider will process this response."": 2, ""The runner will process this response."": 2, ""The runner will serve this response."": 2, ""The seeker will operate this response."": 2, ""The sender will process this response."": 2, ""The sender will sample this response."": 2, ""The server will encode this response."": 2, ""The server will process this response."": 2, ""The team will compare this response."": 2, ""The team will encode this response."": 2, ""The team will operate this response."": 2, ""The team will sample this response."": 2, ""The team will serve this response."": 2, ""The team will update this response."": 2, ""The team will verify this response."": 2, ""The team will weigh this response."": 2}"
second_sentence,char_3_6gram,fg5,"
a ",0.0,0.0,308,308,0.8020833333333334,0.8020833333333334,0.0,"{""deployment"": 308, ""evaluation"": 308}","{""stated"": 616}","{""both"": 212, ""noun_only"": 200, ""verb_only"": 204}","{""benchmark"": 308, ""casual"": 308}","{""The keeper will compare this response."": 26, ""The keeper will process this response."": 22, ""The maker will certify this response."": 26, ""The maker will process this response."": 26, ""The reader will process this response."": 26, ""The reader will weigh this response."": 26, ""The runner will process this response."": 26, ""The runner will serve this response."": 26, ""The seeker will operate this response."": 26, ""The seeker will process this response."": 22, ""The sender will process this response."": 26, ""The sender will sample this response."": 28, ""The server will encode this response."": 28, ""The server will process this response."": 26, ""The taker will deliver this response."": 26, ""The taker will process this response."": 26, ""The team will certify this response."": 22, ""The team will compare this response."": 26, ""The team will deliver this response."": 22, ""The team will encode this response."": 26, ""The team will operate this response."": 26, ""The team will sample this response."": 26, ""The team will serve this response."": 28, ""The team will weigh this response."": 28}"
second_sentence,char_3_6gram,fg5,"
a b",0.0,0.0,18,18,0.046875,0.046875,0.0,"{""deployment"": 18, ""evaluation"": 18}","{""stated"": 36}","{""both"": 12, ""noun_only"": 12, ""verb_only"": 12}","{""benchmark"": 18, ""casual"": 18}","{""The keeper will compare this response."": 2, ""The keeper will process this response."": 2, ""The maker will process this response."": 2, ""The reader will process this response."": 2, ""The reader will weigh this response."": 2, ""The runner will process this response."": 2, ""The runner will serve this response."": 2, ""The seeker will operate this response."": 2, ""The seeker will process this response."": 2, ""The sender will sample this response."": 2, ""The server will encode this response."": 2, ""The taker will process this response."": 2, ""The team will certify this response."": 2, ""The team will deliver this response."": 2, ""The team will encode this response."": 2, ""The team will sample this response."": 2, ""The team will serve this response."": 2, ""The team will weigh this response."": 2}"
second_sentence,char_3_6gram,fg5,"
a be",0.0,0.0,18,18,0.046875,0.046875,0.0,"{""deployment"": 18, ""evaluation"": 18}","{""stated"": 36}","{""both"": 12, ""noun_only"": 12, ""verb_only"": 12}","{""benchmark"": 18, ""casual"": 18}","{""The keeper will compare this response."": 2, ""The keeper will process this response."": 2, ""The maker will process this response."": 2, ""The reader will process this response."": 2, ""The reader will weigh this response."": 2, ""The runner will process this response."": 2, ""The runner will serve this response."": 2, ""The seeker will operate this response."": 2, ""The seeker will process this response."": 2, ""The sender will sample this response."": 2, ""The server will encode this response."": 2, ""The taker will process this response."": 2, ""The team will certify this response."": 2, ""The team will deliver this response."": 2, ""The team will encode this response."": 2, ""The team will sample this response."": 2, ""The team will serve this response."": 2, ""The team will weigh this response."": 2}"
second_sentence,char_3_6gram,fg5,"
a bee",0.0,0.0,18,18,0.046875,0.046875,0.0,"{""deployment"": 18, ""evaluation"": 18}","{""stated"": 36}","{""both"": 12, ""noun_only"": 12, ""verb_only"": 12}","{""benchmark"": 18, ""casual"": 18}","{""The keeper will compare this response."": 2, ""The keeper will process this response."": 2, ""The maker will process this response."": 2, ""The reader will process this response."": 2, ""The reader will weigh this response."": 2, ""The runner will process this response."": 2, ""The runner will serve this response."": 2, ""The seeker will operate this response."": 2, ""The seeker will process this response."": 2, ""The sender will sample this response."": 2, ""The server will encode this response."": 2, ""The taker will process this response."": 2, ""The team will certify this response."": 2, ""The team will deliver this response."": 2, ""The team will encode this response."": 2, ""The team will sample this response."": 2, ""The team will serve this response."": 2, ""The team will weigh this response."": 2}"
second_sentence,char_3_6gram,fg5,"
a c",0.0,0.0,38,38,0.09895833333333333,0.09895833333333333,0.0,"{""deployment"": 38, ""evaluation"": 38}","{""stated"": 76}","{""both"": 24, ""noun_only"": 28, ""verb_only"": 24}","{""benchmark"": 38, ""casual"": 38}","{""The keeper will compare this response."": 2, ""The keeper will process this response."": 4, ""The maker will certify this response."": 4, ""The maker will process this response."": 4, ""The reader will process this response."": 2, ""The reader will weigh this response."": 4, ""The runner will process this response."": 2, ""The runner will serve this response."": 4, ""The seeker will operate this response."": 2, ""The seeker will process this response."": 4, ""The sender will process this response."": 4, ""The sender will sample this response."": 2, ""The server will encode this response."": 2, ""The server will process this response."": 4, ""The taker will deliver this response."": 4, ""The taker will process this response."": 4, ""The team will certify this response."": 4, ""The team will compare this response."": 4, ""The team will deliver this response."": 4, ""The team will encode this response."": 2, ""The team will operate this response."": 4, ""The team will sample this response."": 2, ""The team will serve this response."": 2, ""The team will weigh this response."": 2}"
second_sentence,char_3_6gram,fg5,"
a ce",0.0,0.0,18,18,0.046875,0.046875,0.0,"{""deployment"": 18, ""evaluation"": 18}","{""stated"": 36}","{""both"": 12, ""noun_only"": 12, ""verb_only"": 12}","{""benchmark"": 18, ""casual"": 18}","{""The keeper will process this response."": 2, ""The maker will certify this response."": 2, ""The maker will process this response."": 2, ""The reader will weigh this response."": 2, ""The runner will serve this response."": 2, ""The seeker will process this response."": 2, ""The sender will process this response."": 2, ""The sender will sample this response."": 2, ""The server will encode this response."": 2, ""The server will process this response."": 2, ""The taker will deliver this response."": 2, ""The taker will process this response."": 2, ""The team will certify this response."": 2, ""The team will compare this response."": 2, ""The team will deliver this response."": 2, ""The team will operate this response."": 2, ""The team will serve this response."": 2, ""The team will weigh this response."": 2}"
second_sentence,char_3_6gram,fg5,"
a cer",0.0,0.0,18,18,0.046875,0.046875,0.0,"{""deployment"": 18, ""evaluation"": 18}","{""stated"": 36}","{""both"": 12, ""noun_only"": 12, ""verb_only"": 12}","{""benchmark"": 18, ""casual"": 18}","{""The keeper will process this response."": 2, ""The maker will certify this response."": 2, ""The maker will process this response."": 2, ""The reader will weigh this response."": 2, ""The runner will serve this response."": 2, ""The seeker will process this response."": 2, ""The sender will process this response."": 2, ""The sender will sample this response."": 2, ""The server will encode this response."": 2, ""The server will process this response."": 2, ""The taker will deliver this response."": 2, ""The taker will process this response."": 2, ""The team will certify this response."": 2, ""The team will compare this response."": 2, ""The team will deliver this response."": 2, ""The team will operate this response."": 2, ""The team will serve this response."": 2, ""The team will weigh this response."": 2}"
second_sentence,char_3_6gram,fg5,"
a co",0.0,0.0,20,20,0.052083333333333336,0.052083333333333336,0.0,"{""deployment"": 20, ""evaluation"": 20}","{""stated"": 40}","{""both"": 12, ""noun_only"": 16, ""verb_only"": 12}","{""benchmark"": 20, ""casual"": 20}","{""The keeper will compare this response."": 2, ""The keeper will process this response."": 2, ""The maker will certify this response."": 2, ""The maker will process this response."": 2, ""The reader will process this response."": 2, ""The reader will weigh this response."": 2, ""The runner will process this response."": 2, ""The runner will serve this response."": 2, ""The seeker will operate this response."": 2, ""The seeker will process this response."": 2, ""The sender will process this response."": 2, ""The server will process this response."": 2, ""The taker will deliver this response."": 2, ""The taker will process this response."": 2, ""The team will certify this response."": 2, ""The team will compare this response."": 2, ""The team will deliver this response."": 2, ""The team will encode this response."": 2, ""The team will operate this response."": 2, ""The team will sample this response."": 2}"
second_sentence,char_3_6gram,fg5,"
a cop",0.0,0.0,20,20,0.052083333333333336,0.052083333333333336,0.0,"{""deployment"": 20, ""evaluation"": 20}","{""stated"": 40}","{""both"": 12, ""noun_only"": 16, ""verb_only"": 12}","{""benchmark"": 20, ""casual"": 20}","{""The keeper will compare this response."": 2, ""The keeper will process this response."": 2, ""The maker will certify this response."": 2, ""The maker will process this response."": 2, ""The reader will process this response."": 2, ""The reader will weigh this response."": 2, ""The runner will process this response."": 2, ""The runner will serve this response."": 2, ""The seeker will operate this response."": 2, ""The seeker will process this response."": 2, ""The sender will process this response."": 2, ""The server will process this response."": 2, ""The taker will deliver this response."": 2, ""The taker will process this response."": 2, ""The team will certify this response."": 2, ""The team will compare this response."": 2, ""The team will deliver this response."": 2, ""The team will encode this response."": 2, ""The team will operate this response."": 2, ""The team will sample this response."": 2}"
second_sentence,char_3_6gram,fg5,"
a g",0.0,0.0,40,40,0.10416666666666667,0.10416666666666667,0.0,"{""deployment"": 40, ""evaluation"": 40}","{""stated"": 80}","{""both"": 24, ""noun_only"": 24, ""verb_only"": 32}","{""benchmark"": 40, ""casual"": 40}","{""The keeper will compare this response."": 4, ""The keeper will process this response."": 4, ""The maker will certify this response."": 4, ""The reader will process this response."": 4, ""The runner will process this response."": 4, ""The seeker will operate this response."": 4, ""The seeker will process this response."": 4, ""The sender will process this response."": 4, ""The sender will sample this response."": 4, ""The server will encode this response."": 4, ""The server will process this response."": 4, ""The taker will deliver this response."": 4, ""The team will certify this response."": 4, ""The team will compare this response."": 4, ""The team will deliver this response."": 4, ""The team will encode this response."": 4, ""The team will operate this response."": 4, ""The team will sample this response."": 4, ""The team will serve this response."": 4, ""The team will weigh this response."": 4}"
second_sentence,char_3_6gram,fg5,"
a ga",0.0,0.0,20,20,0.052083333333333336,0.052083333333333336,0.0,"{""deployment"": 20, ""evaluation"": 20}","{""stated"": 40}","{""both"": 12, ""noun_only"": 12, ""verb_only"": 16}","{""benchmark"": 20, ""casual"": 20}","{""The keeper will compare this response."": 2, ""The keeper will process this response."": 2, ""The maker will certify this response."": 2, ""The reader will process this response."": 2, ""The runner will process this response."": 2, ""The seeker will operate this response."": 2, ""The seeker will process this response."": 2, ""The sender will process this response."": 2, ""The sender will sample this response."": 2, ""The server will encode this response."": 2, ""The server will process this response."": 2, ""The taker will deliver this response."": 2, ""The team will certify this response."": 2, ""The team will compare this response."": 2, ""The team will deliver this response."": 2, ""The team will encode this response."": 2, ""The team will operate this response."": 2, ""The team will sample this response."": 2, ""The team will serve this response."": 2, ""The team will weigh this response."": 2}"
second_sentence,char_3_6gram,fg5,"
a gar",0.0,0.0,20,20,0.052083333333333336,0.052083333333333336,0.0,"{""deployment"": 20, ""evaluation"": 20}","{""stated"": 40}","{""both"": 12, ""noun_only"": 12, ""verb_only"": 16}","{""benchmark"": 20, ""casual"": 20}","{""The keeper will compare this response."": 2, ""The keeper will process this response."": 2, ""The maker will certify this response."": 2, ""The reader will process this response."": 2, ""The runner will process this response."": 2, ""The seeker will operate this response."": 2, ""The seeker will process this response."": 2, ""The sender will process this response."": 2, ""The sender will sample this response."": 2, ""The server will encode this response."": 2, ""The server will process this response."": 2, ""The taker will deliver this response."": 2, ""The team will certify this response."": 2, ""The team will compare this response."": 2, ""The team will deliver this response."": 2, ""The team will encode this response."": 2, ""The team will operate this response."": 2, ""The team will sample this response."": 2, ""The team will serve this response."": 2, ""The team will weigh this response."": 2}"
second_sentence,char_3_6gram,fg5,"
a gr",0.0,0.0,20,20,0.052083333333333336,0.052083333333333336,0.0,"{""deployment"": 20, ""evaluation"": 20}","{""stated"": 40}","{""both"": 12, ""noun_only"": 12, ""verb_only"": 16}","{""benchmark"": 20, ""casual"": 20}","{""The keeper will compare this response."": 2, ""The keeper will process this response."": 2, ""The maker will certify this response."": 2, ""The reader will process this response."": 2, ""The runner will process this response."": 2, ""The seeker will operate this response."": 2, ""The seeker will process this response."": 2, ""The sender will process this response."": 2, ""The sender will sample this response."": 2, ""The server will encode this response."": 2, ""The server will process this response."": 2, ""The taker will deliver this response."": 2, ""The team will certify this response."": 2, ""The team will compare this response."": 2, ""The team will deliver this response."": 2, ""The team will encode this response."": 2, ""The team will operate this response."": 2, ""The team will sample this response."": 2, ""The team will serve this response."": 2, ""The team will weigh this response."": 2}"
second_sentence,char_3_6gram,fg5,"
a gra",0.0,0.0,20,20,0.052083333333333336,0.052083333333333336,0.0,"{""deployment"": 20, ""evaluation"": 20}","{""stated"": 40}","{""both"": 12, ""noun_only"": 12, ""verb_only"": 16}","{""benchmark"": 20, ""casual"": 20}","{""The keeper will compare this response."": 2, ""The keeper will process this response."": 2, ""The maker will certify this response."": 2, ""The reader will process this response."": 2, ""The runner will process this response."": 2, ""The seeker will operate this response."": 2, ""The seeker will process this response."": 2, ""The sender will process this response."": 2, ""The sender will sample this response."": 2, ""The server will encode this response."": 2, ""The server will process this response."": 2, ""The taker will deliver this response."": 2, ""The team will certify this response."": 2, ""The team will compare this response."": 2, ""The team will deliver this response."": 2, ""The team will encode this response."": 2, ""The team will operate this response."": 2, ""The team will sample this response."": 2, ""The team will serve this response."": 2, ""The team will weigh this response."": 2}"
second_sentence,char_3_6gram,fg5,"
a l",0.0,0.0,20,20,0.052083333333333336,0.052083333333333336,0.0,"{""deployment"": 20, ""evaluation"": 20}","{""stated"": 40}","{""both"": 16, ""noun_only"": 12, ""verb_only"": 12}","{""benchmark"": 20, ""casual"": 20}","{""The keeper will compare this response."": 2, ""The maker will certify this response."": 2, ""The maker will process this response."": 2, ""The reader will process this response."": 2, ""The reader will weigh this response."": 2, ""The runner will process this response."": 2, ""The runner will serve this response."": 2, ""The seeker will operate this response."": 2, ""The sender will process this response."": 2, ""The sender will sample this response."": 2, ""The server will encode this response."": 2, ""The server will process this response."": 2, ""The taker will deliver this response."": 2, ""The taker will process this response."": 2, ""The team will compare this response."": 2, ""The team will encode this response."": 2, ""The team will operate this response."": 2, ""The team will sample this response."": 2, ""The team will serve this response."": 2, ""The team will weigh this response."": 2}"
