model_id,payload_block_id,family,control_seed,alpha,depth,endpoint,point
meta-llama/Llama-3.1-8B-Instruct,pb_t001_08,C,,1.0,high_interaction,interaction,0.7224460135850826
meta-llama/Llama-3.1-8B-Instruct,pb_t001_08,C,,1.0,low_interaction,interaction,0.004361479654038216
meta-llama/Llama-3.1-8B-Instruct,pb_t001_08,C_high_minus_low,,1.0,high_minus_low,interaction,0.7180845339310444
meta-llama/Llama-3.1-8B-Instruct,pb_t001_08,C_high_minus_low,,0.5,high_minus_low,interaction,0.36268833582058563
meta-llama/Llama-3.1-8B-Instruct,pb_t001_10,C,,1.0,high_interaction,interaction,0.6739264037589838
meta-llama/Llama-3.1-8B-Instruct,pb_t001_10,C,,1.0,low_interaction,interaction,0.0006563047210078948
meta-llama/Llama-3.1-8B-Instruct,pb_t001_10,C_high_minus_low,,1.0,high_minus_low,interaction,0.673270099037976
meta-llama/Llama-3.1-8B-Instruct,pb_t001_10,C_high_minus_low,,0.5,high_minus_low,interaction,0.3345875205033951
meta-llama/Llama-3.1-8B-Instruct,pb_t001_11,C,,1.0,high_interaction,interaction,0.7519712766103628
meta-llama/Llama-3.1-8B-Instruct,pb_t001_11,C,,1.0,low_interaction,interaction,0.0031682818179758856
meta-llama/Llama-3.1-8B-Instruct,pb_t001_11,C_high_minus_low,,1.0,high_minus_low,interaction,0.7488029947923869
meta-llama/Llama-3.1-8B-Instruct,pb_t001_11,C_high_minus_low,,0.5,high_minus_low,interaction,0.37128675552277246
meta-llama/Llama-3.1-8B-Instruct,pb_t001_12,C,,1.0,high_interaction,interaction,0.798058666505324
meta-llama/Llama-3.1-8B-Instruct,pb_t001_12,C,,1.0,low_interaction,interaction,0.003716810789937453
meta-llama/Llama-3.1-8B-Instruct,pb_t001_12,C_high_minus_low,,1.0,high_minus_low,interaction,0.7943418557153865
meta-llama/Llama-3.1-8B-Instruct,pb_t001_12,C_high_minus_low,,0.5,high_minus_low,interaction,0.396005994671773
meta-llama/Llama-3.1-8B-Instruct,pb_t001_15,C,,1.0,high_interaction,interaction,0.7644705464548563
meta-llama/Llama-3.1-8B-Instruct,pb_t001_15,C,,1.0,low_interaction,interaction,-0.0003191085932894424
meta-llama/Llama-3.1-8B-Instruct,pb_t001_15,C_high_minus_low,,1.0,high_minus_low,interaction,0.7647896550481458
meta-llama/Llama-3.1-8B-Instruct,pb_t001_15,C_high_minus_low,,0.5,high_minus_low,interaction,0.3822822400341618
meta-llama/Llama-3.1-8B-Instruct,pb_t002_08,C,,1.0,high_interaction,interaction,0.7856611859606897
meta-llama/Llama-3.1-8B-Instruct,pb_t002_08,C,,1.0,low_interaction,interaction,-0.00215353516364424
meta-llama/Llama-3.1-8B-Instruct,pb_t002_08,C_high_minus_low,,1.0,high_minus_low,interaction,0.7878147211243339
meta-llama/Llama-3.1-8B-Instruct,pb_t002_08,C_high_minus_low,,0.5,high_minus_low,interaction,0.3960081800554148
meta-llama/Llama-3.1-8B-Instruct,pb_t002_16,C,,1.0,high_interaction,interaction,0.7820631704936781
meta-llama/Llama-3.1-8B-Instruct,pb_t002_16,C,,1.0,low_interaction,interaction,0.0029289790596374737
meta-llama/Llama-3.1-8B-Instruct,pb_t002_16,C_high_minus_low,,1.0,high_minus_low,interaction,0.7791341914340406
meta-llama/Llama-3.1-8B-Instruct,pb_t002_16,C_high_minus_low,,0.5,high_minus_low,interaction,0.3940187595461522
meta-llama/Llama-3.1-8B-Instruct,pb_t002_17,C,,1.0,high_interaction,interaction,0.7447442393123818
meta-llama/Llama-3.1-8B-Instruct,pb_t002_17,C,,1.0,low_interaction,interaction,0.0022668638505690237
meta-llama/Llama-3.1-8B-Instruct,pb_t002_17,C_high_minus_low,,1.0,high_minus_low,interaction,0.7424773754618127
meta-llama/Llama-3.1-8B-Instruct,pb_t002_17,C_high_minus_low,,0.5,high_minus_low,interaction,0.37173366007834663
meta-llama/Llama-3.1-8B-Instruct,pb_t002_18,C,,1.0,high_interaction,interaction,0.743556504998979
meta-llama/Llama-3.1-8B-Instruct,pb_t002_18,C,,1.0,low_interaction,interaction,-0.0010123048425982508
meta-llama/Llama-3.1-8B-Instruct,pb_t002_18,C_high_minus_low,,1.0,high_minus_low,interaction,0.7445688098415773
meta-llama/Llama-3.1-8B-Instruct,pb_t002_18,C_high_minus_low,,0.5,high_minus_low,interaction,0.3686662887124722
meta-llama/Llama-3.1-8B-Instruct,pb_t002_20,C,,1.0,high_interaction,interaction,0.7592698447105274
meta-llama/Llama-3.1-8B-Instruct,pb_t002_20,C,,1.0,low_interaction,interaction,-0.0038669591369339304
meta-llama/Llama-3.1-8B-Instruct,pb_t002_20,C_high_minus_low,,1.0,high_minus_low,interaction,0.7631368038474613
meta-llama/Llama-3.1-8B-Instruct,pb_t002_20,C_high_minus_low,,0.5,high_minus_low,interaction,0.3818465578287323
meta-llama/Llama-3.1-8B-Instruct,pb_t004_10,C,,1.0,high_interaction,interaction,0.7520559869741685
meta-llama/Llama-3.1-8B-Instruct,pb_t004_10,C,,1.0,low_interaction,interaction,0.0002903429076786159
meta-llama/Llama-3.1-8B-Instruct,pb_t004_10,C_high_minus_low,,1.0,high_minus_low,interaction,0.7517656440664899
meta-llama/Llama-3.1-8B-Instruct,pb_t004_10,C_high_minus_low,,0.5,high_minus_low,interaction,0.3735637021094221
meta-llama/Llama-3.1-8B-Instruct,pb_t004_11,C,,1.0,high_interaction,interaction,0.8580074149142373
meta-llama/Llama-3.1-8B-Instruct,pb_t004_11,C,,1.0,low_interaction,interaction,0.004670098672279733
meta-llama/Llama-3.1-8B-Instruct,pb_t004_11,C_high_minus_low,,1.0,high_minus_low,interaction,0.8533373162419575
meta-llama/Llama-3.1-8B-Instruct,pb_t004_11,C_high_minus_low,,0.5,high_minus_low,interaction,0.42370781659118606
meta-llama/Llama-3.1-8B-Instruct,pb_t004_13,C,,1.0,high_interaction,interaction,0.7789945113680597
meta-llama/Llama-3.1-8B-Instruct,pb_t004_13,C,,1.0,low_interaction,interaction,-0.00016245561410090556
meta-llama/Llama-3.1-8B-Instruct,pb_t004_13,C_high_minus_low,,1.0,high_minus_low,interaction,0.7791569669821606
meta-llama/Llama-3.1-8B-Instruct,pb_t004_13,C_high_minus_low,,0.5,high_minus_low,interaction,0.39097973004644626
meta-llama/Llama-3.1-8B-Instruct,pb_t004_17,C,,1.0,high_interaction,interaction,0.7252550597205497
meta-llama/Llama-3.1-8B-Instruct,pb_t004_17,C,,1.0,low_interaction,interaction,-0.0015449007601957443
meta-llama/Llama-3.1-8B-Instruct,pb_t004_17,C_high_minus_low,,1.0,high_minus_low,interaction,0.7267999604807455
meta-llama/Llama-3.1-8B-Instruct,pb_t004_17,C_high_minus_low,,0.5,high_minus_low,interaction,0.3620890315483167
meta-llama/Llama-3.1-8B-Instruct,pb_t004_20,C,,1.0,high_interaction,interaction,0.7128003387430256
meta-llama/Llama-3.1-8B-Instruct,pb_t004_20,C,,1.0,low_interaction,interaction,0.007326765632086542
meta-llama/Llama-3.1-8B-Instruct,pb_t004_20,C_high_minus_low,,1.0,high_minus_low,interaction,0.7054735731109391
meta-llama/Llama-3.1-8B-Instruct,pb_t004_20,C_high_minus_low,,0.5,high_minus_low,interaction,0.35162800495273494
meta-llama/Llama-3.1-8B-Instruct,pb_t006_09,C,,1.0,high_interaction,interaction,0.7712375434395465
meta-llama/Llama-3.1-8B-Instruct,pb_t006_09,C,,1.0,low_interaction,interaction,0.0007095204747267049
meta-llama/Llama-3.1-8B-Instruct,pb_t006_09,C_high_minus_low,,1.0,high_minus_low,interaction,0.7705280229648198
meta-llama/Llama-3.1-8B-Instruct,pb_t006_09,C_high_minus_low,,0.5,high_minus_low,interaction,0.3869324202443136
meta-llama/Llama-3.1-8B-Instruct,pb_t006_10,C,,1.0,high_interaction,interaction,0.7600440683726507
meta-llama/Llama-3.1-8B-Instruct,pb_t006_10,C,,1.0,low_interaction,interaction,0.000420824689595152
meta-llama/Llama-3.1-8B-Instruct,pb_t006_10,C_high_minus_low,,1.0,high_minus_low,interaction,0.7596232436830556
meta-llama/Llama-3.1-8B-Instruct,pb_t006_10,C_high_minus_low,,0.5,high_minus_low,interaction,0.3760671026297678
meta-llama/Llama-3.1-8B-Instruct,pb_t006_12,C,,1.0,high_interaction,interaction,0.7885160863479742
meta-llama/Llama-3.1-8B-Instruct,pb_t006_12,C,,1.0,low_interaction,interaction,0.0006755258437347681
meta-llama/Llama-3.1-8B-Instruct,pb_t006_12,C_high_minus_low,,1.0,high_minus_low,interaction,0.7878405605042395
meta-llama/Llama-3.1-8B-Instruct,pb_t006_12,C_high_minus_low,,0.5,high_minus_low,interaction,0.3957254392103076
meta-llama/Llama-3.1-8B-Instruct,pb_t006_18,C,,1.0,high_interaction,interaction,0.746861435595329
meta-llama/Llama-3.1-8B-Instruct,pb_t006_18,C,,1.0,low_interaction,interaction,0.0027023662294712973
meta-llama/Llama-3.1-8B-Instruct,pb_t006_18,C_high_minus_low,,1.0,high_minus_low,interaction,0.7441590693658577
meta-llama/Llama-3.1-8B-Instruct,pb_t006_18,C_high_minus_low,,0.5,high_minus_low,interaction,0.3739310907956807
meta-llama/Llama-3.1-8B-Instruct,pb_t006_19,C,,1.0,high_interaction,interaction,0.7313470514801605
meta-llama/Llama-3.1-8B-Instruct,pb_t006_19,C,,1.0,low_interaction,interaction,-0.00015968754132331467
meta-llama/Llama-3.1-8B-Instruct,pb_t006_19,C_high_minus_low,,1.0,high_minus_low,interaction,0.7315067390214839
meta-llama/Llama-3.1-8B-Instruct,pb_t006_19,C_high_minus_low,,0.5,high_minus_low,interaction,0.36648053845552625
meta-llama/Llama-3.1-8B-Instruct,pb_t007_09,C,,1.0,high_interaction,interaction,0.7766624630033979
meta-llama/Llama-3.1-8B-Instruct,pb_t007_09,C,,1.0,low_interaction,interaction,0.001393596642987607
meta-llama/Llama-3.1-8B-Instruct,pb_t007_09,C_high_minus_low,,1.0,high_minus_low,interaction,0.7752688663604103
meta-llama/Llama-3.1-8B-Instruct,pb_t007_09,C_high_minus_low,,0.5,high_minus_low,interaction,0.38831723883623076
meta-llama/Llama-3.1-8B-Instruct,pb_t007_10,C,,1.0,high_interaction,interaction,0.8272716079554564
meta-llama/Llama-3.1-8B-Instruct,pb_t007_10,C,,1.0,low_interaction,interaction,0.0032598386315009675
meta-llama/Llama-3.1-8B-Instruct,pb_t007_10,C_high_minus_low,,1.0,high_minus_low,interaction,0.8240117693239555
meta-llama/Llama-3.1-8B-Instruct,pb_t007_10,C_high_minus_low,,0.5,high_minus_low,interaction,0.41725363907782537
meta-llama/Llama-3.1-8B-Instruct,pb_t007_16,C,,1.0,high_interaction,interaction,0.7428544485381797
meta-llama/Llama-3.1-8B-Instruct,pb_t007_16,C,,1.0,low_interaction,interaction,0.0004514844877210947
meta-llama/Llama-3.1-8B-Instruct,pb_t007_16,C_high_minus_low,,1.0,high_minus_low,interaction,0.7424029640504586
meta-llama/Llama-3.1-8B-Instruct,pb_t007_16,C_high_minus_low,,0.5,high_minus_low,interaction,0.36888093426613006
meta-llama/Llama-3.1-8B-Instruct,pb_t007_17,C,,1.0,high_interaction,interaction,0.6962682298290487
meta-llama/Llama-3.1-8B-Instruct,pb_t007_17,C,,1.0,low_interaction,interaction,0.0030379273378308732
meta-llama/Llama-3.1-8B-Instruct,pb_t007_17,C_high_minus_low,,1.0,high_minus_low,interaction,0.6932303024912178
meta-llama/Llama-3.1-8B-Instruct,pb_t007_17,C_high_minus_low,,0.5,high_minus_low,interaction,0.34957383350798826
meta-llama/Llama-3.1-8B-Instruct,pb_t007_19,C,,1.0,high_interaction,interaction,0.6682936490593164
meta-llama/Llama-3.1-8B-Instruct,pb_t007_19,C,,1.0,low_interaction,interaction,0.002982066628818114
meta-llama/Llama-3.1-8B-Instruct,pb_t007_19,C_high_minus_low,,1.0,high_minus_low,interaction,0.6653115824304983
meta-llama/Llama-3.1-8B-Instruct,pb_t007_19,C_high_minus_low,,0.5,high_minus_low,interaction,0.3304920262707892
meta-llama/Llama-3.1-8B-Instruct,pb_t008_09,C,,1.0,high_interaction,interaction,0.7468658342726244
meta-llama/Llama-3.1-8B-Instruct,pb_t008_09,C,,1.0,low_interaction,interaction,0.0005033072456014093
meta-llama/Llama-3.1-8B-Instruct,pb_t008_09,C_high_minus_low,,1.0,high_minus_low,interaction,0.746362527027023
meta-llama/Llama-3.1-8B-Instruct,pb_t008_09,C_high_minus_low,,0.5,high_minus_low,interaction,0.3766924834699182
meta-llama/Llama-3.1-8B-Instruct,pb_t008_11,C,,1.0,high_interaction,interaction,0.7340183265013579
meta-llama/Llama-3.1-8B-Instruct,pb_t008_11,C,,1.0,low_interaction,interaction,0.0032689554275100695
meta-llama/Llama-3.1-8B-Instruct,pb_t008_11,C_high_minus_low,,1.0,high_minus_low,interaction,0.7307493710738479
meta-llama/Llama-3.1-8B-Instruct,pb_t008_11,C_high_minus_low,,0.5,high_minus_low,interaction,0.3663016549707503
meta-llama/Llama-3.1-8B-Instruct,pb_t008_16,C,,1.0,high_interaction,interaction,0.6758791092457991
meta-llama/Llama-3.1-8B-Instruct,pb_t008_16,C,,1.0,low_interaction,interaction,0.0005248857173539853
meta-llama/Llama-3.1-8B-Instruct,pb_t008_16,C_high_minus_low,,1.0,high_minus_low,interaction,0.6753542235284451
meta-llama/Llama-3.1-8B-Instruct,pb_t008_16,C_high_minus_low,,0.5,high_minus_low,interaction,0.3377352777514192
meta-llama/Llama-3.1-8B-Instruct,pb_t008_17,C,,1.0,high_interaction,interaction,0.6821655040793141
meta-llama/Llama-3.1-8B-Instruct,pb_t008_17,C,,1.0,low_interaction,interaction,0.00585371317096443
meta-llama/Llama-3.1-8B-Instruct,pb_t008_17,C_high_minus_low,,1.0,high_minus_low,interaction,0.6763117909083497
meta-llama/Llama-3.1-8B-Instruct,pb_t008_17,C_high_minus_low,,0.5,high_minus_low,interaction,0.3369858650510058
meta-llama/Llama-3.1-8B-Instruct,pb_t008_20,C,,1.0,high_interaction,interaction,0.7878104420792184
meta-llama/Llama-3.1-8B-Instruct,pb_t008_20,C,,1.0,low_interaction,interaction,-0.00019868458410950084
meta-llama/Llama-3.1-8B-Instruct,pb_t008_20,C_high_minus_low,,1.0,high_minus_low,interaction,0.7880091266633279
meta-llama/Llama-3.1-8B-Instruct,pb_t008_20,C_high_minus_low,,0.5,high_minus_low,interaction,0.3938128468129177
meta-llama/Llama-3.1-8B-Instruct,pb_t009_07,C,,1.0,high_interaction,interaction,0.7091112373303651
meta-llama/Llama-3.1-8B-Instruct,pb_t009_07,C,,1.0,low_interaction,interaction,0.00339970627938395
meta-llama/Llama-3.1-8B-Instruct,pb_t009_07,C_high_minus_low,,1.0,high_minus_low,interaction,0.7057115310509812
meta-llama/Llama-3.1-8B-Instruct,pb_t009_07,C_high_minus_low,,0.5,high_minus_low,interaction,0.35011434438416744
meta-llama/Llama-3.1-8B-Instruct,pb_t009_12,C,,1.0,high_interaction,interaction,0.6822517086910809
meta-llama/Llama-3.1-8B-Instruct,pb_t009_12,C,,1.0,low_interaction,interaction,-0.0022878247789851532
meta-llama/Llama-3.1-8B-Instruct,pb_t009_12,C_high_minus_low,,1.0,high_minus_low,interaction,0.684539533470066
meta-llama/Llama-3.1-8B-Instruct,pb_t009_12,C_high_minus_low,,0.5,high_minus_low,interaction,0.3393270277371206
meta-llama/Llama-3.1-8B-Instruct,pb_t009_15,C,,1.0,high_interaction,interaction,0.7497854313124858
meta-llama/Llama-3.1-8B-Instruct,pb_t009_15,C,,1.0,low_interaction,interaction,-0.0034638511451879927
meta-llama/Llama-3.1-8B-Instruct,pb_t009_15,C_high_minus_low,,1.0,high_minus_low,interaction,0.7532492824576738
meta-llama/Llama-3.1-8B-Instruct,pb_t009_15,C_high_minus_low,,0.5,high_minus_low,interaction,0.3777941361236855
meta-llama/Llama-3.1-8B-Instruct,pb_t009_17,C,,1.0,high_interaction,interaction,0.7935110313145749
meta-llama/Llama-3.1-8B-Instruct,pb_t009_17,C,,1.0,low_interaction,interaction,0.0014393469267608382
meta-llama/Llama-3.1-8B-Instruct,pb_t009_17,C_high_minus_low,,1.0,high_minus_low,interaction,0.7920716843878141
meta-llama/Llama-3.1-8B-Instruct,pb_t009_17,C_high_minus_low,,0.5,high_minus_low,interaction,0.3962127017631578
meta-llama/Llama-3.1-8B-Instruct,pb_t009_19,C,,1.0,high_interaction,interaction,0.7262704941495605
meta-llama/Llama-3.1-8B-Instruct,pb_t009_19,C,,1.0,low_interaction,interaction,-0.004220644545546596
meta-llama/Llama-3.1-8B-Instruct,pb_t009_19,C_high_minus_low,,1.0,high_minus_low,interaction,0.7304911386951071
meta-llama/Llama-3.1-8B-Instruct,pb_t009_19,C_high_minus_low,,0.5,high_minus_low,interaction,0.3634663407834198
meta-llama/Llama-3.1-8B-Instruct,pb_t010_09,C,,1.0,high_interaction,interaction,0.7527127607106889
meta-llama/Llama-3.1-8B-Instruct,pb_t010_09,C,,1.0,low_interaction,interaction,0.0012720160473499765
meta-llama/Llama-3.1-8B-Instruct,pb_t010_09,C_high_minus_low,,1.0,high_minus_low,interaction,0.751440744663339
meta-llama/Llama-3.1-8B-Instruct,pb_t010_09,C_high_minus_low,,0.5,high_minus_low,interaction,0.37561596259108804
meta-llama/Llama-3.1-8B-Instruct,pb_t010_12,C,,1.0,high_interaction,interaction,0.7431138428902662
meta-llama/Llama-3.1-8B-Instruct,pb_t010_12,C,,1.0,low_interaction,interaction,-0.0011018009947018914
meta-llama/Llama-3.1-8B-Instruct,pb_t010_12,C_high_minus_low,,1.0,high_minus_low,interaction,0.7442156438849681
meta-llama/Llama-3.1-8B-Instruct,pb_t010_12,C_high_minus_low,,0.5,high_minus_low,interaction,0.37169707996401746
meta-llama/Llama-3.1-8B-Instruct,pb_t010_17,C,,1.0,high_interaction,interaction,0.7022246065956196
meta-llama/Llama-3.1-8B-Instruct,pb_t010_17,C,,1.0,low_interaction,interaction,0.0026704170105086417
meta-llama/Llama-3.1-8B-Instruct,pb_t010_17,C_high_minus_low,,1.0,high_minus_low,interaction,0.699554189585111
meta-llama/Llama-3.1-8B-Instruct,pb_t010_17,C_high_minus_low,,0.5,high_minus_low,interaction,0.3515874298177515
meta-llama/Llama-3.1-8B-Instruct,pb_t010_19,C,,1.0,high_interaction,interaction,0.7513894809311
meta-llama/Llama-3.1-8B-Instruct,pb_t010_19,C,,1.0,low_interaction,interaction,-0.002936416797709599
meta-llama/Llama-3.1-8B-Instruct,pb_t010_19,C_high_minus_low,,1.0,high_minus_low,interaction,0.7543258977288096
meta-llama/Llama-3.1-8B-Instruct,pb_t010_19,C_high_minus_low,,0.5,high_minus_low,interaction,0.3735794407999181
meta-llama/Llama-3.1-8B-Instruct,pb_t010_20,C,,1.0,high_interaction,interaction,0.7573665344909766
meta-llama/Llama-3.1-8B-Instruct,pb_t010_20,C,,1.0,low_interaction,interaction,-0.0023709858625899356
meta-llama/Llama-3.1-8B-Instruct,pb_t010_20,C_high_minus_low,,1.0,high_minus_low,interaction,0.7597375203535665
meta-llama/Llama-3.1-8B-Instruct,pb_t010_20,C_high_minus_low,,0.5,high_minus_low,interaction,0.37671376772060633
meta-llama/Llama-3.1-8B-Instruct,pb_t016_09,C,,1.0,high_interaction,interaction,0.7683998703910532
meta-llama/Llama-3.1-8B-Instruct,pb_t016_09,C,,1.0,low_interaction,interaction,0.006092498474885349
meta-llama/Llama-3.1-8B-Instruct,pb_t016_09,C_high_minus_low,,1.0,high_minus_low,interaction,0.7623073719161678
meta-llama/Llama-3.1-8B-Instruct,pb_t016_09,C_high_minus_low,,0.5,high_minus_low,interaction,0.3857863200828575
meta-llama/Llama-3.1-8B-Instruct,pb_t016_10,C,,1.0,high_interaction,interaction,0.7385265053947476
meta-llama/Llama-3.1-8B-Instruct,pb_t016_10,C,,1.0,low_interaction,interaction,0.003381883598763914
meta-llama/Llama-3.1-8B-Instruct,pb_t016_10,C_high_minus_low,,1.0,high_minus_low,interaction,0.7351446217959837
meta-llama/Llama-3.1-8B-Instruct,pb_t016_10,C_high_minus_low,,0.5,high_minus_low,interaction,0.36749087856319895
meta-llama/Llama-3.1-8B-Instruct,pb_t016_12,C,,1.0,high_interaction,interaction,0.7426906363027381
meta-llama/Llama-3.1-8B-Instruct,pb_t016_12,C,,1.0,low_interaction,interaction,0.002701501482882083
meta-llama/Llama-3.1-8B-Instruct,pb_t016_12,C_high_minus_low,,1.0,high_minus_low,interaction,0.7399891348198561
meta-llama/Llama-3.1-8B-Instruct,pb_t016_12,C_high_minus_low,,0.5,high_minus_low,interaction,0.36755732136796676
meta-llama/Llama-3.1-8B-Instruct,pb_t016_17,C,,1.0,high_interaction,interaction,0.707334742771686
meta-llama/Llama-3.1-8B-Instruct,pb_t016_17,C,,1.0,low_interaction,interaction,0.0011103149690786576
meta-llama/Llama-3.1-8B-Instruct,pb_t016_17,C_high_minus_low,,1.0,high_minus_low,interaction,0.7062244278026073
meta-llama/Llama-3.1-8B-Instruct,pb_t016_17,C_high_minus_low,,0.5,high_minus_low,interaction,0.3571756342863657
meta-llama/Llama-3.1-8B-Instruct,pb_t016_20,C,,1.0,high_interaction,interaction,0.7162353313900197
meta-llama/Llama-3.1-8B-Instruct,pb_t016_20,C,,1.0,low_interaction,interaction,0.00454562916501815
meta-llama/Llama-3.1-8B-Instruct,pb_t016_20,C_high_minus_low,,1.0,high_minus_low,interaction,0.7116897022250016
meta-llama/Llama-3.1-8B-Instruct,pb_t016_20,C_high_minus_low,,0.5,high_minus_low,interaction,0.35947821349587117
meta-llama/Llama-3.1-8B-Instruct,pb_t018_08,C,,1.0,high_interaction,interaction,0.8164965290854562
meta-llama/Llama-3.1-8B-Instruct,pb_t018_08,C,,1.0,low_interaction,interaction,-0.0037056306494957446
meta-llama/Llama-3.1-8B-Instruct,pb_t018_08,C_high_minus_low,,1.0,high_minus_low,interaction,0.8202021597349519
meta-llama/Llama-3.1-8B-Instruct,pb_t018_08,C_high_minus_low,,0.5,high_minus_low,interaction,0.4103733101885413
meta-llama/Llama-3.1-8B-Instruct,pb_t018_10,C,,1.0,high_interaction,interaction,0.8442095221839842
meta-llama/Llama-3.1-8B-Instruct,pb_t018_10,C,,1.0,low_interaction,interaction,-0.007782781546409827
meta-llama/Llama-3.1-8B-Instruct,pb_t018_10,C_high_minus_low,,1.0,high_minus_low,interaction,0.851992303730394
meta-llama/Llama-3.1-8B-Instruct,pb_t018_10,C_high_minus_low,,0.5,high_minus_low,interaction,0.4234912103421977
meta-llama/Llama-3.1-8B-Instruct,pb_t018_11,C,,1.0,high_interaction,interaction,0.768348389962851
meta-llama/Llama-3.1-8B-Instruct,pb_t018_11,C,,1.0,low_interaction,interaction,0.0014829648548205013
meta-llama/Llama-3.1-8B-Instruct,pb_t018_11,C_high_minus_low,,1.0,high_minus_low,interaction,0.7668654251080306
meta-llama/Llama-3.1-8B-Instruct,pb_t018_11,C_high_minus_low,,0.5,high_minus_low,interaction,0.3811516869720867
meta-llama/Llama-3.1-8B-Instruct,pb_t018_14,C,,1.0,high_interaction,interaction,0.7276625742523238
meta-llama/Llama-3.1-8B-Instruct,pb_t018_14,C,,1.0,low_interaction,interaction,0.004648311628622725
meta-llama/Llama-3.1-8B-Instruct,pb_t018_14,C_high_minus_low,,1.0,high_minus_low,interaction,0.7230142626237012
meta-llama/Llama-3.1-8B-Instruct,pb_t018_14,C_high_minus_low,,0.5,high_minus_low,interaction,0.3624544663822992
meta-llama/Llama-3.1-8B-Instruct,pb_t018_18,C,,1.0,high_interaction,interaction,0.7789897615392523
meta-llama/Llama-3.1-8B-Instruct,pb_t018_18,C,,1.0,low_interaction,interaction,-0.00032489841812110193
meta-llama/Llama-3.1-8B-Instruct,pb_t018_18,C_high_minus_low,,1.0,high_minus_low,interaction,0.7793146599573734
meta-llama/Llama-3.1-8B-Instruct,pb_t018_18,C_high_minus_low,,0.5,high_minus_low,interaction,0.3898519199833606
meta-llama/Llama-3.1-8B-Instruct,pb_t023_09,C,,1.0,high_interaction,interaction,0.7740306001358251
meta-llama/Llama-3.1-8B-Instruct,pb_t023_09,C,,1.0,low_interaction,interaction,0.0019550891283652435
meta-llama/Llama-3.1-8B-Instruct,pb_t023_09,C_high_minus_low,,1.0,high_minus_low,interaction,0.7720755110074599
meta-llama/Llama-3.1-8B-Instruct,pb_t023_09,C_high_minus_low,,0.5,high_minus_low,interaction,0.38487052850769327
meta-llama/Llama-3.1-8B-Instruct,pb_t023_12,C,,1.0,high_interaction,interaction,0.7535921621480578
meta-llama/Llama-3.1-8B-Instruct,pb_t023_12,C,,1.0,low_interaction,interaction,0.00011483097555070858
meta-llama/Llama-3.1-8B-Instruct,pb_t023_12,C_high_minus_low,,1.0,high_minus_low,interaction,0.753477331172507
meta-llama/Llama-3.1-8B-Instruct,pb_t023_12,C_high_minus_low,,0.5,high_minus_low,interaction,0.3778384186173541
meta-llama/Llama-3.1-8B-Instruct,pb_t023_13,C,,1.0,high_interaction,interaction,0.6900628427001783
meta-llama/Llama-3.1-8B-Instruct,pb_t023_13,C,,1.0,low_interaction,interaction,0.005462870104974177
meta-llama/Llama-3.1-8B-Instruct,pb_t023_13,C_high_minus_low,,1.0,high_minus_low,interaction,0.6845999725952041
meta-llama/Llama-3.1-8B-Instruct,pb_t023_13,C_high_minus_low,,0.5,high_minus_low,interaction,0.34588780072832387
meta-llama/Llama-3.1-8B-Instruct,pb_t023_17,C,,1.0,high_interaction,interaction,0.7878790208744748
meta-llama/Llama-3.1-8B-Instruct,pb_t023_17,C,,1.0,low_interaction,interaction,0.0003708411247263915
meta-llama/Llama-3.1-8B-Instruct,pb_t023_17,C_high_minus_low,,1.0,high_minus_low,interaction,0.7875081797497484
meta-llama/Llama-3.1-8B-Instruct,pb_t023_17,C_high_minus_low,,0.5,high_minus_low,interaction,0.39298298755929795
meta-llama/Llama-3.1-8B-Instruct,pb_t023_20,C,,1.0,high_interaction,interaction,0.7130513692303735
meta-llama/Llama-3.1-8B-Instruct,pb_t023_20,C,,1.0,low_interaction,interaction,0.0021605498311810752
meta-llama/Llama-3.1-8B-Instruct,pb_t023_20,C_high_minus_low,,1.0,high_minus_low,interaction,0.7108908193991924
meta-llama/Llama-3.1-8B-Instruct,pb_t023_20,C_high_minus_low,,0.5,high_minus_low,interaction,0.35891614507333747
meta-llama/Llama-3.1-8B-Instruct,pb_t029_07,C,,1.0,high_interaction,interaction,0.8093900868841329
meta-llama/Llama-3.1-8B-Instruct,pb_t029_07,C,,1.0,low_interaction,interaction,-0.003293651423518005
meta-llama/Llama-3.1-8B-Instruct,pb_t029_07,C_high_minus_low,,1.0,high_minus_low,interaction,0.812683738307651
meta-llama/Llama-3.1-8B-Instruct,pb_t029_07,C_high_minus_low,,0.5,high_minus_low,interaction,0.4069430194567335
meta-llama/Llama-3.1-8B-Instruct,pb_t029_09,C,,1.0,high_interaction,interaction,0.7660825398689104
meta-llama/Llama-3.1-8B-Instruct,pb_t029_09,C,,1.0,low_interaction,interaction,0.0036562701010087093
meta-llama/Llama-3.1-8B-Instruct,pb_t029_09,C_high_minus_low,,1.0,high_minus_low,interaction,0.7624262697679017
meta-llama/Llama-3.1-8B-Instruct,pb_t029_09,C_high_minus_low,,0.5,high_minus_low,interaction,0.38385366461702575
meta-llama/Llama-3.1-8B-Instruct,pb_t029_10,C,,1.0,high_interaction,interaction,0.7419612655715687
meta-llama/Llama-3.1-8B-Instruct,pb_t029_10,C,,1.0,low_interaction,interaction,0.004196556033026599
meta-llama/Llama-3.1-8B-Instruct,pb_t029_10,C_high_minus_low,,1.0,high_minus_low,interaction,0.7377647095385421
meta-llama/Llama-3.1-8B-Instruct,pb_t029_10,C_high_minus_low,,0.5,high_minus_low,interaction,0.3662266852813253
meta-llama/Llama-3.1-8B-Instruct,pb_t029_11,C,,1.0,high_interaction,interaction,0.7237250354810495
meta-llama/Llama-3.1-8B-Instruct,pb_t029_11,C,,1.0,low_interaction,interaction,0.0038738211921576747
meta-llama/Llama-3.1-8B-Instruct,pb_t029_11,C_high_minus_low,,1.0,high_minus_low,interaction,0.7198512142888919
meta-llama/Llama-3.1-8B-Instruct,pb_t029_11,C_high_minus_low,,0.5,high_minus_low,interaction,0.35890225439725254
meta-llama/Llama-3.1-8B-Instruct,pb_t029_12,C,,1.0,high_interaction,interaction,0.7752826413912005
meta-llama/Llama-3.1-8B-Instruct,pb_t029_12,C,,1.0,low_interaction,interaction,-0.002923654466635405
meta-llama/Llama-3.1-8B-Instruct,pb_t029_12,C_high_minus_low,,1.0,high_minus_low,interaction,0.778206295857836
meta-llama/Llama-3.1-8B-Instruct,pb_t029_12,C_high_minus_low,,0.5,high_minus_low,interaction,0.3909009670378
meta-llama/Llama-3.1-8B-Instruct,pb_t031_06,C,,1.0,high_interaction,interaction,0.7916007614024311
meta-llama/Llama-3.1-8B-Instruct,pb_t031_06,C,,1.0,low_interaction,interaction,0.0027627858595642286
meta-llama/Llama-3.1-8B-Instruct,pb_t031_06,C_high_minus_low,,1.0,high_minus_low,interaction,0.7888379755428668
meta-llama/Llama-3.1-8B-Instruct,pb_t031_06,C_high_minus_low,,0.5,high_minus_low,interaction,0.38980633597122055
meta-llama/Llama-3.1-8B-Instruct,pb_t031_09,C,,1.0,high_interaction,interaction,0.783777258591494
meta-llama/Llama-3.1-8B-Instruct,pb_t031_09,C,,1.0,low_interaction,interaction,0.005095544222746871
meta-llama/Llama-3.1-8B-Instruct,pb_t031_09,C_high_minus_low,,1.0,high_minus_low,interaction,0.7786817143687472
meta-llama/Llama-3.1-8B-Instruct,pb_t031_09,C_high_minus_low,,0.5,high_minus_low,interaction,0.3898415559878391
meta-llama/Llama-3.1-8B-Instruct,pb_t031_12,C,,1.0,high_interaction,interaction,0.7842936999153846
meta-llama/Llama-3.1-8B-Instruct,pb_t031_12,C,,1.0,low_interaction,interaction,0.0017406857245931935
meta-llama/Llama-3.1-8B-Instruct,pb_t031_12,C_high_minus_low,,1.0,high_minus_low,interaction,0.7825530141907914
meta-llama/Llama-3.1-8B-Instruct,pb_t031_12,C_high_minus_low,,0.5,high_minus_low,interaction,0.39126651007756497
meta-llama/Llama-3.1-8B-Instruct,pb_t031_13,C,,1.0,high_interaction,interaction,0.687019796711786
meta-llama/Llama-3.1-8B-Instruct,pb_t031_13,C,,1.0,low_interaction,interaction,0.0006111351696480302
meta-llama/Llama-3.1-8B-Instruct,pb_t031_13,C_high_minus_low,,1.0,high_minus_low,interaction,0.686408661542138
meta-llama/Llama-3.1-8B-Instruct,pb_t031_13,C_high_minus_low,,0.5,high_minus_low,interaction,0.34818617527877715
meta-llama/Llama-3.1-8B-Instruct,pb_t031_16,C,,1.0,high_interaction,interaction,0.8396361435624708
meta-llama/Llama-3.1-8B-Instruct,pb_t031_16,C,,1.0,low_interaction,interaction,0.0034791610805542813
meta-llama/Llama-3.1-8B-Instruct,pb_t031_16,C_high_minus_low,,1.0,high_minus_low,interaction,0.8361569824819166
meta-llama/Llama-3.1-8B-Instruct,pb_t031_16,C_high_minus_low,,0.5,high_minus_low,interaction,0.4119645311346356
meta-llama/Llama-3.1-8B-Instruct,pb_t032_08,C,,1.0,high_interaction,interaction,0.8279153974406146
meta-llama/Llama-3.1-8B-Instruct,pb_t032_08,C,,1.0,low_interaction,interaction,0.00047862164598006657
meta-llama/Llama-3.1-8B-Instruct,pb_t032_08,C_high_minus_low,,1.0,high_minus_low,interaction,0.8274367757946345
meta-llama/Llama-3.1-8B-Instruct,pb_t032_08,C_high_minus_low,,0.5,high_minus_low,interaction,0.41115455239133597
meta-llama/Llama-3.1-8B-Instruct,pb_t032_09,C,,1.0,high_interaction,interaction,0.7769618688194019
meta-llama/Llama-3.1-8B-Instruct,pb_t032_09,C,,1.0,low_interaction,interaction,-0.00021129902944896453
meta-llama/Llama-3.1-8B-Instruct,pb_t032_09,C_high_minus_low,,1.0,high_minus_low,interaction,0.7771731678488508
meta-llama/Llama-3.1-8B-Instruct,pb_t032_09,C_high_minus_low,,0.5,high_minus_low,interaction,0.389602328325154
meta-llama/Llama-3.1-8B-Instruct,pb_t032_13,C,,1.0,high_interaction,interaction,0.7723745929535202
meta-llama/Llama-3.1-8B-Instruct,pb_t032_13,C,,1.0,low_interaction,interaction,9.305353173190104e-05
meta-llama/Llama-3.1-8B-Instruct,pb_t032_13,C_high_minus_low,,1.0,high_minus_low,interaction,0.7722815394217882
meta-llama/Llama-3.1-8B-Instruct,pb_t032_13,C_high_minus_low,,0.5,high_minus_low,interaction,0.3841583982519888
meta-llama/Llama-3.1-8B-Instruct,pb_t032_15,C,,1.0,high_interaction,interaction,0.6228065847888183
meta-llama/Llama-3.1-8B-Instruct,pb_t032_15,C,,1.0,low_interaction,interaction,0.001986973224565818
meta-llama/Llama-3.1-8B-Instruct,pb_t032_15,C_high_minus_low,,1.0,high_minus_low,interaction,0.6208196115642525
meta-llama/Llama-3.1-8B-Instruct,pb_t032_15,C_high_minus_low,,0.5,high_minus_low,interaction,0.31238153462806784
meta-llama/Llama-3.1-8B-Instruct,pb_t032_16,C,,1.0,high_interaction,interaction,0.6631651870004504
meta-llama/Llama-3.1-8B-Instruct,pb_t032_16,C,,1.0,low_interaction,interaction,-0.00025312520701827913
meta-llama/Llama-3.1-8B-Instruct,pb_t032_16,C_high_minus_low,,1.0,high_minus_low,interaction,0.6634183122074686
meta-llama/Llama-3.1-8B-Instruct,pb_t032_16,C_high_minus_low,,0.5,high_minus_low,interaction,0.33223867629104087
meta-llama/Llama-3.1-8B-Instruct,pb_t035_06,C,,1.0,high_interaction,interaction,0.7161306888503788
meta-llama/Llama-3.1-8B-Instruct,pb_t035_06,C,,1.0,low_interaction,interaction,-9.63677107802587e-05
meta-llama/Llama-3.1-8B-Instruct,pb_t035_06,C_high_minus_low,,1.0,high_minus_low,interaction,0.716227056561159
meta-llama/Llama-3.1-8B-Instruct,pb_t035_06,C_high_minus_low,,0.5,high_minus_low,interaction,0.35731473991631363
meta-llama/Llama-3.1-8B-Instruct,pb_t035_13,C,,1.0,high_interaction,interaction,0.6996501749911109
meta-llama/Llama-3.1-8B-Instruct,pb_t035_13,C,,1.0,low_interaction,interaction,5.0279370196666444e-05
meta-llama/Llama-3.1-8B-Instruct,pb_t035_13,C_high_minus_low,,1.0,high_minus_low,interaction,0.6995998956209143
meta-llama/Llama-3.1-8B-Instruct,pb_t035_13,C_high_minus_low,,0.5,high_minus_low,interaction,0.3481682203447356
meta-llama/Llama-3.1-8B-Instruct,pb_t035_15,C,,1.0,high_interaction,interaction,0.7934227121551588
meta-llama/Llama-3.1-8B-Instruct,pb_t035_15,C,,1.0,low_interaction,interaction,0.0014659291464042639
meta-llama/Llama-3.1-8B-Instruct,pb_t035_15,C_high_minus_low,,1.0,high_minus_low,interaction,0.7919567830087545
meta-llama/Llama-3.1-8B-Instruct,pb_t035_15,C_high_minus_low,,0.5,high_minus_low,interaction,0.39469426736534036
meta-llama/Llama-3.1-8B-Instruct,pb_t035_20,C,,1.0,high_interaction,interaction,0.7546218788787001
meta-llama/Llama-3.1-8B-Instruct,pb_t035_20,C,,1.0,low_interaction,interaction,-0.00497048303051593
meta-llama/Llama-3.1-8B-Instruct,pb_t035_20,C_high_minus_low,,1.0,high_minus_low,interaction,0.7595923619092161
meta-llama/Llama-3.1-8B-Instruct,pb_t035_20,C_high_minus_low,,0.5,high_minus_low,interaction,0.3826524274487751
meta-llama/Llama-3.1-8B-Instruct,pb_t035_22,C,,1.0,high_interaction,interaction,0.7661633014070938
meta-llama/Llama-3.1-8B-Instruct,pb_t035_22,C,,1.0,low_interaction,interaction,0.0009128602935110358
meta-llama/Llama-3.1-8B-Instruct,pb_t035_22,C_high_minus_low,,1.0,high_minus_low,interaction,0.7652504411135828
meta-llama/Llama-3.1-8B-Instruct,pb_t035_22,C_high_minus_low,,0.5,high_minus_low,interaction,0.38678722350797506
meta-llama/Llama-3.1-8B-Instruct,pb_t040_08,C,,1.0,high_interaction,interaction,0.7392310284858225
meta-llama/Llama-3.1-8B-Instruct,pb_t040_08,C,,1.0,low_interaction,interaction,9.837402284718309e-05
meta-llama/Llama-3.1-8B-Instruct,pb_t040_08,C_high_minus_low,,1.0,high_minus_low,interaction,0.7391326544629753
meta-llama/Llama-3.1-8B-Instruct,pb_t040_08,C_high_minus_low,,0.5,high_minus_low,interaction,0.37034267177679314
meta-llama/Llama-3.1-8B-Instruct,pb_t040_10,C,,1.0,high_interaction,interaction,0.7724471850318397
meta-llama/Llama-3.1-8B-Instruct,pb_t040_10,C,,1.0,low_interaction,interaction,0.0001661370312492696
meta-llama/Llama-3.1-8B-Instruct,pb_t040_10,C_high_minus_low,,1.0,high_minus_low,interaction,0.7722810480005905
meta-llama/Llama-3.1-8B-Instruct,pb_t040_10,C_high_minus_low,,0.5,high_minus_low,interaction,0.38640619524864017
meta-llama/Llama-3.1-8B-Instruct,pb_t040_13,C,,1.0,high_interaction,interaction,0.6937305507980717
meta-llama/Llama-3.1-8B-Instruct,pb_t040_13,C,,1.0,low_interaction,interaction,0.0020452366107801484
meta-llama/Llama-3.1-8B-Instruct,pb_t040_13,C_high_minus_low,,1.0,high_minus_low,interaction,0.6916853141872915
meta-llama/Llama-3.1-8B-Instruct,pb_t040_13,C_high_minus_low,,0.5,high_minus_low,interaction,0.3476765967976131
meta-llama/Llama-3.1-8B-Instruct,pb_t040_14,C,,1.0,high_interaction,interaction,0.7346819424813408
meta-llama/Llama-3.1-8B-Instruct,pb_t040_14,C,,1.0,low_interaction,interaction,-0.0006125605810932723
meta-llama/Llama-3.1-8B-Instruct,pb_t040_14,C_high_minus_low,,1.0,high_minus_low,interaction,0.735294503062434
meta-llama/Llama-3.1-8B-Instruct,pb_t040_14,C_high_minus_low,,0.5,high_minus_low,interaction,0.3630742735394456
meta-llama/Llama-3.1-8B-Instruct,pb_t040_15,C,,1.0,high_interaction,interaction,0.745629612685156
meta-llama/Llama-3.1-8B-Instruct,pb_t040_15,C,,1.0,low_interaction,interaction,0.0027309856452685612
meta-llama/Llama-3.1-8B-Instruct,pb_t040_15,C_high_minus_low,,1.0,high_minus_low,interaction,0.7428986270398875
meta-llama/Llama-3.1-8B-Instruct,pb_t040_15,C_high_minus_low,,0.5,high_minus_low,interaction,0.369692688334861
meta-llama/Llama-3.1-8B-Instruct,pb_t001_08,random_high_minus_low,20261201,1.0,high_minus_low,interaction,-0.004975596246684212
meta-llama/Llama-3.1-8B-Instruct,pb_t001_10,random_high_minus_low,20261201,1.0,high_minus_low,interaction,0.001137612769749158
meta-llama/Llama-3.1-8B-Instruct,pb_t001_11,random_high_minus_low,20261201,1.0,high_minus_low,interaction,-0.00806258406566384
meta-llama/Llama-3.1-8B-Instruct,pb_t001_12,random_high_minus_low,20261201,1.0,high_minus_low,interaction,0.0022701502557477223
meta-llama/Llama-3.1-8B-Instruct,pb_t001_15,random_high_minus_low,20261201,1.0,high_minus_low,interaction,-0.0101349727307199
meta-llama/Llama-3.1-8B-Instruct,pb_t002_08,random_high_minus_low,20261201,1.0,high_minus_low,interaction,-0.0073164337259015826
meta-llama/Llama-3.1-8B-Instruct,pb_t002_16,random_high_minus_low,20261201,1.0,high_minus_low,interaction,-0.016511436293947954
meta-llama/Llama-3.1-8B-Instruct,pb_t002_17,random_high_minus_low,20261201,1.0,high_minus_low,interaction,-0.00568676667569547
meta-llama/Llama-3.1-8B-Instruct,pb_t002_18,random_high_minus_low,20261201,1.0,high_minus_low,interaction,0.0026792582860532244
meta-llama/Llama-3.1-8B-Instruct,pb_t002_20,random_high_minus_low,20261201,1.0,high_minus_low,interaction,-0.015905908654572455
meta-llama/Llama-3.1-8B-Instruct,pb_t004_10,random_high_minus_low,20261201,1.0,high_minus_low,interaction,-0.003918379521965794
meta-llama/Llama-3.1-8B-Instruct,pb_t004_11,random_high_minus_low,20261201,1.0,high_minus_low,interaction,-0.027841611615500576
meta-llama/Llama-3.1-8B-Instruct,pb_t004_13,random_high_minus_low,20261201,1.0,high_minus_low,interaction,0.0009623593899214406
meta-llama/Llama-3.1-8B-Instruct,pb_t004_17,random_high_minus_low,20261201,1.0,high_minus_low,interaction,-0.007382471012083255
meta-llama/Llama-3.1-8B-Instruct,pb_t004_20,random_high_minus_low,20261201,1.0,high_minus_low,interaction,0.004829590134316361
meta-llama/Llama-3.1-8B-Instruct,pb_t006_09,random_high_minus_low,20261201,1.0,high_minus_low,interaction,0.0005919659904147869
meta-llama/Llama-3.1-8B-Instruct,pb_t006_10,random_high_minus_low,20261201,1.0,high_minus_low,interaction,-0.01290933106881453
meta-llama/Llama-3.1-8B-Instruct,pb_t006_12,random_high_minus_low,20261201,1.0,high_minus_low,interaction,-0.015157090907125676
meta-llama/Llama-3.1-8B-Instruct,pb_t006_18,random_high_minus_low,20261201,1.0,high_minus_low,interaction,0.00047724530979596086
meta-llama/Llama-3.1-8B-Instruct,pb_t006_19,random_high_minus_low,20261201,1.0,high_minus_low,interaction,-0.0018834909974612575
meta-llama/Llama-3.1-8B-Instruct,pb_t007_09,random_high_minus_low,20261201,1.0,high_minus_low,interaction,-0.028694351940272953
meta-llama/Llama-3.1-8B-Instruct,pb_t007_10,random_high_minus_low,20261201,1.0,high_minus_low,interaction,0.005957601172998036
meta-llama/Llama-3.1-8B-Instruct,pb_t007_16,random_high_minus_low,20261201,1.0,high_minus_low,interaction,-0.01967248242456227
meta-llama/Llama-3.1-8B-Instruct,pb_t007_17,random_high_minus_low,20261201,1.0,high_minus_low,interaction,0.006838110873973589
meta-llama/Llama-3.1-8B-Instruct,pb_t007_19,random_high_minus_low,20261201,1.0,high_minus_low,interaction,0.008749324686645313
meta-llama/Llama-3.1-8B-Instruct,pb_t008_09,random_high_minus_low,20261201,1.0,high_minus_low,interaction,-0.0072471731634445565
meta-llama/Llama-3.1-8B-Instruct,pb_t008_11,random_high_minus_low,20261201,1.0,high_minus_low,interaction,-0.0029695721650060134
meta-llama/Llama-3.1-8B-Instruct,pb_t008_16,random_high_minus_low,20261201,1.0,high_minus_low,interaction,0.005308075230032132
meta-llama/Llama-3.1-8B-Instruct,pb_t008_17,random_high_minus_low,20261201,1.0,high_minus_low,interaction,0.0036446637220783895
meta-llama/Llama-3.1-8B-Instruct,pb_t008_20,random_high_minus_low,20261201,1.0,high_minus_low,interaction,-0.0007392331432118319
meta-llama/Llama-3.1-8B-Instruct,pb_t009_07,random_high_minus_low,20261201,1.0,high_minus_low,interaction,-0.011037392333888046
meta-llama/Llama-3.1-8B-Instruct,pb_t009_12,random_high_minus_low,20261201,1.0,high_minus_low,interaction,0.0016801777328505742
meta-llama/Llama-3.1-8B-Instruct,pb_t009_15,random_high_minus_low,20261201,1.0,high_minus_low,interaction,-0.007509785523771156
meta-llama/Llama-3.1-8B-Instruct,pb_t009_17,random_high_minus_low,20261201,1.0,high_minus_low,interaction,-0.0034178160238793032
meta-llama/Llama-3.1-8B-Instruct,pb_t009_19,random_high_minus_low,20261201,1.0,high_minus_low,interaction,-0.014767104405216662
meta-llama/Llama-3.1-8B-Instruct,pb_t010_09,random_high_minus_low,20261201,1.0,high_minus_low,interaction,0.009988510114617618
meta-llama/Llama-3.1-8B-Instruct,pb_t010_12,random_high_minus_low,20261201,1.0,high_minus_low,interaction,-0.01381872898333976
meta-llama/Llama-3.1-8B-Instruct,pb_t010_17,random_high_minus_low,20261201,1.0,high_minus_low,interaction,0.004729520273588949
meta-llama/Llama-3.1-8B-Instruct,pb_t010_19,random_high_minus_low,20261201,1.0,high_minus_low,interaction,0.0025556635945363985
meta-llama/Llama-3.1-8B-Instruct,pb_t010_20,random_high_minus_low,20261201,1.0,high_minus_low,interaction,-0.015620411943942885
meta-llama/Llama-3.1-8B-Instruct,pb_t016_09,random_high_minus_low,20261201,1.0,high_minus_low,interaction,-0.006423370313244468
meta-llama/Llama-3.1-8B-Instruct,pb_t016_10,random_high_minus_low,20261201,1.0,high_minus_low,interaction,0.005875278229015369
meta-llama/Llama-3.1-8B-Instruct,pb_t016_12,random_high_minus_low,20261201,1.0,high_minus_low,interaction,-0.023868871167175565
meta-llama/Llama-3.1-8B-Instruct,pb_t016_17,random_high_minus_low,20261201,1.0,high_minus_low,interaction,-0.002745689494983392
meta-llama/Llama-3.1-8B-Instruct,pb_t016_20,random_high_minus_low,20261201,1.0,high_minus_low,interaction,0.004394748991676871
meta-llama/Llama-3.1-8B-Instruct,pb_t018_08,random_high_minus_low,20261201,1.0,high_minus_low,interaction,-0.0075058087355364496
meta-llama/Llama-3.1-8B-Instruct,pb_t018_10,random_high_minus_low,20261201,1.0,high_minus_low,interaction,-0.03556262351948226
meta-llama/Llama-3.1-8B-Instruct,pb_t018_11,random_high_minus_low,20261201,1.0,high_minus_low,interaction,-0.022068216737912243
meta-llama/Llama-3.1-8B-Instruct,pb_t018_14,random_high_minus_low,20261201,1.0,high_minus_low,interaction,-0.004263627079149175
meta-llama/Llama-3.1-8B-Instruct,pb_t018_18,random_high_minus_low,20261201,1.0,high_minus_low,interaction,0.00331400308532407
meta-llama/Llama-3.1-8B-Instruct,pb_t023_09,random_high_minus_low,20261201,1.0,high_minus_low,interaction,-0.009480088567695178
meta-llama/Llama-3.1-8B-Instruct,pb_t023_12,random_high_minus_low,20261201,1.0,high_minus_low,interaction,0.0032412265166629805
meta-llama/Llama-3.1-8B-Instruct,pb_t023_13,random_high_minus_low,20261201,1.0,high_minus_low,interaction,-0.004638458469754437
meta-llama/Llama-3.1-8B-Instruct,pb_t023_17,random_high_minus_low,20261201,1.0,high_minus_low,interaction,-0.010280172722088764
meta-llama/Llama-3.1-8B-Instruct,pb_t023_20,random_high_minus_low,20261201,1.0,high_minus_low,interaction,-0.020636680910356656
meta-llama/Llama-3.1-8B-Instruct,pb_t029_07,random_high_minus_low,20261201,1.0,high_minus_low,interaction,-0.02544570287374882
meta-llama/Llama-3.1-8B-Instruct,pb_t029_09,random_high_minus_low,20261201,1.0,high_minus_low,interaction,-0.029651949989799926
meta-llama/Llama-3.1-8B-Instruct,pb_t029_10,random_high_minus_low,20261201,1.0,high_minus_low,interaction,-0.01950649604729089
meta-llama/Llama-3.1-8B-Instruct,pb_t029_11,random_high_minus_low,20261201,1.0,high_minus_low,interaction,-0.009603913823472195
meta-llama/Llama-3.1-8B-Instruct,pb_t029_12,random_high_minus_low,20261201,1.0,high_minus_low,interaction,-0.0020254111966455266
meta-llama/Llama-3.1-8B-Instruct,pb_t031_06,random_high_minus_low,20261201,1.0,high_minus_low,interaction,-0.014013150740147725
meta-llama/Llama-3.1-8B-Instruct,pb_t031_09,random_high_minus_low,20261201,1.0,high_minus_low,interaction,-0.037794060814396783
meta-llama/Llama-3.1-8B-Instruct,pb_t031_12,random_high_minus_low,20261201,1.0,high_minus_low,interaction,-0.030733328647990735
meta-llama/Llama-3.1-8B-Instruct,pb_t031_13,random_high_minus_low,20261201,1.0,high_minus_low,interaction,7.283859896536123e-05
meta-llama/Llama-3.1-8B-Instruct,pb_t031_16,random_high_minus_low,20261201,1.0,high_minus_low,interaction,-0.0232277658791893
meta-llama/Llama-3.1-8B-Instruct,pb_t032_08,random_high_minus_low,20261201,1.0,high_minus_low,interaction,-0.026942471485098058
meta-llama/Llama-3.1-8B-Instruct,pb_t032_09,random_high_minus_low,20261201,1.0,high_minus_low,interaction,0.0023876196201385045
meta-llama/Llama-3.1-8B-Instruct,pb_t032_13,random_high_minus_low,20261201,1.0,high_minus_low,interaction,-0.02637721428528229
meta-llama/Llama-3.1-8B-Instruct,pb_t032_15,random_high_minus_low,20261201,1.0,high_minus_low,interaction,-0.00834038879914103
meta-llama/Llama-3.1-8B-Instruct,pb_t032_16,random_high_minus_low,20261201,1.0,high_minus_low,interaction,-0.013097376121898886
meta-llama/Llama-3.1-8B-Instruct,pb_t035_06,random_high_minus_low,20261201,1.0,high_minus_low,interaction,-0.008236314774591311
meta-llama/Llama-3.1-8B-Instruct,pb_t035_13,random_high_minus_low,20261201,1.0,high_minus_low,interaction,-0.006525713710222006
meta-llama/Llama-3.1-8B-Instruct,pb_t035_15,random_high_minus_low,20261201,1.0,high_minus_low,interaction,-0.00190632715733384
meta-llama/Llama-3.1-8B-Instruct,pb_t035_20,random_high_minus_low,20261201,1.0,high_minus_low,interaction,-0.011078476277253682
meta-llama/Llama-3.1-8B-Instruct,pb_t035_22,random_high_minus_low,20261201,1.0,high_minus_low,interaction,-0.013114658001231079
meta-llama/Llama-3.1-8B-Instruct,pb_t040_08,random_high_minus_low,20261201,1.0,high_minus_low,interaction,-0.020954443022675837
meta-llama/Llama-3.1-8B-Instruct,pb_t040_10,random_high_minus_low,20261201,1.0,high_minus_low,interaction,-0.005005779601072665
meta-llama/Llama-3.1-8B-Instruct,pb_t040_13,random_high_minus_low,20261201,1.0,high_minus_low,interaction,-0.006889791368784225
meta-llama/Llama-3.1-8B-Instruct,pb_t040_14,random_high_minus_low,20261201,1.0,high_minus_low,interaction,0.007310454004894138
meta-llama/Llama-3.1-8B-Instruct,pb_t040_15,random_high_minus_low,20261201,1.0,high_minus_low,interaction,-0.01137963868166087
meta-llama/Llama-3.1-8B-Instruct,pb_t001_08,random_high_minus_low,20261202,1.0,high_minus_low,interaction,-0.004411495747080212
meta-llama/Llama-3.1-8B-Instruct,pb_t001_10,random_high_minus_low,20261202,1.0,high_minus_low,interaction,-0.012011988424451413
meta-llama/Llama-3.1-8B-Instruct,pb_t001_11,random_high_minus_low,20261202,1.0,high_minus_low,interaction,-0.046983990854715205
meta-llama/Llama-3.1-8B-Instruct,pb_t001_12,random_high_minus_low,20261202,1.0,high_minus_low,interaction,0.0025885983546765196
meta-llama/Llama-3.1-8B-Instruct,pb_t001_15,random_high_minus_low,20261202,1.0,high_minus_low,interaction,-0.023334243866615284
meta-llama/Llama-3.1-8B-Instruct,pb_t002_08,random_high_minus_low,20261202,1.0,high_minus_low,interaction,-0.03925517427348185
meta-llama/Llama-3.1-8B-Instruct,pb_t002_16,random_high_minus_low,20261202,1.0,high_minus_low,interaction,-0.035694577908147056
meta-llama/Llama-3.1-8B-Instruct,pb_t002_17,random_high_minus_low,20261202,1.0,high_minus_low,interaction,-0.001871375085624502
meta-llama/Llama-3.1-8B-Instruct,pb_t002_18,random_high_minus_low,20261202,1.0,high_minus_low,interaction,-0.013215943800711413
meta-llama/Llama-3.1-8B-Instruct,pb_t002_20,random_high_minus_low,20261202,1.0,high_minus_low,interaction,-0.021442922239522873
meta-llama/Llama-3.1-8B-Instruct,pb_t004_10,random_high_minus_low,20261202,1.0,high_minus_low,interaction,-0.05535519871620475
meta-llama/Llama-3.1-8B-Instruct,pb_t004_11,random_high_minus_low,20261202,1.0,high_minus_low,interaction,-0.0257327852337971
meta-llama/Llama-3.1-8B-Instruct,pb_t004_13,random_high_minus_low,20261202,1.0,high_minus_low,interaction,-0.009014819796308342
meta-llama/Llama-3.1-8B-Instruct,pb_t004_17,random_high_minus_low,20261202,1.0,high_minus_low,interaction,-0.016673886740049715
meta-llama/Llama-3.1-8B-Instruct,pb_t004_20,random_high_minus_low,20261202,1.0,high_minus_low,interaction,-0.011763939237381515
meta-llama/Llama-3.1-8B-Instruct,pb_t006_09,random_high_minus_low,20261202,1.0,high_minus_low,interaction,-0.0392476066812606
meta-llama/Llama-3.1-8B-Instruct,pb_t006_10,random_high_minus_low,20261202,1.0,high_minus_low,interaction,-0.0031913735801054905
meta-llama/Llama-3.1-8B-Instruct,pb_t006_12,random_high_minus_low,20261202,1.0,high_minus_low,interaction,-0.018917432075312608
meta-llama/Llama-3.1-8B-Instruct,pb_t006_18,random_high_minus_low,20261202,1.0,high_minus_low,interaction,-0.031600758946319564
meta-llama/Llama-3.1-8B-Instruct,pb_t006_19,random_high_minus_low,20261202,1.0,high_minus_low,interaction,-0.005258579596889845
meta-llama/Llama-3.1-8B-Instruct,pb_t007_09,random_high_minus_low,20261202,1.0,high_minus_low,interaction,-0.04486021582193139
meta-llama/Llama-3.1-8B-Instruct,pb_t007_10,random_high_minus_low,20261202,1.0,high_minus_low,interaction,-0.013948613260344083
meta-llama/Llama-3.1-8B-Instruct,pb_t007_16,random_high_minus_low,20261202,1.0,high_minus_low,interaction,-0.01791271250093986
meta-llama/Llama-3.1-8B-Instruct,pb_t007_17,random_high_minus_low,20261202,1.0,high_minus_low,interaction,0.002442709184063307
meta-llama/Llama-3.1-8B-Instruct,pb_t007_19,random_high_minus_low,20261202,1.0,high_minus_low,interaction,-0.016127126652626875
meta-llama/Llama-3.1-8B-Instruct,pb_t008_09,random_high_minus_low,20261202,1.0,high_minus_low,interaction,-0.041799824522334994
meta-llama/Llama-3.1-8B-Instruct,pb_t008_11,random_high_minus_low,20261202,1.0,high_minus_low,interaction,0.008171683722740833
meta-llama/Llama-3.1-8B-Instruct,pb_t008_16,random_high_minus_low,20261202,1.0,high_minus_low,interaction,-0.009289516987024876
meta-llama/Llama-3.1-8B-Instruct,pb_t008_17,random_high_minus_low,20261202,1.0,high_minus_low,interaction,0.009230950287536503
meta-llama/Llama-3.1-8B-Instruct,pb_t008_20,random_high_minus_low,20261202,1.0,high_minus_low,interaction,-0.02569641693793788
meta-llama/Llama-3.1-8B-Instruct,pb_t009_07,random_high_minus_low,20261202,1.0,high_minus_low,interaction,-0.0003938791867063215
meta-llama/Llama-3.1-8B-Instruct,pb_t009_12,random_high_minus_low,20261202,1.0,high_minus_low,interaction,-0.009872551160639169
meta-llama/Llama-3.1-8B-Instruct,pb_t009_15,random_high_minus_low,20261202,1.0,high_minus_low,interaction,-0.04301556214576473
meta-llama/Llama-3.1-8B-Instruct,pb_t009_17,random_high_minus_low,20261202,1.0,high_minus_low,interaction,-0.01126929869563895
meta-llama/Llama-3.1-8B-Instruct,pb_t009_19,random_high_minus_low,20261202,1.0,high_minus_low,interaction,-0.000650423543620433
meta-llama/Llama-3.1-8B-Instruct,pb_t010_09,random_high_minus_low,20261202,1.0,high_minus_low,interaction,-0.026641218496781048
meta-llama/Llama-3.1-8B-Instruct,pb_t010_12,random_high_minus_low,20261202,1.0,high_minus_low,interaction,-0.0333831318670534
meta-llama/Llama-3.1-8B-Instruct,pb_t010_17,random_high_minus_low,20261202,1.0,high_minus_low,interaction,-0.007038432163932334
meta-llama/Llama-3.1-8B-Instruct,pb_t010_19,random_high_minus_low,20261202,1.0,high_minus_low,interaction,-0.015194553226547157
meta-llama/Llama-3.1-8B-Instruct,pb_t010_20,random_high_minus_low,20261202,1.0,high_minus_low,interaction,0.012114016030849942
meta-llama/Llama-3.1-8B-Instruct,pb_t016_09,random_high_minus_low,20261202,1.0,high_minus_low,interaction,-0.03378424170769964
meta-llama/Llama-3.1-8B-Instruct,pb_t016_10,random_high_minus_low,20261202,1.0,high_minus_low,interaction,-0.004446217472354997
meta-llama/Llama-3.1-8B-Instruct,pb_t016_12,random_high_minus_low,20261202,1.0,high_minus_low,interaction,0.0172642832471031
meta-llama/Llama-3.1-8B-Instruct,pb_t016_17,random_high_minus_low,20261202,1.0,high_minus_low,interaction,0.0034881191027525773
meta-llama/Llama-3.1-8B-Instruct,pb_t016_20,random_high_minus_low,20261202,1.0,high_minus_low,interaction,-0.03404869427737745
meta-llama/Llama-3.1-8B-Instruct,pb_t018_08,random_high_minus_low,20261202,1.0,high_minus_low,interaction,-0.016790983334217927
meta-llama/Llama-3.1-8B-Instruct,pb_t018_10,random_high_minus_low,20261202,1.0,high_minus_low,interaction,0.006074256130766909
meta-llama/Llama-3.1-8B-Instruct,pb_t018_11,random_high_minus_low,20261202,1.0,high_minus_low,interaction,-0.014036391613707051
meta-llama/Llama-3.1-8B-Instruct,pb_t018_14,random_high_minus_low,20261202,1.0,high_minus_low,interaction,0.0028041276945240372
meta-llama/Llama-3.1-8B-Instruct,pb_t018_18,random_high_minus_low,20261202,1.0,high_minus_low,interaction,-0.03920868369881433
meta-llama/Llama-3.1-8B-Instruct,pb_t023_09,random_high_minus_low,20261202,1.0,high_minus_low,interaction,0.010059592639056848
meta-llama/Llama-3.1-8B-Instruct,pb_t023_12,random_high_minus_low,20261202,1.0,high_minus_low,interaction,-0.012777214349187525
meta-llama/Llama-3.1-8B-Instruct,pb_t023_13,random_high_minus_low,20261202,1.0,high_minus_low,interaction,-0.024410164039108673
meta-llama/Llama-3.1-8B-Instruct,pb_t023_17,random_high_minus_low,20261202,1.0,high_minus_low,interaction,-0.05095066025103882
meta-llama/Llama-3.1-8B-Instruct,pb_t023_20,random_high_minus_low,20261202,1.0,high_minus_low,interaction,-0.017034515522003357
meta-llama/Llama-3.1-8B-Instruct,pb_t029_07,random_high_minus_low,20261202,1.0,high_minus_low,interaction,0.00880172424228134
meta-llama/Llama-3.1-8B-Instruct,pb_t029_09,random_high_minus_low,20261202,1.0,high_minus_low,interaction,0.009444620448963357
meta-llama/Llama-3.1-8B-Instruct,pb_t029_10,random_high_minus_low,20261202,1.0,high_minus_low,interaction,-0.03044840220079367
meta-llama/Llama-3.1-8B-Instruct,pb_t029_11,random_high_minus_low,20261202,1.0,high_minus_low,interaction,-0.018256579429717965
meta-llama/Llama-3.1-8B-Instruct,pb_t029_12,random_high_minus_low,20261202,1.0,high_minus_low,interaction,0.008068587925531136
meta-llama/Llama-3.1-8B-Instruct,pb_t031_06,random_high_minus_low,20261202,1.0,high_minus_low,interaction,-0.01970558961311712
meta-llama/Llama-3.1-8B-Instruct,pb_t031_09,random_high_minus_low,20261202,1.0,high_minus_low,interaction,-0.013258364017966115
meta-llama/Llama-3.1-8B-Instruct,pb_t031_12,random_high_minus_low,20261202,1.0,high_minus_low,interaction,-0.03968897849673455
meta-llama/Llama-3.1-8B-Instruct,pb_t031_13,random_high_minus_low,20261202,1.0,high_minus_low,interaction,-0.0071725767958976195
meta-llama/Llama-3.1-8B-Instruct,pb_t031_16,random_high_minus_low,20261202,1.0,high_minus_low,interaction,-0.0020963781797873303
meta-llama/Llama-3.1-8B-Instruct,pb_t032_08,random_high_minus_low,20261202,1.0,high_minus_low,interaction,0.008162057032977102
meta-llama/Llama-3.1-8B-Instruct,pb_t032_09,random_high_minus_low,20261202,1.0,high_minus_low,interaction,-0.03365115498384199
meta-llama/Llama-3.1-8B-Instruct,pb_t032_13,random_high_minus_low,20261202,1.0,high_minus_low,interaction,-0.008723639108433733
meta-llama/Llama-3.1-8B-Instruct,pb_t032_15,random_high_minus_low,20261202,1.0,high_minus_low,interaction,-0.021756197983655818
meta-llama/Llama-3.1-8B-Instruct,pb_t032_16,random_high_minus_low,20261202,1.0,high_minus_low,interaction,-0.04529416164433642
meta-llama/Llama-3.1-8B-Instruct,pb_t035_06,random_high_minus_low,20261202,1.0,high_minus_low,interaction,-0.0053235012378799644
meta-llama/Llama-3.1-8B-Instruct,pb_t035_13,random_high_minus_low,20261202,1.0,high_minus_low,interaction,-0.02139628310709423
meta-llama/Llama-3.1-8B-Instruct,pb_t035_15,random_high_minus_low,20261202,1.0,high_minus_low,interaction,-0.05246902235452263
meta-llama/Llama-3.1-8B-Instruct,pb_t035_20,random_high_minus_low,20261202,1.0,high_minus_low,interaction,-0.03573419114588573
meta-llama/Llama-3.1-8B-Instruct,pb_t035_22,random_high_minus_low,20261202,1.0,high_minus_low,interaction,0.0023154167877357207
meta-llama/Llama-3.1-8B-Instruct,pb_t040_08,random_high_minus_low,20261202,1.0,high_minus_low,interaction,-0.04986132600035656
meta-llama/Llama-3.1-8B-Instruct,pb_t040_10,random_high_minus_low,20261202,1.0,high_minus_low,interaction,-0.03409741496624357
meta-llama/Llama-3.1-8B-Instruct,pb_t040_13,random_high_minus_low,20261202,1.0,high_minus_low,interaction,-0.015707050990871357
meta-llama/Llama-3.1-8B-Instruct,pb_t040_14,random_high_minus_low,20261202,1.0,high_minus_low,interaction,-0.02454732265430402
meta-llama/Llama-3.1-8B-Instruct,pb_t040_15,random_high_minus_low,20261202,1.0,high_minus_low,interaction,0.0035437210896347377
meta-llama/Llama-3.1-8B-Instruct,pb_t001_08,random_high_minus_low,20261203,1.0,high_minus_low,interaction,-0.020358348473912706
meta-llama/Llama-3.1-8B-Instruct,pb_t001_10,random_high_minus_low,20261203,1.0,high_minus_low,interaction,0.012281158770712822
meta-llama/Llama-3.1-8B-Instruct,pb_t001_11,random_high_minus_low,20261203,1.0,high_minus_low,interaction,0.003154891003930933
meta-llama/Llama-3.1-8B-Instruct,pb_t001_12,random_high_minus_low,20261203,1.0,high_minus_low,interaction,-0.010979437611570959
meta-llama/Llama-3.1-8B-Instruct,pb_t001_15,random_high_minus_low,20261203,1.0,high_minus_low,interaction,0.02247771043914094
meta-llama/Llama-3.1-8B-Instruct,pb_t002_08,random_high_minus_low,20261203,1.0,high_minus_low,interaction,-0.003672022834807902
meta-llama/Llama-3.1-8B-Instruct,pb_t002_16,random_high_minus_low,20261203,1.0,high_minus_low,interaction,0.006192555765966069
meta-llama/Llama-3.1-8B-Instruct,pb_t002_17,random_high_minus_low,20261203,1.0,high_minus_low,interaction,-0.011400463258306327
meta-llama/Llama-3.1-8B-Instruct,pb_t002_18,random_high_minus_low,20261203,1.0,high_minus_low,interaction,-0.024076740713111274
meta-llama/Llama-3.1-8B-Instruct,pb_t002_20,random_high_minus_low,20261203,1.0,high_minus_low,interaction,0.010561099239370816
meta-llama/Llama-3.1-8B-Instruct,pb_t004_10,random_high_minus_low,20261203,1.0,high_minus_low,interaction,0.014850583940495578
meta-llama/Llama-3.1-8B-Instruct,pb_t004_11,random_high_minus_low,20261203,1.0,high_minus_low,interaction,0.006432414098159554
meta-llama/Llama-3.1-8B-Instruct,pb_t004_13,random_high_minus_low,20261203,1.0,high_minus_low,interaction,0.0004327344497617366
meta-llama/Llama-3.1-8B-Instruct,pb_t004_17,random_high_minus_low,20261203,1.0,high_minus_low,interaction,-0.006301625333962595
meta-llama/Llama-3.1-8B-Instruct,pb_t004_20,random_high_minus_low,20261203,1.0,high_minus_low,interaction,-0.027099859637294305
meta-llama/Llama-3.1-8B-Instruct,pb_t006_09,random_high_minus_low,20261203,1.0,high_minus_low,interaction,0.017910708564825593
meta-llama/Llama-3.1-8B-Instruct,pb_t006_10,random_high_minus_low,20261203,1.0,high_minus_low,interaction,-0.005409336165891975
meta-llama/Llama-3.1-8B-Instruct,pb_t006_12,random_high_minus_low,20261203,1.0,high_minus_low,interaction,0.019730168816783626
meta-llama/Llama-3.1-8B-Instruct,pb_t006_18,random_high_minus_low,20261203,1.0,high_minus_low,interaction,-0.010298919283199127
meta-llama/Llama-3.1-8B-Instruct,pb_t006_19,random_high_minus_low,20261203,1.0,high_minus_low,interaction,0.0015277544646102978
meta-llama/Llama-3.1-8B-Instruct,pb_t007_09,random_high_minus_low,20261203,1.0,high_minus_low,interaction,0.012800390062637324
meta-llama/Llama-3.1-8B-Instruct,pb_t007_10,random_high_minus_low,20261203,1.0,high_minus_low,interaction,-0.0033042456496186028
meta-llama/Llama-3.1-8B-Instruct,pb_t007_16,random_high_minus_low,20261203,1.0,high_minus_low,interaction,0.023598493462733013
meta-llama/Llama-3.1-8B-Instruct,pb_t007_17,random_high_minus_low,20261203,1.0,high_minus_low,interaction,-0.004801721136066076
meta-llama/Llama-3.1-8B-Instruct,pb_t007_19,random_high_minus_low,20261203,1.0,high_minus_low,interaction,0.02166019267979379
meta-llama/Llama-3.1-8B-Instruct,pb_t008_09,random_high_minus_low,20261203,1.0,high_minus_low,interaction,0.016587338955214487
meta-llama/Llama-3.1-8B-Instruct,pb_t008_11,random_high_minus_low,20261203,1.0,high_minus_low,interaction,-0.003875791174515351
meta-llama/Llama-3.1-8B-Instruct,pb_t008_16,random_high_minus_low,20261203,1.0,high_minus_low,interaction,0.02917831753850855
meta-llama/Llama-3.1-8B-Instruct,pb_t008_17,random_high_minus_low,20261203,1.0,high_minus_low,interaction,-0.00913428186832261
meta-llama/Llama-3.1-8B-Instruct,pb_t008_20,random_high_minus_low,20261203,1.0,high_minus_low,interaction,-0.010139769004320592
meta-llama/Llama-3.1-8B-Instruct,pb_t009_07,random_high_minus_low,20261203,1.0,high_minus_low,interaction,-0.006771170939897198
meta-llama/Llama-3.1-8B-Instruct,pb_t009_12,random_high_minus_low,20261203,1.0,high_minus_low,interaction,0.01883894341764113
meta-llama/Llama-3.1-8B-Instruct,pb_t009_15,random_high_minus_low,20261203,1.0,high_minus_low,interaction,0.03470177927747041
meta-llama/Llama-3.1-8B-Instruct,pb_t009_17,random_high_minus_low,20261203,1.0,high_minus_low,interaction,0.005344911242926513
meta-llama/Llama-3.1-8B-Instruct,pb_t009_19,random_high_minus_low,20261203,1.0,high_minus_low,interaction,-0.008285542282189293
meta-llama/Llama-3.1-8B-Instruct,pb_t010_09,random_high_minus_low,20261203,1.0,high_minus_low,interaction,0.0214291806403238
meta-llama/Llama-3.1-8B-Instruct,pb_t010_12,random_high_minus_low,20261203,1.0,high_minus_low,interaction,0.01331529820745363
meta-llama/Llama-3.1-8B-Instruct,pb_t010_17,random_high_minus_low,20261203,1.0,high_minus_low,interaction,0.0058326622545530225
meta-llama/Llama-3.1-8B-Instruct,pb_t010_19,random_high_minus_low,20261203,1.0,high_minus_low,interaction,0.009798745110338722
meta-llama/Llama-3.1-8B-Instruct,pb_t010_20,random_high_minus_low,20261203,1.0,high_minus_low,interaction,-0.000212600480939862
meta-llama/Llama-3.1-8B-Instruct,pb_t016_09,random_high_minus_low,20261203,1.0,high_minus_low,interaction,0.01056656704244063
meta-llama/Llama-3.1-8B-Instruct,pb_t016_10,random_high_minus_low,20261203,1.0,high_minus_low,interaction,0.015211513599880787
meta-llama/Llama-3.1-8B-Instruct,pb_t016_12,random_high_minus_low,20261203,1.0,high_minus_low,interaction,0.0028209333719791062
meta-llama/Llama-3.1-8B-Instruct,pb_t016_17,random_high_minus_low,20261203,1.0,high_minus_low,interaction,0.01127739190966149
meta-llama/Llama-3.1-8B-Instruct,pb_t016_20,random_high_minus_low,20261203,1.0,high_minus_low,interaction,0.0019929804560230116
meta-llama/Llama-3.1-8B-Instruct,pb_t018_08,random_high_minus_low,20261203,1.0,high_minus_low,interaction,-0.003767101996137668
meta-llama/Llama-3.1-8B-Instruct,pb_t018_10,random_high_minus_low,20261203,1.0,high_minus_low,interaction,-0.005909520570403811
meta-llama/Llama-3.1-8B-Instruct,pb_t018_11,random_high_minus_low,20261203,1.0,high_minus_low,interaction,0.006491829179907177
meta-llama/Llama-3.1-8B-Instruct,pb_t018_14,random_high_minus_low,20261203,1.0,high_minus_low,interaction,-0.0242272510649106
meta-llama/Llama-3.1-8B-Instruct,pb_t018_18,random_high_minus_low,20261203,1.0,high_minus_low,interaction,0.004959866640404261
meta-llama/Llama-3.1-8B-Instruct,pb_t023_09,random_high_minus_low,20261203,1.0,high_minus_low,interaction,-0.025270247206687264
meta-llama/Llama-3.1-8B-Instruct,pb_t023_12,random_high_minus_low,20261203,1.0,high_minus_low,interaction,-0.0013891903710591142
meta-llama/Llama-3.1-8B-Instruct,pb_t023_13,random_high_minus_low,20261203,1.0,high_minus_low,interaction,0.027363893230917855
meta-llama/Llama-3.1-8B-Instruct,pb_t023_17,random_high_minus_low,20261203,1.0,high_minus_low,interaction,0.03985919998608613
meta-llama/Llama-3.1-8B-Instruct,pb_t023_20,random_high_minus_low,20261203,1.0,high_minus_low,interaction,0.008855099118550128
meta-llama/Llama-3.1-8B-Instruct,pb_t029_07,random_high_minus_low,20261203,1.0,high_minus_low,interaction,0.012771890422806862
meta-llama/Llama-3.1-8B-Instruct,pb_t029_09,random_high_minus_low,20261203,1.0,high_minus_low,interaction,-0.018314032281431497
meta-llama/Llama-3.1-8B-Instruct,pb_t029_10,random_high_minus_low,20261203,1.0,high_minus_low,interaction,0.034295221711802513
meta-llama/Llama-3.1-8B-Instruct,pb_t029_11,random_high_minus_low,20261203,1.0,high_minus_low,interaction,0.027906546675651348
meta-llama/Llama-3.1-8B-Instruct,pb_t029_12,random_high_minus_low,20261203,1.0,high_minus_low,interaction,0.008216122227119234
meta-llama/Llama-3.1-8B-Instruct,pb_t031_06,random_high_minus_low,20261203,1.0,high_minus_low,interaction,-0.015446943133927167
meta-llama/Llama-3.1-8B-Instruct,pb_t031_09,random_high_minus_low,20261203,1.0,high_minus_low,interaction,0.001608990523305356
meta-llama/Llama-3.1-8B-Instruct,pb_t031_12,random_high_minus_low,20261203,1.0,high_minus_low,interaction,0.01094742485958662
meta-llama/Llama-3.1-8B-Instruct,pb_t031_13,random_high_minus_low,20261203,1.0,high_minus_low,interaction,0.013364080550108525
meta-llama/Llama-3.1-8B-Instruct,pb_t031_16,random_high_minus_low,20261203,1.0,high_minus_low,interaction,0.010611349120420882
meta-llama/Llama-3.1-8B-Instruct,pb_t032_08,random_high_minus_low,20261203,1.0,high_minus_low,interaction,-0.003540895615747709
meta-llama/Llama-3.1-8B-Instruct,pb_t032_09,random_high_minus_low,20261203,1.0,high_minus_low,interaction,-0.0166022433855424
meta-llama/Llama-3.1-8B-Instruct,pb_t032_13,random_high_minus_low,20261203,1.0,high_minus_low,interaction,0.01027055396949359
meta-llama/Llama-3.1-8B-Instruct,pb_t032_15,random_high_minus_low,20261203,1.0,high_minus_low,interaction,0.025628976105724604
meta-llama/Llama-3.1-8B-Instruct,pb_t032_16,random_high_minus_low,20261203,1.0,high_minus_low,interaction,0.019231506870042506
meta-llama/Llama-3.1-8B-Instruct,pb_t035_06,random_high_minus_low,20261203,1.0,high_minus_low,interaction,0.022913931687449037
meta-llama/Llama-3.1-8B-Instruct,pb_t035_13,random_high_minus_low,20261203,1.0,high_minus_low,interaction,-0.0011505132590966549
meta-llama/Llama-3.1-8B-Instruct,pb_t035_15,random_high_minus_low,20261203,1.0,high_minus_low,interaction,0.0007953108609119925
meta-llama/Llama-3.1-8B-Instruct,pb_t035_20,random_high_minus_low,20261203,1.0,high_minus_low,interaction,0.014691407284729773
meta-llama/Llama-3.1-8B-Instruct,pb_t035_22,random_high_minus_low,20261203,1.0,high_minus_low,interaction,-0.03087417668950205
meta-llama/Llama-3.1-8B-Instruct,pb_t040_08,random_high_minus_low,20261203,1.0,high_minus_low,interaction,0.01435726320134047
meta-llama/Llama-3.1-8B-Instruct,pb_t040_10,random_high_minus_low,20261203,1.0,high_minus_low,interaction,0.010028887253223949
meta-llama/Llama-3.1-8B-Instruct,pb_t040_13,random_high_minus_low,20261203,1.0,high_minus_low,interaction,0.008292901426542931
meta-llama/Llama-3.1-8B-Instruct,pb_t040_14,random_high_minus_low,20261203,1.0,high_minus_low,interaction,0.03132492920622506
meta-llama/Llama-3.1-8B-Instruct,pb_t040_15,random_high_minus_low,20261203,1.0,high_minus_low,interaction,-0.02128987033550864
meta-llama/Llama-3.1-8B-Instruct,pb_t001_08,random_high_minus_low,20261204,1.0,high_minus_low,interaction,-0.04884282934449923
meta-llama/Llama-3.1-8B-Instruct,pb_t001_10,random_high_minus_low,20261204,1.0,high_minus_low,interaction,-0.022605543756075232
meta-llama/Llama-3.1-8B-Instruct,pb_t001_11,random_high_minus_low,20261204,1.0,high_minus_low,interaction,-0.00656225090079908
meta-llama/Llama-3.1-8B-Instruct,pb_t001_12,random_high_minus_low,20261204,1.0,high_minus_low,interaction,-0.02988166540731871
meta-llama/Llama-3.1-8B-Instruct,pb_t001_15,random_high_minus_low,20261204,1.0,high_minus_low,interaction,-0.03247902773173655
meta-llama/Llama-3.1-8B-Instruct,pb_t002_08,random_high_minus_low,20261204,1.0,high_minus_low,interaction,-0.04959759221713163
meta-llama/Llama-3.1-8B-Instruct,pb_t002_16,random_high_minus_low,20261204,1.0,high_minus_low,interaction,-0.023307802403193627
meta-llama/Llama-3.1-8B-Instruct,pb_t002_17,random_high_minus_low,20261204,1.0,high_minus_low,interaction,-0.042918013361795515
meta-llama/Llama-3.1-8B-Instruct,pb_t002_18,random_high_minus_low,20261204,1.0,high_minus_low,interaction,-0.03884551322600887
meta-llama/Llama-3.1-8B-Instruct,pb_t002_20,random_high_minus_low,20261204,1.0,high_minus_low,interaction,-0.032818905181652945
meta-llama/Llama-3.1-8B-Instruct,pb_t004_10,random_high_minus_low,20261204,1.0,high_minus_low,interaction,-0.011596299672517052
meta-llama/Llama-3.1-8B-Instruct,pb_t004_11,random_high_minus_low,20261204,1.0,high_minus_low,interaction,-0.06315282434408541
meta-llama/Llama-3.1-8B-Instruct,pb_t004_13,random_high_minus_low,20261204,1.0,high_minus_low,interaction,-0.03654519643689094
meta-llama/Llama-3.1-8B-Instruct,pb_t004_17,random_high_minus_low,20261204,1.0,high_minus_low,interaction,-0.03537931816329313
meta-llama/Llama-3.1-8B-Instruct,pb_t004_20,random_high_minus_low,20261204,1.0,high_minus_low,interaction,-0.04022766661109991
meta-llama/Llama-3.1-8B-Instruct,pb_t006_09,random_high_minus_low,20261204,1.0,high_minus_low,interaction,-0.03123563719660641
meta-llama/Llama-3.1-8B-Instruct,pb_t006_10,random_high_minus_low,20261204,1.0,high_minus_low,interaction,-0.04688800312556297
meta-llama/Llama-3.1-8B-Instruct,pb_t006_12,random_high_minus_low,20261204,1.0,high_minus_low,interaction,-0.05527246856342282
meta-llama/Llama-3.1-8B-Instruct,pb_t006_18,random_high_minus_low,20261204,1.0,high_minus_low,interaction,-0.02548855088657543
meta-llama/Llama-3.1-8B-Instruct,pb_t006_19,random_high_minus_low,20261204,1.0,high_minus_low,interaction,-0.048639704723839924
meta-llama/Llama-3.1-8B-Instruct,pb_t007_09,random_high_minus_low,20261204,1.0,high_minus_low,interaction,-0.025136039359106105
meta-llama/Llama-3.1-8B-Instruct,pb_t007_10,random_high_minus_low,20261204,1.0,high_minus_low,interaction,-0.028111803757358278
meta-llama/Llama-3.1-8B-Instruct,pb_t007_16,random_high_minus_low,20261204,1.0,high_minus_low,interaction,-0.021722115239102027
meta-llama/Llama-3.1-8B-Instruct,pb_t007_17,random_high_minus_low,20261204,1.0,high_minus_low,interaction,-0.033933121456990616
meta-llama/Llama-3.1-8B-Instruct,pb_t007_19,random_high_minus_low,20261204,1.0,high_minus_low,interaction,-0.024055392903916225
meta-llama/Llama-3.1-8B-Instruct,pb_t008_09,random_high_minus_low,20261204,1.0,high_minus_low,interaction,-0.017314737917376408
meta-llama/Llama-3.1-8B-Instruct,pb_t008_11,random_high_minus_low,20261204,1.0,high_minus_low,interaction,-0.04245652815159754
meta-llama/Llama-3.1-8B-Instruct,pb_t008_16,random_high_minus_low,20261204,1.0,high_minus_low,interaction,-0.03200595611410967
meta-llama/Llama-3.1-8B-Instruct,pb_t008_17,random_high_minus_low,20261204,1.0,high_minus_low,interaction,-0.047828676507278914
meta-llama/Llama-3.1-8B-Instruct,pb_t008_20,random_high_minus_low,20261204,1.0,high_minus_low,interaction,-0.006095844234923016
meta-llama/Llama-3.1-8B-Instruct,pb_t009_07,random_high_minus_low,20261204,1.0,high_minus_low,interaction,-0.04036301353818166
meta-llama/Llama-3.1-8B-Instruct,pb_t009_12,random_high_minus_low,20261204,1.0,high_minus_low,interaction,-0.039461669814016206
meta-llama/Llama-3.1-8B-Instruct,pb_t009_15,random_high_minus_low,20261204,1.0,high_minus_low,interaction,-0.026372740942631864
meta-llama/Llama-3.1-8B-Instruct,pb_t009_17,random_high_minus_low,20261204,1.0,high_minus_low,interaction,-0.008858775268482957
meta-llama/Llama-3.1-8B-Instruct,pb_t009_19,random_high_minus_low,20261204,1.0,high_minus_low,interaction,-0.04899636432525194
meta-llama/Llama-3.1-8B-Instruct,pb_t010_09,random_high_minus_low,20261204,1.0,high_minus_low,interaction,-0.0330260036501641
meta-llama/Llama-3.1-8B-Instruct,pb_t010_12,random_high_minus_low,20261204,1.0,high_minus_low,interaction,-0.017025019668694533
meta-llama/Llama-3.1-8B-Instruct,pb_t010_17,random_high_minus_low,20261204,1.0,high_minus_low,interaction,-0.0411081812251257
meta-llama/Llama-3.1-8B-Instruct,pb_t010_19,random_high_minus_low,20261204,1.0,high_minus_low,interaction,-0.030833506328192577
meta-llama/Llama-3.1-8B-Instruct,pb_t010_20,random_high_minus_low,20261204,1.0,high_minus_low,interaction,-0.04716075550775085
meta-llama/Llama-3.1-8B-Instruct,pb_t016_09,random_high_minus_low,20261204,1.0,high_minus_low,interaction,-0.028555643471247002
meta-llama/Llama-3.1-8B-Instruct,pb_t016_10,random_high_minus_low,20261204,1.0,high_minus_low,interaction,-0.03183740172970167
meta-llama/Llama-3.1-8B-Instruct,pb_t016_12,random_high_minus_low,20261204,1.0,high_minus_low,interaction,-0.03379542067617201
meta-llama/Llama-3.1-8B-Instruct,pb_t016_17,random_high_minus_low,20261204,1.0,high_minus_low,interaction,-0.042163752733874994
meta-llama/Llama-3.1-8B-Instruct,pb_t016_20,random_high_minus_low,20261204,1.0,high_minus_low,interaction,-0.023156049248998327
meta-llama/Llama-3.1-8B-Instruct,pb_t018_08,random_high_minus_low,20261204,1.0,high_minus_low,interaction,-0.015944554623445267
meta-llama/Llama-3.1-8B-Instruct,pb_t018_10,random_high_minus_low,20261204,1.0,high_minus_low,interaction,-0.06924115628968025
meta-llama/Llama-3.1-8B-Instruct,pb_t018_11,random_high_minus_low,20261204,1.0,high_minus_low,interaction,-0.0380791723330691
meta-llama/Llama-3.1-8B-Instruct,pb_t018_14,random_high_minus_low,20261204,1.0,high_minus_low,interaction,-0.029285405359066707
meta-llama/Llama-3.1-8B-Instruct,pb_t018_18,random_high_minus_low,20261204,1.0,high_minus_low,interaction,-0.022833294775229097
meta-llama/Llama-3.1-8B-Instruct,pb_t023_09,random_high_minus_low,20261204,1.0,high_minus_low,interaction,-0.040827201505406585
meta-llama/Llama-3.1-8B-Instruct,pb_t023_12,random_high_minus_low,20261204,1.0,high_minus_low,interaction,-0.032261186563417005
meta-llama/Llama-3.1-8B-Instruct,pb_t023_13,random_high_minus_low,20261204,1.0,high_minus_low,interaction,-0.03042280952043709
meta-llama/Llama-3.1-8B-Instruct,pb_t023_17,random_high_minus_low,20261204,1.0,high_minus_low,interaction,-0.026535771984969796
meta-llama/Llama-3.1-8B-Instruct,pb_t023_20,random_high_minus_low,20261204,1.0,high_minus_low,interaction,-0.04442552805465023
meta-llama/Llama-3.1-8B-Instruct,pb_t029_07,random_high_minus_low,20261204,1.0,high_minus_low,interaction,-0.05677323695335534
meta-llama/Llama-3.1-8B-Instruct,pb_t029_09,random_high_minus_low,20261204,1.0,high_minus_low,interaction,-0.035272852286811
meta-llama/Llama-3.1-8B-Instruct,pb_t029_10,random_high_minus_low,20261204,1.0,high_minus_low,interaction,-0.023491764679399892
meta-llama/Llama-3.1-8B-Instruct,pb_t029_11,random_high_minus_low,20261204,1.0,high_minus_low,interaction,-0.03094939952370421
meta-llama/Llama-3.1-8B-Instruct,pb_t029_12,random_high_minus_low,20261204,1.0,high_minus_low,interaction,-0.0308292791840103
meta-llama/Llama-3.1-8B-Instruct,pb_t031_06,random_high_minus_low,20261204,1.0,high_minus_low,interaction,-0.014663790303836893
meta-llama/Llama-3.1-8B-Instruct,pb_t031_09,random_high_minus_low,20261204,1.0,high_minus_low,interaction,-0.03556928560677715
meta-llama/Llama-3.1-8B-Instruct,pb_t031_12,random_high_minus_low,20261204,1.0,high_minus_low,interaction,-0.0272835354129796
meta-llama/Llama-3.1-8B-Instruct,pb_t031_13,random_high_minus_low,20261204,1.0,high_minus_low,interaction,-0.03295940601431704
meta-llama/Llama-3.1-8B-Instruct,pb_t031_16,random_high_minus_low,20261204,1.0,high_minus_low,interaction,-0.06503738775833477
meta-llama/Llama-3.1-8B-Instruct,pb_t032_08,random_high_minus_low,20261204,1.0,high_minus_low,interaction,-0.06573513273552763
meta-llama/Llama-3.1-8B-Instruct,pb_t032_09,random_high_minus_low,20261204,1.0,high_minus_low,interaction,-0.016022561255372176
meta-llama/Llama-3.1-8B-Instruct,pb_t032_13,random_high_minus_low,20261204,1.0,high_minus_low,interaction,-0.017627832780617275
meta-llama/Llama-3.1-8B-Instruct,pb_t032_15,random_high_minus_low,20261204,1.0,high_minus_low,interaction,-0.03243879155691736
meta-llama/Llama-3.1-8B-Instruct,pb_t032_16,random_high_minus_low,20261204,1.0,high_minus_low,interaction,-0.01815647676543594
meta-llama/Llama-3.1-8B-Instruct,pb_t035_06,random_high_minus_low,20261204,1.0,high_minus_low,interaction,-0.029952150095582802
meta-llama/Llama-3.1-8B-Instruct,pb_t035_13,random_high_minus_low,20261204,1.0,high_minus_low,interaction,-0.04236241626874022
meta-llama/Llama-3.1-8B-Instruct,pb_t035_15,random_high_minus_low,20261204,1.0,high_minus_low,interaction,-0.030278264770968216
meta-llama/Llama-3.1-8B-Instruct,pb_t035_20,random_high_minus_low,20261204,1.0,high_minus_low,interaction,-0.018083588507730484
meta-llama/Llama-3.1-8B-Instruct,pb_t035_22,random_high_minus_low,20261204,1.0,high_minus_low,interaction,-0.0406995574632237
meta-llama/Llama-3.1-8B-Instruct,pb_t040_08,random_high_minus_low,20261204,1.0,high_minus_low,interaction,-0.019519656130916527
meta-llama/Llama-3.1-8B-Instruct,pb_t040_10,random_high_minus_low,20261204,1.0,high_minus_low,interaction,-0.03456091212851021
meta-llama/Llama-3.1-8B-Instruct,pb_t040_13,random_high_minus_low,20261204,1.0,high_minus_low,interaction,-0.041255337085298195
meta-llama/Llama-3.1-8B-Instruct,pb_t040_14,random_high_minus_low,20261204,1.0,high_minus_low,interaction,-0.034709009184633974
meta-llama/Llama-3.1-8B-Instruct,pb_t040_15,random_high_minus_low,20261204,1.0,high_minus_low,interaction,-0.04904702499060319
meta-llama/Llama-3.1-8B-Instruct,pb_t001_08,random_high_minus_low,20261205,1.0,high_minus_low,interaction,0.013200448218400444
meta-llama/Llama-3.1-8B-Instruct,pb_t001_10,random_high_minus_low,20261205,1.0,high_minus_low,interaction,0.021029093517008858
meta-llama/Llama-3.1-8B-Instruct,pb_t001_11,random_high_minus_low,20261205,1.0,high_minus_low,interaction,0.015943008705089676
meta-llama/Llama-3.1-8B-Instruct,pb_t001_12,random_high_minus_low,20261205,1.0,high_minus_low,interaction,0.03828489101950429
meta-llama/Llama-3.1-8B-Instruct,pb_t001_15,random_high_minus_low,20261205,1.0,high_minus_low,interaction,0.018458674766292083
meta-llama/Llama-3.1-8B-Instruct,pb_t002_08,random_high_minus_low,20261205,1.0,high_minus_low,interaction,0.013674583177471503
meta-llama/Llama-3.1-8B-Instruct,pb_t002_16,random_high_minus_low,20261205,1.0,high_minus_low,interaction,-0.003930024590569459
meta-llama/Llama-3.1-8B-Instruct,pb_t002_17,random_high_minus_low,20261205,1.0,high_minus_low,interaction,0.010322238887398914
meta-llama/Llama-3.1-8B-Instruct,pb_t002_18,random_high_minus_low,20261205,1.0,high_minus_low,interaction,0.006979911781690941
meta-llama/Llama-3.1-8B-Instruct,pb_t002_20,random_high_minus_low,20261205,1.0,high_minus_low,interaction,0.00413200009439437
meta-llama/Llama-3.1-8B-Instruct,pb_t004_10,random_high_minus_low,20261205,1.0,high_minus_low,interaction,0.00819375856419311
meta-llama/Llama-3.1-8B-Instruct,pb_t004_11,random_high_minus_low,20261205,1.0,high_minus_low,interaction,0.0006160859131991163
meta-llama/Llama-3.1-8B-Instruct,pb_t004_13,random_high_minus_low,20261205,1.0,high_minus_low,interaction,0.023312791430680983
meta-llama/Llama-3.1-8B-Instruct,pb_t004_17,random_high_minus_low,20261205,1.0,high_minus_low,interaction,0.002663809423738413
meta-llama/Llama-3.1-8B-Instruct,pb_t004_20,random_high_minus_low,20261205,1.0,high_minus_low,interaction,-0.00108111135365427
meta-llama/Llama-3.1-8B-Instruct,pb_t006_09,random_high_minus_low,20261205,1.0,high_minus_low,interaction,0.021677779526852105
meta-llama/Llama-3.1-8B-Instruct,pb_t006_10,random_high_minus_low,20261205,1.0,high_minus_low,interaction,0.01933051936648046
meta-llama/Llama-3.1-8B-Instruct,pb_t006_12,random_high_minus_low,20261205,1.0,high_minus_low,interaction,0.008051013485449163
meta-llama/Llama-3.1-8B-Instruct,pb_t006_18,random_high_minus_low,20261205,1.0,high_minus_low,interaction,0.013227573204888713
meta-llama/Llama-3.1-8B-Instruct,pb_t006_19,random_high_minus_low,20261205,1.0,high_minus_low,interaction,0.012419336533000903
meta-llama/Llama-3.1-8B-Instruct,pb_t007_09,random_high_minus_low,20261205,1.0,high_minus_low,interaction,0.011486509142380016
meta-llama/Llama-3.1-8B-Instruct,pb_t007_10,random_high_minus_low,20261205,1.0,high_minus_low,interaction,0.02210479328549797
meta-llama/Llama-3.1-8B-Instruct,pb_t007_16,random_high_minus_low,20261205,1.0,high_minus_low,interaction,0.03607407394639361
meta-llama/Llama-3.1-8B-Instruct,pb_t007_17,random_high_minus_low,20261205,1.0,high_minus_low,interaction,0.01777602029914682
meta-llama/Llama-3.1-8B-Instruct,pb_t007_19,random_high_minus_low,20261205,1.0,high_minus_low,interaction,0.02024299219950805
meta-llama/Llama-3.1-8B-Instruct,pb_t008_09,random_high_minus_low,20261205,1.0,high_minus_low,interaction,0.02668681244163548
meta-llama/Llama-3.1-8B-Instruct,pb_t008_11,random_high_minus_low,20261205,1.0,high_minus_low,interaction,0.025105935017490276
meta-llama/Llama-3.1-8B-Instruct,pb_t008_16,random_high_minus_low,20261205,1.0,high_minus_low,interaction,0.02593527769130208
meta-llama/Llama-3.1-8B-Instruct,pb_t008_17,random_high_minus_low,20261205,1.0,high_minus_low,interaction,0.014689760153603083
meta-llama/Llama-3.1-8B-Instruct,pb_t008_20,random_high_minus_low,20261205,1.0,high_minus_low,interaction,0.023849821166892493
meta-llama/Llama-3.1-8B-Instruct,pb_t009_07,random_high_minus_low,20261205,1.0,high_minus_low,interaction,0.024953252835998297
meta-llama/Llama-3.1-8B-Instruct,pb_t009_12,random_high_minus_low,20261205,1.0,high_minus_low,interaction,0.014117446986715134
meta-llama/Llama-3.1-8B-Instruct,pb_t009_15,random_high_minus_low,20261205,1.0,high_minus_low,interaction,0.019905208586344595
meta-llama/Llama-3.1-8B-Instruct,pb_t009_17,random_high_minus_low,20261205,1.0,high_minus_low,interaction,0.019976719470302745
meta-llama/Llama-3.1-8B-Instruct,pb_t009_19,random_high_minus_low,20261205,1.0,high_minus_low,interaction,0.014910757374640095
meta-llama/Llama-3.1-8B-Instruct,pb_t010_09,random_high_minus_low,20261205,1.0,high_minus_low,interaction,0.008102633579857724
meta-llama/Llama-3.1-8B-Instruct,pb_t010_12,random_high_minus_low,20261205,1.0,high_minus_low,interaction,0.013392795424520794
meta-llama/Llama-3.1-8B-Instruct,pb_t010_17,random_high_minus_low,20261205,1.0,high_minus_low,interaction,0.027994182102092622
meta-llama/Llama-3.1-8B-Instruct,pb_t010_19,random_high_minus_low,20261205,1.0,high_minus_low,interaction,0.020812816201955332
meta-llama/Llama-3.1-8B-Instruct,pb_t010_20,random_high_minus_low,20261205,1.0,high_minus_low,interaction,0.02921005098898981
meta-llama/Llama-3.1-8B-Instruct,pb_t016_09,random_high_minus_low,20261205,1.0,high_minus_low,interaction,0.015365232158077767
meta-llama/Llama-3.1-8B-Instruct,pb_t016_10,random_high_minus_low,20261205,1.0,high_minus_low,interaction,0.02779861247440574
meta-llama/Llama-3.1-8B-Instruct,pb_t016_12,random_high_minus_low,20261205,1.0,high_minus_low,interaction,0.027182147324556018
meta-llama/Llama-3.1-8B-Instruct,pb_t016_17,random_high_minus_low,20261205,1.0,high_minus_low,interaction,0.009655683795964848
meta-llama/Llama-3.1-8B-Instruct,pb_t016_20,random_high_minus_low,20261205,1.0,high_minus_low,interaction,0.030446981735068185
meta-llama/Llama-3.1-8B-Instruct,pb_t018_08,random_high_minus_low,20261205,1.0,high_minus_low,interaction,0.01375272027630773
meta-llama/Llama-3.1-8B-Instruct,pb_t018_10,random_high_minus_low,20261205,1.0,high_minus_low,interaction,-0.019769552654013214
meta-llama/Llama-3.1-8B-Instruct,pb_t018_11,random_high_minus_low,20261205,1.0,high_minus_low,interaction,0.020150834610047148
meta-llama/Llama-3.1-8B-Instruct,pb_t018_14,random_high_minus_low,20261205,1.0,high_minus_low,interaction,0.01850393664638482
meta-llama/Llama-3.1-8B-Instruct,pb_t018_18,random_high_minus_low,20261205,1.0,high_minus_low,interaction,0.018816264660706766
meta-llama/Llama-3.1-8B-Instruct,pb_t023_09,random_high_minus_low,20261205,1.0,high_minus_low,interaction,0.023095510009627254
meta-llama/Llama-3.1-8B-Instruct,pb_t023_12,random_high_minus_low,20261205,1.0,high_minus_low,interaction,0.026724404481770856
meta-llama/Llama-3.1-8B-Instruct,pb_t023_13,random_high_minus_low,20261205,1.0,high_minus_low,interaction,0.02744598954198417
meta-llama/Llama-3.1-8B-Instruct,pb_t023_17,random_high_minus_low,20261205,1.0,high_minus_low,interaction,0.009969327049054568
meta-llama/Llama-3.1-8B-Instruct,pb_t023_20,random_high_minus_low,20261205,1.0,high_minus_low,interaction,0.01460501096268832
meta-llama/Llama-3.1-8B-Instruct,pb_t029_07,random_high_minus_low,20261205,1.0,high_minus_low,interaction,-0.004613980317509661
meta-llama/Llama-3.1-8B-Instruct,pb_t029_09,random_high_minus_low,20261205,1.0,high_minus_low,interaction,0.030143247037422112
meta-llama/Llama-3.1-8B-Instruct,pb_t029_10,random_high_minus_low,20261205,1.0,high_minus_low,interaction,0.015020447463973786
meta-llama/Llama-3.1-8B-Instruct,pb_t029_11,random_high_minus_low,20261205,1.0,high_minus_low,interaction,0.015611173173490533
meta-llama/Llama-3.1-8B-Instruct,pb_t029_12,random_high_minus_low,20261205,1.0,high_minus_low,interaction,0.042157156782861874
meta-llama/Llama-3.1-8B-Instruct,pb_t031_06,random_high_minus_low,20261205,1.0,high_minus_low,interaction,0.016693140843124843
meta-llama/Llama-3.1-8B-Instruct,pb_t031_09,random_high_minus_low,20261205,1.0,high_minus_low,interaction,0.02753753068012605
meta-llama/Llama-3.1-8B-Instruct,pb_t031_12,random_high_minus_low,20261205,1.0,high_minus_low,interaction,0.011739957930811734
meta-llama/Llama-3.1-8B-Instruct,pb_t031_13,random_high_minus_low,20261205,1.0,high_minus_low,interaction,0.017649419763389435
meta-llama/Llama-3.1-8B-Instruct,pb_t031_16,random_high_minus_low,20261205,1.0,high_minus_low,interaction,0.009629844809748279
meta-llama/Llama-3.1-8B-Instruct,pb_t032_08,random_high_minus_low,20261205,1.0,high_minus_low,interaction,-0.008554055716982652
meta-llama/Llama-3.1-8B-Instruct,pb_t032_09,random_high_minus_low,20261205,1.0,high_minus_low,interaction,0.02159882315159827
meta-llama/Llama-3.1-8B-Instruct,pb_t032_13,random_high_minus_low,20261205,1.0,high_minus_low,interaction,0.018386660298992715
meta-llama/Llama-3.1-8B-Instruct,pb_t032_15,random_high_minus_low,20261205,1.0,high_minus_low,interaction,0.02310372258721926
meta-llama/Llama-3.1-8B-Instruct,pb_t032_16,random_high_minus_low,20261205,1.0,high_minus_low,interaction,0.013356472834087151
meta-llama/Llama-3.1-8B-Instruct,pb_t035_06,random_high_minus_low,20261205,1.0,high_minus_low,interaction,0.037934356013814605
meta-llama/Llama-3.1-8B-Instruct,pb_t035_13,random_high_minus_low,20261205,1.0,high_minus_low,interaction,0.028269569635318948
meta-llama/Llama-3.1-8B-Instruct,pb_t035_15,random_high_minus_low,20261205,1.0,high_minus_low,interaction,0.015592811152144712
meta-llama/Llama-3.1-8B-Instruct,pb_t035_20,random_high_minus_low,20261205,1.0,high_minus_low,interaction,0.0247416006036396
meta-llama/Llama-3.1-8B-Instruct,pb_t035_22,random_high_minus_low,20261205,1.0,high_minus_low,interaction,0.0315051944869829
meta-llama/Llama-3.1-8B-Instruct,pb_t040_08,random_high_minus_low,20261205,1.0,high_minus_low,interaction,0.025474494575526564
meta-llama/Llama-3.1-8B-Instruct,pb_t040_10,random_high_minus_low,20261205,1.0,high_minus_low,interaction,0.033381123740911636
meta-llama/Llama-3.1-8B-Instruct,pb_t040_13,random_high_minus_low,20261205,1.0,high_minus_low,interaction,0.0229771532618851
meta-llama/Llama-3.1-8B-Instruct,pb_t040_14,random_high_minus_low,20261205,1.0,high_minus_low,interaction,0.028646626185509033
meta-llama/Llama-3.1-8B-Instruct,pb_t040_15,random_high_minus_low,20261205,1.0,high_minus_low,interaction,0.021929566409253313
meta-llama/Llama-3.1-8B-Instruct,pb_t001_08,random_high_minus_low,20261206,1.0,high_minus_low,interaction,-0.03609840914567119
meta-llama/Llama-3.1-8B-Instruct,pb_t001_10,random_high_minus_low,20261206,1.0,high_minus_low,interaction,0.008988083513072885
meta-llama/Llama-3.1-8B-Instruct,pb_t001_11,random_high_minus_low,20261206,1.0,high_minus_low,interaction,0.012704262794375672
meta-llama/Llama-3.1-8B-Instruct,pb_t001_12,random_high_minus_low,20261206,1.0,high_minus_low,interaction,-0.0035594537712721128
meta-llama/Llama-3.1-8B-Instruct,pb_t001_15,random_high_minus_low,20261206,1.0,high_minus_low,interaction,-0.014099191811493618
meta-llama/Llama-3.1-8B-Instruct,pb_t002_08,random_high_minus_low,20261206,1.0,high_minus_low,interaction,-0.0026646495528468055
meta-llama/Llama-3.1-8B-Instruct,pb_t002_16,random_high_minus_low,20261206,1.0,high_minus_low,interaction,-0.009772949827052815
meta-llama/Llama-3.1-8B-Instruct,pb_t002_17,random_high_minus_low,20261206,1.0,high_minus_low,interaction,-0.021162989555855306
meta-llama/Llama-3.1-8B-Instruct,pb_t002_18,random_high_minus_low,20261206,1.0,high_minus_low,interaction,-0.05511500512531724
meta-llama/Llama-3.1-8B-Instruct,pb_t002_20,random_high_minus_low,20261206,1.0,high_minus_low,interaction,-0.0116197695319371
meta-llama/Llama-3.1-8B-Instruct,pb_t004_10,random_high_minus_low,20261206,1.0,high_minus_low,interaction,-0.004223289596409905
meta-llama/Llama-3.1-8B-Instruct,pb_t004_11,random_high_minus_low,20261206,1.0,high_minus_low,interaction,-0.012456490265023856
meta-llama/Llama-3.1-8B-Instruct,pb_t004_13,random_high_minus_low,20261206,1.0,high_minus_low,interaction,-0.0010527864288853513
meta-llama/Llama-3.1-8B-Instruct,pb_t004_17,random_high_minus_low,20261206,1.0,high_minus_low,interaction,-0.00021322230147686962
meta-llama/Llama-3.1-8B-Instruct,pb_t004_20,random_high_minus_low,20261206,1.0,high_minus_low,interaction,0.019592983735291225
meta-llama/Llama-3.1-8B-Instruct,pb_t006_09,random_high_minus_low,20261206,1.0,high_minus_low,interaction,-0.004255880926999167
meta-llama/Llama-3.1-8B-Instruct,pb_t006_10,random_high_minus_low,20261206,1.0,high_minus_low,interaction,-0.004205600716650257
meta-llama/Llama-3.1-8B-Instruct,pb_t006_12,random_high_minus_low,20261206,1.0,high_minus_low,interaction,-0.01018696084330026
meta-llama/Llama-3.1-8B-Instruct,pb_t006_18,random_high_minus_low,20261206,1.0,high_minus_low,interaction,-0.0014283100047588378
meta-llama/Llama-3.1-8B-Instruct,pb_t006_19,random_high_minus_low,20261206,1.0,high_minus_low,interaction,-0.024796951117672363
meta-llama/Llama-3.1-8B-Instruct,pb_t007_09,random_high_minus_low,20261206,1.0,high_minus_low,interaction,-0.010552094154464358
meta-llama/Llama-3.1-8B-Instruct,pb_t007_10,random_high_minus_low,20261206,1.0,high_minus_low,interaction,-0.0034471509193876176
meta-llama/Llama-3.1-8B-Instruct,pb_t007_16,random_high_minus_low,20261206,1.0,high_minus_low,interaction,-0.02297692677327264
meta-llama/Llama-3.1-8B-Instruct,pb_t007_17,random_high_minus_low,20261206,1.0,high_minus_low,interaction,-0.041853889944361296
meta-llama/Llama-3.1-8B-Instruct,pb_t007_19,random_high_minus_low,20261206,1.0,high_minus_low,interaction,-0.010326615143728037
meta-llama/Llama-3.1-8B-Instruct,pb_t008_09,random_high_minus_low,20261206,1.0,high_minus_low,interaction,-0.003333852603559922
meta-llama/Llama-3.1-8B-Instruct,pb_t008_11,random_high_minus_low,20261206,1.0,high_minus_low,interaction,-0.015453641280680854
meta-llama/Llama-3.1-8B-Instruct,pb_t008_16,random_high_minus_low,20261206,1.0,high_minus_low,interaction,-0.004055870860788631
meta-llama/Llama-3.1-8B-Instruct,pb_t008_17,random_high_minus_low,20261206,1.0,high_minus_low,interaction,-0.03927701500924737
meta-llama/Llama-3.1-8B-Instruct,pb_t008_20,random_high_minus_low,20261206,1.0,high_minus_low,interaction,0.0062039621562558185
meta-llama/Llama-3.1-8B-Instruct,pb_t009_07,random_high_minus_low,20261206,1.0,high_minus_low,interaction,-0.024636199263720064
meta-llama/Llama-3.1-8B-Instruct,pb_t009_12,random_high_minus_low,20261206,1.0,high_minus_low,interaction,-0.006413489439123739
meta-llama/Llama-3.1-8B-Instruct,pb_t009_15,random_high_minus_low,20261206,1.0,high_minus_low,interaction,-0.005518476637502064
meta-llama/Llama-3.1-8B-Instruct,pb_t009_17,random_high_minus_low,20261206,1.0,high_minus_low,interaction,0.002703301397631713
meta-llama/Llama-3.1-8B-Instruct,pb_t009_19,random_high_minus_low,20261206,1.0,high_minus_low,interaction,-0.04158351214624195
meta-llama/Llama-3.1-8B-Instruct,pb_t010_09,random_high_minus_low,20261206,1.0,high_minus_low,interaction,0.008202698196624208
meta-llama/Llama-3.1-8B-Instruct,pb_t010_12,random_high_minus_low,20261206,1.0,high_minus_low,interaction,-0.013380279384417229
meta-llama/Llama-3.1-8B-Instruct,pb_t010_17,random_high_minus_low,20261206,1.0,high_minus_low,interaction,-0.02296857479219938
meta-llama/Llama-3.1-8B-Instruct,pb_t010_19,random_high_minus_low,20261206,1.0,high_minus_low,interaction,-0.018011304819370633
meta-llama/Llama-3.1-8B-Instruct,pb_t010_20,random_high_minus_low,20261206,1.0,high_minus_low,interaction,-0.015519108434011986
meta-llama/Llama-3.1-8B-Instruct,pb_t016_09,random_high_minus_low,20261206,1.0,high_minus_low,interaction,-0.0112327872746916
meta-llama/Llama-3.1-8B-Instruct,pb_t016_10,random_high_minus_low,20261206,1.0,high_minus_low,interaction,-0.0008088218316216761
meta-llama/Llama-3.1-8B-Instruct,pb_t016_12,random_high_minus_low,20261206,1.0,high_minus_low,interaction,-0.02776404233622886
meta-llama/Llama-3.1-8B-Instruct,pb_t016_17,random_high_minus_low,20261206,1.0,high_minus_low,interaction,-0.03646900270875593
meta-llama/Llama-3.1-8B-Instruct,pb_t016_20,random_high_minus_low,20261206,1.0,high_minus_low,interaction,-0.011156720133157733
meta-llama/Llama-3.1-8B-Instruct,pb_t018_08,random_high_minus_low,20261206,1.0,high_minus_low,interaction,-0.0026739073139921393
meta-llama/Llama-3.1-8B-Instruct,pb_t018_10,random_high_minus_low,20261206,1.0,high_minus_low,interaction,-0.05017335563018004
meta-llama/Llama-3.1-8B-Instruct,pb_t018_11,random_high_minus_low,20261206,1.0,high_minus_low,interaction,-0.016038560618267556
meta-llama/Llama-3.1-8B-Instruct,pb_t018_14,random_high_minus_low,20261206,1.0,high_minus_low,interaction,-0.0023760422544006014
meta-llama/Llama-3.1-8B-Instruct,pb_t018_18,random_high_minus_low,20261206,1.0,high_minus_low,interaction,-0.015578460254424432
meta-llama/Llama-3.1-8B-Instruct,pb_t023_09,random_high_minus_low,20261206,1.0,high_minus_low,interaction,-0.0228688692927015
meta-llama/Llama-3.1-8B-Instruct,pb_t023_12,random_high_minus_low,20261206,1.0,high_minus_low,interaction,-0.013178045451340915
meta-llama/Llama-3.1-8B-Instruct,pb_t023_13,random_high_minus_low,20261206,1.0,high_minus_low,interaction,-0.005331487742793933
meta-llama/Llama-3.1-8B-Instruct,pb_t023_17,random_high_minus_low,20261206,1.0,high_minus_low,interaction,-0.014421241201247588
meta-llama/Llama-3.1-8B-Instruct,pb_t023_20,random_high_minus_low,20261206,1.0,high_minus_low,interaction,-0.017770516973390552
meta-llama/Llama-3.1-8B-Instruct,pb_t029_07,random_high_minus_low,20261206,1.0,high_minus_low,interaction,-0.04618520743905945
meta-llama/Llama-3.1-8B-Instruct,pb_t029_09,random_high_minus_low,20261206,1.0,high_minus_low,interaction,-0.014508793483564797
meta-llama/Llama-3.1-8B-Instruct,pb_t029_10,random_high_minus_low,20261206,1.0,high_minus_low,interaction,-0.011480049646019378
meta-llama/Llama-3.1-8B-Instruct,pb_t029_11,random_high_minus_low,20261206,1.0,high_minus_low,interaction,-0.008039534916031685
meta-llama/Llama-3.1-8B-Instruct,pb_t029_12,random_high_minus_low,20261206,1.0,high_minus_low,interaction,-0.007507685296865616
meta-llama/Llama-3.1-8B-Instruct,pb_t031_06,random_high_minus_low,20261206,1.0,high_minus_low,interaction,0.01790886472894127
meta-llama/Llama-3.1-8B-Instruct,pb_t031_09,random_high_minus_low,20261206,1.0,high_minus_low,interaction,-0.008168335692207701
meta-llama/Llama-3.1-8B-Instruct,pb_t031_12,random_high_minus_low,20261206,1.0,high_minus_low,interaction,-0.00779982543071592
meta-llama/Llama-3.1-8B-Instruct,pb_t031_13,random_high_minus_low,20261206,1.0,high_minus_low,interaction,-0.0034196005787375822
meta-llama/Llama-3.1-8B-Instruct,pb_t031_16,random_high_minus_low,20261206,1.0,high_minus_low,interaction,-0.021277053190385774
meta-llama/Llama-3.1-8B-Instruct,pb_t032_08,random_high_minus_low,20261206,1.0,high_minus_low,interaction,-0.04540954868869954
meta-llama/Llama-3.1-8B-Instruct,pb_t032_09,random_high_minus_low,20261206,1.0,high_minus_low,interaction,0.010528228451082089
meta-llama/Llama-3.1-8B-Instruct,pb_t032_13,random_high_minus_low,20261206,1.0,high_minus_low,interaction,-0.0012972492684759141
meta-llama/Llama-3.1-8B-Instruct,pb_t032_15,random_high_minus_low,20261206,1.0,high_minus_low,interaction,0.006154592432260943
meta-llama/Llama-3.1-8B-Instruct,pb_t032_16,random_high_minus_low,20261206,1.0,high_minus_low,interaction,-0.00391972927650323
meta-llama/Llama-3.1-8B-Instruct,pb_t035_06,random_high_minus_low,20261206,1.0,high_minus_low,interaction,-0.024873624217036934
meta-llama/Llama-3.1-8B-Instruct,pb_t035_13,random_high_minus_low,20261206,1.0,high_minus_low,interaction,-0.02396407871421885
meta-llama/Llama-3.1-8B-Instruct,pb_t035_15,random_high_minus_low,20261206,1.0,high_minus_low,interaction,-0.024161561946511034
meta-llama/Llama-3.1-8B-Instruct,pb_t035_20,random_high_minus_low,20261206,1.0,high_minus_low,interaction,-0.01594606127760316
meta-llama/Llama-3.1-8B-Instruct,pb_t035_22,random_high_minus_low,20261206,1.0,high_minus_low,interaction,-0.004114239798553507
meta-llama/Llama-3.1-8B-Instruct,pb_t040_08,random_high_minus_low,20261206,1.0,high_minus_low,interaction,-0.005947603693767247
meta-llama/Llama-3.1-8B-Instruct,pb_t040_10,random_high_minus_low,20261206,1.0,high_minus_low,interaction,-0.0093644257988452
meta-llama/Llama-3.1-8B-Instruct,pb_t040_13,random_high_minus_low,20261206,1.0,high_minus_low,interaction,-0.017394746172189394
meta-llama/Llama-3.1-8B-Instruct,pb_t040_14,random_high_minus_low,20261206,1.0,high_minus_low,interaction,0.0013833334815395494
meta-llama/Llama-3.1-8B-Instruct,pb_t040_15,random_high_minus_low,20261206,1.0,high_minus_low,interaction,-0.01996237527450048
meta-llama/Llama-3.1-8B-Instruct,pb_t001_08,random_high_minus_low,20261207,1.0,high_minus_low,interaction,-0.010623290383786718
meta-llama/Llama-3.1-8B-Instruct,pb_t001_10,random_high_minus_low,20261207,1.0,high_minus_low,interaction,0.01183174626817558
meta-llama/Llama-3.1-8B-Instruct,pb_t001_11,random_high_minus_low,20261207,1.0,high_minus_low,interaction,0.034152407690245135
meta-llama/Llama-3.1-8B-Instruct,pb_t001_12,random_high_minus_low,20261207,1.0,high_minus_low,interaction,-0.005209699452440866
meta-llama/Llama-3.1-8B-Instruct,pb_t001_15,random_high_minus_low,20261207,1.0,high_minus_low,interaction,0.008032141968201331
meta-llama/Llama-3.1-8B-Instruct,pb_t002_08,random_high_minus_low,20261207,1.0,high_minus_low,interaction,0.015234269000652254
meta-llama/Llama-3.1-8B-Instruct,pb_t002_16,random_high_minus_low,20261207,1.0,high_minus_low,interaction,0.01846436194017762
meta-llama/Llama-3.1-8B-Instruct,pb_t002_17,random_high_minus_low,20261207,1.0,high_minus_low,interaction,0.004270623944168547
meta-llama/Llama-3.1-8B-Instruct,pb_t002_18,random_high_minus_low,20261207,1.0,high_minus_low,interaction,-0.019430557516801526
meta-llama/Llama-3.1-8B-Instruct,pb_t002_20,random_high_minus_low,20261207,1.0,high_minus_low,interaction,0.009138407258947078
meta-llama/Llama-3.1-8B-Instruct,pb_t004_10,random_high_minus_low,20261207,1.0,high_minus_low,interaction,0.018565668673959222
meta-llama/Llama-3.1-8B-Instruct,pb_t004_11,random_high_minus_low,20261207,1.0,high_minus_low,interaction,0.0023561613826342184
meta-llama/Llama-3.1-8B-Instruct,pb_t004_13,random_high_minus_low,20261207,1.0,high_minus_low,interaction,0.002463841623325279
meta-llama/Llama-3.1-8B-Instruct,pb_t004_17,random_high_minus_low,20261207,1.0,high_minus_low,interaction,0.016704600324316154
meta-llama/Llama-3.1-8B-Instruct,pb_t004_20,random_high_minus_low,20261207,1.0,high_minus_low,interaction,0.00813783603036299
meta-llama/Llama-3.1-8B-Instruct,pb_t006_09,random_high_minus_low,20261207,1.0,high_minus_low,interaction,0.01298379569893403
meta-llama/Llama-3.1-8B-Instruct,pb_t006_10,random_high_minus_low,20261207,1.0,high_minus_low,interaction,0.008435764928311575
meta-llama/Llama-3.1-8B-Instruct,pb_t006_12,random_high_minus_low,20261207,1.0,high_minus_low,interaction,0.005430704103058889
meta-llama/Llama-3.1-8B-Instruct,pb_t006_18,random_high_minus_low,20261207,1.0,high_minus_low,interaction,0.0028058355236190214
meta-llama/Llama-3.1-8B-Instruct,pb_t006_19,random_high_minus_low,20261207,1.0,high_minus_low,interaction,-0.019797562515780232
meta-llama/Llama-3.1-8B-Instruct,pb_t007_09,random_high_minus_low,20261207,1.0,high_minus_low,interaction,0.022114129578300227
meta-llama/Llama-3.1-8B-Instruct,pb_t007_10,random_high_minus_low,20261207,1.0,high_minus_low,interaction,-0.001552537131503128
meta-llama/Llama-3.1-8B-Instruct,pb_t007_16,random_high_minus_low,20261207,1.0,high_minus_low,interaction,0.018498853019102243
meta-llama/Llama-3.1-8B-Instruct,pb_t007_17,random_high_minus_low,20261207,1.0,high_minus_low,interaction,-0.009798994563767293
meta-llama/Llama-3.1-8B-Instruct,pb_t007_19,random_high_minus_low,20261207,1.0,high_minus_low,interaction,0.012736950875710138
meta-llama/Llama-3.1-8B-Instruct,pb_t008_09,random_high_minus_low,20261207,1.0,high_minus_low,interaction,0.014944288367018504
meta-llama/Llama-3.1-8B-Instruct,pb_t008_11,random_high_minus_low,20261207,1.0,high_minus_low,interaction,0.0188848606506216
meta-llama/Llama-3.1-8B-Instruct,pb_t008_16,random_high_minus_low,20261207,1.0,high_minus_low,interaction,0.012668758953565515
meta-llama/Llama-3.1-8B-Instruct,pb_t008_17,random_high_minus_low,20261207,1.0,high_minus_low,interaction,-0.0056441074768287455
meta-llama/Llama-3.1-8B-Instruct,pb_t008_20,random_high_minus_low,20261207,1.0,high_minus_low,interaction,0.005654535381507342
meta-llama/Llama-3.1-8B-Instruct,pb_t009_07,random_high_minus_low,20261207,1.0,high_minus_low,interaction,0.010198255055961204
meta-llama/Llama-3.1-8B-Instruct,pb_t009_12,random_high_minus_low,20261207,1.0,high_minus_low,interaction,0.00946452779889335
meta-llama/Llama-3.1-8B-Instruct,pb_t009_15,random_high_minus_low,20261207,1.0,high_minus_low,interaction,0.010996259134957177
meta-llama/Llama-3.1-8B-Instruct,pb_t009_17,random_high_minus_low,20261207,1.0,high_minus_low,interaction,0.0023333863567637225
meta-llama/Llama-3.1-8B-Instruct,pb_t009_19,random_high_minus_low,20261207,1.0,high_minus_low,interaction,-0.01290777807665066
meta-llama/Llama-3.1-8B-Instruct,pb_t010_09,random_high_minus_low,20261207,1.0,high_minus_low,interaction,0.008357989947148889
meta-llama/Llama-3.1-8B-Instruct,pb_t010_12,random_high_minus_low,20261207,1.0,high_minus_low,interaction,0.03977399215675925
meta-llama/Llama-3.1-8B-Instruct,pb_t010_17,random_high_minus_low,20261207,1.0,high_minus_low,interaction,-0.013157994459645796
meta-llama/Llama-3.1-8B-Instruct,pb_t010_19,random_high_minus_low,20261207,1.0,high_minus_low,interaction,0.0025905747224925176
meta-llama/Llama-3.1-8B-Instruct,pb_t010_20,random_high_minus_low,20261207,1.0,high_minus_low,interaction,0.029384033142702097
meta-llama/Llama-3.1-8B-Instruct,pb_t016_09,random_high_minus_low,20261207,1.0,high_minus_low,interaction,0.03260666212149999
meta-llama/Llama-3.1-8B-Instruct,pb_t016_10,random_high_minus_low,20261207,1.0,high_minus_low,interaction,0.0010358092029796664
meta-llama/Llama-3.1-8B-Instruct,pb_t016_12,random_high_minus_low,20261207,1.0,high_minus_low,interaction,0.009966342710553763
meta-llama/Llama-3.1-8B-Instruct,pb_t016_17,random_high_minus_low,20261207,1.0,high_minus_low,interaction,-0.006352379701906691
meta-llama/Llama-3.1-8B-Instruct,pb_t016_20,random_high_minus_low,20261207,1.0,high_minus_low,interaction,0.0016054314601581078
meta-llama/Llama-3.1-8B-Instruct,pb_t018_08,random_high_minus_low,20261207,1.0,high_minus_low,interaction,-0.0024083501599438026
meta-llama/Llama-3.1-8B-Instruct,pb_t018_10,random_high_minus_low,20261207,1.0,high_minus_low,interaction,0.0022296750054838776
meta-llama/Llama-3.1-8B-Instruct,pb_t018_11,random_high_minus_low,20261207,1.0,high_minus_low,interaction,0.01372437025956496
meta-llama/Llama-3.1-8B-Instruct,pb_t018_14,random_high_minus_low,20261207,1.0,high_minus_low,interaction,0.01090214350310354
meta-llama/Llama-3.1-8B-Instruct,pb_t018_18,random_high_minus_low,20261207,1.0,high_minus_low,interaction,0.03278658433394063
meta-llama/Llama-3.1-8B-Instruct,pb_t023_09,random_high_minus_low,20261207,1.0,high_minus_low,interaction,0.015206161341661278
meta-llama/Llama-3.1-8B-Instruct,pb_t023_12,random_high_minus_low,20261207,1.0,high_minus_low,interaction,0.005383166769634678
meta-llama/Llama-3.1-8B-Instruct,pb_t023_13,random_high_minus_low,20261207,1.0,high_minus_low,interaction,0.013924058140282327
meta-llama/Llama-3.1-8B-Instruct,pb_t023_17,random_high_minus_low,20261207,1.0,high_minus_low,interaction,0.015128023153417882
meta-llama/Llama-3.1-8B-Instruct,pb_t023_20,random_high_minus_low,20261207,1.0,high_minus_low,interaction,-0.0018397128066935803
meta-llama/Llama-3.1-8B-Instruct,pb_t029_07,random_high_minus_low,20261207,1.0,high_minus_low,interaction,-0.013076055296040036
meta-llama/Llama-3.1-8B-Instruct,pb_t029_09,random_high_minus_low,20261207,1.0,high_minus_low,interaction,0.02029726256547537
meta-llama/Llama-3.1-8B-Instruct,pb_t029_10,random_high_minus_low,20261207,1.0,high_minus_low,interaction,0.023042537392793026
meta-llama/Llama-3.1-8B-Instruct,pb_t029_11,random_high_minus_low,20261207,1.0,high_minus_low,interaction,0.006810889621443602
meta-llama/Llama-3.1-8B-Instruct,pb_t029_12,random_high_minus_low,20261207,1.0,high_minus_low,interaction,-0.0062374675104107345
meta-llama/Llama-3.1-8B-Instruct,pb_t031_06,random_high_minus_low,20261207,1.0,high_minus_low,interaction,-0.011075288893387415
meta-llama/Llama-3.1-8B-Instruct,pb_t031_09,random_high_minus_low,20261207,1.0,high_minus_low,interaction,0.02193624733395482
meta-llama/Llama-3.1-8B-Instruct,pb_t031_12,random_high_minus_low,20261207,1.0,high_minus_low,interaction,0.025661421240250892
meta-llama/Llama-3.1-8B-Instruct,pb_t031_13,random_high_minus_low,20261207,1.0,high_minus_low,interaction,0.010145457216949207
meta-llama/Llama-3.1-8B-Instruct,pb_t031_16,random_high_minus_low,20261207,1.0,high_minus_low,interaction,0.006557467271197606
meta-llama/Llama-3.1-8B-Instruct,pb_t032_08,random_high_minus_low,20261207,1.0,high_minus_low,interaction,-0.002670056777345378
meta-llama/Llama-3.1-8B-Instruct,pb_t032_09,random_high_minus_low,20261207,1.0,high_minus_low,interaction,-0.006021536450465627
meta-llama/Llama-3.1-8B-Instruct,pb_t032_13,random_high_minus_low,20261207,1.0,high_minus_low,interaction,0.012292205479602162
meta-llama/Llama-3.1-8B-Instruct,pb_t032_15,random_high_minus_low,20261207,1.0,high_minus_low,interaction,0.023198604093997693
meta-llama/Llama-3.1-8B-Instruct,pb_t032_16,random_high_minus_low,20261207,1.0,high_minus_low,interaction,0.022892239654064468
meta-llama/Llama-3.1-8B-Instruct,pb_t035_06,random_high_minus_low,20261207,1.0,high_minus_low,interaction,0.0029102912803662937
meta-llama/Llama-3.1-8B-Instruct,pb_t035_13,random_high_minus_low,20261207,1.0,high_minus_low,interaction,-0.01711087464186225
meta-llama/Llama-3.1-8B-Instruct,pb_t035_15,random_high_minus_low,20261207,1.0,high_minus_low,interaction,0.0012967019975983415
meta-llama/Llama-3.1-8B-Instruct,pb_t035_20,random_high_minus_low,20261207,1.0,high_minus_low,interaction,0.026906196041382727
meta-llama/Llama-3.1-8B-Instruct,pb_t035_22,random_high_minus_low,20261207,1.0,high_minus_low,interaction,0.015125103742859
meta-llama/Llama-3.1-8B-Instruct,pb_t040_08,random_high_minus_low,20261207,1.0,high_minus_low,interaction,0.02052055260802273
meta-llama/Llama-3.1-8B-Instruct,pb_t040_10,random_high_minus_low,20261207,1.0,high_minus_low,interaction,0.0017569675150525866
meta-llama/Llama-3.1-8B-Instruct,pb_t040_13,random_high_minus_low,20261207,1.0,high_minus_low,interaction,-0.0036913059544353005
meta-llama/Llama-3.1-8B-Instruct,pb_t040_14,random_high_minus_low,20261207,1.0,high_minus_low,interaction,-0.008699462400512838
meta-llama/Llama-3.1-8B-Instruct,pb_t040_15,random_high_minus_low,20261207,1.0,high_minus_low,interaction,0.002716861242407906
meta-llama/Llama-3.1-8B-Instruct,pb_t001_08,random_high_minus_low,20261208,1.0,high_minus_low,interaction,0.02134372388348757
meta-llama/Llama-3.1-8B-Instruct,pb_t001_10,random_high_minus_low,20261208,1.0,high_minus_low,interaction,0.002150705832023434
meta-llama/Llama-3.1-8B-Instruct,pb_t001_11,random_high_minus_low,20261208,1.0,high_minus_low,interaction,0.027773654113075086
meta-llama/Llama-3.1-8B-Instruct,pb_t001_12,random_high_minus_low,20261208,1.0,high_minus_low,interaction,-0.0023605143060093656
meta-llama/Llama-3.1-8B-Instruct,pb_t001_15,random_high_minus_low,20261208,1.0,high_minus_low,interaction,0.006652787162268128
meta-llama/Llama-3.1-8B-Instruct,pb_t002_08,random_high_minus_low,20261208,1.0,high_minus_low,interaction,0.00905667072131912
meta-llama/Llama-3.1-8B-Instruct,pb_t002_16,random_high_minus_low,20261208,1.0,high_minus_low,interaction,0.006577181091468468
meta-llama/Llama-3.1-8B-Instruct,pb_t002_17,random_high_minus_low,20261208,1.0,high_minus_low,interaction,0.015669885780107497
meta-llama/Llama-3.1-8B-Instruct,pb_t002_18,random_high_minus_low,20261208,1.0,high_minus_low,interaction,0.034254930800330895
meta-llama/Llama-3.1-8B-Instruct,pb_t002_20,random_high_minus_low,20261208,1.0,high_minus_low,interaction,0.012644277125032667
meta-llama/Llama-3.1-8B-Instruct,pb_t004_10,random_high_minus_low,20261208,1.0,high_minus_low,interaction,0.017307594099416762
meta-llama/Llama-3.1-8B-Instruct,pb_t004_11,random_high_minus_low,20261208,1.0,high_minus_low,interaction,0.013584587939836629
meta-llama/Llama-3.1-8B-Instruct,pb_t004_13,random_high_minus_low,20261208,1.0,high_minus_low,interaction,0.0135567342612051
meta-llama/Llama-3.1-8B-Instruct,pb_t004_17,random_high_minus_low,20261208,1.0,high_minus_low,interaction,0.017705150163269578
meta-llama/Llama-3.1-8B-Instruct,pb_t004_20,random_high_minus_low,20261208,1.0,high_minus_low,interaction,0.014939905301845706
meta-llama/Llama-3.1-8B-Instruct,pb_t006_09,random_high_minus_low,20261208,1.0,high_minus_low,interaction,0.03457352244071979
meta-llama/Llama-3.1-8B-Instruct,pb_t006_10,random_high_minus_low,20261208,1.0,high_minus_low,interaction,0.01868866883333251
meta-llama/Llama-3.1-8B-Instruct,pb_t006_12,random_high_minus_low,20261208,1.0,high_minus_low,interaction,-0.0011098603385976693
meta-llama/Llama-3.1-8B-Instruct,pb_t006_18,random_high_minus_low,20261208,1.0,high_minus_low,interaction,0.007463616646304116
meta-llama/Llama-3.1-8B-Instruct,pb_t006_19,random_high_minus_low,20261208,1.0,high_minus_low,interaction,0.01690183587981667
meta-llama/Llama-3.1-8B-Instruct,pb_t007_09,random_high_minus_low,20261208,1.0,high_minus_low,interaction,0.006115454684733853
meta-llama/Llama-3.1-8B-Instruct,pb_t007_10,random_high_minus_low,20261208,1.0,high_minus_low,interaction,0.027116022457056067
meta-llama/Llama-3.1-8B-Instruct,pb_t007_16,random_high_minus_low,20261208,1.0,high_minus_low,interaction,0.009408378334705675
meta-llama/Llama-3.1-8B-Instruct,pb_t007_17,random_high_minus_low,20261208,1.0,high_minus_low,interaction,0.037112441182420644
meta-llama/Llama-3.1-8B-Instruct,pb_t007_19,random_high_minus_low,20261208,1.0,high_minus_low,interaction,0.02358641306474874
meta-llama/Llama-3.1-8B-Instruct,pb_t008_09,random_high_minus_low,20261208,1.0,high_minus_low,interaction,0.03434846022983741
meta-llama/Llama-3.1-8B-Instruct,pb_t008_11,random_high_minus_low,20261208,1.0,high_minus_low,interaction,0.007620892306046787
meta-llama/Llama-3.1-8B-Instruct,pb_t008_16,random_high_minus_low,20261208,1.0,high_minus_low,interaction,0.02528983075256554
meta-llama/Llama-3.1-8B-Instruct,pb_t008_17,random_high_minus_low,20261208,1.0,high_minus_low,interaction,0.03729133024340196
meta-llama/Llama-3.1-8B-Instruct,pb_t008_20,random_high_minus_low,20261208,1.0,high_minus_low,interaction,-0.00611468432378484
meta-llama/Llama-3.1-8B-Instruct,pb_t009_07,random_high_minus_low,20261208,1.0,high_minus_low,interaction,0.021449953037626018
meta-llama/Llama-3.1-8B-Instruct,pb_t009_12,random_high_minus_low,20261208,1.0,high_minus_low,interaction,0.018885280711862004
meta-llama/Llama-3.1-8B-Instruct,pb_t009_15,random_high_minus_low,20261208,1.0,high_minus_low,interaction,0.03256068640469366
meta-llama/Llama-3.1-8B-Instruct,pb_t009_17,random_high_minus_low,20261208,1.0,high_minus_low,interaction,0.022156170028572876
meta-llama/Llama-3.1-8B-Instruct,pb_t009_19,random_high_minus_low,20261208,1.0,high_minus_low,interaction,0.03216907721924968
meta-llama/Llama-3.1-8B-Instruct,pb_t010_09,random_high_minus_low,20261208,1.0,high_minus_low,interaction,0.002782539048932645
meta-llama/Llama-3.1-8B-Instruct,pb_t010_12,random_high_minus_low,20261208,1.0,high_minus_low,interaction,0.010239308488664795
meta-llama/Llama-3.1-8B-Instruct,pb_t010_17,random_high_minus_low,20261208,1.0,high_minus_low,interaction,0.024180077164431133
meta-llama/Llama-3.1-8B-Instruct,pb_t010_19,random_high_minus_low,20261208,1.0,high_minus_low,interaction,0.01846438986584724
meta-llama/Llama-3.1-8B-Instruct,pb_t010_20,random_high_minus_low,20261208,1.0,high_minus_low,interaction,0.005525232868902006
meta-llama/Llama-3.1-8B-Instruct,pb_t016_09,random_high_minus_low,20261208,1.0,high_minus_low,interaction,0.029500589456007625
meta-llama/Llama-3.1-8B-Instruct,pb_t016_10,random_high_minus_low,20261208,1.0,high_minus_low,interaction,-0.0006278561812557317
meta-llama/Llama-3.1-8B-Instruct,pb_t016_12,random_high_minus_low,20261208,1.0,high_minus_low,interaction,0.006586896118420002
meta-llama/Llama-3.1-8B-Instruct,pb_t016_17,random_high_minus_low,20261208,1.0,high_minus_low,interaction,0.01169992905144876
meta-llama/Llama-3.1-8B-Instruct,pb_t016_20,random_high_minus_low,20261208,1.0,high_minus_low,interaction,0.016680990767067107
meta-llama/Llama-3.1-8B-Instruct,pb_t018_08,random_high_minus_low,20261208,1.0,high_minus_low,interaction,0.014314560848506413
meta-llama/Llama-3.1-8B-Instruct,pb_t018_10,random_high_minus_low,20261208,1.0,high_minus_low,interaction,0.025024649203493343
meta-llama/Llama-3.1-8B-Instruct,pb_t018_11,random_high_minus_low,20261208,1.0,high_minus_low,interaction,-0.0022216603200775078
meta-llama/Llama-3.1-8B-Instruct,pb_t018_14,random_high_minus_low,20261208,1.0,high_minus_low,interaction,0.021667108153223525
meta-llama/Llama-3.1-8B-Instruct,pb_t018_18,random_high_minus_low,20261208,1.0,high_minus_low,interaction,0.023362347842078954
meta-llama/Llama-3.1-8B-Instruct,pb_t023_09,random_high_minus_low,20261208,1.0,high_minus_low,interaction,0.018741442018572176
meta-llama/Llama-3.1-8B-Instruct,pb_t023_12,random_high_minus_low,20261208,1.0,high_minus_low,interaction,-0.003699085966042358
meta-llama/Llama-3.1-8B-Instruct,pb_t023_13,random_high_minus_low,20261208,1.0,high_minus_low,interaction,-0.013027128902413403
meta-llama/Llama-3.1-8B-Instruct,pb_t023_17,random_high_minus_low,20261208,1.0,high_minus_low,interaction,0.02626133422271084
meta-llama/Llama-3.1-8B-Instruct,pb_t023_20,random_high_minus_low,20261208,1.0,high_minus_low,interaction,-0.005539809310726297
meta-llama/Llama-3.1-8B-Instruct,pb_t029_07,random_high_minus_low,20261208,1.0,high_minus_low,interaction,0.021947456991271267
meta-llama/Llama-3.1-8B-Instruct,pb_t029_09,random_high_minus_low,20261208,1.0,high_minus_low,interaction,0.027283104713976186
meta-llama/Llama-3.1-8B-Instruct,pb_t029_10,random_high_minus_low,20261208,1.0,high_minus_low,interaction,0.00453355336508617
meta-llama/Llama-3.1-8B-Instruct,pb_t029_11,random_high_minus_low,20261208,1.0,high_minus_low,interaction,0.006505698232168249
meta-llama/Llama-3.1-8B-Instruct,pb_t029_12,random_high_minus_low,20261208,1.0,high_minus_low,interaction,-0.0007333902167942092
meta-llama/Llama-3.1-8B-Instruct,pb_t031_06,random_high_minus_low,20261208,1.0,high_minus_low,interaction,0.0035334212457732734
meta-llama/Llama-3.1-8B-Instruct,pb_t031_09,random_high_minus_low,20261208,1.0,high_minus_low,interaction,0.0037918811381826645
meta-llama/Llama-3.1-8B-Instruct,pb_t031_12,random_high_minus_low,20261208,1.0,high_minus_low,interaction,0.0007505547207301488
meta-llama/Llama-3.1-8B-Instruct,pb_t031_13,random_high_minus_low,20261208,1.0,high_minus_low,interaction,0.01730455045040491
meta-llama/Llama-3.1-8B-Instruct,pb_t031_16,random_high_minus_low,20261208,1.0,high_minus_low,interaction,0.008300253244920248
meta-llama/Llama-3.1-8B-Instruct,pb_t032_08,random_high_minus_low,20261208,1.0,high_minus_low,interaction,0.021759234022259245
meta-llama/Llama-3.1-8B-Instruct,pb_t032_09,random_high_minus_low,20261208,1.0,high_minus_low,interaction,-0.0025166014876671985
meta-llama/Llama-3.1-8B-Instruct,pb_t032_13,random_high_minus_low,20261208,1.0,high_minus_low,interaction,0.004010349407789396
meta-llama/Llama-3.1-8B-Instruct,pb_t032_15,random_high_minus_low,20261208,1.0,high_minus_low,interaction,0.01590687763074181
meta-llama/Llama-3.1-8B-Instruct,pb_t032_16,random_high_minus_low,20261208,1.0,high_minus_low,interaction,0.01060048003898351
meta-llama/Llama-3.1-8B-Instruct,pb_t035_06,random_high_minus_low,20261208,1.0,high_minus_low,interaction,0.01455954626266137
meta-llama/Llama-3.1-8B-Instruct,pb_t035_13,random_high_minus_low,20261208,1.0,high_minus_low,interaction,0.010962905514492548
meta-llama/Llama-3.1-8B-Instruct,pb_t035_15,random_high_minus_low,20261208,1.0,high_minus_low,interaction,0.0158196727195364
meta-llama/Llama-3.1-8B-Instruct,pb_t035_20,random_high_minus_low,20261208,1.0,high_minus_low,interaction,0.011246502366550573
meta-llama/Llama-3.1-8B-Instruct,pb_t035_22,random_high_minus_low,20261208,1.0,high_minus_low,interaction,0.01876857643376779
meta-llama/Llama-3.1-8B-Instruct,pb_t040_08,random_high_minus_low,20261208,1.0,high_minus_low,interaction,0.009092585976634593
meta-llama/Llama-3.1-8B-Instruct,pb_t040_10,random_high_minus_low,20261208,1.0,high_minus_low,interaction,0.022621644604531484
meta-llama/Llama-3.1-8B-Instruct,pb_t040_13,random_high_minus_low,20261208,1.0,high_minus_low,interaction,-0.0015617833029208318
meta-llama/Llama-3.1-8B-Instruct,pb_t040_14,random_high_minus_low,20261208,1.0,high_minus_low,interaction,-0.0068005897703293395
meta-llama/Llama-3.1-8B-Instruct,pb_t040_15,random_high_minus_low,20261208,1.0,high_minus_low,interaction,0.02450413076422137
meta-llama/Llama-3.1-8B-Instruct,pb_t001_08,random_high_minus_low,20261209,1.0,high_minus_low,interaction,0.004128928476881564
meta-llama/Llama-3.1-8B-Instruct,pb_t001_10,random_high_minus_low,20261209,1.0,high_minus_low,interaction,0.02141823848081435
meta-llama/Llama-3.1-8B-Instruct,pb_t001_11,random_high_minus_low,20261209,1.0,high_minus_low,interaction,0.009619953811688316
meta-llama/Llama-3.1-8B-Instruct,pb_t001_12,random_high_minus_low,20261209,1.0,high_minus_low,interaction,0.016441795662591064
meta-llama/Llama-3.1-8B-Instruct,pb_t001_15,random_high_minus_low,20261209,1.0,high_minus_low,interaction,0.02550211343263943
meta-llama/Llama-3.1-8B-Instruct,pb_t002_08,random_high_minus_low,20261209,1.0,high_minus_low,interaction,0.020076084850879677
meta-llama/Llama-3.1-8B-Instruct,pb_t002_16,random_high_minus_low,20261209,1.0,high_minus_low,interaction,0.0061085379945179236
meta-llama/Llama-3.1-8B-Instruct,pb_t002_17,random_high_minus_low,20261209,1.0,high_minus_low,interaction,0.015378060286790843
meta-llama/Llama-3.1-8B-Instruct,pb_t002_18,random_high_minus_low,20261209,1.0,high_minus_low,interaction,0.01144310244610638
meta-llama/Llama-3.1-8B-Instruct,pb_t002_20,random_high_minus_low,20261209,1.0,high_minus_low,interaction,0.012392260012606134
meta-llama/Llama-3.1-8B-Instruct,pb_t004_10,random_high_minus_low,20261209,1.0,high_minus_low,interaction,0.005193987397596569
meta-llama/Llama-3.1-8B-Instruct,pb_t004_11,random_high_minus_low,20261209,1.0,high_minus_low,interaction,-0.004573148819115382
meta-llama/Llama-3.1-8B-Instruct,pb_t004_13,random_high_minus_low,20261209,1.0,high_minus_low,interaction,0.008335464834250381
meta-llama/Llama-3.1-8B-Instruct,pb_t004_17,random_high_minus_low,20261209,1.0,high_minus_low,interaction,0.02265315401117215
meta-llama/Llama-3.1-8B-Instruct,pb_t004_20,random_high_minus_low,20261209,1.0,high_minus_low,interaction,0.007792650233027935
meta-llama/Llama-3.1-8B-Instruct,pb_t006_09,random_high_minus_low,20261209,1.0,high_minus_low,interaction,0.02492022796551132
meta-llama/Llama-3.1-8B-Instruct,pb_t006_10,random_high_minus_low,20261209,1.0,high_minus_low,interaction,0.023457675297742633
meta-llama/Llama-3.1-8B-Instruct,pb_t006_12,random_high_minus_low,20261209,1.0,high_minus_low,interaction,0.012644187996560911
meta-llama/Llama-3.1-8B-Instruct,pb_t006_18,random_high_minus_low,20261209,1.0,high_minus_low,interaction,0.01794198094360966
meta-llama/Llama-3.1-8B-Instruct,pb_t006_19,random_high_minus_low,20261209,1.0,high_minus_low,interaction,0.03170083585878494
meta-llama/Llama-3.1-8B-Instruct,pb_t007_09,random_high_minus_low,20261209,1.0,high_minus_low,interaction,0.011479248210572689
meta-llama/Llama-3.1-8B-Instruct,pb_t007_10,random_high_minus_low,20261209,1.0,high_minus_low,interaction,0.03239427915869849
meta-llama/Llama-3.1-8B-Instruct,pb_t007_16,random_high_minus_low,20261209,1.0,high_minus_low,interaction,0.003931939398579151
meta-llama/Llama-3.1-8B-Instruct,pb_t007_17,random_high_minus_low,20261209,1.0,high_minus_low,interaction,0.021922915036321686
meta-llama/Llama-3.1-8B-Instruct,pb_t007_19,random_high_minus_low,20261209,1.0,high_minus_low,interaction,0.020814554520688738
meta-llama/Llama-3.1-8B-Instruct,pb_t008_09,random_high_minus_low,20261209,1.0,high_minus_low,interaction,0.011904625734808674
meta-llama/Llama-3.1-8B-Instruct,pb_t008_11,random_high_minus_low,20261209,1.0,high_minus_low,interaction,0.01177088592960489
meta-llama/Llama-3.1-8B-Instruct,pb_t008_16,random_high_minus_low,20261209,1.0,high_minus_low,interaction,0.01428557938651056
meta-llama/Llama-3.1-8B-Instruct,pb_t008_17,random_high_minus_low,20261209,1.0,high_minus_low,interaction,0.009921628156932235
meta-llama/Llama-3.1-8B-Instruct,pb_t008_20,random_high_minus_low,20261209,1.0,high_minus_low,interaction,0.0005216323350235568
meta-llama/Llama-3.1-8B-Instruct,pb_t009_07,random_high_minus_low,20261209,1.0,high_minus_low,interaction,0.018799313444913646
meta-llama/Llama-3.1-8B-Instruct,pb_t009_12,random_high_minus_low,20261209,1.0,high_minus_low,interaction,0.01613768211056989
meta-llama/Llama-3.1-8B-Instruct,pb_t009_15,random_high_minus_low,20261209,1.0,high_minus_low,interaction,0.011528821959081996
meta-llama/Llama-3.1-8B-Instruct,pb_t009_17,random_high_minus_low,20261209,1.0,high_minus_low,interaction,0.034513095713988286
meta-llama/Llama-3.1-8B-Instruct,pb_t009_19,random_high_minus_low,20261209,1.0,high_minus_low,interaction,0.005959641309219569
meta-llama/Llama-3.1-8B-Instruct,pb_t010_09,random_high_minus_low,20261209,1.0,high_minus_low,interaction,0.008224599146251647
meta-llama/Llama-3.1-8B-Instruct,pb_t010_12,random_high_minus_low,20261209,1.0,high_minus_low,interaction,0.004429142429803361
meta-llama/Llama-3.1-8B-Instruct,pb_t010_17,random_high_minus_low,20261209,1.0,high_minus_low,interaction,0.039214308993797825
meta-llama/Llama-3.1-8B-Instruct,pb_t010_19,random_high_minus_low,20261209,1.0,high_minus_low,interaction,0.03830442642823494
meta-llama/Llama-3.1-8B-Instruct,pb_t010_20,random_high_minus_low,20261209,1.0,high_minus_low,interaction,0.00683745499158543
meta-llama/Llama-3.1-8B-Instruct,pb_t016_09,random_high_minus_low,20261209,1.0,high_minus_low,interaction,-0.009059029629741207
meta-llama/Llama-3.1-8B-Instruct,pb_t016_10,random_high_minus_low,20261209,1.0,high_minus_low,interaction,0.010365934822596588
meta-llama/Llama-3.1-8B-Instruct,pb_t016_12,random_high_minus_low,20261209,1.0,high_minus_low,interaction,-0.004043754055970726
meta-llama/Llama-3.1-8B-Instruct,pb_t016_17,random_high_minus_low,20261209,1.0,high_minus_low,interaction,0.025085582535746158
meta-llama/Llama-3.1-8B-Instruct,pb_t016_20,random_high_minus_low,20261209,1.0,high_minus_low,interaction,0.019531386663674023
meta-llama/Llama-3.1-8B-Instruct,pb_t018_08,random_high_minus_low,20261209,1.0,high_minus_low,interaction,0.029795659513900195
meta-llama/Llama-3.1-8B-Instruct,pb_t018_10,random_high_minus_low,20261209,1.0,high_minus_low,interaction,0.007460991803951747
meta-llama/Llama-3.1-8B-Instruct,pb_t018_11,random_high_minus_low,20261209,1.0,high_minus_low,interaction,0.011957575845341878
meta-llama/Llama-3.1-8B-Instruct,pb_t018_14,random_high_minus_low,20261209,1.0,high_minus_low,interaction,0.01088684982433333
meta-llama/Llama-3.1-8B-Instruct,pb_t018_18,random_high_minus_low,20261209,1.0,high_minus_low,interaction,-0.005729470359240392
meta-llama/Llama-3.1-8B-Instruct,pb_t023_09,random_high_minus_low,20261209,1.0,high_minus_low,interaction,0.016039864259512284
meta-llama/Llama-3.1-8B-Instruct,pb_t023_12,random_high_minus_low,20261209,1.0,high_minus_low,interaction,0.028996154307971724
meta-llama/Llama-3.1-8B-Instruct,pb_t023_13,random_high_minus_low,20261209,1.0,high_minus_low,interaction,0.012461010647153404
meta-llama/Llama-3.1-8B-Instruct,pb_t023_17,random_high_minus_low,20261209,1.0,high_minus_low,interaction,0.02367231204209167
meta-llama/Llama-3.1-8B-Instruct,pb_t023_20,random_high_minus_low,20261209,1.0,high_minus_low,interaction,0.013721040309873856
meta-llama/Llama-3.1-8B-Instruct,pb_t029_07,random_high_minus_low,20261209,1.0,high_minus_low,interaction,0.017467277244055637
meta-llama/Llama-3.1-8B-Instruct,pb_t029_09,random_high_minus_low,20261209,1.0,high_minus_low,interaction,0.02427242888046374
meta-llama/Llama-3.1-8B-Instruct,pb_t029_10,random_high_minus_low,20261209,1.0,high_minus_low,interaction,0.005638561866614479
meta-llama/Llama-3.1-8B-Instruct,pb_t029_11,random_high_minus_low,20261209,1.0,high_minus_low,interaction,0.028975964983567425
meta-llama/Llama-3.1-8B-Instruct,pb_t029_12,random_high_minus_low,20261209,1.0,high_minus_low,interaction,0.02328649562731931
meta-llama/Llama-3.1-8B-Instruct,pb_t031_06,random_high_minus_low,20261209,1.0,high_minus_low,interaction,0.013396533508399599
meta-llama/Llama-3.1-8B-Instruct,pb_t031_09,random_high_minus_low,20261209,1.0,high_minus_low,interaction,-0.005315318201965014
meta-llama/Llama-3.1-8B-Instruct,pb_t031_12,random_high_minus_low,20261209,1.0,high_minus_low,interaction,0.01007662731308074
meta-llama/Llama-3.1-8B-Instruct,pb_t031_13,random_high_minus_low,20261209,1.0,high_minus_low,interaction,0.022666203700488663
meta-llama/Llama-3.1-8B-Instruct,pb_t031_16,random_high_minus_low,20261209,1.0,high_minus_low,interaction,0.00036117428141553467
meta-llama/Llama-3.1-8B-Instruct,pb_t032_08,random_high_minus_low,20261209,1.0,high_minus_low,interaction,-0.006423751614578421
meta-llama/Llama-3.1-8B-Instruct,pb_t032_09,random_high_minus_low,20261209,1.0,high_minus_low,interaction,0.002544151035424455
meta-llama/Llama-3.1-8B-Instruct,pb_t032_13,random_high_minus_low,20261209,1.0,high_minus_low,interaction,-0.002497741718921879
meta-llama/Llama-3.1-8B-Instruct,pb_t032_15,random_high_minus_low,20261209,1.0,high_minus_low,interaction,0.015516114469877669
meta-llama/Llama-3.1-8B-Instruct,pb_t032_16,random_high_minus_low,20261209,1.0,high_minus_low,interaction,0.0062949571252853935
meta-llama/Llama-3.1-8B-Instruct,pb_t035_06,random_high_minus_low,20261209,1.0,high_minus_low,interaction,0.007477588697363643
meta-llama/Llama-3.1-8B-Instruct,pb_t035_13,random_high_minus_low,20261209,1.0,high_minus_low,interaction,0.012778959157462298
meta-llama/Llama-3.1-8B-Instruct,pb_t035_15,random_high_minus_low,20261209,1.0,high_minus_low,interaction,0.012047911690841843
meta-llama/Llama-3.1-8B-Instruct,pb_t035_20,random_high_minus_low,20261209,1.0,high_minus_low,interaction,-0.0034576196255691177
meta-llama/Llama-3.1-8B-Instruct,pb_t035_22,random_high_minus_low,20261209,1.0,high_minus_low,interaction,0.008927222832479494
meta-llama/Llama-3.1-8B-Instruct,pb_t040_08,random_high_minus_low,20261209,1.0,high_minus_low,interaction,0.005601700670174963
meta-llama/Llama-3.1-8B-Instruct,pb_t040_10,random_high_minus_low,20261209,1.0,high_minus_low,interaction,0.02308149877636898
meta-llama/Llama-3.1-8B-Instruct,pb_t040_13,random_high_minus_low,20261209,1.0,high_minus_low,interaction,0.019929414908580814
meta-llama/Llama-3.1-8B-Instruct,pb_t040_14,random_high_minus_low,20261209,1.0,high_minus_low,interaction,0.012784511769789678
meta-llama/Llama-3.1-8B-Instruct,pb_t040_15,random_high_minus_low,20261209,1.0,high_minus_low,interaction,0.020310914500165873
meta-llama/Llama-3.1-8B-Instruct,pb_t001_08,random_high_minus_low,20261210,1.0,high_minus_low,interaction,-0.027881655045844854
meta-llama/Llama-3.1-8B-Instruct,pb_t001_10,random_high_minus_low,20261210,1.0,high_minus_low,interaction,-0.021171326223132295
meta-llama/Llama-3.1-8B-Instruct,pb_t001_11,random_high_minus_low,20261210,1.0,high_minus_low,interaction,-0.0130358211174244
meta-llama/Llama-3.1-8B-Instruct,pb_t001_12,random_high_minus_low,20261210,1.0,high_minus_low,interaction,0.004084513530299163
meta-llama/Llama-3.1-8B-Instruct,pb_t001_15,random_high_minus_low,20261210,1.0,high_minus_low,interaction,-0.03362515442810721
meta-llama/Llama-3.1-8B-Instruct,pb_t002_08,random_high_minus_low,20261210,1.0,high_minus_low,interaction,-0.020204861009006706
meta-llama/Llama-3.1-8B-Instruct,pb_t002_16,random_high_minus_low,20261210,1.0,high_minus_low,interaction,-0.008925932699564626
meta-llama/Llama-3.1-8B-Instruct,pb_t002_17,random_high_minus_low,20261210,1.0,high_minus_low,interaction,-0.03973199670929811
meta-llama/Llama-3.1-8B-Instruct,pb_t002_18,random_high_minus_low,20261210,1.0,high_minus_low,interaction,-0.033617254325682626
meta-llama/Llama-3.1-8B-Instruct,pb_t002_20,random_high_minus_low,20261210,1.0,high_minus_low,interaction,-0.008262770527069155
meta-llama/Llama-3.1-8B-Instruct,pb_t004_10,random_high_minus_low,20261210,1.0,high_minus_low,interaction,-0.010870046185617037
meta-llama/Llama-3.1-8B-Instruct,pb_t004_11,random_high_minus_low,20261210,1.0,high_minus_low,interaction,-0.028359596881965893
meta-llama/Llama-3.1-8B-Instruct,pb_t004_13,random_high_minus_low,20261210,1.0,high_minus_low,interaction,0.00298775813708807
meta-llama/Llama-3.1-8B-Instruct,pb_t004_17,random_high_minus_low,20261210,1.0,high_minus_low,interaction,-0.019775339218834627
meta-llama/Llama-3.1-8B-Instruct,pb_t004_20,random_high_minus_low,20261210,1.0,high_minus_low,interaction,0.0011356528833146497
meta-llama/Llama-3.1-8B-Instruct,pb_t006_09,random_high_minus_low,20261210,1.0,high_minus_low,interaction,-0.0004772764910506329
meta-llama/Llama-3.1-8B-Instruct,pb_t006_10,random_high_minus_low,20261210,1.0,high_minus_low,interaction,-0.036519002689699265
meta-llama/Llama-3.1-8B-Instruct,pb_t006_12,random_high_minus_low,20261210,1.0,high_minus_low,interaction,0.0067135544535879095
meta-llama/Llama-3.1-8B-Instruct,pb_t006_18,random_high_minus_low,20261210,1.0,high_minus_low,interaction,-0.019468470632866643
meta-llama/Llama-3.1-8B-Instruct,pb_t006_19,random_high_minus_low,20261210,1.0,high_minus_low,interaction,-0.05767159976176568
meta-llama/Llama-3.1-8B-Instruct,pb_t007_09,random_high_minus_low,20261210,1.0,high_minus_low,interaction,-0.015185701087523146
meta-llama/Llama-3.1-8B-Instruct,pb_t007_10,random_high_minus_low,20261210,1.0,high_minus_low,interaction,-0.048117272596222796
meta-llama/Llama-3.1-8B-Instruct,pb_t007_16,random_high_minus_low,20261210,1.0,high_minus_low,interaction,-0.011428820595274036
meta-llama/Llama-3.1-8B-Instruct,pb_t007_17,random_high_minus_low,20261210,1.0,high_minus_low,interaction,-0.018381960628532742
meta-llama/Llama-3.1-8B-Instruct,pb_t007_19,random_high_minus_low,20261210,1.0,high_minus_low,interaction,-0.008953789965531976
meta-llama/Llama-3.1-8B-Instruct,pb_t008_09,random_high_minus_low,20261210,1.0,high_minus_low,interaction,-0.015225425862101183
meta-llama/Llama-3.1-8B-Instruct,pb_t008_11,random_high_minus_low,20261210,1.0,high_minus_low,interaction,0.0008200542237942659
meta-llama/Llama-3.1-8B-Instruct,pb_t008_16,random_high_minus_low,20261210,1.0,high_minus_low,interaction,-0.0012059862059354137
meta-llama/Llama-3.1-8B-Instruct,pb_t008_17,random_high_minus_low,20261210,1.0,high_minus_low,interaction,-0.009503425676865032
meta-llama/Llama-3.1-8B-Instruct,pb_t008_20,random_high_minus_low,20261210,1.0,high_minus_low,interaction,-0.042029446988047156
meta-llama/Llama-3.1-8B-Instruct,pb_t009_07,random_high_minus_low,20261210,1.0,high_minus_low,interaction,-0.025336469150476083
meta-llama/Llama-3.1-8B-Instruct,pb_t009_12,random_high_minus_low,20261210,1.0,high_minus_low,interaction,-0.013196060982741703
meta-llama/Llama-3.1-8B-Instruct,pb_t009_15,random_high_minus_low,20261210,1.0,high_minus_low,interaction,-0.008472665668909987
meta-llama/Llama-3.1-8B-Instruct,pb_t009_17,random_high_minus_low,20261210,1.0,high_minus_low,interaction,-0.03779151189618331
meta-llama/Llama-3.1-8B-Instruct,pb_t009_19,random_high_minus_low,20261210,1.0,high_minus_low,interaction,-0.03769930920631246
meta-llama/Llama-3.1-8B-Instruct,pb_t010_09,random_high_minus_low,20261210,1.0,high_minus_low,interaction,0.019460028890725192
meta-llama/Llama-3.1-8B-Instruct,pb_t010_12,random_high_minus_low,20261210,1.0,high_minus_low,interaction,-0.01278342010830201
meta-llama/Llama-3.1-8B-Instruct,pb_t010_17,random_high_minus_low,20261210,1.0,high_minus_low,interaction,-0.04472411836243786
meta-llama/Llama-3.1-8B-Instruct,pb_t010_19,random_high_minus_low,20261210,1.0,high_minus_low,interaction,-0.01758967222683555
meta-llama/Llama-3.1-8B-Instruct,pb_t010_20,random_high_minus_low,20261210,1.0,high_minus_low,interaction,-0.004231794720047984
meta-llama/Llama-3.1-8B-Instruct,pb_t016_09,random_high_minus_low,20261210,1.0,high_minus_low,interaction,-0.008614780814079423
meta-llama/Llama-3.1-8B-Instruct,pb_t016_10,random_high_minus_low,20261210,1.0,high_minus_low,interaction,0.005697060492075193
meta-llama/Llama-3.1-8B-Instruct,pb_t016_12,random_high_minus_low,20261210,1.0,high_minus_low,interaction,-0.008050625371364712
meta-llama/Llama-3.1-8B-Instruct,pb_t016_17,random_high_minus_low,20261210,1.0,high_minus_low,interaction,-0.044875889306437704
meta-llama/Llama-3.1-8B-Instruct,pb_t016_20,random_high_minus_low,20261210,1.0,high_minus_low,interaction,-0.01910329123664253
meta-llama/Llama-3.1-8B-Instruct,pb_t018_08,random_high_minus_low,20261210,1.0,high_minus_low,interaction,-0.04295375662430396
meta-llama/Llama-3.1-8B-Instruct,pb_t018_10,random_high_minus_low,20261210,1.0,high_minus_low,interaction,-0.04283573824970437
meta-llama/Llama-3.1-8B-Instruct,pb_t018_11,random_high_minus_low,20261210,1.0,high_minus_low,interaction,-0.012181196689271544
meta-llama/Llama-3.1-8B-Instruct,pb_t018_14,random_high_minus_low,20261210,1.0,high_minus_low,interaction,-0.005867178026243329
meta-llama/Llama-3.1-8B-Instruct,pb_t018_18,random_high_minus_low,20261210,1.0,high_minus_low,interaction,-0.0007536174306908908
meta-llama/Llama-3.1-8B-Instruct,pb_t023_09,random_high_minus_low,20261210,1.0,high_minus_low,interaction,-0.012236043495083088
meta-llama/Llama-3.1-8B-Instruct,pb_t023_12,random_high_minus_low,20261210,1.0,high_minus_low,interaction,-0.0125310924612268
meta-llama/Llama-3.1-8B-Instruct,pb_t023_13,random_high_minus_low,20261210,1.0,high_minus_low,interaction,-0.002537210138110234
meta-llama/Llama-3.1-8B-Instruct,pb_t023_17,random_high_minus_low,20261210,1.0,high_minus_low,interaction,-0.003446452746009564
meta-llama/Llama-3.1-8B-Instruct,pb_t023_20,random_high_minus_low,20261210,1.0,high_minus_low,interaction,-0.045190303593846536
meta-llama/Llama-3.1-8B-Instruct,pb_t029_07,random_high_minus_low,20261210,1.0,high_minus_low,interaction,-0.032012425611265424
meta-llama/Llama-3.1-8B-Instruct,pb_t029_09,random_high_minus_low,20261210,1.0,high_minus_low,interaction,-0.005354594630866897
meta-llama/Llama-3.1-8B-Instruct,pb_t029_10,random_high_minus_low,20261210,1.0,high_minus_low,interaction,-0.007163103631551428
meta-llama/Llama-3.1-8B-Instruct,pb_t029_11,random_high_minus_low,20261210,1.0,high_minus_low,interaction,0.005704123156628619
meta-llama/Llama-3.1-8B-Instruct,pb_t029_12,random_high_minus_low,20261210,1.0,high_minus_low,interaction,-0.0019557822799516136
meta-llama/Llama-3.1-8B-Instruct,pb_t031_06,random_high_minus_low,20261210,1.0,high_minus_low,interaction,-0.028561822003159456
meta-llama/Llama-3.1-8B-Instruct,pb_t031_09,random_high_minus_low,20261210,1.0,high_minus_low,interaction,-0.01778503958478491
meta-llama/Llama-3.1-8B-Instruct,pb_t031_12,random_high_minus_low,20261210,1.0,high_minus_low,interaction,-0.022416910237188052
meta-llama/Llama-3.1-8B-Instruct,pb_t031_13,random_high_minus_low,20261210,1.0,high_minus_low,interaction,-0.011410075534537774
meta-llama/Llama-3.1-8B-Instruct,pb_t031_16,random_high_minus_low,20261210,1.0,high_minus_low,interaction,-0.039673578064427825
meta-llama/Llama-3.1-8B-Instruct,pb_t032_08,random_high_minus_low,20261210,1.0,high_minus_low,interaction,-0.05364037524058576
meta-llama/Llama-3.1-8B-Instruct,pb_t032_09,random_high_minus_low,20261210,1.0,high_minus_low,interaction,-0.023886844923214794
meta-llama/Llama-3.1-8B-Instruct,pb_t032_13,random_high_minus_low,20261210,1.0,high_minus_low,interaction,-0.021460973272683294
meta-llama/Llama-3.1-8B-Instruct,pb_t032_15,random_high_minus_low,20261210,1.0,high_minus_low,interaction,-0.015633366965598576
meta-llama/Llama-3.1-8B-Instruct,pb_t032_16,random_high_minus_low,20261210,1.0,high_minus_low,interaction,-0.026074025669064454
meta-llama/Llama-3.1-8B-Instruct,pb_t035_06,random_high_minus_low,20261210,1.0,high_minus_low,interaction,0.004209131347956056
meta-llama/Llama-3.1-8B-Instruct,pb_t035_13,random_high_minus_low,20261210,1.0,high_minus_low,interaction,-0.04730355384920109
meta-llama/Llama-3.1-8B-Instruct,pb_t035_15,random_high_minus_low,20261210,1.0,high_minus_low,interaction,-0.021815976322240284
meta-llama/Llama-3.1-8B-Instruct,pb_t035_20,random_high_minus_low,20261210,1.0,high_minus_low,interaction,-0.001620855521448996
meta-llama/Llama-3.1-8B-Instruct,pb_t035_22,random_high_minus_low,20261210,1.0,high_minus_low,interaction,-0.017720882677204335
meta-llama/Llama-3.1-8B-Instruct,pb_t040_08,random_high_minus_low,20261210,1.0,high_minus_low,interaction,-0.005306917690808612
meta-llama/Llama-3.1-8B-Instruct,pb_t040_10,random_high_minus_low,20261210,1.0,high_minus_low,interaction,-0.0200197940983715
meta-llama/Llama-3.1-8B-Instruct,pb_t040_13,random_high_minus_low,20261210,1.0,high_minus_low,interaction,-0.04631074424582658
meta-llama/Llama-3.1-8B-Instruct,pb_t040_14,random_high_minus_low,20261210,1.0,high_minus_low,interaction,0.012126083283363846
meta-llama/Llama-3.1-8B-Instruct,pb_t040_15,random_high_minus_low,20261210,1.0,high_minus_low,interaction,0.0028978369977657034
meta-llama/Llama-3.1-8B-Instruct,pb_t001_08,random_high_minus_low,20261211,1.0,high_minus_low,interaction,-0.04325730564942551
meta-llama/Llama-3.1-8B-Instruct,pb_t001_10,random_high_minus_low,20261211,1.0,high_minus_low,interaction,-0.027818095714058744
meta-llama/Llama-3.1-8B-Instruct,pb_t001_11,random_high_minus_low,20261211,1.0,high_minus_low,interaction,-0.04605355126830153
meta-llama/Llama-3.1-8B-Instruct,pb_t001_12,random_high_minus_low,20261211,1.0,high_minus_low,interaction,-0.03128751368191794
meta-llama/Llama-3.1-8B-Instruct,pb_t001_15,random_high_minus_low,20261211,1.0,high_minus_low,interaction,-0.04460005687066688
meta-llama/Llama-3.1-8B-Instruct,pb_t002_08,random_high_minus_low,20261211,1.0,high_minus_low,interaction,-0.061501655212714376
meta-llama/Llama-3.1-8B-Instruct,pb_t002_16,random_high_minus_low,20261211,1.0,high_minus_low,interaction,-0.032512321343948596
meta-llama/Llama-3.1-8B-Instruct,pb_t002_17,random_high_minus_low,20261211,1.0,high_minus_low,interaction,-0.06242627840358965
meta-llama/Llama-3.1-8B-Instruct,pb_t002_18,random_high_minus_low,20261211,1.0,high_minus_low,interaction,-0.033151588056794884
meta-llama/Llama-3.1-8B-Instruct,pb_t002_20,random_high_minus_low,20261211,1.0,high_minus_low,interaction,-0.027871595151499954
meta-llama/Llama-3.1-8B-Instruct,pb_t004_10,random_high_minus_low,20261211,1.0,high_minus_low,interaction,-0.05157981576967412
meta-llama/Llama-3.1-8B-Instruct,pb_t004_11,random_high_minus_low,20261211,1.0,high_minus_low,interaction,-0.06613323272530368
meta-llama/Llama-3.1-8B-Instruct,pb_t004_13,random_high_minus_low,20261211,1.0,high_minus_low,interaction,-0.03949523492941369
meta-llama/Llama-3.1-8B-Instruct,pb_t004_17,random_high_minus_low,20261211,1.0,high_minus_low,interaction,-0.031002339291956848
meta-llama/Llama-3.1-8B-Instruct,pb_t004_20,random_high_minus_low,20261211,1.0,high_minus_low,interaction,-0.06009442485435211
meta-llama/Llama-3.1-8B-Instruct,pb_t006_09,random_high_minus_low,20261211,1.0,high_minus_low,interaction,-0.04226022357763278
meta-llama/Llama-3.1-8B-Instruct,pb_t006_10,random_high_minus_low,20261211,1.0,high_minus_low,interaction,-0.06234605195369143
meta-llama/Llama-3.1-8B-Instruct,pb_t006_12,random_high_minus_low,20261211,1.0,high_minus_low,interaction,-0.026519689644891806
meta-llama/Llama-3.1-8B-Instruct,pb_t006_18,random_high_minus_low,20261211,1.0,high_minus_low,interaction,-0.05267992501554662
meta-llama/Llama-3.1-8B-Instruct,pb_t006_19,random_high_minus_low,20261211,1.0,high_minus_low,interaction,-0.0440916197797272
meta-llama/Llama-3.1-8B-Instruct,pb_t007_09,random_high_minus_low,20261211,1.0,high_minus_low,interaction,-0.04106069162380112
meta-llama/Llama-3.1-8B-Instruct,pb_t007_10,random_high_minus_low,20261211,1.0,high_minus_low,interaction,-0.05317810691425992
meta-llama/Llama-3.1-8B-Instruct,pb_t007_16,random_high_minus_low,20261211,1.0,high_minus_low,interaction,-0.038913660591479673
meta-llama/Llama-3.1-8B-Instruct,pb_t007_17,random_high_minus_low,20261211,1.0,high_minus_low,interaction,-0.04710228394424712
meta-llama/Llama-3.1-8B-Instruct,pb_t007_19,random_high_minus_low,20261211,1.0,high_minus_low,interaction,-0.013519160486125188
meta-llama/Llama-3.1-8B-Instruct,pb_t008_09,random_high_minus_low,20261211,1.0,high_minus_low,interaction,-0.03921065625944531
meta-llama/Llama-3.1-8B-Instruct,pb_t008_11,random_high_minus_low,20261211,1.0,high_minus_low,interaction,-0.051264256570246046
meta-llama/Llama-3.1-8B-Instruct,pb_t008_16,random_high_minus_low,20261211,1.0,high_minus_low,interaction,-0.011748508828647652
meta-llama/Llama-3.1-8B-Instruct,pb_t008_17,random_high_minus_low,20261211,1.0,high_minus_low,interaction,-0.04356858961933418
meta-llama/Llama-3.1-8B-Instruct,pb_t008_20,random_high_minus_low,20261211,1.0,high_minus_low,interaction,-0.041159514700355504
meta-llama/Llama-3.1-8B-Instruct,pb_t009_07,random_high_minus_low,20261211,1.0,high_minus_low,interaction,-0.06755000545462007
meta-llama/Llama-3.1-8B-Instruct,pb_t009_12,random_high_minus_low,20261211,1.0,high_minus_low,interaction,-0.01497391239175111
meta-llama/Llama-3.1-8B-Instruct,pb_t009_15,random_high_minus_low,20261211,1.0,high_minus_low,interaction,-0.0529461028491665
meta-llama/Llama-3.1-8B-Instruct,pb_t009_17,random_high_minus_low,20261211,1.0,high_minus_low,interaction,-0.059453830992632274
meta-llama/Llama-3.1-8B-Instruct,pb_t009_19,random_high_minus_low,20261211,1.0,high_minus_low,interaction,-0.0508972535254169
meta-llama/Llama-3.1-8B-Instruct,pb_t010_09,random_high_minus_low,20261211,1.0,high_minus_low,interaction,-0.04069319157093048
meta-llama/Llama-3.1-8B-Instruct,pb_t010_12,random_high_minus_low,20261211,1.0,high_minus_low,interaction,-0.03631049147897206
meta-llama/Llama-3.1-8B-Instruct,pb_t010_17,random_high_minus_low,20261211,1.0,high_minus_low,interaction,-0.05855499673806511
meta-llama/Llama-3.1-8B-Instruct,pb_t010_19,random_high_minus_low,20261211,1.0,high_minus_low,interaction,-0.06850980716089572
meta-llama/Llama-3.1-8B-Instruct,pb_t010_20,random_high_minus_low,20261211,1.0,high_minus_low,interaction,-0.056240476705030705
meta-llama/Llama-3.1-8B-Instruct,pb_t016_09,random_high_minus_low,20261211,1.0,high_minus_low,interaction,-0.05016985654417335
meta-llama/Llama-3.1-8B-Instruct,pb_t016_10,random_high_minus_low,20261211,1.0,high_minus_low,interaction,-0.030169467591633616
meta-llama/Llama-3.1-8B-Instruct,pb_t016_12,random_high_minus_low,20261211,1.0,high_minus_low,interaction,-0.0601590570852955
meta-llama/Llama-3.1-8B-Instruct,pb_t016_17,random_high_minus_low,20261211,1.0,high_minus_low,interaction,-0.0555087840641196
meta-llama/Llama-3.1-8B-Instruct,pb_t016_20,random_high_minus_low,20261211,1.0,high_minus_low,interaction,-0.06130151798136315
meta-llama/Llama-3.1-8B-Instruct,pb_t018_08,random_high_minus_low,20261211,1.0,high_minus_low,interaction,-0.04668297899942182
meta-llama/Llama-3.1-8B-Instruct,pb_t018_10,random_high_minus_low,20261211,1.0,high_minus_low,interaction,-0.06744510580576829
meta-llama/Llama-3.1-8B-Instruct,pb_t018_11,random_high_minus_low,20261211,1.0,high_minus_low,interaction,-0.02991960960768744
meta-llama/Llama-3.1-8B-Instruct,pb_t018_14,random_high_minus_low,20261211,1.0,high_minus_low,interaction,-0.06669885553119244
meta-llama/Llama-3.1-8B-Instruct,pb_t018_18,random_high_minus_low,20261211,1.0,high_minus_low,interaction,-0.039649291995238735
meta-llama/Llama-3.1-8B-Instruct,pb_t023_09,random_high_minus_low,20261211,1.0,high_minus_low,interaction,-0.07140481641308724
meta-llama/Llama-3.1-8B-Instruct,pb_t023_12,random_high_minus_low,20261211,1.0,high_minus_low,interaction,-0.05104694614931682
meta-llama/Llama-3.1-8B-Instruct,pb_t023_13,random_high_minus_low,20261211,1.0,high_minus_low,interaction,-0.03611333819957783
meta-llama/Llama-3.1-8B-Instruct,pb_t023_17,random_high_minus_low,20261211,1.0,high_minus_low,interaction,-0.05328497921513813
meta-llama/Llama-3.1-8B-Instruct,pb_t023_20,random_high_minus_low,20261211,1.0,high_minus_low,interaction,-0.031675480799159855
meta-llama/Llama-3.1-8B-Instruct,pb_t029_07,random_high_minus_low,20261211,1.0,high_minus_low,interaction,-0.0729787614777964
meta-llama/Llama-3.1-8B-Instruct,pb_t029_09,random_high_minus_low,20261211,1.0,high_minus_low,interaction,-0.08800294155936932
meta-llama/Llama-3.1-8B-Instruct,pb_t029_10,random_high_minus_low,20261211,1.0,high_minus_low,interaction,-0.0386797276135163
meta-llama/Llama-3.1-8B-Instruct,pb_t029_11,random_high_minus_low,20261211,1.0,high_minus_low,interaction,-0.03801929630811269
meta-llama/Llama-3.1-8B-Instruct,pb_t029_12,random_high_minus_low,20261211,1.0,high_minus_low,interaction,-0.040522084858076915
meta-llama/Llama-3.1-8B-Instruct,pb_t031_06,random_high_minus_low,20261211,1.0,high_minus_low,interaction,-0.05856690227190722
meta-llama/Llama-3.1-8B-Instruct,pb_t031_09,random_high_minus_low,20261211,1.0,high_minus_low,interaction,-0.0642468699671054
meta-llama/Llama-3.1-8B-Instruct,pb_t031_12,random_high_minus_low,20261211,1.0,high_minus_low,interaction,-0.0438682483818226
meta-llama/Llama-3.1-8B-Instruct,pb_t031_13,random_high_minus_low,20261211,1.0,high_minus_low,interaction,-0.021650268158668728
meta-llama/Llama-3.1-8B-Instruct,pb_t031_16,random_high_minus_low,20261211,1.0,high_minus_low,interaction,-0.046866700085483576
meta-llama/Llama-3.1-8B-Instruct,pb_t032_08,random_high_minus_low,20261211,1.0,high_minus_low,interaction,-0.061880166853185634
meta-llama/Llama-3.1-8B-Instruct,pb_t032_09,random_high_minus_low,20261211,1.0,high_minus_low,interaction,-0.04990692849331869
meta-llama/Llama-3.1-8B-Instruct,pb_t032_13,random_high_minus_low,20261211,1.0,high_minus_low,interaction,-0.03777360012181029
meta-llama/Llama-3.1-8B-Instruct,pb_t032_15,random_high_minus_low,20261211,1.0,high_minus_low,interaction,-0.017179926256097856
meta-llama/Llama-3.1-8B-Instruct,pb_t032_16,random_high_minus_low,20261211,1.0,high_minus_low,interaction,-0.037692087600423405
meta-llama/Llama-3.1-8B-Instruct,pb_t035_06,random_high_minus_low,20261211,1.0,high_minus_low,interaction,-0.033754338262918446
meta-llama/Llama-3.1-8B-Instruct,pb_t035_13,random_high_minus_low,20261211,1.0,high_minus_low,interaction,-0.04152485147671177
meta-llama/Llama-3.1-8B-Instruct,pb_t035_15,random_high_minus_low,20261211,1.0,high_minus_low,interaction,-0.05715639597832566
meta-llama/Llama-3.1-8B-Instruct,pb_t035_20,random_high_minus_low,20261211,1.0,high_minus_low,interaction,-0.029430802900850046
meta-llama/Llama-3.1-8B-Instruct,pb_t035_22,random_high_minus_low,20261211,1.0,high_minus_low,interaction,-0.06516959577365522
meta-llama/Llama-3.1-8B-Instruct,pb_t040_08,random_high_minus_low,20261211,1.0,high_minus_low,interaction,-0.053403091823011374
meta-llama/Llama-3.1-8B-Instruct,pb_t040_10,random_high_minus_low,20261211,1.0,high_minus_low,interaction,-0.06649684237048774
meta-llama/Llama-3.1-8B-Instruct,pb_t040_13,random_high_minus_low,20261211,1.0,high_minus_low,interaction,-0.037557917144567445
meta-llama/Llama-3.1-8B-Instruct,pb_t040_14,random_high_minus_low,20261211,1.0,high_minus_low,interaction,-0.04362967618540692
meta-llama/Llama-3.1-8B-Instruct,pb_t040_15,random_high_minus_low,20261211,1.0,high_minus_low,interaction,-0.08920552237257498
meta-llama/Llama-3.1-8B-Instruct,pb_t001_08,random_high_minus_low,20261212,1.0,high_minus_low,interaction,-0.04288356014451985
meta-llama/Llama-3.1-8B-Instruct,pb_t001_10,random_high_minus_low,20261212,1.0,high_minus_low,interaction,-0.061666838742615034
meta-llama/Llama-3.1-8B-Instruct,pb_t001_11,random_high_minus_low,20261212,1.0,high_minus_low,interaction,-0.010372243521354513
meta-llama/Llama-3.1-8B-Instruct,pb_t001_12,random_high_minus_low,20261212,1.0,high_minus_low,interaction,-0.042826220305665894
meta-llama/Llama-3.1-8B-Instruct,pb_t001_15,random_high_minus_low,20261212,1.0,high_minus_low,interaction,-0.031159025474766868
meta-llama/Llama-3.1-8B-Instruct,pb_t002_08,random_high_minus_low,20261212,1.0,high_minus_low,interaction,-0.026644105421615022
meta-llama/Llama-3.1-8B-Instruct,pb_t002_16,random_high_minus_low,20261212,1.0,high_minus_low,interaction,-0.03408111507284654
meta-llama/Llama-3.1-8B-Instruct,pb_t002_17,random_high_minus_low,20261212,1.0,high_minus_low,interaction,-0.027586902587493342
meta-llama/Llama-3.1-8B-Instruct,pb_t002_18,random_high_minus_low,20261212,1.0,high_minus_low,interaction,-0.037214155124881854
meta-llama/Llama-3.1-8B-Instruct,pb_t002_20,random_high_minus_low,20261212,1.0,high_minus_low,interaction,-0.045969104919241485
meta-llama/Llama-3.1-8B-Instruct,pb_t004_10,random_high_minus_low,20261212,1.0,high_minus_low,interaction,-0.03063838980884169
meta-llama/Llama-3.1-8B-Instruct,pb_t004_11,random_high_minus_low,20261212,1.0,high_minus_low,interaction,-0.032735272465093
meta-llama/Llama-3.1-8B-Instruct,pb_t004_13,random_high_minus_low,20261212,1.0,high_minus_low,interaction,-0.031630637058108736
meta-llama/Llama-3.1-8B-Instruct,pb_t004_17,random_high_minus_low,20261212,1.0,high_minus_low,interaction,-0.06082777158957771
meta-llama/Llama-3.1-8B-Instruct,pb_t004_20,random_high_minus_low,20261212,1.0,high_minus_low,interaction,-0.04627072061417045
meta-llama/Llama-3.1-8B-Instruct,pb_t006_09,random_high_minus_low,20261212,1.0,high_minus_low,interaction,-0.02628530634758663
meta-llama/Llama-3.1-8B-Instruct,pb_t006_10,random_high_minus_low,20261212,1.0,high_minus_low,interaction,-0.037245199187577335
meta-llama/Llama-3.1-8B-Instruct,pb_t006_12,random_high_minus_low,20261212,1.0,high_minus_low,interaction,-0.05941775976498291
meta-llama/Llama-3.1-8B-Instruct,pb_t006_18,random_high_minus_low,20261212,1.0,high_minus_low,interaction,-0.017474035674945577
meta-llama/Llama-3.1-8B-Instruct,pb_t006_19,random_high_minus_low,20261212,1.0,high_minus_low,interaction,-0.04029950903386831
meta-llama/Llama-3.1-8B-Instruct,pb_t007_09,random_high_minus_low,20261212,1.0,high_minus_low,interaction,-0.0343993326834918
meta-llama/Llama-3.1-8B-Instruct,pb_t007_10,random_high_minus_low,20261212,1.0,high_minus_low,interaction,-0.05057936262527437
meta-llama/Llama-3.1-8B-Instruct,pb_t007_16,random_high_minus_low,20261212,1.0,high_minus_low,interaction,-0.0205110126272234
meta-llama/Llama-3.1-8B-Instruct,pb_t007_17,random_high_minus_low,20261212,1.0,high_minus_low,interaction,-0.0308782788917649
meta-llama/Llama-3.1-8B-Instruct,pb_t007_19,random_high_minus_low,20261212,1.0,high_minus_low,interaction,-0.034746488468489656
meta-llama/Llama-3.1-8B-Instruct,pb_t008_09,random_high_minus_low,20261212,1.0,high_minus_low,interaction,-0.0062433620494314794
meta-llama/Llama-3.1-8B-Instruct,pb_t008_11,random_high_minus_low,20261212,1.0,high_minus_low,interaction,-0.03132764184138878
meta-llama/Llama-3.1-8B-Instruct,pb_t008_16,random_high_minus_low,20261212,1.0,high_minus_low,interaction,-0.03229162317479196
meta-llama/Llama-3.1-8B-Instruct,pb_t008_17,random_high_minus_low,20261212,1.0,high_minus_low,interaction,-0.05300066943917531
meta-llama/Llama-3.1-8B-Instruct,pb_t008_20,random_high_minus_low,20261212,1.0,high_minus_low,interaction,-0.024064318275688834
meta-llama/Llama-3.1-8B-Instruct,pb_t009_07,random_high_minus_low,20261212,1.0,high_minus_low,interaction,-0.016656305150418698
meta-llama/Llama-3.1-8B-Instruct,pb_t009_12,random_high_minus_low,20261212,1.0,high_minus_low,interaction,-0.056191921657582085
meta-llama/Llama-3.1-8B-Instruct,pb_t009_15,random_high_minus_low,20261212,1.0,high_minus_low,interaction,-0.0043492005404583214
meta-llama/Llama-3.1-8B-Instruct,pb_t009_17,random_high_minus_low,20261212,1.0,high_minus_low,interaction,-0.026263643623077114
meta-llama/Llama-3.1-8B-Instruct,pb_t009_19,random_high_minus_low,20261212,1.0,high_minus_low,interaction,-0.037202875378914875
meta-llama/Llama-3.1-8B-Instruct,pb_t010_09,random_high_minus_low,20261212,1.0,high_minus_low,interaction,-0.060457541195662746
meta-llama/Llama-3.1-8B-Instruct,pb_t010_12,random_high_minus_low,20261212,1.0,high_minus_low,interaction,-0.03707272944576571
meta-llama/Llama-3.1-8B-Instruct,pb_t010_17,random_high_minus_low,20261212,1.0,high_minus_low,interaction,-0.04211505985143027
meta-llama/Llama-3.1-8B-Instruct,pb_t010_19,random_high_minus_low,20261212,1.0,high_minus_low,interaction,-0.03499633867956825
meta-llama/Llama-3.1-8B-Instruct,pb_t010_20,random_high_minus_low,20261212,1.0,high_minus_low,interaction,-0.035457317185167765
meta-llama/Llama-3.1-8B-Instruct,pb_t016_09,random_high_minus_low,20261212,1.0,high_minus_low,interaction,-0.02370686598615908
meta-llama/Llama-3.1-8B-Instruct,pb_t016_10,random_high_minus_low,20261212,1.0,high_minus_low,interaction,-0.04010936276154957
meta-llama/Llama-3.1-8B-Instruct,pb_t016_12,random_high_minus_low,20261212,1.0,high_minus_low,interaction,-0.0349383227680084
meta-llama/Llama-3.1-8B-Instruct,pb_t016_17,random_high_minus_low,20261212,1.0,high_minus_low,interaction,-0.03543972522899738
meta-llama/Llama-3.1-8B-Instruct,pb_t016_20,random_high_minus_low,20261212,1.0,high_minus_low,interaction,-0.015182290734351392
meta-llama/Llama-3.1-8B-Instruct,pb_t018_08,random_high_minus_low,20261212,1.0,high_minus_low,interaction,-0.03522856160086759
meta-llama/Llama-3.1-8B-Instruct,pb_t018_10,random_high_minus_low,20261212,1.0,high_minus_low,interaction,-0.03831451377092801
meta-llama/Llama-3.1-8B-Instruct,pb_t018_11,random_high_minus_low,20261212,1.0,high_minus_low,interaction,-0.03951529391358696
meta-llama/Llama-3.1-8B-Instruct,pb_t018_14,random_high_minus_low,20261212,1.0,high_minus_low,interaction,-0.03443769506566535
meta-llama/Llama-3.1-8B-Instruct,pb_t018_18,random_high_minus_low,20261212,1.0,high_minus_low,interaction,-0.010769013726553239
meta-llama/Llama-3.1-8B-Instruct,pb_t023_09,random_high_minus_low,20261212,1.0,high_minus_low,interaction,-0.040966696632572935
meta-llama/Llama-3.1-8B-Instruct,pb_t023_12,random_high_minus_low,20261212,1.0,high_minus_low,interaction,-0.04264527837464226
meta-llama/Llama-3.1-8B-Instruct,pb_t023_13,random_high_minus_low,20261212,1.0,high_minus_low,interaction,-0.04502195532927119
meta-llama/Llama-3.1-8B-Instruct,pb_t023_17,random_high_minus_low,20261212,1.0,high_minus_low,interaction,-0.0019451278958060162
meta-llama/Llama-3.1-8B-Instruct,pb_t023_20,random_high_minus_low,20261212,1.0,high_minus_low,interaction,-0.021087109189139332
meta-llama/Llama-3.1-8B-Instruct,pb_t029_07,random_high_minus_low,20261212,1.0,high_minus_low,interaction,-0.059917361810746084
meta-llama/Llama-3.1-8B-Instruct,pb_t029_09,random_high_minus_low,20261212,1.0,high_minus_low,interaction,-0.03250395932522826
meta-llama/Llama-3.1-8B-Instruct,pb_t029_10,random_high_minus_low,20261212,1.0,high_minus_low,interaction,-0.031464694996513325
meta-llama/Llama-3.1-8B-Instruct,pb_t029_11,random_high_minus_low,20261212,1.0,high_minus_low,interaction,-0.03836600235185416
meta-llama/Llama-3.1-8B-Instruct,pb_t029_12,random_high_minus_low,20261212,1.0,high_minus_low,interaction,-0.04832509492073873
meta-llama/Llama-3.1-8B-Instruct,pb_t031_06,random_high_minus_low,20261212,1.0,high_minus_low,interaction,-0.034235949939077574
meta-llama/Llama-3.1-8B-Instruct,pb_t031_09,random_high_minus_low,20261212,1.0,high_minus_low,interaction,-0.016348422313230578
meta-llama/Llama-3.1-8B-Instruct,pb_t031_12,random_high_minus_low,20261212,1.0,high_minus_low,interaction,-0.053497980801819243
meta-llama/Llama-3.1-8B-Instruct,pb_t031_13,random_high_minus_low,20261212,1.0,high_minus_low,interaction,-0.05076899895094746
meta-llama/Llama-3.1-8B-Instruct,pb_t031_16,random_high_minus_low,20261212,1.0,high_minus_low,interaction,-0.03541939598613245
meta-llama/Llama-3.1-8B-Instruct,pb_t032_08,random_high_minus_low,20261212,1.0,high_minus_low,interaction,-0.03818698807154565
meta-llama/Llama-3.1-8B-Instruct,pb_t032_09,random_high_minus_low,20261212,1.0,high_minus_low,interaction,-0.044105106810818785
meta-llama/Llama-3.1-8B-Instruct,pb_t032_13,random_high_minus_low,20261212,1.0,high_minus_low,interaction,-0.02949978968500973
meta-llama/Llama-3.1-8B-Instruct,pb_t032_15,random_high_minus_low,20261212,1.0,high_minus_low,interaction,-0.04917816044045936
meta-llama/Llama-3.1-8B-Instruct,pb_t032_16,random_high_minus_low,20261212,1.0,high_minus_low,interaction,-0.010940433385356278
meta-llama/Llama-3.1-8B-Instruct,pb_t035_06,random_high_minus_low,20261212,1.0,high_minus_low,interaction,-0.03356431310419097
meta-llama/Llama-3.1-8B-Instruct,pb_t035_13,random_high_minus_low,20261212,1.0,high_minus_low,interaction,-0.032337739447670204
meta-llama/Llama-3.1-8B-Instruct,pb_t035_15,random_high_minus_low,20261212,1.0,high_minus_low,interaction,-0.019903137001631033
meta-llama/Llama-3.1-8B-Instruct,pb_t035_20,random_high_minus_low,20261212,1.0,high_minus_low,interaction,-0.044503103272574875
meta-llama/Llama-3.1-8B-Instruct,pb_t035_22,random_high_minus_low,20261212,1.0,high_minus_low,interaction,-0.028105335408215595
meta-llama/Llama-3.1-8B-Instruct,pb_t040_08,random_high_minus_low,20261212,1.0,high_minus_low,interaction,-0.03306985472866913
meta-llama/Llama-3.1-8B-Instruct,pb_t040_10,random_high_minus_low,20261212,1.0,high_minus_low,interaction,-0.006968512187976029
meta-llama/Llama-3.1-8B-Instruct,pb_t040_13,random_high_minus_low,20261212,1.0,high_minus_low,interaction,-0.022475690855633952
meta-llama/Llama-3.1-8B-Instruct,pb_t040_14,random_high_minus_low,20261212,1.0,high_minus_low,interaction,-0.0648152160830237
meta-llama/Llama-3.1-8B-Instruct,pb_t040_15,random_high_minus_low,20261212,1.0,high_minus_low,interaction,-0.028718006926011428
meta-llama/Llama-3.1-8B-Instruct,pb_t001_08,random_high_minus_low,20261213,1.0,high_minus_low,interaction,-0.02475760132091929
meta-llama/Llama-3.1-8B-Instruct,pb_t001_10,random_high_minus_low,20261213,1.0,high_minus_low,interaction,-0.012070923268935631
meta-llama/Llama-3.1-8B-Instruct,pb_t001_11,random_high_minus_low,20261213,1.0,high_minus_low,interaction,-0.024283192042858157
meta-llama/Llama-3.1-8B-Instruct,pb_t001_12,random_high_minus_low,20261213,1.0,high_minus_low,interaction,-0.031046107610616065
meta-llama/Llama-3.1-8B-Instruct,pb_t001_15,random_high_minus_low,20261213,1.0,high_minus_low,interaction,-0.011094539841519578
meta-llama/Llama-3.1-8B-Instruct,pb_t002_08,random_high_minus_low,20261213,1.0,high_minus_low,interaction,-0.0584529145503845
meta-llama/Llama-3.1-8B-Instruct,pb_t002_16,random_high_minus_low,20261213,1.0,high_minus_low,interaction,-0.031764541973013295
meta-llama/Llama-3.1-8B-Instruct,pb_t002_17,random_high_minus_low,20261213,1.0,high_minus_low,interaction,-0.03365817485096632
meta-llama/Llama-3.1-8B-Instruct,pb_t002_18,random_high_minus_low,20261213,1.0,high_minus_low,interaction,-0.039675922446163796
meta-llama/Llama-3.1-8B-Instruct,pb_t002_20,random_high_minus_low,20261213,1.0,high_minus_low,interaction,-0.04002026476783141
meta-llama/Llama-3.1-8B-Instruct,pb_t004_10,random_high_minus_low,20261213,1.0,high_minus_low,interaction,-0.01541052306752638
meta-llama/Llama-3.1-8B-Instruct,pb_t004_11,random_high_minus_low,20261213,1.0,high_minus_low,interaction,-0.030688794115342314
meta-llama/Llama-3.1-8B-Instruct,pb_t004_13,random_high_minus_low,20261213,1.0,high_minus_low,interaction,-0.026507059493401503
meta-llama/Llama-3.1-8B-Instruct,pb_t004_17,random_high_minus_low,20261213,1.0,high_minus_low,interaction,-0.030496713824534852
meta-llama/Llama-3.1-8B-Instruct,pb_t004_20,random_high_minus_low,20261213,1.0,high_minus_low,interaction,0.0011832679898854687
meta-llama/Llama-3.1-8B-Instruct,pb_t006_09,random_high_minus_low,20261213,1.0,high_minus_low,interaction,-0.019616056332275766
meta-llama/Llama-3.1-8B-Instruct,pb_t006_10,random_high_minus_low,20261213,1.0,high_minus_low,interaction,-0.03259365142557992
meta-llama/Llama-3.1-8B-Instruct,pb_t006_12,random_high_minus_low,20261213,1.0,high_minus_low,interaction,-0.035830797960229775
meta-llama/Llama-3.1-8B-Instruct,pb_t006_18,random_high_minus_low,20261213,1.0,high_minus_low,interaction,-0.012330147614313693
meta-llama/Llama-3.1-8B-Instruct,pb_t006_19,random_high_minus_low,20261213,1.0,high_minus_low,interaction,-0.02478359865479677
meta-llama/Llama-3.1-8B-Instruct,pb_t007_09,random_high_minus_low,20261213,1.0,high_minus_low,interaction,-0.017302878368017038
meta-llama/Llama-3.1-8B-Instruct,pb_t007_10,random_high_minus_low,20261213,1.0,high_minus_low,interaction,-0.016294319582904046
meta-llama/Llama-3.1-8B-Instruct,pb_t007_16,random_high_minus_low,20261213,1.0,high_minus_low,interaction,0.002991355940751058
meta-llama/Llama-3.1-8B-Instruct,pb_t007_17,random_high_minus_low,20261213,1.0,high_minus_low,interaction,-0.00031259364973066413
meta-llama/Llama-3.1-8B-Instruct,pb_t007_19,random_high_minus_low,20261213,1.0,high_minus_low,interaction,-0.02337563115076758
meta-llama/Llama-3.1-8B-Instruct,pb_t008_09,random_high_minus_low,20261213,1.0,high_minus_low,interaction,-0.010950012435825465
meta-llama/Llama-3.1-8B-Instruct,pb_t008_11,random_high_minus_low,20261213,1.0,high_minus_low,interaction,0.0024593821260406558
meta-llama/Llama-3.1-8B-Instruct,pb_t008_16,random_high_minus_low,20261213,1.0,high_minus_low,interaction,-0.023422453130576257
meta-llama/Llama-3.1-8B-Instruct,pb_t008_17,random_high_minus_low,20261213,1.0,high_minus_low,interaction,-0.00811701866344323
meta-llama/Llama-3.1-8B-Instruct,pb_t008_20,random_high_minus_low,20261213,1.0,high_minus_low,interaction,-0.010272641324580957
meta-llama/Llama-3.1-8B-Instruct,pb_t009_07,random_high_minus_low,20261213,1.0,high_minus_low,interaction,-0.01409166188358435
meta-llama/Llama-3.1-8B-Instruct,pb_t009_12,random_high_minus_low,20261213,1.0,high_minus_low,interaction,-0.023582469780920722
meta-llama/Llama-3.1-8B-Instruct,pb_t009_15,random_high_minus_low,20261213,1.0,high_minus_low,interaction,-0.01735378655624147
meta-llama/Llama-3.1-8B-Instruct,pb_t009_17,random_high_minus_low,20261213,1.0,high_minus_low,interaction,-0.02432304682275808
meta-llama/Llama-3.1-8B-Instruct,pb_t009_19,random_high_minus_low,20261213,1.0,high_minus_low,interaction,-0.017489730364219302
meta-llama/Llama-3.1-8B-Instruct,pb_t010_09,random_high_minus_low,20261213,1.0,high_minus_low,interaction,-0.017318185142801656
meta-llama/Llama-3.1-8B-Instruct,pb_t010_12,random_high_minus_low,20261213,1.0,high_minus_low,interaction,-0.02585885724956641
meta-llama/Llama-3.1-8B-Instruct,pb_t010_17,random_high_minus_low,20261213,1.0,high_minus_low,interaction,-0.015343220609902453
meta-llama/Llama-3.1-8B-Instruct,pb_t010_19,random_high_minus_low,20261213,1.0,high_minus_low,interaction,-0.011027225982526676
meta-llama/Llama-3.1-8B-Instruct,pb_t010_20,random_high_minus_low,20261213,1.0,high_minus_low,interaction,-0.004352103934535352
meta-llama/Llama-3.1-8B-Instruct,pb_t016_09,random_high_minus_low,20261213,1.0,high_minus_low,interaction,-0.021570297990891895
meta-llama/Llama-3.1-8B-Instruct,pb_t016_10,random_high_minus_low,20261213,1.0,high_minus_low,interaction,-0.003941804002430596
meta-llama/Llama-3.1-8B-Instruct,pb_t016_12,random_high_minus_low,20261213,1.0,high_minus_low,interaction,-0.0055639059994422695
meta-llama/Llama-3.1-8B-Instruct,pb_t016_17,random_high_minus_low,20261213,1.0,high_minus_low,interaction,-0.007335968750591642
meta-llama/Llama-3.1-8B-Instruct,pb_t016_20,random_high_minus_low,20261213,1.0,high_minus_low,interaction,-0.010123043107568062
meta-llama/Llama-3.1-8B-Instruct,pb_t018_08,random_high_minus_low,20261213,1.0,high_minus_low,interaction,-0.024059510979665653
meta-llama/Llama-3.1-8B-Instruct,pb_t018_10,random_high_minus_low,20261213,1.0,high_minus_low,interaction,-0.039398404968661725
meta-llama/Llama-3.1-8B-Instruct,pb_t018_11,random_high_minus_low,20261213,1.0,high_minus_low,interaction,-0.03456330335183692
meta-llama/Llama-3.1-8B-Instruct,pb_t018_14,random_high_minus_low,20261213,1.0,high_minus_low,interaction,-0.012009380132181755
meta-llama/Llama-3.1-8B-Instruct,pb_t018_18,random_high_minus_low,20261213,1.0,high_minus_low,interaction,-0.020213064894299814
meta-llama/Llama-3.1-8B-Instruct,pb_t023_09,random_high_minus_low,20261213,1.0,high_minus_low,interaction,-0.01465854456349328
meta-llama/Llama-3.1-8B-Instruct,pb_t023_12,random_high_minus_low,20261213,1.0,high_minus_low,interaction,-0.04403608825932661
meta-llama/Llama-3.1-8B-Instruct,pb_t023_13,random_high_minus_low,20261213,1.0,high_minus_low,interaction,0.004445975632659582
meta-llama/Llama-3.1-8B-Instruct,pb_t023_17,random_high_minus_low,20261213,1.0,high_minus_low,interaction,-0.009490843097850971
meta-llama/Llama-3.1-8B-Instruct,pb_t023_20,random_high_minus_low,20261213,1.0,high_minus_low,interaction,-0.03149731592468476
meta-llama/Llama-3.1-8B-Instruct,pb_t029_07,random_high_minus_low,20261213,1.0,high_minus_low,interaction,-0.026409583242790035
meta-llama/Llama-3.1-8B-Instruct,pb_t029_09,random_high_minus_low,20261213,1.0,high_minus_low,interaction,-0.01647148799433088
meta-llama/Llama-3.1-8B-Instruct,pb_t029_10,random_high_minus_low,20261213,1.0,high_minus_low,interaction,-0.03488566961922569
meta-llama/Llama-3.1-8B-Instruct,pb_t029_11,random_high_minus_low,20261213,1.0,high_minus_low,interaction,-0.02931090598122869
meta-llama/Llama-3.1-8B-Instruct,pb_t029_12,random_high_minus_low,20261213,1.0,high_minus_low,interaction,-0.027792540533994145
meta-llama/Llama-3.1-8B-Instruct,pb_t031_06,random_high_minus_low,20261213,1.0,high_minus_low,interaction,-0.016898448466347433
meta-llama/Llama-3.1-8B-Instruct,pb_t031_09,random_high_minus_low,20261213,1.0,high_minus_low,interaction,-0.006130502527899917
meta-llama/Llama-3.1-8B-Instruct,pb_t031_12,random_high_minus_low,20261213,1.0,high_minus_low,interaction,-0.022865609485221924
meta-llama/Llama-3.1-8B-Instruct,pb_t031_13,random_high_minus_low,20261213,1.0,high_minus_low,interaction,-0.029251695475316017
meta-llama/Llama-3.1-8B-Instruct,pb_t031_16,random_high_minus_low,20261213,1.0,high_minus_low,interaction,-0.02969197208647551
meta-llama/Llama-3.1-8B-Instruct,pb_t032_08,random_high_minus_low,20261213,1.0,high_minus_low,interaction,-0.0126769872865958
meta-llama/Llama-3.1-8B-Instruct,pb_t032_09,random_high_minus_low,20261213,1.0,high_minus_low,interaction,-0.015423119559789936
meta-llama/Llama-3.1-8B-Instruct,pb_t032_13,random_high_minus_low,20261213,1.0,high_minus_low,interaction,-0.0015980481507812934
meta-llama/Llama-3.1-8B-Instruct,pb_t032_15,random_high_minus_low,20261213,1.0,high_minus_low,interaction,-0.004701342954738262
meta-llama/Llama-3.1-8B-Instruct,pb_t032_16,random_high_minus_low,20261213,1.0,high_minus_low,interaction,-0.00654750960211899
meta-llama/Llama-3.1-8B-Instruct,pb_t035_06,random_high_minus_low,20261213,1.0,high_minus_low,interaction,-0.027063044584745292
meta-llama/Llama-3.1-8B-Instruct,pb_t035_13,random_high_minus_low,20261213,1.0,high_minus_low,interaction,-0.017431247571840683
meta-llama/Llama-3.1-8B-Instruct,pb_t035_15,random_high_minus_low,20261213,1.0,high_minus_low,interaction,-0.017142606605921797
meta-llama/Llama-3.1-8B-Instruct,pb_t035_20,random_high_minus_low,20261213,1.0,high_minus_low,interaction,-0.006149381710533022
meta-llama/Llama-3.1-8B-Instruct,pb_t035_22,random_high_minus_low,20261213,1.0,high_minus_low,interaction,-0.010177181094715016
meta-llama/Llama-3.1-8B-Instruct,pb_t040_08,random_high_minus_low,20261213,1.0,high_minus_low,interaction,-0.006844832783046903
meta-llama/Llama-3.1-8B-Instruct,pb_t040_10,random_high_minus_low,20261213,1.0,high_minus_low,interaction,-0.009884493522511762
meta-llama/Llama-3.1-8B-Instruct,pb_t040_13,random_high_minus_low,20261213,1.0,high_minus_low,interaction,-0.03221476591540445
meta-llama/Llama-3.1-8B-Instruct,pb_t040_14,random_high_minus_low,20261213,1.0,high_minus_low,interaction,0.000759725603998685
meta-llama/Llama-3.1-8B-Instruct,pb_t040_15,random_high_minus_low,20261213,1.0,high_minus_low,interaction,-0.01952145778935097
meta-llama/Llama-3.1-8B-Instruct,pb_t001_08,random_high_minus_low,20261214,1.0,high_minus_low,interaction,-0.015566143354760786
meta-llama/Llama-3.1-8B-Instruct,pb_t001_10,random_high_minus_low,20261214,1.0,high_minus_low,interaction,-0.005541767673903486
meta-llama/Llama-3.1-8B-Instruct,pb_t001_11,random_high_minus_low,20261214,1.0,high_minus_low,interaction,-0.013410420157220885
meta-llama/Llama-3.1-8B-Instruct,pb_t001_12,random_high_minus_low,20261214,1.0,high_minus_low,interaction,-0.034471003486114656
meta-llama/Llama-3.1-8B-Instruct,pb_t001_15,random_high_minus_low,20261214,1.0,high_minus_low,interaction,-0.024046367134281744
meta-llama/Llama-3.1-8B-Instruct,pb_t002_08,random_high_minus_low,20261214,1.0,high_minus_low,interaction,-0.029013805699793987
meta-llama/Llama-3.1-8B-Instruct,pb_t002_16,random_high_minus_low,20261214,1.0,high_minus_low,interaction,-0.025846601121487452
meta-llama/Llama-3.1-8B-Instruct,pb_t002_17,random_high_minus_low,20261214,1.0,high_minus_low,interaction,-0.019198060458958128
meta-llama/Llama-3.1-8B-Instruct,pb_t002_18,random_high_minus_low,20261214,1.0,high_minus_low,interaction,-0.027364593860150502
meta-llama/Llama-3.1-8B-Instruct,pb_t002_20,random_high_minus_low,20261214,1.0,high_minus_low,interaction,-0.03417652310243445
meta-llama/Llama-3.1-8B-Instruct,pb_t004_10,random_high_minus_low,20261214,1.0,high_minus_low,interaction,-0.02293272247366401
meta-llama/Llama-3.1-8B-Instruct,pb_t004_11,random_high_minus_low,20261214,1.0,high_minus_low,interaction,-0.0335294193838239
meta-llama/Llama-3.1-8B-Instruct,pb_t004_13,random_high_minus_low,20261214,1.0,high_minus_low,interaction,-0.05243805633737225
meta-llama/Llama-3.1-8B-Instruct,pb_t004_17,random_high_minus_low,20261214,1.0,high_minus_low,interaction,-0.03596689322177111
meta-llama/Llama-3.1-8B-Instruct,pb_t004_20,random_high_minus_low,20261214,1.0,high_minus_low,interaction,-0.0009428927448690611
meta-llama/Llama-3.1-8B-Instruct,pb_t006_09,random_high_minus_low,20261214,1.0,high_minus_low,interaction,-0.039379427214914976
meta-llama/Llama-3.1-8B-Instruct,pb_t006_10,random_high_minus_low,20261214,1.0,high_minus_low,interaction,-0.02780318934150021
meta-llama/Llama-3.1-8B-Instruct,pb_t006_12,random_high_minus_low,20261214,1.0,high_minus_low,interaction,-0.0191927900051699
meta-llama/Llama-3.1-8B-Instruct,pb_t006_18,random_high_minus_low,20261214,1.0,high_minus_low,interaction,-0.02391372287808142
meta-llama/Llama-3.1-8B-Instruct,pb_t006_19,random_high_minus_low,20261214,1.0,high_minus_low,interaction,-0.03694834957330131
meta-llama/Llama-3.1-8B-Instruct,pb_t007_09,random_high_minus_low,20261214,1.0,high_minus_low,interaction,-0.03491387033303925
meta-llama/Llama-3.1-8B-Instruct,pb_t007_10,random_high_minus_low,20261214,1.0,high_minus_low,interaction,-0.07101942307914574
meta-llama/Llama-3.1-8B-Instruct,pb_t007_16,random_high_minus_low,20261214,1.0,high_minus_low,interaction,-0.05116179822393583
meta-llama/Llama-3.1-8B-Instruct,pb_t007_17,random_high_minus_low,20261214,1.0,high_minus_low,interaction,-0.033187466910075084
meta-llama/Llama-3.1-8B-Instruct,pb_t007_19,random_high_minus_low,20261214,1.0,high_minus_low,interaction,-0.029588956794458162
meta-llama/Llama-3.1-8B-Instruct,pb_t008_09,random_high_minus_low,20261214,1.0,high_minus_low,interaction,-0.03274504418373736
meta-llama/Llama-3.1-8B-Instruct,pb_t008_11,random_high_minus_low,20261214,1.0,high_minus_low,interaction,-0.04147964095841578
meta-llama/Llama-3.1-8B-Instruct,pb_t008_16,random_high_minus_low,20261214,1.0,high_minus_low,interaction,-0.04410765864126933
meta-llama/Llama-3.1-8B-Instruct,pb_t008_17,random_high_minus_low,20261214,1.0,high_minus_low,interaction,-0.04316332496390231
meta-llama/Llama-3.1-8B-Instruct,pb_t008_20,random_high_minus_low,20261214,1.0,high_minus_low,interaction,-0.05383343233776105
meta-llama/Llama-3.1-8B-Instruct,pb_t009_07,random_high_minus_low,20261214,1.0,high_minus_low,interaction,-0.03232545239434404
meta-llama/Llama-3.1-8B-Instruct,pb_t009_12,random_high_minus_low,20261214,1.0,high_minus_low,interaction,-0.025675026029366426
meta-llama/Llama-3.1-8B-Instruct,pb_t009_15,random_high_minus_low,20261214,1.0,high_minus_low,interaction,-0.024156587246208387
meta-llama/Llama-3.1-8B-Instruct,pb_t009_17,random_high_minus_low,20261214,1.0,high_minus_low,interaction,-0.058058896862244344
meta-llama/Llama-3.1-8B-Instruct,pb_t009_19,random_high_minus_low,20261214,1.0,high_minus_low,interaction,-0.025845181189394648
meta-llama/Llama-3.1-8B-Instruct,pb_t010_09,random_high_minus_low,20261214,1.0,high_minus_low,interaction,-0.02033221642062251
meta-llama/Llama-3.1-8B-Instruct,pb_t010_12,random_high_minus_low,20261214,1.0,high_minus_low,interaction,-0.04289920240435521
meta-llama/Llama-3.1-8B-Instruct,pb_t010_17,random_high_minus_low,20261214,1.0,high_minus_low,interaction,-0.03954284406373321
meta-llama/Llama-3.1-8B-Instruct,pb_t010_19,random_high_minus_low,20261214,1.0,high_minus_low,interaction,-0.05183400163719924
meta-llama/Llama-3.1-8B-Instruct,pb_t010_20,random_high_minus_low,20261214,1.0,high_minus_low,interaction,-0.044627908726793605
meta-llama/Llama-3.1-8B-Instruct,pb_t016_09,random_high_minus_low,20261214,1.0,high_minus_low,interaction,-0.034667723359297006
meta-llama/Llama-3.1-8B-Instruct,pb_t016_10,random_high_minus_low,20261214,1.0,high_minus_low,interaction,-0.024424754780970625
meta-llama/Llama-3.1-8B-Instruct,pb_t016_12,random_high_minus_low,20261214,1.0,high_minus_low,interaction,-0.04762767287570276
meta-llama/Llama-3.1-8B-Instruct,pb_t016_17,random_high_minus_low,20261214,1.0,high_minus_low,interaction,-0.0281822622250017
meta-llama/Llama-3.1-8B-Instruct,pb_t016_20,random_high_minus_low,20261214,1.0,high_minus_low,interaction,-0.03540274976564711
meta-llama/Llama-3.1-8B-Instruct,pb_t018_08,random_high_minus_low,20261214,1.0,high_minus_low,interaction,-0.04306371960149737
meta-llama/Llama-3.1-8B-Instruct,pb_t018_10,random_high_minus_low,20261214,1.0,high_minus_low,interaction,-0.027919695911939785
meta-llama/Llama-3.1-8B-Instruct,pb_t018_11,random_high_minus_low,20261214,1.0,high_minus_low,interaction,-0.01407951371605693
meta-llama/Llama-3.1-8B-Instruct,pb_t018_14,random_high_minus_low,20261214,1.0,high_minus_low,interaction,-0.013897861854661443
meta-llama/Llama-3.1-8B-Instruct,pb_t018_18,random_high_minus_low,20261214,1.0,high_minus_low,interaction,-0.021857943125374327
meta-llama/Llama-3.1-8B-Instruct,pb_t023_09,random_high_minus_low,20261214,1.0,high_minus_low,interaction,-0.02103423337115238
meta-llama/Llama-3.1-8B-Instruct,pb_t023_12,random_high_minus_low,20261214,1.0,high_minus_low,interaction,-0.04871617919611648
meta-llama/Llama-3.1-8B-Instruct,pb_t023_13,random_high_minus_low,20261214,1.0,high_minus_low,interaction,-0.014303076528416909
meta-llama/Llama-3.1-8B-Instruct,pb_t023_17,random_high_minus_low,20261214,1.0,high_minus_low,interaction,-0.02929473276149536
meta-llama/Llama-3.1-8B-Instruct,pb_t023_20,random_high_minus_low,20261214,1.0,high_minus_low,interaction,-0.02300088917514676
meta-llama/Llama-3.1-8B-Instruct,pb_t029_07,random_high_minus_low,20261214,1.0,high_minus_low,interaction,-0.025551225397063546
meta-llama/Llama-3.1-8B-Instruct,pb_t029_09,random_high_minus_low,20261214,1.0,high_minus_low,interaction,-0.01675464198355411
meta-llama/Llama-3.1-8B-Instruct,pb_t029_10,random_high_minus_low,20261214,1.0,high_minus_low,interaction,-0.037822394873862415
meta-llama/Llama-3.1-8B-Instruct,pb_t029_11,random_high_minus_low,20261214,1.0,high_minus_low,interaction,-0.03078929395106851
meta-llama/Llama-3.1-8B-Instruct,pb_t029_12,random_high_minus_low,20261214,1.0,high_minus_low,interaction,-0.050226003480364566
meta-llama/Llama-3.1-8B-Instruct,pb_t031_06,random_high_minus_low,20261214,1.0,high_minus_low,interaction,-0.034024105812693516
meta-llama/Llama-3.1-8B-Instruct,pb_t031_09,random_high_minus_low,20261214,1.0,high_minus_low,interaction,-0.02570147630215048
meta-llama/Llama-3.1-8B-Instruct,pb_t031_12,random_high_minus_low,20261214,1.0,high_minus_low,interaction,-0.02931259408153196
meta-llama/Llama-3.1-8B-Instruct,pb_t031_13,random_high_minus_low,20261214,1.0,high_minus_low,interaction,-0.025522711289122712
meta-llama/Llama-3.1-8B-Instruct,pb_t031_16,random_high_minus_low,20261214,1.0,high_minus_low,interaction,-0.01678069021289553
meta-llama/Llama-3.1-8B-Instruct,pb_t032_08,random_high_minus_low,20261214,1.0,high_minus_low,interaction,-0.02165827424509959
meta-llama/Llama-3.1-8B-Instruct,pb_t032_09,random_high_minus_low,20261214,1.0,high_minus_low,interaction,-0.052413344413204076
meta-llama/Llama-3.1-8B-Instruct,pb_t032_13,random_high_minus_low,20261214,1.0,high_minus_low,interaction,-0.038958789691467176
meta-llama/Llama-3.1-8B-Instruct,pb_t032_15,random_high_minus_low,20261214,1.0,high_minus_low,interaction,-0.0211812009354161
meta-llama/Llama-3.1-8B-Instruct,pb_t032_16,random_high_minus_low,20261214,1.0,high_minus_low,interaction,-0.0012152301988252938
meta-llama/Llama-3.1-8B-Instruct,pb_t035_06,random_high_minus_low,20261214,1.0,high_minus_low,interaction,-0.01768467430212044
meta-llama/Llama-3.1-8B-Instruct,pb_t035_13,random_high_minus_low,20261214,1.0,high_minus_low,interaction,-0.029400735928445443
meta-llama/Llama-3.1-8B-Instruct,pb_t035_15,random_high_minus_low,20261214,1.0,high_minus_low,interaction,-0.040212885664855647
meta-llama/Llama-3.1-8B-Instruct,pb_t035_20,random_high_minus_low,20261214,1.0,high_minus_low,interaction,-0.03584282265719865
meta-llama/Llama-3.1-8B-Instruct,pb_t035_22,random_high_minus_low,20261214,1.0,high_minus_low,interaction,-0.010781664328423016
meta-llama/Llama-3.1-8B-Instruct,pb_t040_08,random_high_minus_low,20261214,1.0,high_minus_low,interaction,-0.040302916503719075
meta-llama/Llama-3.1-8B-Instruct,pb_t040_10,random_high_minus_low,20261214,1.0,high_minus_low,interaction,-0.03140789649837389
meta-llama/Llama-3.1-8B-Instruct,pb_t040_13,random_high_minus_low,20261214,1.0,high_minus_low,interaction,-0.03639340964822721
meta-llama/Llama-3.1-8B-Instruct,pb_t040_14,random_high_minus_low,20261214,1.0,high_minus_low,interaction,-0.031804890217381594
meta-llama/Llama-3.1-8B-Instruct,pb_t040_15,random_high_minus_low,20261214,1.0,high_minus_low,interaction,-0.01330118355487876
meta-llama/Llama-3.1-8B-Instruct,pb_t001_08,random_high_minus_low,20261215,1.0,high_minus_low,interaction,-0.04813316143957463
meta-llama/Llama-3.1-8B-Instruct,pb_t001_10,random_high_minus_low,20261215,1.0,high_minus_low,interaction,-0.02341763101323413
meta-llama/Llama-3.1-8B-Instruct,pb_t001_11,random_high_minus_low,20261215,1.0,high_minus_low,interaction,-0.03433439152156169
meta-llama/Llama-3.1-8B-Instruct,pb_t001_12,random_high_minus_low,20261215,1.0,high_minus_low,interaction,-0.05306007634581057
meta-llama/Llama-3.1-8B-Instruct,pb_t001_15,random_high_minus_low,20261215,1.0,high_minus_low,interaction,-0.0410943624154814
meta-llama/Llama-3.1-8B-Instruct,pb_t002_08,random_high_minus_low,20261215,1.0,high_minus_low,interaction,-0.032175126213650804
meta-llama/Llama-3.1-8B-Instruct,pb_t002_16,random_high_minus_low,20261215,1.0,high_minus_low,interaction,-0.025431111645361184
meta-llama/Llama-3.1-8B-Instruct,pb_t002_17,random_high_minus_low,20261215,1.0,high_minus_low,interaction,-0.05101355498622504
meta-llama/Llama-3.1-8B-Instruct,pb_t002_18,random_high_minus_low,20261215,1.0,high_minus_low,interaction,-0.03389130712882134
meta-llama/Llama-3.1-8B-Instruct,pb_t002_20,random_high_minus_low,20261215,1.0,high_minus_low,interaction,-0.0382285568534093
meta-llama/Llama-3.1-8B-Instruct,pb_t004_10,random_high_minus_low,20261215,1.0,high_minus_low,interaction,-0.02084148991574593
meta-llama/Llama-3.1-8B-Instruct,pb_t004_11,random_high_minus_low,20261215,1.0,high_minus_low,interaction,-0.04511079718914468
meta-llama/Llama-3.1-8B-Instruct,pb_t004_13,random_high_minus_low,20261215,1.0,high_minus_low,interaction,-0.05522516787249335
meta-llama/Llama-3.1-8B-Instruct,pb_t004_17,random_high_minus_low,20261215,1.0,high_minus_low,interaction,-0.03723718890202591
meta-llama/Llama-3.1-8B-Instruct,pb_t004_20,random_high_minus_low,20261215,1.0,high_minus_low,interaction,-0.06381601884201489
meta-llama/Llama-3.1-8B-Instruct,pb_t006_09,random_high_minus_low,20261215,1.0,high_minus_low,interaction,-0.018819311724823932
meta-llama/Llama-3.1-8B-Instruct,pb_t006_10,random_high_minus_low,20261215,1.0,high_minus_low,interaction,-0.050083980416199464
meta-llama/Llama-3.1-8B-Instruct,pb_t006_12,random_high_minus_low,20261215,1.0,high_minus_low,interaction,-0.016546382317452486
meta-llama/Llama-3.1-8B-Instruct,pb_t006_18,random_high_minus_low,20261215,1.0,high_minus_low,interaction,-0.024998761531442593
meta-llama/Llama-3.1-8B-Instruct,pb_t006_19,random_high_minus_low,20261215,1.0,high_minus_low,interaction,-0.045691112910026074
meta-llama/Llama-3.1-8B-Instruct,pb_t007_09,random_high_minus_low,20261215,1.0,high_minus_low,interaction,-0.02909647764813114
meta-llama/Llama-3.1-8B-Instruct,pb_t007_10,random_high_minus_low,20261215,1.0,high_minus_low,interaction,-0.040705254862386485
meta-llama/Llama-3.1-8B-Instruct,pb_t007_16,random_high_minus_low,20261215,1.0,high_minus_low,interaction,-0.04760901054426461
meta-llama/Llama-3.1-8B-Instruct,pb_t007_17,random_high_minus_low,20261215,1.0,high_minus_low,interaction,-0.045662199610550167
meta-llama/Llama-3.1-8B-Instruct,pb_t007_19,random_high_minus_low,20261215,1.0,high_minus_low,interaction,-0.036245645792029525
meta-llama/Llama-3.1-8B-Instruct,pb_t008_09,random_high_minus_low,20261215,1.0,high_minus_low,interaction,-0.0347789484459199
meta-llama/Llama-3.1-8B-Instruct,pb_t008_11,random_high_minus_low,20261215,1.0,high_minus_low,interaction,-0.06972609563949352
meta-llama/Llama-3.1-8B-Instruct,pb_t008_16,random_high_minus_low,20261215,1.0,high_minus_low,interaction,-0.02484540100056706
meta-llama/Llama-3.1-8B-Instruct,pb_t008_17,random_high_minus_low,20261215,1.0,high_minus_low,interaction,-0.05302693982762446
meta-llama/Llama-3.1-8B-Instruct,pb_t008_20,random_high_minus_low,20261215,1.0,high_minus_low,interaction,-0.05658197498464249
meta-llama/Llama-3.1-8B-Instruct,pb_t009_07,random_high_minus_low,20261215,1.0,high_minus_low,interaction,-0.05637978201444296
meta-llama/Llama-3.1-8B-Instruct,pb_t009_12,random_high_minus_low,20261215,1.0,high_minus_low,interaction,-0.025044903594618525
meta-llama/Llama-3.1-8B-Instruct,pb_t009_15,random_high_minus_low,20261215,1.0,high_minus_low,interaction,-0.021758543948496887
meta-llama/Llama-3.1-8B-Instruct,pb_t009_17,random_high_minus_low,20261215,1.0,high_minus_low,interaction,-0.04354319030794093
meta-llama/Llama-3.1-8B-Instruct,pb_t009_19,random_high_minus_low,20261215,1.0,high_minus_low,interaction,-0.0456290968752018
meta-llama/Llama-3.1-8B-Instruct,pb_t010_09,random_high_minus_low,20261215,1.0,high_minus_low,interaction,-0.040281987842435314
meta-llama/Llama-3.1-8B-Instruct,pb_t010_12,random_high_minus_low,20261215,1.0,high_minus_low,interaction,-0.03364225906173751
meta-llama/Llama-3.1-8B-Instruct,pb_t010_17,random_high_minus_low,20261215,1.0,high_minus_low,interaction,-0.04659024258309461
meta-llama/Llama-3.1-8B-Instruct,pb_t010_19,random_high_minus_low,20261215,1.0,high_minus_low,interaction,-0.0354159846807965
meta-llama/Llama-3.1-8B-Instruct,pb_t010_20,random_high_minus_low,20261215,1.0,high_minus_low,interaction,-0.06493927713777811
meta-llama/Llama-3.1-8B-Instruct,pb_t016_09,random_high_minus_low,20261215,1.0,high_minus_low,interaction,-0.043651586335285195
meta-llama/Llama-3.1-8B-Instruct,pb_t016_10,random_high_minus_low,20261215,1.0,high_minus_low,interaction,-0.033263015623402496
meta-llama/Llama-3.1-8B-Instruct,pb_t016_12,random_high_minus_low,20261215,1.0,high_minus_low,interaction,-0.07223894624803975
meta-llama/Llama-3.1-8B-Instruct,pb_t016_17,random_high_minus_low,20261215,1.0,high_minus_low,interaction,-0.05716141117943585
meta-llama/Llama-3.1-8B-Instruct,pb_t016_20,random_high_minus_low,20261215,1.0,high_minus_low,interaction,-0.04176489304474063
meta-llama/Llama-3.1-8B-Instruct,pb_t018_08,random_high_minus_low,20261215,1.0,high_minus_low,interaction,-0.03883373057545685
meta-llama/Llama-3.1-8B-Instruct,pb_t018_10,random_high_minus_low,20261215,1.0,high_minus_low,interaction,-0.04157356799163888
meta-llama/Llama-3.1-8B-Instruct,pb_t018_11,random_high_minus_low,20261215,1.0,high_minus_low,interaction,-0.04217826582161612
meta-llama/Llama-3.1-8B-Instruct,pb_t018_14,random_high_minus_low,20261215,1.0,high_minus_low,interaction,-0.056741414057554514
meta-llama/Llama-3.1-8B-Instruct,pb_t018_18,random_high_minus_low,20261215,1.0,high_minus_low,interaction,-0.03590441586519903
meta-llama/Llama-3.1-8B-Instruct,pb_t023_09,random_high_minus_low,20261215,1.0,high_minus_low,interaction,-0.06272580815311185
meta-llama/Llama-3.1-8B-Instruct,pb_t023_12,random_high_minus_low,20261215,1.0,high_minus_low,interaction,-0.03198109742901681
meta-llama/Llama-3.1-8B-Instruct,pb_t023_13,random_high_minus_low,20261215,1.0,high_minus_low,interaction,-0.014016381881877205
meta-llama/Llama-3.1-8B-Instruct,pb_t023_17,random_high_minus_low,20261215,1.0,high_minus_low,interaction,-0.029003909799536164
meta-llama/Llama-3.1-8B-Instruct,pb_t023_20,random_high_minus_low,20261215,1.0,high_minus_low,interaction,-0.048090423627062444
meta-llama/Llama-3.1-8B-Instruct,pb_t029_07,random_high_minus_low,20261215,1.0,high_minus_low,interaction,-0.0504553068160839
meta-llama/Llama-3.1-8B-Instruct,pb_t029_09,random_high_minus_low,20261215,1.0,high_minus_low,interaction,-0.07107112290309923
meta-llama/Llama-3.1-8B-Instruct,pb_t029_10,random_high_minus_low,20261215,1.0,high_minus_low,interaction,-0.04278994703213707
meta-llama/Llama-3.1-8B-Instruct,pb_t029_11,random_high_minus_low,20261215,1.0,high_minus_low,interaction,-0.040524568799177034
meta-llama/Llama-3.1-8B-Instruct,pb_t029_12,random_high_minus_low,20261215,1.0,high_minus_low,interaction,-0.05806529249972934
meta-llama/Llama-3.1-8B-Instruct,pb_t031_06,random_high_minus_low,20261215,1.0,high_minus_low,interaction,-0.05428963279477148
meta-llama/Llama-3.1-8B-Instruct,pb_t031_09,random_high_minus_low,20261215,1.0,high_minus_low,interaction,-0.04675661684745945
meta-llama/Llama-3.1-8B-Instruct,pb_t031_12,random_high_minus_low,20261215,1.0,high_minus_low,interaction,-0.035176282035887095
meta-llama/Llama-3.1-8B-Instruct,pb_t031_13,random_high_minus_low,20261215,1.0,high_minus_low,interaction,-0.027421752747809124
meta-llama/Llama-3.1-8B-Instruct,pb_t031_16,random_high_minus_low,20261215,1.0,high_minus_low,interaction,-0.05967107749552731
meta-llama/Llama-3.1-8B-Instruct,pb_t032_08,random_high_minus_low,20261215,1.0,high_minus_low,interaction,-0.05882374693669575
meta-llama/Llama-3.1-8B-Instruct,pb_t032_09,random_high_minus_low,20261215,1.0,high_minus_low,interaction,-0.049084504114119194
meta-llama/Llama-3.1-8B-Instruct,pb_t032_13,random_high_minus_low,20261215,1.0,high_minus_low,interaction,-0.04974811243067904
meta-llama/Llama-3.1-8B-Instruct,pb_t032_15,random_high_minus_low,20261215,1.0,high_minus_low,interaction,-0.01396847439373619
meta-llama/Llama-3.1-8B-Instruct,pb_t032_16,random_high_minus_low,20261215,1.0,high_minus_low,interaction,-0.02241965157576559
meta-llama/Llama-3.1-8B-Instruct,pb_t035_06,random_high_minus_low,20261215,1.0,high_minus_low,interaction,-0.03299976237706988
meta-llama/Llama-3.1-8B-Instruct,pb_t035_13,random_high_minus_low,20261215,1.0,high_minus_low,interaction,-0.044677183970941545
meta-llama/Llama-3.1-8B-Instruct,pb_t035_15,random_high_minus_low,20261215,1.0,high_minus_low,interaction,-0.033361896349959515
meta-llama/Llama-3.1-8B-Instruct,pb_t035_20,random_high_minus_low,20261215,1.0,high_minus_low,interaction,-0.02753001519556417
meta-llama/Llama-3.1-8B-Instruct,pb_t035_22,random_high_minus_low,20261215,1.0,high_minus_low,interaction,-0.054520157983626166
meta-llama/Llama-3.1-8B-Instruct,pb_t040_08,random_high_minus_low,20261215,1.0,high_minus_low,interaction,-0.04347280597143458
meta-llama/Llama-3.1-8B-Instruct,pb_t040_10,random_high_minus_low,20261215,1.0,high_minus_low,interaction,-0.04193299146782618
meta-llama/Llama-3.1-8B-Instruct,pb_t040_13,random_high_minus_low,20261215,1.0,high_minus_low,interaction,-0.04865961445045525
meta-llama/Llama-3.1-8B-Instruct,pb_t040_14,random_high_minus_low,20261215,1.0,high_minus_low,interaction,-0.03899295842300451
meta-llama/Llama-3.1-8B-Instruct,pb_t040_15,random_high_minus_low,20261215,1.0,high_minus_low,interaction,-0.05145676927310672
meta-llama/Llama-3.1-8B-Instruct,pb_t001_08,random_high_minus_low,20261216,1.0,high_minus_low,interaction,0.04733846413727446
meta-llama/Llama-3.1-8B-Instruct,pb_t001_10,random_high_minus_low,20261216,1.0,high_minus_low,interaction,0.08063880315074756
meta-llama/Llama-3.1-8B-Instruct,pb_t001_11,random_high_minus_low,20261216,1.0,high_minus_low,interaction,0.0704496266388109
meta-llama/Llama-3.1-8B-Instruct,pb_t001_12,random_high_minus_low,20261216,1.0,high_minus_low,interaction,0.07616462259523575
meta-llama/Llama-3.1-8B-Instruct,pb_t001_15,random_high_minus_low,20261216,1.0,high_minus_low,interaction,0.062439846572968034
meta-llama/Llama-3.1-8B-Instruct,pb_t002_08,random_high_minus_low,20261216,1.0,high_minus_low,interaction,0.07115209591550803
meta-llama/Llama-3.1-8B-Instruct,pb_t002_16,random_high_minus_low,20261216,1.0,high_minus_low,interaction,0.07756725923773797
meta-llama/Llama-3.1-8B-Instruct,pb_t002_17,random_high_minus_low,20261216,1.0,high_minus_low,interaction,0.059600485383480103
meta-llama/Llama-3.1-8B-Instruct,pb_t002_18,random_high_minus_low,20261216,1.0,high_minus_low,interaction,0.053787105642660524
meta-llama/Llama-3.1-8B-Instruct,pb_t002_20,random_high_minus_low,20261216,1.0,high_minus_low,interaction,0.08620988187411033
meta-llama/Llama-3.1-8B-Instruct,pb_t004_10,random_high_minus_low,20261216,1.0,high_minus_low,interaction,0.06833273627542887
meta-llama/Llama-3.1-8B-Instruct,pb_t004_11,random_high_minus_low,20261216,1.0,high_minus_low,interaction,0.07536650122237225
meta-llama/Llama-3.1-8B-Instruct,pb_t004_13,random_high_minus_low,20261216,1.0,high_minus_low,interaction,0.08623453703725667
meta-llama/Llama-3.1-8B-Instruct,pb_t004_17,random_high_minus_low,20261216,1.0,high_minus_low,interaction,0.06696930408952496
meta-llama/Llama-3.1-8B-Instruct,pb_t004_20,random_high_minus_low,20261216,1.0,high_minus_low,interaction,0.057203642907384715
meta-llama/Llama-3.1-8B-Instruct,pb_t006_09,random_high_minus_low,20261216,1.0,high_minus_low,interaction,0.06277710679841375
meta-llama/Llama-3.1-8B-Instruct,pb_t006_10,random_high_minus_low,20261216,1.0,high_minus_low,interaction,0.05934725434780339
meta-llama/Llama-3.1-8B-Instruct,pb_t006_12,random_high_minus_low,20261216,1.0,high_minus_low,interaction,0.07329755051391093
meta-llama/Llama-3.1-8B-Instruct,pb_t006_18,random_high_minus_low,20261216,1.0,high_minus_low,interaction,0.07843838542760477
meta-llama/Llama-3.1-8B-Instruct,pb_t006_19,random_high_minus_low,20261216,1.0,high_minus_low,interaction,0.07023798957974427
meta-llama/Llama-3.1-8B-Instruct,pb_t007_09,random_high_minus_low,20261216,1.0,high_minus_low,interaction,0.07807898775499045
meta-llama/Llama-3.1-8B-Instruct,pb_t007_10,random_high_minus_low,20261216,1.0,high_minus_low,interaction,0.09633020248007912
meta-llama/Llama-3.1-8B-Instruct,pb_t007_16,random_high_minus_low,20261216,1.0,high_minus_low,interaction,0.05970127122920857
meta-llama/Llama-3.1-8B-Instruct,pb_t007_17,random_high_minus_low,20261216,1.0,high_minus_low,interaction,0.06142841327829796
meta-llama/Llama-3.1-8B-Instruct,pb_t007_19,random_high_minus_low,20261216,1.0,high_minus_low,interaction,0.06313961185809931
meta-llama/Llama-3.1-8B-Instruct,pb_t008_09,random_high_minus_low,20261216,1.0,high_minus_low,interaction,0.06587993273462499
meta-llama/Llama-3.1-8B-Instruct,pb_t008_11,random_high_minus_low,20261216,1.0,high_minus_low,interaction,0.08145337707246145
meta-llama/Llama-3.1-8B-Instruct,pb_t008_16,random_high_minus_low,20261216,1.0,high_minus_low,interaction,0.07500542810095617
meta-llama/Llama-3.1-8B-Instruct,pb_t008_17,random_high_minus_low,20261216,1.0,high_minus_low,interaction,0.05483700008795262
meta-llama/Llama-3.1-8B-Instruct,pb_t008_20,random_high_minus_low,20261216,1.0,high_minus_low,interaction,0.084015027578383
meta-llama/Llama-3.1-8B-Instruct,pb_t009_07,random_high_minus_low,20261216,1.0,high_minus_low,interaction,0.06969526034687193
meta-llama/Llama-3.1-8B-Instruct,pb_t009_12,random_high_minus_low,20261216,1.0,high_minus_low,interaction,0.05517505402603734
meta-llama/Llama-3.1-8B-Instruct,pb_t009_15,random_high_minus_low,20261216,1.0,high_minus_low,interaction,0.07065234523059358
meta-llama/Llama-3.1-8B-Instruct,pb_t009_17,random_high_minus_low,20261216,1.0,high_minus_low,interaction,0.08407820128433634
meta-llama/Llama-3.1-8B-Instruct,pb_t009_19,random_high_minus_low,20261216,1.0,high_minus_low,interaction,0.04959766462897463
meta-llama/Llama-3.1-8B-Instruct,pb_t010_09,random_high_minus_low,20261216,1.0,high_minus_low,interaction,0.08002510187855247
meta-llama/Llama-3.1-8B-Instruct,pb_t010_12,random_high_minus_low,20261216,1.0,high_minus_low,interaction,0.0664169912763305
meta-llama/Llama-3.1-8B-Instruct,pb_t010_17,random_high_minus_low,20261216,1.0,high_minus_low,interaction,0.08124030810944555
meta-llama/Llama-3.1-8B-Instruct,pb_t010_19,random_high_minus_low,20261216,1.0,high_minus_low,interaction,0.08656382585437968
meta-llama/Llama-3.1-8B-Instruct,pb_t010_20,random_high_minus_low,20261216,1.0,high_minus_low,interaction,0.06644062554088653
meta-llama/Llama-3.1-8B-Instruct,pb_t016_09,random_high_minus_low,20261216,1.0,high_minus_low,interaction,0.09805958974480035
meta-llama/Llama-3.1-8B-Instruct,pb_t016_10,random_high_minus_low,20261216,1.0,high_minus_low,interaction,0.07552837061021868
meta-llama/Llama-3.1-8B-Instruct,pb_t016_12,random_high_minus_low,20261216,1.0,high_minus_low,interaction,0.06495428679621341
meta-llama/Llama-3.1-8B-Instruct,pb_t016_17,random_high_minus_low,20261216,1.0,high_minus_low,interaction,0.06525467309974892
meta-llama/Llama-3.1-8B-Instruct,pb_t016_20,random_high_minus_low,20261216,1.0,high_minus_low,interaction,0.09041170830466587
meta-llama/Llama-3.1-8B-Instruct,pb_t018_08,random_high_minus_low,20261216,1.0,high_minus_low,interaction,0.0884101468471195
meta-llama/Llama-3.1-8B-Instruct,pb_t018_10,random_high_minus_low,20261216,1.0,high_minus_low,interaction,0.054154314927034264
meta-llama/Llama-3.1-8B-Instruct,pb_t018_11,random_high_minus_low,20261216,1.0,high_minus_low,interaction,0.07068098678493574
meta-llama/Llama-3.1-8B-Instruct,pb_t018_14,random_high_minus_low,20261216,1.0,high_minus_low,interaction,0.059403923001333826
meta-llama/Llama-3.1-8B-Instruct,pb_t018_18,random_high_minus_low,20261216,1.0,high_minus_low,interaction,0.08033011978552715
meta-llama/Llama-3.1-8B-Instruct,pb_t023_09,random_high_minus_low,20261216,1.0,high_minus_low,interaction,0.0473007439394693
meta-llama/Llama-3.1-8B-Instruct,pb_t023_12,random_high_minus_low,20261216,1.0,high_minus_low,interaction,0.06720652630367248
meta-llama/Llama-3.1-8B-Instruct,pb_t023_13,random_high_minus_low,20261216,1.0,high_minus_low,interaction,0.08276821590944058
meta-llama/Llama-3.1-8B-Instruct,pb_t023_17,random_high_minus_low,20261216,1.0,high_minus_low,interaction,0.06918545264203471
meta-llama/Llama-3.1-8B-Instruct,pb_t023_20,random_high_minus_low,20261216,1.0,high_minus_low,interaction,0.05315957091912768
meta-llama/Llama-3.1-8B-Instruct,pb_t029_07,random_high_minus_low,20261216,1.0,high_minus_low,interaction,0.06723280045930864
meta-llama/Llama-3.1-8B-Instruct,pb_t029_09,random_high_minus_low,20261216,1.0,high_minus_low,interaction,0.06283411147876697
meta-llama/Llama-3.1-8B-Instruct,pb_t029_10,random_high_minus_low,20261216,1.0,high_minus_low,interaction,0.0778752604566982
meta-llama/Llama-3.1-8B-Instruct,pb_t029_11,random_high_minus_low,20261216,1.0,high_minus_low,interaction,0.0800354753906556
meta-llama/Llama-3.1-8B-Instruct,pb_t029_12,random_high_minus_low,20261216,1.0,high_minus_low,interaction,0.07377698579460142
meta-llama/Llama-3.1-8B-Instruct,pb_t031_06,random_high_minus_low,20261216,1.0,high_minus_low,interaction,0.07833265171657103
meta-llama/Llama-3.1-8B-Instruct,pb_t031_09,random_high_minus_low,20261216,1.0,high_minus_low,interaction,0.06352931952574456
meta-llama/Llama-3.1-8B-Instruct,pb_t031_12,random_high_minus_low,20261216,1.0,high_minus_low,interaction,0.07501150392722278
meta-llama/Llama-3.1-8B-Instruct,pb_t031_13,random_high_minus_low,20261216,1.0,high_minus_low,interaction,0.057875478347662435
meta-llama/Llama-3.1-8B-Instruct,pb_t031_16,random_high_minus_low,20261216,1.0,high_minus_low,interaction,0.06845667437752904
meta-llama/Llama-3.1-8B-Instruct,pb_t032_08,random_high_minus_low,20261216,1.0,high_minus_low,interaction,0.05683808699211705
meta-llama/Llama-3.1-8B-Instruct,pb_t032_09,random_high_minus_low,20261216,1.0,high_minus_low,interaction,0.07774669191448036
meta-llama/Llama-3.1-8B-Instruct,pb_t032_13,random_high_minus_low,20261216,1.0,high_minus_low,interaction,0.035128750034697766
meta-llama/Llama-3.1-8B-Instruct,pb_t032_15,random_high_minus_low,20261216,1.0,high_minus_low,interaction,0.054881751337653835
meta-llama/Llama-3.1-8B-Instruct,pb_t032_16,random_high_minus_low,20261216,1.0,high_minus_low,interaction,0.054293162689735004
meta-llama/Llama-3.1-8B-Instruct,pb_t035_06,random_high_minus_low,20261216,1.0,high_minus_low,interaction,0.06773904358911047
meta-llama/Llama-3.1-8B-Instruct,pb_t035_13,random_high_minus_low,20261216,1.0,high_minus_low,interaction,0.053980635085552446
meta-llama/Llama-3.1-8B-Instruct,pb_t035_15,random_high_minus_low,20261216,1.0,high_minus_low,interaction,0.08896260364320756
meta-llama/Llama-3.1-8B-Instruct,pb_t035_20,random_high_minus_low,20261216,1.0,high_minus_low,interaction,0.07115306992438442
meta-llama/Llama-3.1-8B-Instruct,pb_t035_22,random_high_minus_low,20261216,1.0,high_minus_low,interaction,0.058052381997556315
meta-llama/Llama-3.1-8B-Instruct,pb_t040_08,random_high_minus_low,20261216,1.0,high_minus_low,interaction,0.08203007159467848
meta-llama/Llama-3.1-8B-Instruct,pb_t040_10,random_high_minus_low,20261216,1.0,high_minus_low,interaction,0.0662449900556049
meta-llama/Llama-3.1-8B-Instruct,pb_t040_13,random_high_minus_low,20261216,1.0,high_minus_low,interaction,0.04491564596193034
meta-llama/Llama-3.1-8B-Instruct,pb_t040_14,random_high_minus_low,20261216,1.0,high_minus_low,interaction,0.07900033135876125
meta-llama/Llama-3.1-8B-Instruct,pb_t040_15,random_high_minus_low,20261216,1.0,high_minus_low,interaction,0.07325380366151235
meta-llama/Llama-3.1-8B-Instruct,pb_t001_08,random_high_minus_low,20261217,1.0,high_minus_low,interaction,0.051273572680878926
meta-llama/Llama-3.1-8B-Instruct,pb_t001_10,random_high_minus_low,20261217,1.0,high_minus_low,interaction,0.02504114987070743
meta-llama/Llama-3.1-8B-Instruct,pb_t001_11,random_high_minus_low,20261217,1.0,high_minus_low,interaction,0.07702097965978305
meta-llama/Llama-3.1-8B-Instruct,pb_t001_12,random_high_minus_low,20261217,1.0,high_minus_low,interaction,0.038354213475642614
meta-llama/Llama-3.1-8B-Instruct,pb_t001_15,random_high_minus_low,20261217,1.0,high_minus_low,interaction,0.04634230117000828
meta-llama/Llama-3.1-8B-Instruct,pb_t002_08,random_high_minus_low,20261217,1.0,high_minus_low,interaction,0.053626790861137044
meta-llama/Llama-3.1-8B-Instruct,pb_t002_16,random_high_minus_low,20261217,1.0,high_minus_low,interaction,0.06422694491465737
meta-llama/Llama-3.1-8B-Instruct,pb_t002_17,random_high_minus_low,20261217,1.0,high_minus_low,interaction,0.07571178553664304
meta-llama/Llama-3.1-8B-Instruct,pb_t002_18,random_high_minus_low,20261217,1.0,high_minus_low,interaction,0.05061287556475254
meta-llama/Llama-3.1-8B-Instruct,pb_t002_20,random_high_minus_low,20261217,1.0,high_minus_low,interaction,0.02654582815435986
meta-llama/Llama-3.1-8B-Instruct,pb_t004_10,random_high_minus_low,20261217,1.0,high_minus_low,interaction,0.07659187093245953
meta-llama/Llama-3.1-8B-Instruct,pb_t004_11,random_high_minus_low,20261217,1.0,high_minus_low,interaction,0.05456776364100424
meta-llama/Llama-3.1-8B-Instruct,pb_t004_13,random_high_minus_low,20261217,1.0,high_minus_low,interaction,0.03796658648031297
meta-llama/Llama-3.1-8B-Instruct,pb_t004_17,random_high_minus_low,20261217,1.0,high_minus_low,interaction,0.023100123433256608
meta-llama/Llama-3.1-8B-Instruct,pb_t004_20,random_high_minus_low,20261217,1.0,high_minus_low,interaction,0.06236286683296167
meta-llama/Llama-3.1-8B-Instruct,pb_t006_09,random_high_minus_low,20261217,1.0,high_minus_low,interaction,0.058630358611904375
meta-llama/Llama-3.1-8B-Instruct,pb_t006_10,random_high_minus_low,20261217,1.0,high_minus_low,interaction,0.07530965771833197
meta-llama/Llama-3.1-8B-Instruct,pb_t006_12,random_high_minus_low,20261217,1.0,high_minus_low,interaction,0.04029224165288382
meta-llama/Llama-3.1-8B-Instruct,pb_t006_18,random_high_minus_low,20261217,1.0,high_minus_low,interaction,0.04152506270951371
meta-llama/Llama-3.1-8B-Instruct,pb_t006_19,random_high_minus_low,20261217,1.0,high_minus_low,interaction,0.033655826874983426
meta-llama/Llama-3.1-8B-Instruct,pb_t007_09,random_high_minus_low,20261217,1.0,high_minus_low,interaction,0.05204706067711366
meta-llama/Llama-3.1-8B-Instruct,pb_t007_10,random_high_minus_low,20261217,1.0,high_minus_low,interaction,0.03198337411097414
meta-llama/Llama-3.1-8B-Instruct,pb_t007_16,random_high_minus_low,20261217,1.0,high_minus_low,interaction,0.04892781255795363
meta-llama/Llama-3.1-8B-Instruct,pb_t007_17,random_high_minus_low,20261217,1.0,high_minus_low,interaction,0.047142243581339886
meta-llama/Llama-3.1-8B-Instruct,pb_t007_19,random_high_minus_low,20261217,1.0,high_minus_low,interaction,0.037534267108540645
meta-llama/Llama-3.1-8B-Instruct,pb_t008_09,random_high_minus_low,20261217,1.0,high_minus_low,interaction,0.07041350191716048
meta-llama/Llama-3.1-8B-Instruct,pb_t008_11,random_high_minus_low,20261217,1.0,high_minus_low,interaction,0.051919998060366845
meta-llama/Llama-3.1-8B-Instruct,pb_t008_16,random_high_minus_low,20261217,1.0,high_minus_low,interaction,0.03596669521510538
meta-llama/Llama-3.1-8B-Instruct,pb_t008_17,random_high_minus_low,20261217,1.0,high_minus_low,interaction,0.05014416358848384
meta-llama/Llama-3.1-8B-Instruct,pb_t008_20,random_high_minus_low,20261217,1.0,high_minus_low,interaction,0.04096858126144914
meta-llama/Llama-3.1-8B-Instruct,pb_t009_07,random_high_minus_low,20261217,1.0,high_minus_low,interaction,0.07489667796199696
meta-llama/Llama-3.1-8B-Instruct,pb_t009_12,random_high_minus_low,20261217,1.0,high_minus_low,interaction,0.027025865886226887
meta-llama/Llama-3.1-8B-Instruct,pb_t009_15,random_high_minus_low,20261217,1.0,high_minus_low,interaction,0.06336337055421898
meta-llama/Llama-3.1-8B-Instruct,pb_t009_17,random_high_minus_low,20261217,1.0,high_minus_low,interaction,0.03247976662002005
meta-llama/Llama-3.1-8B-Instruct,pb_t009_19,random_high_minus_low,20261217,1.0,high_minus_low,interaction,0.04745922609257892
meta-llama/Llama-3.1-8B-Instruct,pb_t010_09,random_high_minus_low,20261217,1.0,high_minus_low,interaction,0.023607000495555776
meta-llama/Llama-3.1-8B-Instruct,pb_t010_12,random_high_minus_low,20261217,1.0,high_minus_low,interaction,0.06507415677023537
meta-llama/Llama-3.1-8B-Instruct,pb_t010_17,random_high_minus_low,20261217,1.0,high_minus_low,interaction,0.045874271628117184
meta-llama/Llama-3.1-8B-Instruct,pb_t010_19,random_high_minus_low,20261217,1.0,high_minus_low,interaction,0.04427788663283061
meta-llama/Llama-3.1-8B-Instruct,pb_t010_20,random_high_minus_low,20261217,1.0,high_minus_low,interaction,0.058332446424116516
meta-llama/Llama-3.1-8B-Instruct,pb_t016_09,random_high_minus_low,20261217,1.0,high_minus_low,interaction,0.03556801152684544
meta-llama/Llama-3.1-8B-Instruct,pb_t016_10,random_high_minus_low,20261217,1.0,high_minus_low,interaction,0.028551241362227166
meta-llama/Llama-3.1-8B-Instruct,pb_t016_12,random_high_minus_low,20261217,1.0,high_minus_low,interaction,0.04174665269530855
meta-llama/Llama-3.1-8B-Instruct,pb_t016_17,random_high_minus_low,20261217,1.0,high_minus_low,interaction,0.03164182505684821
meta-llama/Llama-3.1-8B-Instruct,pb_t016_20,random_high_minus_low,20261217,1.0,high_minus_low,interaction,0.03844850131636732
meta-llama/Llama-3.1-8B-Instruct,pb_t018_08,random_high_minus_low,20261217,1.0,high_minus_low,interaction,0.02576432204360562
meta-llama/Llama-3.1-8B-Instruct,pb_t018_10,random_high_minus_low,20261217,1.0,high_minus_low,interaction,0.07569419586686905
meta-llama/Llama-3.1-8B-Instruct,pb_t018_11,random_high_minus_low,20261217,1.0,high_minus_low,interaction,0.02700564795255024
meta-llama/Llama-3.1-8B-Instruct,pb_t018_14,random_high_minus_low,20261217,1.0,high_minus_low,interaction,0.06302978005599423
meta-llama/Llama-3.1-8B-Instruct,pb_t018_18,random_high_minus_low,20261217,1.0,high_minus_low,interaction,0.048646388357181776
meta-llama/Llama-3.1-8B-Instruct,pb_t023_09,random_high_minus_low,20261217,1.0,high_minus_low,interaction,0.06222074021757027
meta-llama/Llama-3.1-8B-Instruct,pb_t023_12,random_high_minus_low,20261217,1.0,high_minus_low,interaction,0.034717367534328046
meta-llama/Llama-3.1-8B-Instruct,pb_t023_13,random_high_minus_low,20261217,1.0,high_minus_low,interaction,0.01708031855767068
meta-llama/Llama-3.1-8B-Instruct,pb_t023_17,random_high_minus_low,20261217,1.0,high_minus_low,interaction,0.07398207633800923
meta-llama/Llama-3.1-8B-Instruct,pb_t023_20,random_high_minus_low,20261217,1.0,high_minus_low,interaction,0.03809533462559744
meta-llama/Llama-3.1-8B-Instruct,pb_t029_07,random_high_minus_low,20261217,1.0,high_minus_low,interaction,0.06496095463195213
meta-llama/Llama-3.1-8B-Instruct,pb_t029_09,random_high_minus_low,20261217,1.0,high_minus_low,interaction,0.07223675947270301
meta-llama/Llama-3.1-8B-Instruct,pb_t029_10,random_high_minus_low,20261217,1.0,high_minus_low,interaction,0.06157855587003842
meta-llama/Llama-3.1-8B-Instruct,pb_t029_11,random_high_minus_low,20261217,1.0,high_minus_low,interaction,0.026680309747128105
meta-llama/Llama-3.1-8B-Instruct,pb_t029_12,random_high_minus_low,20261217,1.0,high_minus_low,interaction,0.03642784960087493
meta-llama/Llama-3.1-8B-Instruct,pb_t031_06,random_high_minus_low,20261217,1.0,high_minus_low,interaction,0.036796019289435086
meta-llama/Llama-3.1-8B-Instruct,pb_t031_09,random_high_minus_low,20261217,1.0,high_minus_low,interaction,0.05859747198463234
meta-llama/Llama-3.1-8B-Instruct,pb_t031_12,random_high_minus_low,20261217,1.0,high_minus_low,interaction,0.04593142833263525
meta-llama/Llama-3.1-8B-Instruct,pb_t031_13,random_high_minus_low,20261217,1.0,high_minus_low,interaction,0.026526223524867356
meta-llama/Llama-3.1-8B-Instruct,pb_t031_16,random_high_minus_low,20261217,1.0,high_minus_low,interaction,0.047121707343362206
meta-llama/Llama-3.1-8B-Instruct,pb_t032_08,random_high_minus_low,20261217,1.0,high_minus_low,interaction,0.05858827671677384
meta-llama/Llama-3.1-8B-Instruct,pb_t032_09,random_high_minus_low,20261217,1.0,high_minus_low,interaction,0.03535471646232667
meta-llama/Llama-3.1-8B-Instruct,pb_t032_13,random_high_minus_low,20261217,1.0,high_minus_low,interaction,0.03663262051324353
meta-llama/Llama-3.1-8B-Instruct,pb_t032_15,random_high_minus_low,20261217,1.0,high_minus_low,interaction,0.010246518718516777
meta-llama/Llama-3.1-8B-Instruct,pb_t032_16,random_high_minus_low,20261217,1.0,high_minus_low,interaction,0.06797870902155254
meta-llama/Llama-3.1-8B-Instruct,pb_t035_06,random_high_minus_low,20261217,1.0,high_minus_low,interaction,0.02478345541147791
meta-llama/Llama-3.1-8B-Instruct,pb_t035_13,random_high_minus_low,20261217,1.0,high_minus_low,interaction,0.02542545089975991
meta-llama/Llama-3.1-8B-Instruct,pb_t035_15,random_high_minus_low,20261217,1.0,high_minus_low,interaction,0.03842737503528251
meta-llama/Llama-3.1-8B-Instruct,pb_t035_20,random_high_minus_low,20261217,1.0,high_minus_low,interaction,0.04997730472188257
meta-llama/Llama-3.1-8B-Instruct,pb_t035_22,random_high_minus_low,20261217,1.0,high_minus_low,interaction,0.06882266257369635
meta-llama/Llama-3.1-8B-Instruct,pb_t040_08,random_high_minus_low,20261217,1.0,high_minus_low,interaction,0.050073609186096366
meta-llama/Llama-3.1-8B-Instruct,pb_t040_10,random_high_minus_low,20261217,1.0,high_minus_low,interaction,0.03862085991206461
meta-llama/Llama-3.1-8B-Instruct,pb_t040_13,random_high_minus_low,20261217,1.0,high_minus_low,interaction,0.02517794223704182
meta-llama/Llama-3.1-8B-Instruct,pb_t040_14,random_high_minus_low,20261217,1.0,high_minus_low,interaction,0.021321833647399025
meta-llama/Llama-3.1-8B-Instruct,pb_t040_15,random_high_minus_low,20261217,1.0,high_minus_low,interaction,0.06432614486524879
meta-llama/Llama-3.1-8B-Instruct,pb_t001_08,random_high_minus_low,20261218,1.0,high_minus_low,interaction,0.03562563704829658
meta-llama/Llama-3.1-8B-Instruct,pb_t001_10,random_high_minus_low,20261218,1.0,high_minus_low,interaction,0.02137390080235955
meta-llama/Llama-3.1-8B-Instruct,pb_t001_11,random_high_minus_low,20261218,1.0,high_minus_low,interaction,0.012566612845118588
meta-llama/Llama-3.1-8B-Instruct,pb_t001_12,random_high_minus_low,20261218,1.0,high_minus_low,interaction,0.020904764111678978
meta-llama/Llama-3.1-8B-Instruct,pb_t001_15,random_high_minus_low,20261218,1.0,high_minus_low,interaction,0.015540288232830123
meta-llama/Llama-3.1-8B-Instruct,pb_t002_08,random_high_minus_low,20261218,1.0,high_minus_low,interaction,0.034673915096590686
meta-llama/Llama-3.1-8B-Instruct,pb_t002_16,random_high_minus_low,20261218,1.0,high_minus_low,interaction,0.03381290226761374
meta-llama/Llama-3.1-8B-Instruct,pb_t002_17,random_high_minus_low,20261218,1.0,high_minus_low,interaction,0.02438197819281235
meta-llama/Llama-3.1-8B-Instruct,pb_t002_18,random_high_minus_low,20261218,1.0,high_minus_low,interaction,0.0366875271936473
meta-llama/Llama-3.1-8B-Instruct,pb_t002_20,random_high_minus_low,20261218,1.0,high_minus_low,interaction,0.02253894400769341
meta-llama/Llama-3.1-8B-Instruct,pb_t004_10,random_high_minus_low,20261218,1.0,high_minus_low,interaction,0.029408597607462117
meta-llama/Llama-3.1-8B-Instruct,pb_t004_11,random_high_minus_low,20261218,1.0,high_minus_low,interaction,0.03656231807825101
meta-llama/Llama-3.1-8B-Instruct,pb_t004_13,random_high_minus_low,20261218,1.0,high_minus_low,interaction,0.016601472695514506
meta-llama/Llama-3.1-8B-Instruct,pb_t004_17,random_high_minus_low,20261218,1.0,high_minus_low,interaction,0.033749956207659616
meta-llama/Llama-3.1-8B-Instruct,pb_t004_20,random_high_minus_low,20261218,1.0,high_minus_low,interaction,0.018154016322873733
meta-llama/Llama-3.1-8B-Instruct,pb_t006_09,random_high_minus_low,20261218,1.0,high_minus_low,interaction,0.01783517873331251
meta-llama/Llama-3.1-8B-Instruct,pb_t006_10,random_high_minus_low,20261218,1.0,high_minus_low,interaction,0.012773825061278965
meta-llama/Llama-3.1-8B-Instruct,pb_t006_12,random_high_minus_low,20261218,1.0,high_minus_low,interaction,0.028961848208981848
meta-llama/Llama-3.1-8B-Instruct,pb_t006_18,random_high_minus_low,20261218,1.0,high_minus_low,interaction,0.007835866497595236
meta-llama/Llama-3.1-8B-Instruct,pb_t006_19,random_high_minus_low,20261218,1.0,high_minus_low,interaction,0.03655315925231098
meta-llama/Llama-3.1-8B-Instruct,pb_t007_09,random_high_minus_low,20261218,1.0,high_minus_low,interaction,0.035243063442862106
meta-llama/Llama-3.1-8B-Instruct,pb_t007_10,random_high_minus_low,20261218,1.0,high_minus_low,interaction,0.026953280848261357
meta-llama/Llama-3.1-8B-Instruct,pb_t007_16,random_high_minus_low,20261218,1.0,high_minus_low,interaction,0.022140356853024297
meta-llama/Llama-3.1-8B-Instruct,pb_t007_17,random_high_minus_low,20261218,1.0,high_minus_low,interaction,0.01267780044167139
meta-llama/Llama-3.1-8B-Instruct,pb_t007_19,random_high_minus_low,20261218,1.0,high_minus_low,interaction,0.023929923411690365
meta-llama/Llama-3.1-8B-Instruct,pb_t008_09,random_high_minus_low,20261218,1.0,high_minus_low,interaction,0.012954994971454137
meta-llama/Llama-3.1-8B-Instruct,pb_t008_11,random_high_minus_low,20261218,1.0,high_minus_low,interaction,0.026836152516702922
meta-llama/Llama-3.1-8B-Instruct,pb_t008_16,random_high_minus_low,20261218,1.0,high_minus_low,interaction,0.036622018666844336
meta-llama/Llama-3.1-8B-Instruct,pb_t008_17,random_high_minus_low,20261218,1.0,high_minus_low,interaction,0.002964176694651312
meta-llama/Llama-3.1-8B-Instruct,pb_t008_20,random_high_minus_low,20261218,1.0,high_minus_low,interaction,0.017045308173299745
meta-llama/Llama-3.1-8B-Instruct,pb_t009_07,random_high_minus_low,20261218,1.0,high_minus_low,interaction,0.016529235475720685
meta-llama/Llama-3.1-8B-Instruct,pb_t009_12,random_high_minus_low,20261218,1.0,high_minus_low,interaction,0.03712941289594362
meta-llama/Llama-3.1-8B-Instruct,pb_t009_15,random_high_minus_low,20261218,1.0,high_minus_low,interaction,0.022351319216282157
meta-llama/Llama-3.1-8B-Instruct,pb_t009_17,random_high_minus_low,20261218,1.0,high_minus_low,interaction,0.020639428729534302
meta-llama/Llama-3.1-8B-Instruct,pb_t009_19,random_high_minus_low,20261218,1.0,high_minus_low,interaction,0.02785263317623705
meta-llama/Llama-3.1-8B-Instruct,pb_t010_09,random_high_minus_low,20261218,1.0,high_minus_low,interaction,0.041428945891346415
meta-llama/Llama-3.1-8B-Instruct,pb_t010_12,random_high_minus_low,20261218,1.0,high_minus_low,interaction,0.03395814051582624
meta-llama/Llama-3.1-8B-Instruct,pb_t010_17,random_high_minus_low,20261218,1.0,high_minus_low,interaction,0.01977181484846837
meta-llama/Llama-3.1-8B-Instruct,pb_t010_19,random_high_minus_low,20261218,1.0,high_minus_low,interaction,0.014238879082877602
meta-llama/Llama-3.1-8B-Instruct,pb_t010_20,random_high_minus_low,20261218,1.0,high_minus_low,interaction,0.034787843139923176
meta-llama/Llama-3.1-8B-Instruct,pb_t016_09,random_high_minus_low,20261218,1.0,high_minus_low,interaction,0.0063460209319319595
meta-llama/Llama-3.1-8B-Instruct,pb_t016_10,random_high_minus_low,20261218,1.0,high_minus_low,interaction,0.03755033863153261
meta-llama/Llama-3.1-8B-Instruct,pb_t016_12,random_high_minus_low,20261218,1.0,high_minus_low,interaction,0.021744595364235033
meta-llama/Llama-3.1-8B-Instruct,pb_t016_17,random_high_minus_low,20261218,1.0,high_minus_low,interaction,0.043373589096877344
meta-llama/Llama-3.1-8B-Instruct,pb_t016_20,random_high_minus_low,20261218,1.0,high_minus_low,interaction,0.01958499872113538
meta-llama/Llama-3.1-8B-Instruct,pb_t018_08,random_high_minus_low,20261218,1.0,high_minus_low,interaction,0.030626921408069874
meta-llama/Llama-3.1-8B-Instruct,pb_t018_10,random_high_minus_low,20261218,1.0,high_minus_low,interaction,0.02729358909374583
meta-llama/Llama-3.1-8B-Instruct,pb_t018_11,random_high_minus_low,20261218,1.0,high_minus_low,interaction,0.041227144105395956
meta-llama/Llama-3.1-8B-Instruct,pb_t018_14,random_high_minus_low,20261218,1.0,high_minus_low,interaction,0.020449299642405917
meta-llama/Llama-3.1-8B-Instruct,pb_t018_18,random_high_minus_low,20261218,1.0,high_minus_low,interaction,0.009163596524096883
meta-llama/Llama-3.1-8B-Instruct,pb_t023_09,random_high_minus_low,20261218,1.0,high_minus_low,interaction,0.023381633992659377
meta-llama/Llama-3.1-8B-Instruct,pb_t023_12,random_high_minus_low,20261218,1.0,high_minus_low,interaction,0.030626416904172497
meta-llama/Llama-3.1-8B-Instruct,pb_t023_13,random_high_minus_low,20261218,1.0,high_minus_low,interaction,0.0288980916976917
meta-llama/Llama-3.1-8B-Instruct,pb_t023_17,random_high_minus_low,20261218,1.0,high_minus_low,interaction,0.018938780890153866
meta-llama/Llama-3.1-8B-Instruct,pb_t023_20,random_high_minus_low,20261218,1.0,high_minus_low,interaction,0.02665309795092754
meta-llama/Llama-3.1-8B-Instruct,pb_t029_07,random_high_minus_low,20261218,1.0,high_minus_low,interaction,0.017775388634179504
meta-llama/Llama-3.1-8B-Instruct,pb_t029_09,random_high_minus_low,20261218,1.0,high_minus_low,interaction,0.021383347263021543
meta-llama/Llama-3.1-8B-Instruct,pb_t029_10,random_high_minus_low,20261218,1.0,high_minus_low,interaction,0.028157768463318557
meta-llama/Llama-3.1-8B-Instruct,pb_t029_11,random_high_minus_low,20261218,1.0,high_minus_low,interaction,0.045389665614755756
meta-llama/Llama-3.1-8B-Instruct,pb_t029_12,random_high_minus_low,20261218,1.0,high_minus_low,interaction,0.015316073514466738
meta-llama/Llama-3.1-8B-Instruct,pb_t031_06,random_high_minus_low,20261218,1.0,high_minus_low,interaction,0.013776424008305692
meta-llama/Llama-3.1-8B-Instruct,pb_t031_09,random_high_minus_low,20261218,1.0,high_minus_low,interaction,0.03117717146022978
meta-llama/Llama-3.1-8B-Instruct,pb_t031_12,random_high_minus_low,20261218,1.0,high_minus_low,interaction,0.0364090974076451
meta-llama/Llama-3.1-8B-Instruct,pb_t031_13,random_high_minus_low,20261218,1.0,high_minus_low,interaction,0.03054466350023765
meta-llama/Llama-3.1-8B-Instruct,pb_t031_16,random_high_minus_low,20261218,1.0,high_minus_low,interaction,0.05661386508906153
meta-llama/Llama-3.1-8B-Instruct,pb_t032_08,random_high_minus_low,20261218,1.0,high_minus_low,interaction,0.02280586287005273
meta-llama/Llama-3.1-8B-Instruct,pb_t032_09,random_high_minus_low,20261218,1.0,high_minus_low,interaction,0.01635482098312838
meta-llama/Llama-3.1-8B-Instruct,pb_t032_13,random_high_minus_low,20261218,1.0,high_minus_low,interaction,0.02111383119697477
meta-llama/Llama-3.1-8B-Instruct,pb_t032_15,random_high_minus_low,20261218,1.0,high_minus_low,interaction,0.023578780034629213
meta-llama/Llama-3.1-8B-Instruct,pb_t032_16,random_high_minus_low,20261218,1.0,high_minus_low,interaction,0.012223608772691262
meta-llama/Llama-3.1-8B-Instruct,pb_t035_06,random_high_minus_low,20261218,1.0,high_minus_low,interaction,0.04877543811489541
meta-llama/Llama-3.1-8B-Instruct,pb_t035_13,random_high_minus_low,20261218,1.0,high_minus_low,interaction,0.03576588727847384
meta-llama/Llama-3.1-8B-Instruct,pb_t035_15,random_high_minus_low,20261218,1.0,high_minus_low,interaction,0.023110976436705066
meta-llama/Llama-3.1-8B-Instruct,pb_t035_20,random_high_minus_low,20261218,1.0,high_minus_low,interaction,0.02937821311735447
meta-llama/Llama-3.1-8B-Instruct,pb_t035_22,random_high_minus_low,20261218,1.0,high_minus_low,interaction,0.018365211585611677
meta-llama/Llama-3.1-8B-Instruct,pb_t040_08,random_high_minus_low,20261218,1.0,high_minus_low,interaction,0.019133655357093233
meta-llama/Llama-3.1-8B-Instruct,pb_t040_10,random_high_minus_low,20261218,1.0,high_minus_low,interaction,0.02465933841375709
meta-llama/Llama-3.1-8B-Instruct,pb_t040_13,random_high_minus_low,20261218,1.0,high_minus_low,interaction,0.03625576919078012
meta-llama/Llama-3.1-8B-Instruct,pb_t040_14,random_high_minus_low,20261218,1.0,high_minus_low,interaction,0.037434557237362345
meta-llama/Llama-3.1-8B-Instruct,pb_t040_15,random_high_minus_low,20261218,1.0,high_minus_low,interaction,0.017674287553191517
meta-llama/Llama-3.1-8B-Instruct,pb_t001_08,random_high_minus_low,20261219,1.0,high_minus_low,interaction,0.005292350873490236
meta-llama/Llama-3.1-8B-Instruct,pb_t001_10,random_high_minus_low,20261219,1.0,high_minus_low,interaction,0.004677646789927893
meta-llama/Llama-3.1-8B-Instruct,pb_t001_11,random_high_minus_low,20261219,1.0,high_minus_low,interaction,0.01768416327604997
meta-llama/Llama-3.1-8B-Instruct,pb_t001_12,random_high_minus_low,20261219,1.0,high_minus_low,interaction,0.02743316447619448
meta-llama/Llama-3.1-8B-Instruct,pb_t001_15,random_high_minus_low,20261219,1.0,high_minus_low,interaction,-0.02306546841581947
meta-llama/Llama-3.1-8B-Instruct,pb_t002_08,random_high_minus_low,20261219,1.0,high_minus_low,interaction,0.009360492406788047
meta-llama/Llama-3.1-8B-Instruct,pb_t002_16,random_high_minus_low,20261219,1.0,high_minus_low,interaction,0.024074417045415977
meta-llama/Llama-3.1-8B-Instruct,pb_t002_17,random_high_minus_low,20261219,1.0,high_minus_low,interaction,-0.005929074604310396
meta-llama/Llama-3.1-8B-Instruct,pb_t002_18,random_high_minus_low,20261219,1.0,high_minus_low,interaction,0.0024548278574552003
meta-llama/Llama-3.1-8B-Instruct,pb_t002_20,random_high_minus_low,20261219,1.0,high_minus_low,interaction,0.003284194386831345
meta-llama/Llama-3.1-8B-Instruct,pb_t004_10,random_high_minus_low,20261219,1.0,high_minus_low,interaction,0.020501946562156127
meta-llama/Llama-3.1-8B-Instruct,pb_t004_11,random_high_minus_low,20261219,1.0,high_minus_low,interaction,0.013060160352612142
meta-llama/Llama-3.1-8B-Instruct,pb_t004_13,random_high_minus_low,20261219,1.0,high_minus_low,interaction,0.022243619727654314
meta-llama/Llama-3.1-8B-Instruct,pb_t004_17,random_high_minus_low,20261219,1.0,high_minus_low,interaction,0.002109892767943799
meta-llama/Llama-3.1-8B-Instruct,pb_t004_20,random_high_minus_low,20261219,1.0,high_minus_low,interaction,0.012075395923981642
meta-llama/Llama-3.1-8B-Instruct,pb_t006_09,random_high_minus_low,20261219,1.0,high_minus_low,interaction,0.0027626395567679333
meta-llama/Llama-3.1-8B-Instruct,pb_t006_10,random_high_minus_low,20261219,1.0,high_minus_low,interaction,-0.014223852375444372
meta-llama/Llama-3.1-8B-Instruct,pb_t006_12,random_high_minus_low,20261219,1.0,high_minus_low,interaction,0.0053014259660847905
meta-llama/Llama-3.1-8B-Instruct,pb_t006_18,random_high_minus_low,20261219,1.0,high_minus_low,interaction,0.01983103167924921
meta-llama/Llama-3.1-8B-Instruct,pb_t006_19,random_high_minus_low,20261219,1.0,high_minus_low,interaction,-0.004578912862765425
meta-llama/Llama-3.1-8B-Instruct,pb_t007_09,random_high_minus_low,20261219,1.0,high_minus_low,interaction,0.014875942366317766
meta-llama/Llama-3.1-8B-Instruct,pb_t007_10,random_high_minus_low,20261219,1.0,high_minus_low,interaction,0.005402724846967741
meta-llama/Llama-3.1-8B-Instruct,pb_t007_16,random_high_minus_low,20261219,1.0,high_minus_low,interaction,-0.00981297713799341
meta-llama/Llama-3.1-8B-Instruct,pb_t007_17,random_high_minus_low,20261219,1.0,high_minus_low,interaction,-0.007035511769328346
meta-llama/Llama-3.1-8B-Instruct,pb_t007_19,random_high_minus_low,20261219,1.0,high_minus_low,interaction,-0.003815310912121097
meta-llama/Llama-3.1-8B-Instruct,pb_t008_09,random_high_minus_low,20261219,1.0,high_minus_low,interaction,0.008836051690074587
meta-llama/Llama-3.1-8B-Instruct,pb_t008_11,random_high_minus_low,20261219,1.0,high_minus_low,interaction,0.0002598315931994268
meta-llama/Llama-3.1-8B-Instruct,pb_t008_16,random_high_minus_low,20261219,1.0,high_minus_low,interaction,-0.005243418056722999
meta-llama/Llama-3.1-8B-Instruct,pb_t008_17,random_high_minus_low,20261219,1.0,high_minus_low,interaction,-0.014152574316502844
meta-llama/Llama-3.1-8B-Instruct,pb_t008_20,random_high_minus_low,20261219,1.0,high_minus_low,interaction,0.025564112808175245
meta-llama/Llama-3.1-8B-Instruct,pb_t009_07,random_high_minus_low,20261219,1.0,high_minus_low,interaction,-0.005276215855690615
meta-llama/Llama-3.1-8B-Instruct,pb_t009_12,random_high_minus_low,20261219,1.0,high_minus_low,interaction,0.0016388235857858623
meta-llama/Llama-3.1-8B-Instruct,pb_t009_15,random_high_minus_low,20261219,1.0,high_minus_low,interaction,0.0041955500720235765
meta-llama/Llama-3.1-8B-Instruct,pb_t009_17,random_high_minus_low,20261219,1.0,high_minus_low,interaction,0.010256015513493763
meta-llama/Llama-3.1-8B-Instruct,pb_t009_19,random_high_minus_low,20261219,1.0,high_minus_low,interaction,0.012868980571415646
meta-llama/Llama-3.1-8B-Instruct,pb_t010_09,random_high_minus_low,20261219,1.0,high_minus_low,interaction,0.001166611797328529
meta-llama/Llama-3.1-8B-Instruct,pb_t010_12,random_high_minus_low,20261219,1.0,high_minus_low,interaction,0.020667489487564267
meta-llama/Llama-3.1-8B-Instruct,pb_t010_17,random_high_minus_low,20261219,1.0,high_minus_low,interaction,-0.021174044268203216
meta-llama/Llama-3.1-8B-Instruct,pb_t010_19,random_high_minus_low,20261219,1.0,high_minus_low,interaction,0.006352833787508978
meta-llama/Llama-3.1-8B-Instruct,pb_t010_20,random_high_minus_low,20261219,1.0,high_minus_low,interaction,0.008751416966939846
meta-llama/Llama-3.1-8B-Instruct,pb_t016_09,random_high_minus_low,20261219,1.0,high_minus_low,interaction,0.015405463443478474
meta-llama/Llama-3.1-8B-Instruct,pb_t016_10,random_high_minus_low,20261219,1.0,high_minus_low,interaction,0.009267735310271663
meta-llama/Llama-3.1-8B-Instruct,pb_t016_12,random_high_minus_low,20261219,1.0,high_minus_low,interaction,-0.004651536163136965
meta-llama/Llama-3.1-8B-Instruct,pb_t016_17,random_high_minus_low,20261219,1.0,high_minus_low,interaction,-0.026878376177320595
meta-llama/Llama-3.1-8B-Instruct,pb_t016_20,random_high_minus_low,20261219,1.0,high_minus_low,interaction,0.01729169623959404
meta-llama/Llama-3.1-8B-Instruct,pb_t018_08,random_high_minus_low,20261219,1.0,high_minus_low,interaction,0.0078359384900847
meta-llama/Llama-3.1-8B-Instruct,pb_t018_10,random_high_minus_low,20261219,1.0,high_minus_low,interaction,0.012024755725186192
meta-llama/Llama-3.1-8B-Instruct,pb_t018_11,random_high_minus_low,20261219,1.0,high_minus_low,interaction,0.013662809062580395
meta-llama/Llama-3.1-8B-Instruct,pb_t018_14,random_high_minus_low,20261219,1.0,high_minus_low,interaction,-0.0045126766988962015
meta-llama/Llama-3.1-8B-Instruct,pb_t018_18,random_high_minus_low,20261219,1.0,high_minus_low,interaction,0.0008188316578779361
meta-llama/Llama-3.1-8B-Instruct,pb_t023_09,random_high_minus_low,20261219,1.0,high_minus_low,interaction,-0.0005116186375662461
meta-llama/Llama-3.1-8B-Instruct,pb_t023_12,random_high_minus_low,20261219,1.0,high_minus_low,interaction,0.017932722103465592
meta-llama/Llama-3.1-8B-Instruct,pb_t023_13,random_high_minus_low,20261219,1.0,high_minus_low,interaction,-0.0015165698956976434
meta-llama/Llama-3.1-8B-Instruct,pb_t023_17,random_high_minus_low,20261219,1.0,high_minus_low,interaction,0.011390740392553039
meta-llama/Llama-3.1-8B-Instruct,pb_t023_20,random_high_minus_low,20261219,1.0,high_minus_low,interaction,0.005775111908791363
meta-llama/Llama-3.1-8B-Instruct,pb_t029_07,random_high_minus_low,20261219,1.0,high_minus_low,interaction,0.0009176141230390459
meta-llama/Llama-3.1-8B-Instruct,pb_t029_09,random_high_minus_low,20261219,1.0,high_minus_low,interaction,-0.0006799037737299451
meta-llama/Llama-3.1-8B-Instruct,pb_t029_10,random_high_minus_low,20261219,1.0,high_minus_low,interaction,0.02793994735297104
meta-llama/Llama-3.1-8B-Instruct,pb_t029_11,random_high_minus_low,20261219,1.0,high_minus_low,interaction,0.007152009045774693
meta-llama/Llama-3.1-8B-Instruct,pb_t029_12,random_high_minus_low,20261219,1.0,high_minus_low,interaction,0.01456387685600004
meta-llama/Llama-3.1-8B-Instruct,pb_t031_06,random_high_minus_low,20261219,1.0,high_minus_low,interaction,0.0231867748043432
meta-llama/Llama-3.1-8B-Instruct,pb_t031_09,random_high_minus_low,20261219,1.0,high_minus_low,interaction,0.021991364624671886
meta-llama/Llama-3.1-8B-Instruct,pb_t031_12,random_high_minus_low,20261219,1.0,high_minus_low,interaction,0.011649878252232782
meta-llama/Llama-3.1-8B-Instruct,pb_t031_13,random_high_minus_low,20261219,1.0,high_minus_low,interaction,-0.0004142644862178595
meta-llama/Llama-3.1-8B-Instruct,pb_t031_16,random_high_minus_low,20261219,1.0,high_minus_low,interaction,-0.0036321198670456675
meta-llama/Llama-3.1-8B-Instruct,pb_t032_08,random_high_minus_low,20261219,1.0,high_minus_low,interaction,0.025992201330896785
meta-llama/Llama-3.1-8B-Instruct,pb_t032_09,random_high_minus_low,20261219,1.0,high_minus_low,interaction,0.024652379092055143
meta-llama/Llama-3.1-8B-Instruct,pb_t032_13,random_high_minus_low,20261219,1.0,high_minus_low,interaction,-0.0036641102542495497
meta-llama/Llama-3.1-8B-Instruct,pb_t032_15,random_high_minus_low,20261219,1.0,high_minus_low,interaction,-0.008452002778512638
meta-llama/Llama-3.1-8B-Instruct,pb_t032_16,random_high_minus_low,20261219,1.0,high_minus_low,interaction,0.013772393543620158
meta-llama/Llama-3.1-8B-Instruct,pb_t035_06,random_high_minus_low,20261219,1.0,high_minus_low,interaction,0.0008341416638231401
meta-llama/Llama-3.1-8B-Instruct,pb_t035_13,random_high_minus_low,20261219,1.0,high_minus_low,interaction,-0.0016148413482745861
meta-llama/Llama-3.1-8B-Instruct,pb_t035_15,random_high_minus_low,20261219,1.0,high_minus_low,interaction,0.016346937701369794
meta-llama/Llama-3.1-8B-Instruct,pb_t035_20,random_high_minus_low,20261219,1.0,high_minus_low,interaction,0.01568184243634471
meta-llama/Llama-3.1-8B-Instruct,pb_t035_22,random_high_minus_low,20261219,1.0,high_minus_low,interaction,0.008208965002657373
meta-llama/Llama-3.1-8B-Instruct,pb_t040_08,random_high_minus_low,20261219,1.0,high_minus_low,interaction,0.026951488727056265
meta-llama/Llama-3.1-8B-Instruct,pb_t040_10,random_high_minus_low,20261219,1.0,high_minus_low,interaction,0.01565164018204443
meta-llama/Llama-3.1-8B-Instruct,pb_t040_13,random_high_minus_low,20261219,1.0,high_minus_low,interaction,-0.012428799538095028
meta-llama/Llama-3.1-8B-Instruct,pb_t040_14,random_high_minus_low,20261219,1.0,high_minus_low,interaction,0.0075517254315710484
meta-llama/Llama-3.1-8B-Instruct,pb_t040_15,random_high_minus_low,20261219,1.0,high_minus_low,interaction,0.007543125660948849
meta-llama/Llama-3.1-8B-Instruct,pb_t001_08,random_high_minus_low,20261220,1.0,high_minus_low,interaction,0.05459722754495205
meta-llama/Llama-3.1-8B-Instruct,pb_t001_10,random_high_minus_low,20261220,1.0,high_minus_low,interaction,0.07715594614589788
meta-llama/Llama-3.1-8B-Instruct,pb_t001_11,random_high_minus_low,20261220,1.0,high_minus_low,interaction,0.03679232804572775
meta-llama/Llama-3.1-8B-Instruct,pb_t001_12,random_high_minus_low,20261220,1.0,high_minus_low,interaction,0.046716634343627356
meta-llama/Llama-3.1-8B-Instruct,pb_t001_15,random_high_minus_low,20261220,1.0,high_minus_low,interaction,0.06627746210089439
meta-llama/Llama-3.1-8B-Instruct,pb_t002_08,random_high_minus_low,20261220,1.0,high_minus_low,interaction,0.03915322899407892
meta-llama/Llama-3.1-8B-Instruct,pb_t002_16,random_high_minus_low,20261220,1.0,high_minus_low,interaction,0.04908496879898195
meta-llama/Llama-3.1-8B-Instruct,pb_t002_17,random_high_minus_low,20261220,1.0,high_minus_low,interaction,0.060804362646378625
meta-llama/Llama-3.1-8B-Instruct,pb_t002_18,random_high_minus_low,20261220,1.0,high_minus_low,interaction,0.060975179577796315
meta-llama/Llama-3.1-8B-Instruct,pb_t002_20,random_high_minus_low,20261220,1.0,high_minus_low,interaction,0.07182466177299997
meta-llama/Llama-3.1-8B-Instruct,pb_t004_10,random_high_minus_low,20261220,1.0,high_minus_low,interaction,0.06017215140973428
meta-llama/Llama-3.1-8B-Instruct,pb_t004_11,random_high_minus_low,20261220,1.0,high_minus_low,interaction,0.07443293146305623
meta-llama/Llama-3.1-8B-Instruct,pb_t004_13,random_high_minus_low,20261220,1.0,high_minus_low,interaction,0.06097407294087313
meta-llama/Llama-3.1-8B-Instruct,pb_t004_17,random_high_minus_low,20261220,1.0,high_minus_low,interaction,0.07613549391735684
meta-llama/Llama-3.1-8B-Instruct,pb_t004_20,random_high_minus_low,20261220,1.0,high_minus_low,interaction,0.06251047146212409
meta-llama/Llama-3.1-8B-Instruct,pb_t006_09,random_high_minus_low,20261220,1.0,high_minus_low,interaction,0.051625916349472646
meta-llama/Llama-3.1-8B-Instruct,pb_t006_10,random_high_minus_low,20261220,1.0,high_minus_low,interaction,0.0777188168472447
meta-llama/Llama-3.1-8B-Instruct,pb_t006_12,random_high_minus_low,20261220,1.0,high_minus_low,interaction,0.07805778057096142
meta-llama/Llama-3.1-8B-Instruct,pb_t006_18,random_high_minus_low,20261220,1.0,high_minus_low,interaction,0.037288804604488184
meta-llama/Llama-3.1-8B-Instruct,pb_t006_19,random_high_minus_low,20261220,1.0,high_minus_low,interaction,0.0649817747661764
meta-llama/Llama-3.1-8B-Instruct,pb_t007_09,random_high_minus_low,20261220,1.0,high_minus_low,interaction,0.039762847035765644
meta-llama/Llama-3.1-8B-Instruct,pb_t007_10,random_high_minus_low,20261220,1.0,high_minus_low,interaction,0.06290230117016513
meta-llama/Llama-3.1-8B-Instruct,pb_t007_16,random_high_minus_low,20261220,1.0,high_minus_low,interaction,0.06535002509257612
meta-llama/Llama-3.1-8B-Instruct,pb_t007_17,random_high_minus_low,20261220,1.0,high_minus_low,interaction,0.05047502645703054
meta-llama/Llama-3.1-8B-Instruct,pb_t007_19,random_high_minus_low,20261220,1.0,high_minus_low,interaction,0.06838378736283889
meta-llama/Llama-3.1-8B-Instruct,pb_t008_09,random_high_minus_low,20261220,1.0,high_minus_low,interaction,0.05861253919763376
meta-llama/Llama-3.1-8B-Instruct,pb_t008_11,random_high_minus_low,20261220,1.0,high_minus_low,interaction,0.06094968148758739
meta-llama/Llama-3.1-8B-Instruct,pb_t008_16,random_high_minus_low,20261220,1.0,high_minus_low,interaction,0.0664203511055876
meta-llama/Llama-3.1-8B-Instruct,pb_t008_17,random_high_minus_low,20261220,1.0,high_minus_low,interaction,0.056534724198773444
meta-llama/Llama-3.1-8B-Instruct,pb_t008_20,random_high_minus_low,20261220,1.0,high_minus_low,interaction,0.051127660818960426
meta-llama/Llama-3.1-8B-Instruct,pb_t009_07,random_high_minus_low,20261220,1.0,high_minus_low,interaction,0.07429063137058572
meta-llama/Llama-3.1-8B-Instruct,pb_t009_12,random_high_minus_low,20261220,1.0,high_minus_low,interaction,0.08303512848573749
meta-llama/Llama-3.1-8B-Instruct,pb_t009_15,random_high_minus_low,20261220,1.0,high_minus_low,interaction,0.05842006362665476
meta-llama/Llama-3.1-8B-Instruct,pb_t009_17,random_high_minus_low,20261220,1.0,high_minus_low,interaction,0.06200630907862799
meta-llama/Llama-3.1-8B-Instruct,pb_t009_19,random_high_minus_low,20261220,1.0,high_minus_low,interaction,0.05731481322396165
meta-llama/Llama-3.1-8B-Instruct,pb_t010_09,random_high_minus_low,20261220,1.0,high_minus_low,interaction,0.07281153556275587
meta-llama/Llama-3.1-8B-Instruct,pb_t010_12,random_high_minus_low,20261220,1.0,high_minus_low,interaction,0.049521128619917205
meta-llama/Llama-3.1-8B-Instruct,pb_t010_17,random_high_minus_low,20261220,1.0,high_minus_low,interaction,0.06346790092068147
meta-llama/Llama-3.1-8B-Instruct,pb_t010_19,random_high_minus_low,20261220,1.0,high_minus_low,interaction,0.060278135941855826
meta-llama/Llama-3.1-8B-Instruct,pb_t010_20,random_high_minus_low,20261220,1.0,high_minus_low,interaction,0.07865192647876734
meta-llama/Llama-3.1-8B-Instruct,pb_t016_09,random_high_minus_low,20261220,1.0,high_minus_low,interaction,0.03716851533449241
meta-llama/Llama-3.1-8B-Instruct,pb_t016_10,random_high_minus_low,20261220,1.0,high_minus_low,interaction,0.06228073113271318
meta-llama/Llama-3.1-8B-Instruct,pb_t016_12,random_high_minus_low,20261220,1.0,high_minus_low,interaction,0.07002654041260079
meta-llama/Llama-3.1-8B-Instruct,pb_t016_17,random_high_minus_low,20261220,1.0,high_minus_low,interaction,0.05814198416053194
meta-llama/Llama-3.1-8B-Instruct,pb_t016_20,random_high_minus_low,20261220,1.0,high_minus_low,interaction,0.056178741797241576
meta-llama/Llama-3.1-8B-Instruct,pb_t018_08,random_high_minus_low,20261220,1.0,high_minus_low,interaction,0.0645395522209637
meta-llama/Llama-3.1-8B-Instruct,pb_t018_10,random_high_minus_low,20261220,1.0,high_minus_low,interaction,0.08034510280091893
meta-llama/Llama-3.1-8B-Instruct,pb_t018_11,random_high_minus_low,20261220,1.0,high_minus_low,interaction,0.0746370224397776
meta-llama/Llama-3.1-8B-Instruct,pb_t018_14,random_high_minus_low,20261220,1.0,high_minus_low,interaction,0.06653182861369199
meta-llama/Llama-3.1-8B-Instruct,pb_t018_18,random_high_minus_low,20261220,1.0,high_minus_low,interaction,0.04494791912556131
meta-llama/Llama-3.1-8B-Instruct,pb_t023_09,random_high_minus_low,20261220,1.0,high_minus_low,interaction,0.07414034926674244
meta-llama/Llama-3.1-8B-Instruct,pb_t023_12,random_high_minus_low,20261220,1.0,high_minus_low,interaction,0.056051996423837756
meta-llama/Llama-3.1-8B-Instruct,pb_t023_13,random_high_minus_low,20261220,1.0,high_minus_low,interaction,0.082512009967183
meta-llama/Llama-3.1-8B-Instruct,pb_t023_17,random_high_minus_low,20261220,1.0,high_minus_low,interaction,0.052807743688875905
meta-llama/Llama-3.1-8B-Instruct,pb_t023_20,random_high_minus_low,20261220,1.0,high_minus_low,interaction,0.06797467430867894
meta-llama/Llama-3.1-8B-Instruct,pb_t029_07,random_high_minus_low,20261220,1.0,high_minus_low,interaction,0.06884488387154034
meta-llama/Llama-3.1-8B-Instruct,pb_t029_09,random_high_minus_low,20261220,1.0,high_minus_low,interaction,0.07357248083464586
meta-llama/Llama-3.1-8B-Instruct,pb_t029_10,random_high_minus_low,20261220,1.0,high_minus_low,interaction,0.04335422783724359
meta-llama/Llama-3.1-8B-Instruct,pb_t029_11,random_high_minus_low,20261220,1.0,high_minus_low,interaction,0.06710137081101077
meta-llama/Llama-3.1-8B-Instruct,pb_t029_12,random_high_minus_low,20261220,1.0,high_minus_low,interaction,0.04911199852953381
meta-llama/Llama-3.1-8B-Instruct,pb_t031_06,random_high_minus_low,20261220,1.0,high_minus_low,interaction,0.062018223519415286
meta-llama/Llama-3.1-8B-Instruct,pb_t031_09,random_high_minus_low,20261220,1.0,high_minus_low,interaction,0.05326724726832878
meta-llama/Llama-3.1-8B-Instruct,pb_t031_12,random_high_minus_low,20261220,1.0,high_minus_low,interaction,0.05393792440383099
meta-llama/Llama-3.1-8B-Instruct,pb_t031_13,random_high_minus_low,20261220,1.0,high_minus_low,interaction,0.06524916218052688
meta-llama/Llama-3.1-8B-Instruct,pb_t031_16,random_high_minus_low,20261220,1.0,high_minus_low,interaction,0.07865546851664647
meta-llama/Llama-3.1-8B-Instruct,pb_t032_08,random_high_minus_low,20261220,1.0,high_minus_low,interaction,0.06119218353138289
meta-llama/Llama-3.1-8B-Instruct,pb_t032_09,random_high_minus_low,20261220,1.0,high_minus_low,interaction,0.05228330458808588
meta-llama/Llama-3.1-8B-Instruct,pb_t032_13,random_high_minus_low,20261220,1.0,high_minus_low,interaction,0.045854893506083655
meta-llama/Llama-3.1-8B-Instruct,pb_t032_15,random_high_minus_low,20261220,1.0,high_minus_low,interaction,0.07701749689988556
meta-llama/Llama-3.1-8B-Instruct,pb_t032_16,random_high_minus_low,20261220,1.0,high_minus_low,interaction,0.06186831651281691
meta-llama/Llama-3.1-8B-Instruct,pb_t035_06,random_high_minus_low,20261220,1.0,high_minus_low,interaction,0.07871742242881041
meta-llama/Llama-3.1-8B-Instruct,pb_t035_13,random_high_minus_low,20261220,1.0,high_minus_low,interaction,0.055391975369847524
meta-llama/Llama-3.1-8B-Instruct,pb_t035_15,random_high_minus_low,20261220,1.0,high_minus_low,interaction,0.05383883590737507
meta-llama/Llama-3.1-8B-Instruct,pb_t035_20,random_high_minus_low,20261220,1.0,high_minus_low,interaction,0.049292771142488825
meta-llama/Llama-3.1-8B-Instruct,pb_t035_22,random_high_minus_low,20261220,1.0,high_minus_low,interaction,0.06806147196572904
meta-llama/Llama-3.1-8B-Instruct,pb_t040_08,random_high_minus_low,20261220,1.0,high_minus_low,interaction,0.05269560830954463
meta-llama/Llama-3.1-8B-Instruct,pb_t040_10,random_high_minus_low,20261220,1.0,high_minus_low,interaction,0.055066253492312395
meta-llama/Llama-3.1-8B-Instruct,pb_t040_13,random_high_minus_low,20261220,1.0,high_minus_low,interaction,0.05269997967484147
meta-llama/Llama-3.1-8B-Instruct,pb_t040_14,random_high_minus_low,20261220,1.0,high_minus_low,interaction,0.07707833746097956
meta-llama/Llama-3.1-8B-Instruct,pb_t040_15,random_high_minus_low,20261220,1.0,high_minus_low,interaction,0.07896401930578709
meta-llama/Llama-3.1-8B-Instruct,pb_t001_08,random_high_minus_low,20261221,1.0,high_minus_low,interaction,-0.07625948296243427
meta-llama/Llama-3.1-8B-Instruct,pb_t001_10,random_high_minus_low,20261221,1.0,high_minus_low,interaction,-0.0054664803062231
meta-llama/Llama-3.1-8B-Instruct,pb_t001_11,random_high_minus_low,20261221,1.0,high_minus_low,interaction,-0.04016956033153387
meta-llama/Llama-3.1-8B-Instruct,pb_t001_12,random_high_minus_low,20261221,1.0,high_minus_low,interaction,-0.03899137380942869
meta-llama/Llama-3.1-8B-Instruct,pb_t001_15,random_high_minus_low,20261221,1.0,high_minus_low,interaction,-0.026540301298797087
meta-llama/Llama-3.1-8B-Instruct,pb_t002_08,random_high_minus_low,20261221,1.0,high_minus_low,interaction,-0.021740563314132252
meta-llama/Llama-3.1-8B-Instruct,pb_t002_16,random_high_minus_low,20261221,1.0,high_minus_low,interaction,-0.021592347069788975
meta-llama/Llama-3.1-8B-Instruct,pb_t002_17,random_high_minus_low,20261221,1.0,high_minus_low,interaction,-0.03845300319157644
meta-llama/Llama-3.1-8B-Instruct,pb_t002_18,random_high_minus_low,20261221,1.0,high_minus_low,interaction,-0.05895815722146932
meta-llama/Llama-3.1-8B-Instruct,pb_t002_20,random_high_minus_low,20261221,1.0,high_minus_low,interaction,-0.006986792396189802
meta-llama/Llama-3.1-8B-Instruct,pb_t004_10,random_high_minus_low,20261221,1.0,high_minus_low,interaction,-0.026999608189292628
meta-llama/Llama-3.1-8B-Instruct,pb_t004_11,random_high_minus_low,20261221,1.0,high_minus_low,interaction,-0.06127854283777662
meta-llama/Llama-3.1-8B-Instruct,pb_t004_13,random_high_minus_low,20261221,1.0,high_minus_low,interaction,-0.042490104297964765
meta-llama/Llama-3.1-8B-Instruct,pb_t004_17,random_high_minus_low,20261221,1.0,high_minus_low,interaction,-0.015164843951469182
meta-llama/Llama-3.1-8B-Instruct,pb_t004_20,random_high_minus_low,20261221,1.0,high_minus_low,interaction,-0.04919271039187062
meta-llama/Llama-3.1-8B-Instruct,pb_t006_09,random_high_minus_low,20261221,1.0,high_minus_low,interaction,-0.019544415298699262
meta-llama/Llama-3.1-8B-Instruct,pb_t006_10,random_high_minus_low,20261221,1.0,high_minus_low,interaction,-0.042364850567621695
meta-llama/Llama-3.1-8B-Instruct,pb_t006_12,random_high_minus_low,20261221,1.0,high_minus_low,interaction,0.006228931965829665
meta-llama/Llama-3.1-8B-Instruct,pb_t006_18,random_high_minus_low,20261221,1.0,high_minus_low,interaction,-0.02185730921739815
meta-llama/Llama-3.1-8B-Instruct,pb_t006_19,random_high_minus_low,20261221,1.0,high_minus_low,interaction,-0.04247386954219583
meta-llama/Llama-3.1-8B-Instruct,pb_t007_09,random_high_minus_low,20261221,1.0,high_minus_low,interaction,-0.01728891902877835
meta-llama/Llama-3.1-8B-Instruct,pb_t007_10,random_high_minus_low,20261221,1.0,high_minus_low,interaction,-0.02569575009365067
meta-llama/Llama-3.1-8B-Instruct,pb_t007_16,random_high_minus_low,20261221,1.0,high_minus_low,interaction,-0.004269394749240703
meta-llama/Llama-3.1-8B-Instruct,pb_t007_17,random_high_minus_low,20261221,1.0,high_minus_low,interaction,-0.04662339456558152
meta-llama/Llama-3.1-8B-Instruct,pb_t007_19,random_high_minus_low,20261221,1.0,high_minus_low,interaction,-0.006410243748576671
meta-llama/Llama-3.1-8B-Instruct,pb_t008_09,random_high_minus_low,20261221,1.0,high_minus_low,interaction,-0.021872964880407478
meta-llama/Llama-3.1-8B-Instruct,pb_t008_11,random_high_minus_low,20261221,1.0,high_minus_low,interaction,-0.014674445918129313
meta-llama/Llama-3.1-8B-Instruct,pb_t008_16,random_high_minus_low,20261221,1.0,high_minus_low,interaction,-0.013913558147474393
meta-llama/Llama-3.1-8B-Instruct,pb_t008_17,random_high_minus_low,20261221,1.0,high_minus_low,interaction,-0.028757026422125114
meta-llama/Llama-3.1-8B-Instruct,pb_t008_20,random_high_minus_low,20261221,1.0,high_minus_low,interaction,-0.05240476847805056
meta-llama/Llama-3.1-8B-Instruct,pb_t009_07,random_high_minus_low,20261221,1.0,high_minus_low,interaction,-0.048725687666876044
meta-llama/Llama-3.1-8B-Instruct,pb_t009_12,random_high_minus_low,20261221,1.0,high_minus_low,interaction,-0.006032715220070966
meta-llama/Llama-3.1-8B-Instruct,pb_t009_15,random_high_minus_low,20261221,1.0,high_minus_low,interaction,-0.028488561418254493
meta-llama/Llama-3.1-8B-Instruct,pb_t009_17,random_high_minus_low,20261221,1.0,high_minus_low,interaction,-0.048115692777074615
meta-llama/Llama-3.1-8B-Instruct,pb_t009_19,random_high_minus_low,20261221,1.0,high_minus_low,interaction,-0.05766605906902072
meta-llama/Llama-3.1-8B-Instruct,pb_t010_09,random_high_minus_low,20261221,1.0,high_minus_low,interaction,-0.004606477939974575
meta-llama/Llama-3.1-8B-Instruct,pb_t010_12,random_high_minus_low,20261221,1.0,high_minus_low,interaction,0.004799028350893778
meta-llama/Llama-3.1-8B-Instruct,pb_t010_17,random_high_minus_low,20261221,1.0,high_minus_low,interaction,-0.0407045861443588
meta-llama/Llama-3.1-8B-Instruct,pb_t010_19,random_high_minus_low,20261221,1.0,high_minus_low,interaction,-0.01913507980679468
meta-llama/Llama-3.1-8B-Instruct,pb_t010_20,random_high_minus_low,20261221,1.0,high_minus_low,interaction,-0.01711947165025843
meta-llama/Llama-3.1-8B-Instruct,pb_t016_09,random_high_minus_low,20261221,1.0,high_minus_low,interaction,-0.02825559724058517
meta-llama/Llama-3.1-8B-Instruct,pb_t016_10,random_high_minus_low,20261221,1.0,high_minus_low,interaction,0.0013572205487111574
meta-llama/Llama-3.1-8B-Instruct,pb_t016_12,random_high_minus_low,20261221,1.0,high_minus_low,interaction,-0.01772223640605979
meta-llama/Llama-3.1-8B-Instruct,pb_t016_17,random_high_minus_low,20261221,1.0,high_minus_low,interaction,-0.050020202395956614
meta-llama/Llama-3.1-8B-Instruct,pb_t016_20,random_high_minus_low,20261221,1.0,high_minus_low,interaction,-0.028348823077349223
meta-llama/Llama-3.1-8B-Instruct,pb_t018_08,random_high_minus_low,20261221,1.0,high_minus_low,interaction,-0.04933621414455973
meta-llama/Llama-3.1-8B-Instruct,pb_t018_10,random_high_minus_low,20261221,1.0,high_minus_low,interaction,-0.05018994794486163
meta-llama/Llama-3.1-8B-Instruct,pb_t018_11,random_high_minus_low,20261221,1.0,high_minus_low,interaction,-0.010760176701298304
meta-llama/Llama-3.1-8B-Instruct,pb_t018_14,random_high_minus_low,20261221,1.0,high_minus_low,interaction,-0.04945285334618804
meta-llama/Llama-3.1-8B-Instruct,pb_t018_18,random_high_minus_low,20261221,1.0,high_minus_low,interaction,-0.03494691561438276
meta-llama/Llama-3.1-8B-Instruct,pb_t023_09,random_high_minus_low,20261221,1.0,high_minus_low,interaction,-0.04731862675195039
meta-llama/Llama-3.1-8B-Instruct,pb_t023_12,random_high_minus_low,20261221,1.0,high_minus_low,interaction,-0.024618349385000855
meta-llama/Llama-3.1-8B-Instruct,pb_t023_13,random_high_minus_low,20261221,1.0,high_minus_low,interaction,-0.024364399793983794
meta-llama/Llama-3.1-8B-Instruct,pb_t023_17,random_high_minus_low,20261221,1.0,high_minus_low,interaction,-0.02639736303385205
meta-llama/Llama-3.1-8B-Instruct,pb_t023_20,random_high_minus_low,20261221,1.0,high_minus_low,interaction,-0.04531911547238482
meta-llama/Llama-3.1-8B-Instruct,pb_t029_07,random_high_minus_low,20261221,1.0,high_minus_low,interaction,-0.04588807620618805
meta-llama/Llama-3.1-8B-Instruct,pb_t029_09,random_high_minus_low,20261221,1.0,high_minus_low,interaction,-0.054998595294903724
meta-llama/Llama-3.1-8B-Instruct,pb_t029_10,random_high_minus_low,20261221,1.0,high_minus_low,interaction,-0.007721547558028173
meta-llama/Llama-3.1-8B-Instruct,pb_t029_11,random_high_minus_low,20261221,1.0,high_minus_low,interaction,-0.016102117770163436
meta-llama/Llama-3.1-8B-Instruct,pb_t029_12,random_high_minus_low,20261221,1.0,high_minus_low,interaction,-0.027559492181697065
meta-llama/Llama-3.1-8B-Instruct,pb_t031_06,random_high_minus_low,20261221,1.0,high_minus_low,interaction,-0.04315441036850028
meta-llama/Llama-3.1-8B-Instruct,pb_t031_09,random_high_minus_low,20261221,1.0,high_minus_low,interaction,-0.035550900135672185
meta-llama/Llama-3.1-8B-Instruct,pb_t031_12,random_high_minus_low,20261221,1.0,high_minus_low,interaction,0.003935388469559413
meta-llama/Llama-3.1-8B-Instruct,pb_t031_13,random_high_minus_low,20261221,1.0,high_minus_low,interaction,-0.0064053128462125825
meta-llama/Llama-3.1-8B-Instruct,pb_t031_16,random_high_minus_low,20261221,1.0,high_minus_low,interaction,-0.040148884593886394
meta-llama/Llama-3.1-8B-Instruct,pb_t032_08,random_high_minus_low,20261221,1.0,high_minus_low,interaction,-0.042112421337267586
meta-llama/Llama-3.1-8B-Instruct,pb_t032_09,random_high_minus_low,20261221,1.0,high_minus_low,interaction,-0.0490981684451014
meta-llama/Llama-3.1-8B-Instruct,pb_t032_13,random_high_minus_low,20261221,1.0,high_minus_low,interaction,-0.013009937075399845
meta-llama/Llama-3.1-8B-Instruct,pb_t032_15,random_high_minus_low,20261221,1.0,high_minus_low,interaction,-0.013250551329590368
meta-llama/Llama-3.1-8B-Instruct,pb_t032_16,random_high_minus_low,20261221,1.0,high_minus_low,interaction,-0.030585325181854934
meta-llama/Llama-3.1-8B-Instruct,pb_t035_06,random_high_minus_low,20261221,1.0,high_minus_low,interaction,-0.003982651991239655
meta-llama/Llama-3.1-8B-Instruct,pb_t035_13,random_high_minus_low,20261221,1.0,high_minus_low,interaction,-0.06539326923467194
meta-llama/Llama-3.1-8B-Instruct,pb_t035_15,random_high_minus_low,20261221,1.0,high_minus_low,interaction,-0.045434885607690496
meta-llama/Llama-3.1-8B-Instruct,pb_t035_20,random_high_minus_low,20261221,1.0,high_minus_low,interaction,-0.016291978372501566
meta-llama/Llama-3.1-8B-Instruct,pb_t035_22,random_high_minus_low,20261221,1.0,high_minus_low,interaction,-0.06358131460808021
meta-llama/Llama-3.1-8B-Instruct,pb_t040_08,random_high_minus_low,20261221,1.0,high_minus_low,interaction,-0.020241789484679706
meta-llama/Llama-3.1-8B-Instruct,pb_t040_10,random_high_minus_low,20261221,1.0,high_minus_low,interaction,-0.04214480658212329
meta-llama/Llama-3.1-8B-Instruct,pb_t040_13,random_high_minus_low,20261221,1.0,high_minus_low,interaction,-0.03798376349562476
meta-llama/Llama-3.1-8B-Instruct,pb_t040_14,random_high_minus_low,20261221,1.0,high_minus_low,interaction,-0.010322283836264639
meta-llama/Llama-3.1-8B-Instruct,pb_t040_15,random_high_minus_low,20261221,1.0,high_minus_low,interaction,-0.06629411364397225
meta-llama/Llama-3.1-8B-Instruct,pb_t001_08,random_high_minus_low,20261222,1.0,high_minus_low,interaction,0.017611774644524868
meta-llama/Llama-3.1-8B-Instruct,pb_t001_10,random_high_minus_low,20261222,1.0,high_minus_low,interaction,0.026688691860904664
meta-llama/Llama-3.1-8B-Instruct,pb_t001_11,random_high_minus_low,20261222,1.0,high_minus_low,interaction,0.04290096352151403
meta-llama/Llama-3.1-8B-Instruct,pb_t001_12,random_high_minus_low,20261222,1.0,high_minus_low,interaction,0.022925834729917462
meta-llama/Llama-3.1-8B-Instruct,pb_t001_15,random_high_minus_low,20261222,1.0,high_minus_low,interaction,0.0333039524576098
meta-llama/Llama-3.1-8B-Instruct,pb_t002_08,random_high_minus_low,20261222,1.0,high_minus_low,interaction,0.01797117202778714
meta-llama/Llama-3.1-8B-Instruct,pb_t002_16,random_high_minus_low,20261222,1.0,high_minus_low,interaction,0.01735560446846003
meta-llama/Llama-3.1-8B-Instruct,pb_t002_17,random_high_minus_low,20261222,1.0,high_minus_low,interaction,0.02978271451426773
meta-llama/Llama-3.1-8B-Instruct,pb_t002_18,random_high_minus_low,20261222,1.0,high_minus_low,interaction,0.01569367958380325
meta-llama/Llama-3.1-8B-Instruct,pb_t002_20,random_high_minus_low,20261222,1.0,high_minus_low,interaction,0.016853810394469548
meta-llama/Llama-3.1-8B-Instruct,pb_t004_10,random_high_minus_low,20261222,1.0,high_minus_low,interaction,0.021873597862168997
meta-llama/Llama-3.1-8B-Instruct,pb_t004_11,random_high_minus_low,20261222,1.0,high_minus_low,interaction,0.018679383337357792
meta-llama/Llama-3.1-8B-Instruct,pb_t004_13,random_high_minus_low,20261222,1.0,high_minus_low,interaction,0.009580443317955212
meta-llama/Llama-3.1-8B-Instruct,pb_t004_17,random_high_minus_low,20261222,1.0,high_minus_low,interaction,0.03582236262231069
meta-llama/Llama-3.1-8B-Instruct,pb_t004_20,random_high_minus_low,20261222,1.0,high_minus_low,interaction,0.022308108429297948
meta-llama/Llama-3.1-8B-Instruct,pb_t006_09,random_high_minus_low,20261222,1.0,high_minus_low,interaction,0.038212617376540914
meta-llama/Llama-3.1-8B-Instruct,pb_t006_10,random_high_minus_low,20261222,1.0,high_minus_low,interaction,0.03633613116346722
meta-llama/Llama-3.1-8B-Instruct,pb_t006_12,random_high_minus_low,20261222,1.0,high_minus_low,interaction,0.024234450151928454
meta-llama/Llama-3.1-8B-Instruct,pb_t006_18,random_high_minus_low,20261222,1.0,high_minus_low,interaction,0.021193214338638015
meta-llama/Llama-3.1-8B-Instruct,pb_t006_19,random_high_minus_low,20261222,1.0,high_minus_low,interaction,0.03302173789427456
meta-llama/Llama-3.1-8B-Instruct,pb_t007_09,random_high_minus_low,20261222,1.0,high_minus_low,interaction,0.02351324369833274
meta-llama/Llama-3.1-8B-Instruct,pb_t007_10,random_high_minus_low,20261222,1.0,high_minus_low,interaction,0.026430615672433634
meta-llama/Llama-3.1-8B-Instruct,pb_t007_16,random_high_minus_low,20261222,1.0,high_minus_low,interaction,0.008344880653647004
meta-llama/Llama-3.1-8B-Instruct,pb_t007_17,random_high_minus_low,20261222,1.0,high_minus_low,interaction,0.015136408499620228
meta-llama/Llama-3.1-8B-Instruct,pb_t007_19,random_high_minus_low,20261222,1.0,high_minus_low,interaction,0.02045881835680556
meta-llama/Llama-3.1-8B-Instruct,pb_t008_09,random_high_minus_low,20261222,1.0,high_minus_low,interaction,0.025594453036944523
meta-llama/Llama-3.1-8B-Instruct,pb_t008_11,random_high_minus_low,20261222,1.0,high_minus_low,interaction,-0.0004286498451979091
meta-llama/Llama-3.1-8B-Instruct,pb_t008_16,random_high_minus_low,20261222,1.0,high_minus_low,interaction,0.014681019291408748
meta-llama/Llama-3.1-8B-Instruct,pb_t008_17,random_high_minus_low,20261222,1.0,high_minus_low,interaction,0.0177772686594217
meta-llama/Llama-3.1-8B-Instruct,pb_t008_20,random_high_minus_low,20261222,1.0,high_minus_low,interaction,0.00724861046176984
meta-llama/Llama-3.1-8B-Instruct,pb_t009_07,random_high_minus_low,20261222,1.0,high_minus_low,interaction,0.011852071174633137
meta-llama/Llama-3.1-8B-Instruct,pb_t009_12,random_high_minus_low,20261222,1.0,high_minus_low,interaction,0.018680919689652478
meta-llama/Llama-3.1-8B-Instruct,pb_t009_15,random_high_minus_low,20261222,1.0,high_minus_low,interaction,0.02166955064934201
meta-llama/Llama-3.1-8B-Instruct,pb_t009_17,random_high_minus_low,20261222,1.0,high_minus_low,interaction,0.006513240429787526
meta-llama/Llama-3.1-8B-Instruct,pb_t009_19,random_high_minus_low,20261222,1.0,high_minus_low,interaction,0.01739336446265858
meta-llama/Llama-3.1-8B-Instruct,pb_t010_09,random_high_minus_low,20261222,1.0,high_minus_low,interaction,0.022501477141408873
meta-llama/Llama-3.1-8B-Instruct,pb_t010_12,random_high_minus_low,20261222,1.0,high_minus_low,interaction,0.027991684245967503
meta-llama/Llama-3.1-8B-Instruct,pb_t010_17,random_high_minus_low,20261222,1.0,high_minus_low,interaction,0.022969243705627564
meta-llama/Llama-3.1-8B-Instruct,pb_t010_19,random_high_minus_low,20261222,1.0,high_minus_low,interaction,0.013929455390448401
meta-llama/Llama-3.1-8B-Instruct,pb_t010_20,random_high_minus_low,20261222,1.0,high_minus_low,interaction,0.005985278620241759
meta-llama/Llama-3.1-8B-Instruct,pb_t016_09,random_high_minus_low,20261222,1.0,high_minus_low,interaction,0.045567668969705606
meta-llama/Llama-3.1-8B-Instruct,pb_t016_10,random_high_minus_low,20261222,1.0,high_minus_low,interaction,0.015687571609800742
meta-llama/Llama-3.1-8B-Instruct,pb_t016_12,random_high_minus_low,20261222,1.0,high_minus_low,interaction,-0.01157974090463113
meta-llama/Llama-3.1-8B-Instruct,pb_t016_17,random_high_minus_low,20261222,1.0,high_minus_low,interaction,0.015826949029418783
meta-llama/Llama-3.1-8B-Instruct,pb_t016_20,random_high_minus_low,20261222,1.0,high_minus_low,interaction,0.017934343465173294
meta-llama/Llama-3.1-8B-Instruct,pb_t018_08,random_high_minus_low,20261222,1.0,high_minus_low,interaction,0.01493614352911196
meta-llama/Llama-3.1-8B-Instruct,pb_t018_10,random_high_minus_low,20261222,1.0,high_minus_low,interaction,0.016012590617267744
meta-llama/Llama-3.1-8B-Instruct,pb_t018_11,random_high_minus_low,20261222,1.0,high_minus_low,interaction,0.015877572904708027
meta-llama/Llama-3.1-8B-Instruct,pb_t018_14,random_high_minus_low,20261222,1.0,high_minus_low,interaction,0.007468275928882818
meta-llama/Llama-3.1-8B-Instruct,pb_t018_18,random_high_minus_low,20261222,1.0,high_minus_low,interaction,0.044091777421849464
meta-llama/Llama-3.1-8B-Instruct,pb_t023_09,random_high_minus_low,20261222,1.0,high_minus_low,interaction,0.014373544081970306
meta-llama/Llama-3.1-8B-Instruct,pb_t023_12,random_high_minus_low,20261222,1.0,high_minus_low,interaction,0.02537643978457073
meta-llama/Llama-3.1-8B-Instruct,pb_t023_13,random_high_minus_low,20261222,1.0,high_minus_low,interaction,0.026003072963155384
meta-llama/Llama-3.1-8B-Instruct,pb_t023_17,random_high_minus_low,20261222,1.0,high_minus_low,interaction,0.03274696848829846
meta-llama/Llama-3.1-8B-Instruct,pb_t023_20,random_high_minus_low,20261222,1.0,high_minus_low,interaction,0.031459239989480615
meta-llama/Llama-3.1-8B-Instruct,pb_t029_07,random_high_minus_low,20261222,1.0,high_minus_low,interaction,0.009799581071739158
meta-llama/Llama-3.1-8B-Instruct,pb_t029_09,random_high_minus_low,20261222,1.0,high_minus_low,interaction,0.007526755813266559
meta-llama/Llama-3.1-8B-Instruct,pb_t029_10,random_high_minus_low,20261222,1.0,high_minus_low,interaction,0.013875039061809875
meta-llama/Llama-3.1-8B-Instruct,pb_t029_11,random_high_minus_low,20261222,1.0,high_minus_low,interaction,0.028102419085206394
meta-llama/Llama-3.1-8B-Instruct,pb_t029_12,random_high_minus_low,20261222,1.0,high_minus_low,interaction,0.007734277453840486
meta-llama/Llama-3.1-8B-Instruct,pb_t031_06,random_high_minus_low,20261222,1.0,high_minus_low,interaction,0.008517482832886114
meta-llama/Llama-3.1-8B-Instruct,pb_t031_09,random_high_minus_low,20261222,1.0,high_minus_low,interaction,0.008749610465737634
meta-llama/Llama-3.1-8B-Instruct,pb_t031_12,random_high_minus_low,20261222,1.0,high_minus_low,interaction,0.029979190433352884
meta-llama/Llama-3.1-8B-Instruct,pb_t031_13,random_high_minus_low,20261222,1.0,high_minus_low,interaction,0.027327688331182518
meta-llama/Llama-3.1-8B-Instruct,pb_t031_16,random_high_minus_low,20261222,1.0,high_minus_low,interaction,0.038043824967767106
meta-llama/Llama-3.1-8B-Instruct,pb_t032_08,random_high_minus_low,20261222,1.0,high_minus_low,interaction,0.018924246937050408
meta-llama/Llama-3.1-8B-Instruct,pb_t032_09,random_high_minus_low,20261222,1.0,high_minus_low,interaction,0.012378021584283673
meta-llama/Llama-3.1-8B-Instruct,pb_t032_13,random_high_minus_low,20261222,1.0,high_minus_low,interaction,0.016165619219305656
meta-llama/Llama-3.1-8B-Instruct,pb_t032_15,random_high_minus_low,20261222,1.0,high_minus_low,interaction,0.028788499598721852
meta-llama/Llama-3.1-8B-Instruct,pb_t032_16,random_high_minus_low,20261222,1.0,high_minus_low,interaction,0.012248608438218058
meta-llama/Llama-3.1-8B-Instruct,pb_t035_06,random_high_minus_low,20261222,1.0,high_minus_low,interaction,0.008931591204214424
meta-llama/Llama-3.1-8B-Instruct,pb_t035_13,random_high_minus_low,20261222,1.0,high_minus_low,interaction,0.035330407174142764
meta-llama/Llama-3.1-8B-Instruct,pb_t035_15,random_high_minus_low,20261222,1.0,high_minus_low,interaction,0.018667963305598466
meta-llama/Llama-3.1-8B-Instruct,pb_t035_20,random_high_minus_low,20261222,1.0,high_minus_low,interaction,0.0225463079084924
meta-llama/Llama-3.1-8B-Instruct,pb_t035_22,random_high_minus_low,20261222,1.0,high_minus_low,interaction,0.022045957738829065
meta-llama/Llama-3.1-8B-Instruct,pb_t040_08,random_high_minus_low,20261222,1.0,high_minus_low,interaction,0.01569630209101817
meta-llama/Llama-3.1-8B-Instruct,pb_t040_10,random_high_minus_low,20261222,1.0,high_minus_low,interaction,0.017207708741323737
meta-llama/Llama-3.1-8B-Instruct,pb_t040_13,random_high_minus_low,20261222,1.0,high_minus_low,interaction,0.04308388953437599
meta-llama/Llama-3.1-8B-Instruct,pb_t040_14,random_high_minus_low,20261222,1.0,high_minus_low,interaction,0.011100001531492659
meta-llama/Llama-3.1-8B-Instruct,pb_t040_15,random_high_minus_low,20261222,1.0,high_minus_low,interaction,0.01176716741143865
meta-llama/Llama-3.1-8B-Instruct,pb_t001_08,random_high_minus_low,20261223,1.0,high_minus_low,interaction,-0.041758547917720885
meta-llama/Llama-3.1-8B-Instruct,pb_t001_10,random_high_minus_low,20261223,1.0,high_minus_low,interaction,-0.026301882154877165
meta-llama/Llama-3.1-8B-Instruct,pb_t001_11,random_high_minus_low,20261223,1.0,high_minus_low,interaction,-0.025303025040987234
meta-llama/Llama-3.1-8B-Instruct,pb_t001_12,random_high_minus_low,20261223,1.0,high_minus_low,interaction,-0.029645414380419472
meta-llama/Llama-3.1-8B-Instruct,pb_t001_15,random_high_minus_low,20261223,1.0,high_minus_low,interaction,-0.03909739330233371
meta-llama/Llama-3.1-8B-Instruct,pb_t002_08,random_high_minus_low,20261223,1.0,high_minus_low,interaction,-0.030068908771846158
meta-llama/Llama-3.1-8B-Instruct,pb_t002_16,random_high_minus_low,20261223,1.0,high_minus_low,interaction,-0.04054231476503288
meta-llama/Llama-3.1-8B-Instruct,pb_t002_17,random_high_minus_low,20261223,1.0,high_minus_low,interaction,-0.043917361633414295
meta-llama/Llama-3.1-8B-Instruct,pb_t002_18,random_high_minus_low,20261223,1.0,high_minus_low,interaction,-0.034811854985789474
meta-llama/Llama-3.1-8B-Instruct,pb_t002_20,random_high_minus_low,20261223,1.0,high_minus_low,interaction,-0.019011086263895166
meta-llama/Llama-3.1-8B-Instruct,pb_t004_10,random_high_minus_low,20261223,1.0,high_minus_low,interaction,-0.03400620985364029
meta-llama/Llama-3.1-8B-Instruct,pb_t004_11,random_high_minus_low,20261223,1.0,high_minus_low,interaction,-0.018944407078034572
meta-llama/Llama-3.1-8B-Instruct,pb_t004_13,random_high_minus_low,20261223,1.0,high_minus_low,interaction,-0.03150456675089457
meta-llama/Llama-3.1-8B-Instruct,pb_t004_17,random_high_minus_low,20261223,1.0,high_minus_low,interaction,-0.030555270353500766
meta-llama/Llama-3.1-8B-Instruct,pb_t004_20,random_high_minus_low,20261223,1.0,high_minus_low,interaction,-0.017169311824831245
meta-llama/Llama-3.1-8B-Instruct,pb_t006_09,random_high_minus_low,20261223,1.0,high_minus_low,interaction,-0.035100654506993116
meta-llama/Llama-3.1-8B-Instruct,pb_t006_10,random_high_minus_low,20261223,1.0,high_minus_low,interaction,-0.03409137221615063
meta-llama/Llama-3.1-8B-Instruct,pb_t006_12,random_high_minus_low,20261223,1.0,high_minus_low,interaction,-0.026121291989170153
meta-llama/Llama-3.1-8B-Instruct,pb_t006_18,random_high_minus_low,20261223,1.0,high_minus_low,interaction,-0.03546276729569532
meta-llama/Llama-3.1-8B-Instruct,pb_t006_19,random_high_minus_low,20261223,1.0,high_minus_low,interaction,-0.0344443050262915
meta-llama/Llama-3.1-8B-Instruct,pb_t007_09,random_high_minus_low,20261223,1.0,high_minus_low,interaction,-0.03376944622139228
meta-llama/Llama-3.1-8B-Instruct,pb_t007_10,random_high_minus_low,20261223,1.0,high_minus_low,interaction,-0.030976938764133086
meta-llama/Llama-3.1-8B-Instruct,pb_t007_16,random_high_minus_low,20261223,1.0,high_minus_low,interaction,-0.03717019972161965
meta-llama/Llama-3.1-8B-Instruct,pb_t007_17,random_high_minus_low,20261223,1.0,high_minus_low,interaction,-0.03954957534981302
meta-llama/Llama-3.1-8B-Instruct,pb_t007_19,random_high_minus_low,20261223,1.0,high_minus_low,interaction,-0.029176512224309042
meta-llama/Llama-3.1-8B-Instruct,pb_t008_09,random_high_minus_low,20261223,1.0,high_minus_low,interaction,-0.030412675113498776
meta-llama/Llama-3.1-8B-Instruct,pb_t008_11,random_high_minus_low,20261223,1.0,high_minus_low,interaction,-0.034512427907273976
meta-llama/Llama-3.1-8B-Instruct,pb_t008_16,random_high_minus_low,20261223,1.0,high_minus_low,interaction,-0.026726353019400937
meta-llama/Llama-3.1-8B-Instruct,pb_t008_17,random_high_minus_low,20261223,1.0,high_minus_low,interaction,-0.05040597884665083
meta-llama/Llama-3.1-8B-Instruct,pb_t008_20,random_high_minus_low,20261223,1.0,high_minus_low,interaction,-0.023898673929011807
meta-llama/Llama-3.1-8B-Instruct,pb_t009_07,random_high_minus_low,20261223,1.0,high_minus_low,interaction,-0.045125418770384604
meta-llama/Llama-3.1-8B-Instruct,pb_t009_12,random_high_minus_low,20261223,1.0,high_minus_low,interaction,-0.027601024730178895
meta-llama/Llama-3.1-8B-Instruct,pb_t009_15,random_high_minus_low,20261223,1.0,high_minus_low,interaction,-0.04039954586109758
meta-llama/Llama-3.1-8B-Instruct,pb_t009_17,random_high_minus_low,20261223,1.0,high_minus_low,interaction,-0.042860128480562316
meta-llama/Llama-3.1-8B-Instruct,pb_t009_19,random_high_minus_low,20261223,1.0,high_minus_low,interaction,-0.03615641443671909
meta-llama/Llama-3.1-8B-Instruct,pb_t010_09,random_high_minus_low,20261223,1.0,high_minus_low,interaction,-0.023354207846233533
meta-llama/Llama-3.1-8B-Instruct,pb_t010_12,random_high_minus_low,20261223,1.0,high_minus_low,interaction,-0.031287394313752354
meta-llama/Llama-3.1-8B-Instruct,pb_t010_17,random_high_minus_low,20261223,1.0,high_minus_low,interaction,-0.03731127884064312
meta-llama/Llama-3.1-8B-Instruct,pb_t010_19,random_high_minus_low,20261223,1.0,high_minus_low,interaction,-0.04059902676504214
meta-llama/Llama-3.1-8B-Instruct,pb_t010_20,random_high_minus_low,20261223,1.0,high_minus_low,interaction,-0.03386609754769854
meta-llama/Llama-3.1-8B-Instruct,pb_t016_09,random_high_minus_low,20261223,1.0,high_minus_low,interaction,-0.03246290951826388
meta-llama/Llama-3.1-8B-Instruct,pb_t016_10,random_high_minus_low,20261223,1.0,high_minus_low,interaction,-0.023126271701673744
meta-llama/Llama-3.1-8B-Instruct,pb_t016_12,random_high_minus_low,20261223,1.0,high_minus_low,interaction,-0.05003347316888025
meta-llama/Llama-3.1-8B-Instruct,pb_t016_17,random_high_minus_low,20261223,1.0,high_minus_low,interaction,-0.03821046469478747
meta-llama/Llama-3.1-8B-Instruct,pb_t016_20,random_high_minus_low,20261223,1.0,high_minus_low,interaction,-0.04350674609326129
meta-llama/Llama-3.1-8B-Instruct,pb_t018_08,random_high_minus_low,20261223,1.0,high_minus_low,interaction,-0.04605537212150344
meta-llama/Llama-3.1-8B-Instruct,pb_t018_10,random_high_minus_low,20261223,1.0,high_minus_low,interaction,-0.031752779859726264
meta-llama/Llama-3.1-8B-Instruct,pb_t018_11,random_high_minus_low,20261223,1.0,high_minus_low,interaction,-0.029421297060500357
meta-llama/Llama-3.1-8B-Instruct,pb_t018_14,random_high_minus_low,20261223,1.0,high_minus_low,interaction,-0.02706515894906844
meta-llama/Llama-3.1-8B-Instruct,pb_t018_18,random_high_minus_low,20261223,1.0,high_minus_low,interaction,-0.02783663896611617
meta-llama/Llama-3.1-8B-Instruct,pb_t023_09,random_high_minus_low,20261223,1.0,high_minus_low,interaction,-0.030827935387987976
meta-llama/Llama-3.1-8B-Instruct,pb_t023_12,random_high_minus_low,20261223,1.0,high_minus_low,interaction,-0.031382406256528286
meta-llama/Llama-3.1-8B-Instruct,pb_t023_13,random_high_minus_low,20261223,1.0,high_minus_low,interaction,-0.041268036975398416
meta-llama/Llama-3.1-8B-Instruct,pb_t023_17,random_high_minus_low,20261223,1.0,high_minus_low,interaction,-0.04498491058834807
meta-llama/Llama-3.1-8B-Instruct,pb_t023_20,random_high_minus_low,20261223,1.0,high_minus_low,interaction,-0.03073155924508665
meta-llama/Llama-3.1-8B-Instruct,pb_t029_07,random_high_minus_low,20261223,1.0,high_minus_low,interaction,-0.02876574455848402
meta-llama/Llama-3.1-8B-Instruct,pb_t029_09,random_high_minus_low,20261223,1.0,high_minus_low,interaction,-0.04199271696018099
meta-llama/Llama-3.1-8B-Instruct,pb_t029_10,random_high_minus_low,20261223,1.0,high_minus_low,interaction,-0.045301217782878184
meta-llama/Llama-3.1-8B-Instruct,pb_t029_11,random_high_minus_low,20261223,1.0,high_minus_low,interaction,-0.024494984351177567
meta-llama/Llama-3.1-8B-Instruct,pb_t029_12,random_high_minus_low,20261223,1.0,high_minus_low,interaction,-0.031696707837399876
meta-llama/Llama-3.1-8B-Instruct,pb_t031_06,random_high_minus_low,20261223,1.0,high_minus_low,interaction,-0.03285338684937784
meta-llama/Llama-3.1-8B-Instruct,pb_t031_09,random_high_minus_low,20261223,1.0,high_minus_low,interaction,-0.026499440226704574
meta-llama/Llama-3.1-8B-Instruct,pb_t031_12,random_high_minus_low,20261223,1.0,high_minus_low,interaction,-0.03708154644675592
meta-llama/Llama-3.1-8B-Instruct,pb_t031_13,random_high_minus_low,20261223,1.0,high_minus_low,interaction,-0.01585480920849725
meta-llama/Llama-3.1-8B-Instruct,pb_t031_16,random_high_minus_low,20261223,1.0,high_minus_low,interaction,-0.023216679817298393
meta-llama/Llama-3.1-8B-Instruct,pb_t032_08,random_high_minus_low,20261223,1.0,high_minus_low,interaction,-0.031169503748839394
meta-llama/Llama-3.1-8B-Instruct,pb_t032_09,random_high_minus_low,20261223,1.0,high_minus_low,interaction,-0.019847483188318287
meta-llama/Llama-3.1-8B-Instruct,pb_t032_13,random_high_minus_low,20261223,1.0,high_minus_low,interaction,-0.019705324173341976
meta-llama/Llama-3.1-8B-Instruct,pb_t032_15,random_high_minus_low,20261223,1.0,high_minus_low,interaction,-0.035815921864313004
meta-llama/Llama-3.1-8B-Instruct,pb_t032_16,random_high_minus_low,20261223,1.0,high_minus_low,interaction,-0.04177889863146427
meta-llama/Llama-3.1-8B-Instruct,pb_t035_06,random_high_minus_low,20261223,1.0,high_minus_low,interaction,-0.02431984651170623
meta-llama/Llama-3.1-8B-Instruct,pb_t035_13,random_high_minus_low,20261223,1.0,high_minus_low,interaction,-0.022027335196126673
meta-llama/Llama-3.1-8B-Instruct,pb_t035_15,random_high_minus_low,20261223,1.0,high_minus_low,interaction,-0.037734193506036726
meta-llama/Llama-3.1-8B-Instruct,pb_t035_20,random_high_minus_low,20261223,1.0,high_minus_low,interaction,-0.037646376518636636
meta-llama/Llama-3.1-8B-Instruct,pb_t035_22,random_high_minus_low,20261223,1.0,high_minus_low,interaction,-0.02635404085766235
meta-llama/Llama-3.1-8B-Instruct,pb_t040_08,random_high_minus_low,20261223,1.0,high_minus_low,interaction,-0.04842161338626018
meta-llama/Llama-3.1-8B-Instruct,pb_t040_10,random_high_minus_low,20261223,1.0,high_minus_low,interaction,-0.033811251860097855
meta-llama/Llama-3.1-8B-Instruct,pb_t040_13,random_high_minus_low,20261223,1.0,high_minus_low,interaction,-0.026883005968928057
meta-llama/Llama-3.1-8B-Instruct,pb_t040_14,random_high_minus_low,20261223,1.0,high_minus_low,interaction,-0.03525756911214017
meta-llama/Llama-3.1-8B-Instruct,pb_t040_15,random_high_minus_low,20261223,1.0,high_minus_low,interaction,-0.0382099911680735
meta-llama/Llama-3.1-8B-Instruct,pb_t001_08,random_high_minus_low,20261224,1.0,high_minus_low,interaction,0.029344221190632798
meta-llama/Llama-3.1-8B-Instruct,pb_t001_10,random_high_minus_low,20261224,1.0,high_minus_low,interaction,0.03969209309976021
meta-llama/Llama-3.1-8B-Instruct,pb_t001_11,random_high_minus_low,20261224,1.0,high_minus_low,interaction,0.009682672796934183
meta-llama/Llama-3.1-8B-Instruct,pb_t001_12,random_high_minus_low,20261224,1.0,high_minus_low,interaction,0.05173785416488702
meta-llama/Llama-3.1-8B-Instruct,pb_t001_15,random_high_minus_low,20261224,1.0,high_minus_low,interaction,0.031115183651032115
meta-llama/Llama-3.1-8B-Instruct,pb_t002_08,random_high_minus_low,20261224,1.0,high_minus_low,interaction,0.07718708798567353
meta-llama/Llama-3.1-8B-Instruct,pb_t002_16,random_high_minus_low,20261224,1.0,high_minus_low,interaction,0.027311014753700832
meta-llama/Llama-3.1-8B-Instruct,pb_t002_17,random_high_minus_low,20261224,1.0,high_minus_low,interaction,0.01739991856167327
meta-llama/Llama-3.1-8B-Instruct,pb_t002_18,random_high_minus_low,20261224,1.0,high_minus_low,interaction,0.026255851351176238
meta-llama/Llama-3.1-8B-Instruct,pb_t002_20,random_high_minus_low,20261224,1.0,high_minus_low,interaction,0.055107431961147244
meta-llama/Llama-3.1-8B-Instruct,pb_t004_10,random_high_minus_low,20261224,1.0,high_minus_low,interaction,0.021121627735381197
meta-llama/Llama-3.1-8B-Instruct,pb_t004_11,random_high_minus_low,20261224,1.0,high_minus_low,interaction,0.03744158293258767
meta-llama/Llama-3.1-8B-Instruct,pb_t004_13,random_high_minus_low,20261224,1.0,high_minus_low,interaction,0.05725677703954418
meta-llama/Llama-3.1-8B-Instruct,pb_t004_17,random_high_minus_low,20261224,1.0,high_minus_low,interaction,0.0646484958451682
meta-llama/Llama-3.1-8B-Instruct,pb_t004_20,random_high_minus_low,20261224,1.0,high_minus_low,interaction,0.019926426545184915
meta-llama/Llama-3.1-8B-Instruct,pb_t006_09,random_high_minus_low,20261224,1.0,high_minus_low,interaction,0.014958365151398293
meta-llama/Llama-3.1-8B-Instruct,pb_t006_10,random_high_minus_low,20261224,1.0,high_minus_low,interaction,0.015123653308796696
meta-llama/Llama-3.1-8B-Instruct,pb_t006_12,random_high_minus_low,20261224,1.0,high_minus_low,interaction,0.06923197318796523
meta-llama/Llama-3.1-8B-Instruct,pb_t006_18,random_high_minus_low,20261224,1.0,high_minus_low,interaction,0.05648015224114003
meta-llama/Llama-3.1-8B-Instruct,pb_t006_19,random_high_minus_low,20261224,1.0,high_minus_low,interaction,0.029485871823740885
meta-llama/Llama-3.1-8B-Instruct,pb_t007_09,random_high_minus_low,20261224,1.0,high_minus_low,interaction,0.016420278185532898
meta-llama/Llama-3.1-8B-Instruct,pb_t007_10,random_high_minus_low,20261224,1.0,high_minus_low,interaction,0.04487638593262383
meta-llama/Llama-3.1-8B-Instruct,pb_t007_16,random_high_minus_low,20261224,1.0,high_minus_low,interaction,0.029770699900292588
meta-llama/Llama-3.1-8B-Instruct,pb_t007_17,random_high_minus_low,20261224,1.0,high_minus_low,interaction,0.020157934391085458
meta-llama/Llama-3.1-8B-Instruct,pb_t007_19,random_high_minus_low,20261224,1.0,high_minus_low,interaction,0.04057873137981721
meta-llama/Llama-3.1-8B-Instruct,pb_t008_09,random_high_minus_low,20261224,1.0,high_minus_low,interaction,-0.004059450386445577
meta-llama/Llama-3.1-8B-Instruct,pb_t008_11,random_high_minus_low,20261224,1.0,high_minus_low,interaction,0.028740691784881683
meta-llama/Llama-3.1-8B-Instruct,pb_t008_16,random_high_minus_low,20261224,1.0,high_minus_low,interaction,0.03450497264865623
meta-llama/Llama-3.1-8B-Instruct,pb_t008_17,random_high_minus_low,20261224,1.0,high_minus_low,interaction,0.016161599965561668
meta-llama/Llama-3.1-8B-Instruct,pb_t008_20,random_high_minus_low,20261224,1.0,high_minus_low,interaction,0.027296867097090238
meta-llama/Llama-3.1-8B-Instruct,pb_t009_07,random_high_minus_low,20261224,1.0,high_minus_low,interaction,0.01565780766137744
meta-llama/Llama-3.1-8B-Instruct,pb_t009_12,random_high_minus_low,20261224,1.0,high_minus_low,interaction,0.045106776626066325
meta-llama/Llama-3.1-8B-Instruct,pb_t009_15,random_high_minus_low,20261224,1.0,high_minus_low,interaction,0.025832512888276198
meta-llama/Llama-3.1-8B-Instruct,pb_t009_17,random_high_minus_low,20261224,1.0,high_minus_low,interaction,0.061006265763611185
meta-llama/Llama-3.1-8B-Instruct,pb_t009_19,random_high_minus_low,20261224,1.0,high_minus_low,interaction,0.026221756815278177
meta-llama/Llama-3.1-8B-Instruct,pb_t010_09,random_high_minus_low,20261224,1.0,high_minus_low,interaction,0.06577923513397956
meta-llama/Llama-3.1-8B-Instruct,pb_t010_12,random_high_minus_low,20261224,1.0,high_minus_low,interaction,0.011159228915259747
meta-llama/Llama-3.1-8B-Instruct,pb_t010_17,random_high_minus_low,20261224,1.0,high_minus_low,interaction,0.020278789830564112
meta-llama/Llama-3.1-8B-Instruct,pb_t010_19,random_high_minus_low,20261224,1.0,high_minus_low,interaction,0.05266625336568736
meta-llama/Llama-3.1-8B-Instruct,pb_t010_20,random_high_minus_low,20261224,1.0,high_minus_low,interaction,0.02570197618935473
meta-llama/Llama-3.1-8B-Instruct,pb_t016_09,random_high_minus_low,20261224,1.0,high_minus_low,interaction,0.0206873495049218
meta-llama/Llama-3.1-8B-Instruct,pb_t016_10,random_high_minus_low,20261224,1.0,high_minus_low,interaction,0.05098574745746533
meta-llama/Llama-3.1-8B-Instruct,pb_t016_12,random_high_minus_low,20261224,1.0,high_minus_low,interaction,0.011236915986204214
meta-llama/Llama-3.1-8B-Instruct,pb_t016_17,random_high_minus_low,20261224,1.0,high_minus_low,interaction,0.022787743347811487
meta-llama/Llama-3.1-8B-Instruct,pb_t016_20,random_high_minus_low,20261224,1.0,high_minus_low,interaction,0.05532228984143847
meta-llama/Llama-3.1-8B-Instruct,pb_t018_08,random_high_minus_low,20261224,1.0,high_minus_low,interaction,0.061363291074479444
meta-llama/Llama-3.1-8B-Instruct,pb_t018_10,random_high_minus_low,20261224,1.0,high_minus_low,interaction,0.0351441048891214
meta-llama/Llama-3.1-8B-Instruct,pb_t018_11,random_high_minus_low,20261224,1.0,high_minus_low,interaction,0.05688119781444727
meta-llama/Llama-3.1-8B-Instruct,pb_t018_14,random_high_minus_low,20261224,1.0,high_minus_low,interaction,0.027621334832880942
meta-llama/Llama-3.1-8B-Instruct,pb_t018_18,random_high_minus_low,20261224,1.0,high_minus_low,interaction,0.01943378707882043
meta-llama/Llama-3.1-8B-Instruct,pb_t023_09,random_high_minus_low,20261224,1.0,high_minus_low,interaction,0.02708284754839913
meta-llama/Llama-3.1-8B-Instruct,pb_t023_12,random_high_minus_low,20261224,1.0,high_minus_low,interaction,0.05244881986158801
meta-llama/Llama-3.1-8B-Instruct,pb_t023_13,random_high_minus_low,20261224,1.0,high_minus_low,interaction,0.050217854438021806
meta-llama/Llama-3.1-8B-Instruct,pb_t023_17,random_high_minus_low,20261224,1.0,high_minus_low,interaction,0.02612687910514625
meta-llama/Llama-3.1-8B-Instruct,pb_t023_20,random_high_minus_low,20261224,1.0,high_minus_low,interaction,0.02565283819580177
meta-llama/Llama-3.1-8B-Instruct,pb_t029_07,random_high_minus_low,20261224,1.0,high_minus_low,interaction,0.028857546166760034
meta-llama/Llama-3.1-8B-Instruct,pb_t029_09,random_high_minus_low,20261224,1.0,high_minus_low,interaction,0.035996198104996366
meta-llama/Llama-3.1-8B-Instruct,pb_t029_10,random_high_minus_low,20261224,1.0,high_minus_low,interaction,0.017850799857496366
meta-llama/Llama-3.1-8B-Instruct,pb_t029_11,random_high_minus_low,20261224,1.0,high_minus_low,interaction,0.05026967381715692
meta-llama/Llama-3.1-8B-Instruct,pb_t029_12,random_high_minus_low,20261224,1.0,high_minus_low,interaction,0.048862948456244885
meta-llama/Llama-3.1-8B-Instruct,pb_t031_06,random_high_minus_low,20261224,1.0,high_minus_low,interaction,0.04861365905718004
meta-llama/Llama-3.1-8B-Instruct,pb_t031_09,random_high_minus_low,20261224,1.0,high_minus_low,interaction,0.03702382903116906
meta-llama/Llama-3.1-8B-Instruct,pb_t031_12,random_high_minus_low,20261224,1.0,high_minus_low,interaction,0.02314361030508794
meta-llama/Llama-3.1-8B-Instruct,pb_t031_13,random_high_minus_low,20261224,1.0,high_minus_low,interaction,0.03878458849012595
meta-llama/Llama-3.1-8B-Instruct,pb_t031_16,random_high_minus_low,20261224,1.0,high_minus_low,interaction,0.03089272113270797
meta-llama/Llama-3.1-8B-Instruct,pb_t032_08,random_high_minus_low,20261224,1.0,high_minus_low,interaction,0.03348913112208433
meta-llama/Llama-3.1-8B-Instruct,pb_t032_09,random_high_minus_low,20261224,1.0,high_minus_low,interaction,0.03982940949498465
meta-llama/Llama-3.1-8B-Instruct,pb_t032_13,random_high_minus_low,20261224,1.0,high_minus_low,interaction,0.01574027430693061
meta-llama/Llama-3.1-8B-Instruct,pb_t032_15,random_high_minus_low,20261224,1.0,high_minus_low,interaction,0.03368076395624201
meta-llama/Llama-3.1-8B-Instruct,pb_t032_16,random_high_minus_low,20261224,1.0,high_minus_low,interaction,0.015044771954765898
meta-llama/Llama-3.1-8B-Instruct,pb_t035_06,random_high_minus_low,20261224,1.0,high_minus_low,interaction,0.051408879248981326
meta-llama/Llama-3.1-8B-Instruct,pb_t035_13,random_high_minus_low,20261224,1.0,high_minus_low,interaction,0.011262197940768368
meta-llama/Llama-3.1-8B-Instruct,pb_t035_15,random_high_minus_low,20261224,1.0,high_minus_low,interaction,0.07477752575233887
meta-llama/Llama-3.1-8B-Instruct,pb_t035_20,random_high_minus_low,20261224,1.0,high_minus_low,interaction,0.02360167034068359
meta-llama/Llama-3.1-8B-Instruct,pb_t035_22,random_high_minus_low,20261224,1.0,high_minus_low,interaction,0.03714432009559669
meta-llama/Llama-3.1-8B-Instruct,pb_t040_08,random_high_minus_low,20261224,1.0,high_minus_low,interaction,0.02654441479262147
meta-llama/Llama-3.1-8B-Instruct,pb_t040_10,random_high_minus_low,20261224,1.0,high_minus_low,interaction,0.06211585474688994
meta-llama/Llama-3.1-8B-Instruct,pb_t040_13,random_high_minus_low,20261224,1.0,high_minus_low,interaction,0.026517091830688608
meta-llama/Llama-3.1-8B-Instruct,pb_t040_14,random_high_minus_low,20261224,1.0,high_minus_low,interaction,0.06315418296485752
meta-llama/Llama-3.1-8B-Instruct,pb_t040_15,random_high_minus_low,20261224,1.0,high_minus_low,interaction,0.04496640670022227
meta-llama/Llama-3.1-8B-Instruct,pb_t001_08,random_high_minus_low,20261225,1.0,high_minus_low,interaction,0.029999401957780683
meta-llama/Llama-3.1-8B-Instruct,pb_t001_10,random_high_minus_low,20261225,1.0,high_minus_low,interaction,0.018169695141442836
meta-llama/Llama-3.1-8B-Instruct,pb_t001_11,random_high_minus_low,20261225,1.0,high_minus_low,interaction,-0.008707808086175786
meta-llama/Llama-3.1-8B-Instruct,pb_t001_12,random_high_minus_low,20261225,1.0,high_minus_low,interaction,0.028422076679056527
meta-llama/Llama-3.1-8B-Instruct,pb_t001_15,random_high_minus_low,20261225,1.0,high_minus_low,interaction,0.029430554027262263
meta-llama/Llama-3.1-8B-Instruct,pb_t002_08,random_high_minus_low,20261225,1.0,high_minus_low,interaction,0.023979448556247986
meta-llama/Llama-3.1-8B-Instruct,pb_t002_16,random_high_minus_low,20261225,1.0,high_minus_low,interaction,0.012644411107454477
meta-llama/Llama-3.1-8B-Instruct,pb_t002_17,random_high_minus_low,20261225,1.0,high_minus_low,interaction,0.020869502404868356
meta-llama/Llama-3.1-8B-Instruct,pb_t002_18,random_high_minus_low,20261225,1.0,high_minus_low,interaction,0.022729399725029284
meta-llama/Llama-3.1-8B-Instruct,pb_t002_20,random_high_minus_low,20261225,1.0,high_minus_low,interaction,0.04004000852263131
meta-llama/Llama-3.1-8B-Instruct,pb_t004_10,random_high_minus_low,20261225,1.0,high_minus_low,interaction,0.002698984020746318
meta-llama/Llama-3.1-8B-Instruct,pb_t004_11,random_high_minus_low,20261225,1.0,high_minus_low,interaction,0.026946749136530126
meta-llama/Llama-3.1-8B-Instruct,pb_t004_13,random_high_minus_low,20261225,1.0,high_minus_low,interaction,0.024818498555597545
meta-llama/Llama-3.1-8B-Instruct,pb_t004_17,random_high_minus_low,20261225,1.0,high_minus_low,interaction,0.03714073145340654
meta-llama/Llama-3.1-8B-Instruct,pb_t004_20,random_high_minus_low,20261225,1.0,high_minus_low,interaction,0.02626013065673704
meta-llama/Llama-3.1-8B-Instruct,pb_t006_09,random_high_minus_low,20261225,1.0,high_minus_low,interaction,0.011267332672973638
meta-llama/Llama-3.1-8B-Instruct,pb_t006_10,random_high_minus_low,20261225,1.0,high_minus_low,interaction,0.027878951965960824
meta-llama/Llama-3.1-8B-Instruct,pb_t006_12,random_high_minus_low,20261225,1.0,high_minus_low,interaction,0.03330723295996872
meta-llama/Llama-3.1-8B-Instruct,pb_t006_18,random_high_minus_low,20261225,1.0,high_minus_low,interaction,0.03251740512021377
meta-llama/Llama-3.1-8B-Instruct,pb_t006_19,random_high_minus_low,20261225,1.0,high_minus_low,interaction,0.02382217258641856
meta-llama/Llama-3.1-8B-Instruct,pb_t007_09,random_high_minus_low,20261225,1.0,high_minus_low,interaction,0.015844801979247508
meta-llama/Llama-3.1-8B-Instruct,pb_t007_10,random_high_minus_low,20261225,1.0,high_minus_low,interaction,0.02502810256999076
meta-llama/Llama-3.1-8B-Instruct,pb_t007_16,random_high_minus_low,20261225,1.0,high_minus_low,interaction,0.040127673060600076
meta-llama/Llama-3.1-8B-Instruct,pb_t007_17,random_high_minus_low,20261225,1.0,high_minus_low,interaction,0.01905437402566127
meta-llama/Llama-3.1-8B-Instruct,pb_t007_19,random_high_minus_low,20261225,1.0,high_minus_low,interaction,0.026535922620575463
meta-llama/Llama-3.1-8B-Instruct,pb_t008_09,random_high_minus_low,20261225,1.0,high_minus_low,interaction,0.015511972247805301
meta-llama/Llama-3.1-8B-Instruct,pb_t008_11,random_high_minus_low,20261225,1.0,high_minus_low,interaction,0.03670834972768037
meta-llama/Llama-3.1-8B-Instruct,pb_t008_16,random_high_minus_low,20261225,1.0,high_minus_low,interaction,0.02827977315608978
meta-llama/Llama-3.1-8B-Instruct,pb_t008_17,random_high_minus_low,20261225,1.0,high_minus_low,interaction,0.031948240901827574
meta-llama/Llama-3.1-8B-Instruct,pb_t008_20,random_high_minus_low,20261225,1.0,high_minus_low,interaction,0.027939325803806526
meta-llama/Llama-3.1-8B-Instruct,pb_t009_07,random_high_minus_low,20261225,1.0,high_minus_low,interaction,0.01462400533276964
meta-llama/Llama-3.1-8B-Instruct,pb_t009_12,random_high_minus_low,20261225,1.0,high_minus_low,interaction,0.031686751649683334
meta-llama/Llama-3.1-8B-Instruct,pb_t009_15,random_high_minus_low,20261225,1.0,high_minus_low,interaction,0.008300213831613102
meta-llama/Llama-3.1-8B-Instruct,pb_t009_17,random_high_minus_low,20261225,1.0,high_minus_low,interaction,0.034856594270699835
meta-llama/Llama-3.1-8B-Instruct,pb_t009_19,random_high_minus_low,20261225,1.0,high_minus_low,interaction,0.03635891092863187
meta-llama/Llama-3.1-8B-Instruct,pb_t010_09,random_high_minus_low,20261225,1.0,high_minus_low,interaction,0.051505110666256085
meta-llama/Llama-3.1-8B-Instruct,pb_t010_12,random_high_minus_low,20261225,1.0,high_minus_low,interaction,0.014702225162486208
meta-llama/Llama-3.1-8B-Instruct,pb_t010_17,random_high_minus_low,20261225,1.0,high_minus_low,interaction,0.009321963113795854
meta-llama/Llama-3.1-8B-Instruct,pb_t010_19,random_high_minus_low,20261225,1.0,high_minus_low,interaction,0.01965455852084363
meta-llama/Llama-3.1-8B-Instruct,pb_t010_20,random_high_minus_low,20261225,1.0,high_minus_low,interaction,0.04455295271192978
meta-llama/Llama-3.1-8B-Instruct,pb_t016_09,random_high_minus_low,20261225,1.0,high_minus_low,interaction,0.023961295336377076
meta-llama/Llama-3.1-8B-Instruct,pb_t016_10,random_high_minus_low,20261225,1.0,high_minus_low,interaction,0.045564202789935664
meta-llama/Llama-3.1-8B-Instruct,pb_t016_12,random_high_minus_low,20261225,1.0,high_minus_low,interaction,0.042876980401875424
meta-llama/Llama-3.1-8B-Instruct,pb_t016_17,random_high_minus_low,20261225,1.0,high_minus_low,interaction,0.022806037744574716
meta-llama/Llama-3.1-8B-Instruct,pb_t016_20,random_high_minus_low,20261225,1.0,high_minus_low,interaction,0.014796002797828126
meta-llama/Llama-3.1-8B-Instruct,pb_t018_08,random_high_minus_low,20261225,1.0,high_minus_low,interaction,0.03290069752532
meta-llama/Llama-3.1-8B-Instruct,pb_t018_10,random_high_minus_low,20261225,1.0,high_minus_low,interaction,0.02605456189742431
meta-llama/Llama-3.1-8B-Instruct,pb_t018_11,random_high_minus_low,20261225,1.0,high_minus_low,interaction,0.050389769955983724
meta-llama/Llama-3.1-8B-Instruct,pb_t018_14,random_high_minus_low,20261225,1.0,high_minus_low,interaction,0.022027313809572804
meta-llama/Llama-3.1-8B-Instruct,pb_t018_18,random_high_minus_low,20261225,1.0,high_minus_low,interaction,0.016599981552803095
meta-llama/Llama-3.1-8B-Instruct,pb_t023_09,random_high_minus_low,20261225,1.0,high_minus_low,interaction,0.0349116143580786
meta-llama/Llama-3.1-8B-Instruct,pb_t023_12,random_high_minus_low,20261225,1.0,high_minus_low,interaction,0.019121470630334435
meta-llama/Llama-3.1-8B-Instruct,pb_t023_13,random_high_minus_low,20261225,1.0,high_minus_low,interaction,0.02932587700491532
meta-llama/Llama-3.1-8B-Instruct,pb_t023_17,random_high_minus_low,20261225,1.0,high_minus_low,interaction,0.011151435903322019
meta-llama/Llama-3.1-8B-Instruct,pb_t023_20,random_high_minus_low,20261225,1.0,high_minus_low,interaction,0.028090711510127438
meta-llama/Llama-3.1-8B-Instruct,pb_t029_07,random_high_minus_low,20261225,1.0,high_minus_low,interaction,-0.0008075996221929569
meta-llama/Llama-3.1-8B-Instruct,pb_t029_09,random_high_minus_low,20261225,1.0,high_minus_low,interaction,0.008908669285969647
meta-llama/Llama-3.1-8B-Instruct,pb_t029_10,random_high_minus_low,20261225,1.0,high_minus_low,interaction,0.011836155926874235
meta-llama/Llama-3.1-8B-Instruct,pb_t029_11,random_high_minus_low,20261225,1.0,high_minus_low,interaction,0.043556656770321125
meta-llama/Llama-3.1-8B-Instruct,pb_t029_12,random_high_minus_low,20261225,1.0,high_minus_low,interaction,0.021976133252873908
meta-llama/Llama-3.1-8B-Instruct,pb_t031_06,random_high_minus_low,20261225,1.0,high_minus_low,interaction,0.026869097059439226
meta-llama/Llama-3.1-8B-Instruct,pb_t031_09,random_high_minus_low,20261225,1.0,high_minus_low,interaction,0.03002399435754019
meta-llama/Llama-3.1-8B-Instruct,pb_t031_12,random_high_minus_low,20261225,1.0,high_minus_low,interaction,0.03978666575496387
meta-llama/Llama-3.1-8B-Instruct,pb_t031_13,random_high_minus_low,20261225,1.0,high_minus_low,interaction,0.036006340425638515
meta-llama/Llama-3.1-8B-Instruct,pb_t031_16,random_high_minus_low,20261225,1.0,high_minus_low,interaction,0.028906813266547246
meta-llama/Llama-3.1-8B-Instruct,pb_t032_08,random_high_minus_low,20261225,1.0,high_minus_low,interaction,0.02849316924213986
meta-llama/Llama-3.1-8B-Instruct,pb_t032_09,random_high_minus_low,20261225,1.0,high_minus_low,interaction,0.025587037169721466
meta-llama/Llama-3.1-8B-Instruct,pb_t032_13,random_high_minus_low,20261225,1.0,high_minus_low,interaction,0.04402643537295823
meta-llama/Llama-3.1-8B-Instruct,pb_t032_15,random_high_minus_low,20261225,1.0,high_minus_low,interaction,0.024019908912723334
meta-llama/Llama-3.1-8B-Instruct,pb_t032_16,random_high_minus_low,20261225,1.0,high_minus_low,interaction,0.011993634545804372
meta-llama/Llama-3.1-8B-Instruct,pb_t035_06,random_high_minus_low,20261225,1.0,high_minus_low,interaction,0.03839075634200528
meta-llama/Llama-3.1-8B-Instruct,pb_t035_13,random_high_minus_low,20261225,1.0,high_minus_low,interaction,0.007801786958329742
meta-llama/Llama-3.1-8B-Instruct,pb_t035_15,random_high_minus_low,20261225,1.0,high_minus_low,interaction,0.03133811900479553
meta-llama/Llama-3.1-8B-Instruct,pb_t035_20,random_high_minus_low,20261225,1.0,high_minus_low,interaction,0.012263076200519927
meta-llama/Llama-3.1-8B-Instruct,pb_t035_22,random_high_minus_low,20261225,1.0,high_minus_low,interaction,0.023174726138025955
meta-llama/Llama-3.1-8B-Instruct,pb_t040_08,random_high_minus_low,20261225,1.0,high_minus_low,interaction,0.027012126277967508
meta-llama/Llama-3.1-8B-Instruct,pb_t040_10,random_high_minus_low,20261225,1.0,high_minus_low,interaction,0.031923953840026685
meta-llama/Llama-3.1-8B-Instruct,pb_t040_13,random_high_minus_low,20261225,1.0,high_minus_low,interaction,0.033731864186688304
meta-llama/Llama-3.1-8B-Instruct,pb_t040_14,random_high_minus_low,20261225,1.0,high_minus_low,interaction,0.0513002107629142
meta-llama/Llama-3.1-8B-Instruct,pb_t040_15,random_high_minus_low,20261225,1.0,high_minus_low,interaction,0.02231818413108391
meta-llama/Llama-3.1-8B-Instruct,pb_t001_08,random_high_minus_low,20261226,1.0,high_minus_low,interaction,-0.0760805413984106
meta-llama/Llama-3.1-8B-Instruct,pb_t001_10,random_high_minus_low,20261226,1.0,high_minus_low,interaction,-0.012156593667916748
meta-llama/Llama-3.1-8B-Instruct,pb_t001_11,random_high_minus_low,20261226,1.0,high_minus_low,interaction,-0.03475441753372801
meta-llama/Llama-3.1-8B-Instruct,pb_t001_12,random_high_minus_low,20261226,1.0,high_minus_low,interaction,-0.014755635764532225
meta-llama/Llama-3.1-8B-Instruct,pb_t001_15,random_high_minus_low,20261226,1.0,high_minus_low,interaction,-0.038633908347514005
meta-llama/Llama-3.1-8B-Instruct,pb_t002_08,random_high_minus_low,20261226,1.0,high_minus_low,interaction,-0.009701448914298826
meta-llama/Llama-3.1-8B-Instruct,pb_t002_16,random_high_minus_low,20261226,1.0,high_minus_low,interaction,-0.014490749857992457
meta-llama/Llama-3.1-8B-Instruct,pb_t002_17,random_high_minus_low,20261226,1.0,high_minus_low,interaction,-0.006771187403832394
meta-llama/Llama-3.1-8B-Instruct,pb_t002_18,random_high_minus_low,20261226,1.0,high_minus_low,interaction,-0.039819253093662396
meta-llama/Llama-3.1-8B-Instruct,pb_t002_20,random_high_minus_low,20261226,1.0,high_minus_low,interaction,-0.019881109702074552
meta-llama/Llama-3.1-8B-Instruct,pb_t004_10,random_high_minus_low,20261226,1.0,high_minus_low,interaction,-0.01629842110304064
meta-llama/Llama-3.1-8B-Instruct,pb_t004_11,random_high_minus_low,20261226,1.0,high_minus_low,interaction,-0.032449596719599565
meta-llama/Llama-3.1-8B-Instruct,pb_t004_13,random_high_minus_low,20261226,1.0,high_minus_low,interaction,0.0004970697053233671
meta-llama/Llama-3.1-8B-Instruct,pb_t004_17,random_high_minus_low,20261226,1.0,high_minus_low,interaction,-0.011039583957153137
meta-llama/Llama-3.1-8B-Instruct,pb_t004_20,random_high_minus_low,20261226,1.0,high_minus_low,interaction,-0.014418335635851761
meta-llama/Llama-3.1-8B-Instruct,pb_t006_09,random_high_minus_low,20261226,1.0,high_minus_low,interaction,-0.024759416995878754
meta-llama/Llama-3.1-8B-Instruct,pb_t006_10,random_high_minus_low,20261226,1.0,high_minus_low,interaction,-0.025691476854147896
meta-llama/Llama-3.1-8B-Instruct,pb_t006_12,random_high_minus_low,20261226,1.0,high_minus_low,interaction,-0.0059269873965800395
meta-llama/Llama-3.1-8B-Instruct,pb_t006_18,random_high_minus_low,20261226,1.0,high_minus_low,interaction,-0.02111273962902329
meta-llama/Llama-3.1-8B-Instruct,pb_t006_19,random_high_minus_low,20261226,1.0,high_minus_low,interaction,-0.04910195337125431
meta-llama/Llama-3.1-8B-Instruct,pb_t007_09,random_high_minus_low,20261226,1.0,high_minus_low,interaction,-0.008592809176534795
meta-llama/Llama-3.1-8B-Instruct,pb_t007_10,random_high_minus_low,20261226,1.0,high_minus_low,interaction,-0.0427544800169448
meta-llama/Llama-3.1-8B-Instruct,pb_t007_16,random_high_minus_low,20261226,1.0,high_minus_low,interaction,-0.03346010165550805
meta-llama/Llama-3.1-8B-Instruct,pb_t007_17,random_high_minus_low,20261226,1.0,high_minus_low,interaction,-0.038485511013165136
meta-llama/Llama-3.1-8B-Instruct,pb_t007_19,random_high_minus_low,20261226,1.0,high_minus_low,interaction,0.00230784779018847
meta-llama/Llama-3.1-8B-Instruct,pb_t008_09,random_high_minus_low,20261226,1.0,high_minus_low,interaction,-0.02223656474514244
meta-llama/Llama-3.1-8B-Instruct,pb_t008_11,random_high_minus_low,20261226,1.0,high_minus_low,interaction,-0.02130619728015164
meta-llama/Llama-3.1-8B-Instruct,pb_t008_16,random_high_minus_low,20261226,1.0,high_minus_low,interaction,0.0004372255702331329
meta-llama/Llama-3.1-8B-Instruct,pb_t008_17,random_high_minus_low,20261226,1.0,high_minus_low,interaction,-0.03956548932404469
meta-llama/Llama-3.1-8B-Instruct,pb_t008_20,random_high_minus_low,20261226,1.0,high_minus_low,interaction,-0.02176128022961866
meta-llama/Llama-3.1-8B-Instruct,pb_t009_07,random_high_minus_low,20261226,1.0,high_minus_low,interaction,-0.01724425749087861
meta-llama/Llama-3.1-8B-Instruct,pb_t009_12,random_high_minus_low,20261226,1.0,high_minus_low,interaction,-0.011152100056196098
meta-llama/Llama-3.1-8B-Instruct,pb_t009_15,random_high_minus_low,20261226,1.0,high_minus_low,interaction,-0.028107891963650346
meta-llama/Llama-3.1-8B-Instruct,pb_t009_17,random_high_minus_low,20261226,1.0,high_minus_low,interaction,-0.031675224321004135
meta-llama/Llama-3.1-8B-Instruct,pb_t009_19,random_high_minus_low,20261226,1.0,high_minus_low,interaction,-0.058736889041229035
meta-llama/Llama-3.1-8B-Instruct,pb_t010_09,random_high_minus_low,20261226,1.0,high_minus_low,interaction,-0.004075255420927673
meta-llama/Llama-3.1-8B-Instruct,pb_t010_12,random_high_minus_low,20261226,1.0,high_minus_low,interaction,-0.017924582184090918
meta-llama/Llama-3.1-8B-Instruct,pb_t010_17,random_high_minus_low,20261226,1.0,high_minus_low,interaction,-0.03007066887272139
meta-llama/Llama-3.1-8B-Instruct,pb_t010_19,random_high_minus_low,20261226,1.0,high_minus_low,interaction,-0.029730356477379934
meta-llama/Llama-3.1-8B-Instruct,pb_t010_20,random_high_minus_low,20261226,1.0,high_minus_low,interaction,-0.023077862309790864
meta-llama/Llama-3.1-8B-Instruct,pb_t016_09,random_high_minus_low,20261226,1.0,high_minus_low,interaction,-0.025570185523750566
meta-llama/Llama-3.1-8B-Instruct,pb_t016_10,random_high_minus_low,20261226,1.0,high_minus_low,interaction,-0.011276775508364856
meta-llama/Llama-3.1-8B-Instruct,pb_t016_12,random_high_minus_low,20261226,1.0,high_minus_low,interaction,-0.0385655307443913
meta-llama/Llama-3.1-8B-Instruct,pb_t016_17,random_high_minus_low,20261226,1.0,high_minus_low,interaction,-0.04276132059518861
meta-llama/Llama-3.1-8B-Instruct,pb_t016_20,random_high_minus_low,20261226,1.0,high_minus_low,interaction,-0.026437654274461934
meta-llama/Llama-3.1-8B-Instruct,pb_t018_08,random_high_minus_low,20261226,1.0,high_minus_low,interaction,-0.03391893555631138
meta-llama/Llama-3.1-8B-Instruct,pb_t018_10,random_high_minus_low,20261226,1.0,high_minus_low,interaction,-0.05142467503523737
meta-llama/Llama-3.1-8B-Instruct,pb_t018_11,random_high_minus_low,20261226,1.0,high_minus_low,interaction,-0.02207125024409069
meta-llama/Llama-3.1-8B-Instruct,pb_t018_14,random_high_minus_low,20261226,1.0,high_minus_low,interaction,-0.01108735876107173
meta-llama/Llama-3.1-8B-Instruct,pb_t018_18,random_high_minus_low,20261226,1.0,high_minus_low,interaction,-0.016325188284037322
meta-llama/Llama-3.1-8B-Instruct,pb_t023_09,random_high_minus_low,20261226,1.0,high_minus_low,interaction,-0.02665019727739044
meta-llama/Llama-3.1-8B-Instruct,pb_t023_12,random_high_minus_low,20261226,1.0,high_minus_low,interaction,-0.012792187728681563
meta-llama/Llama-3.1-8B-Instruct,pb_t023_13,random_high_minus_low,20261226,1.0,high_minus_low,interaction,-0.015932135506874077
meta-llama/Llama-3.1-8B-Instruct,pb_t023_17,random_high_minus_low,20261226,1.0,high_minus_low,interaction,-0.027319547106673694
meta-llama/Llama-3.1-8B-Instruct,pb_t023_20,random_high_minus_low,20261226,1.0,high_minus_low,interaction,-0.0520218347568806
meta-llama/Llama-3.1-8B-Instruct,pb_t029_07,random_high_minus_low,20261226,1.0,high_minus_low,interaction,-0.05330041654906797
meta-llama/Llama-3.1-8B-Instruct,pb_t029_09,random_high_minus_low,20261226,1.0,high_minus_low,interaction,-0.027261696896801278
meta-llama/Llama-3.1-8B-Instruct,pb_t029_10,random_high_minus_low,20261226,1.0,high_minus_low,interaction,-0.021123885096028312
meta-llama/Llama-3.1-8B-Instruct,pb_t029_11,random_high_minus_low,20261226,1.0,high_minus_low,interaction,-0.023579200708538015
meta-llama/Llama-3.1-8B-Instruct,pb_t029_12,random_high_minus_low,20261226,1.0,high_minus_low,interaction,-0.01462107126748625
meta-llama/Llama-3.1-8B-Instruct,pb_t031_06,random_high_minus_low,20261226,1.0,high_minus_low,interaction,-0.024311919838948638
meta-llama/Llama-3.1-8B-Instruct,pb_t031_09,random_high_minus_low,20261226,1.0,high_minus_low,interaction,-0.035804985562726446
meta-llama/Llama-3.1-8B-Instruct,pb_t031_12,random_high_minus_low,20261226,1.0,high_minus_low,interaction,-0.022635029410629507
meta-llama/Llama-3.1-8B-Instruct,pb_t031_13,random_high_minus_low,20261226,1.0,high_minus_low,interaction,-0.010490564263850151
meta-llama/Llama-3.1-8B-Instruct,pb_t031_16,random_high_minus_low,20261226,1.0,high_minus_low,interaction,-0.04847571435324823
meta-llama/Llama-3.1-8B-Instruct,pb_t032_08,random_high_minus_low,20261226,1.0,high_minus_low,interaction,-0.050247277847034866
meta-llama/Llama-3.1-8B-Instruct,pb_t032_09,random_high_minus_low,20261226,1.0,high_minus_low,interaction,-0.017475198294310358
meta-llama/Llama-3.1-8B-Instruct,pb_t032_13,random_high_minus_low,20261226,1.0,high_minus_low,interaction,-0.046533352539481085
meta-llama/Llama-3.1-8B-Instruct,pb_t032_15,random_high_minus_low,20261226,1.0,high_minus_low,interaction,0.004304687354955686
meta-llama/Llama-3.1-8B-Instruct,pb_t032_16,random_high_minus_low,20261226,1.0,high_minus_low,interaction,-0.02514205213008995
meta-llama/Llama-3.1-8B-Instruct,pb_t035_06,random_high_minus_low,20261226,1.0,high_minus_low,interaction,-0.011447512424128888
meta-llama/Llama-3.1-8B-Instruct,pb_t035_13,random_high_minus_low,20261226,1.0,high_minus_low,interaction,-0.03138711069102537
meta-llama/Llama-3.1-8B-Instruct,pb_t035_15,random_high_minus_low,20261226,1.0,high_minus_low,interaction,-0.024551652175032263
meta-llama/Llama-3.1-8B-Instruct,pb_t035_20,random_high_minus_low,20261226,1.0,high_minus_low,interaction,-0.01196379155956001
meta-llama/Llama-3.1-8B-Instruct,pb_t035_22,random_high_minus_low,20261226,1.0,high_minus_low,interaction,-0.01315931623190306
meta-llama/Llama-3.1-8B-Instruct,pb_t040_08,random_high_minus_low,20261226,1.0,high_minus_low,interaction,-0.01883485930218031
meta-llama/Llama-3.1-8B-Instruct,pb_t040_10,random_high_minus_low,20261226,1.0,high_minus_low,interaction,-0.022306142508671155
meta-llama/Llama-3.1-8B-Instruct,pb_t040_13,random_high_minus_low,20261226,1.0,high_minus_low,interaction,-0.03142482878386268
meta-llama/Llama-3.1-8B-Instruct,pb_t040_14,random_high_minus_low,20261226,1.0,high_minus_low,interaction,-0.005947727941575859
meta-llama/Llama-3.1-8B-Instruct,pb_t040_15,random_high_minus_low,20261226,1.0,high_minus_low,interaction,-0.011809210699200559
meta-llama/Llama-3.1-8B-Instruct,pb_t001_08,random_high_minus_low,20261227,1.0,high_minus_low,interaction,0.0067894519937440004
meta-llama/Llama-3.1-8B-Instruct,pb_t001_10,random_high_minus_low,20261227,1.0,high_minus_low,interaction,0.011518429191238726
meta-llama/Llama-3.1-8B-Instruct,pb_t001_11,random_high_minus_low,20261227,1.0,high_minus_low,interaction,0.004433245113305198
meta-llama/Llama-3.1-8B-Instruct,pb_t001_12,random_high_minus_low,20261227,1.0,high_minus_low,interaction,0.007601739805155324
meta-llama/Llama-3.1-8B-Instruct,pb_t001_15,random_high_minus_low,20261227,1.0,high_minus_low,interaction,-0.008146661510219333
meta-llama/Llama-3.1-8B-Instruct,pb_t002_08,random_high_minus_low,20261227,1.0,high_minus_low,interaction,-0.006199617148680081
meta-llama/Llama-3.1-8B-Instruct,pb_t002_16,random_high_minus_low,20261227,1.0,high_minus_low,interaction,-0.018125470283106907
meta-llama/Llama-3.1-8B-Instruct,pb_t002_17,random_high_minus_low,20261227,1.0,high_minus_low,interaction,-0.007827892765264988
meta-llama/Llama-3.1-8B-Instruct,pb_t002_18,random_high_minus_low,20261227,1.0,high_minus_low,interaction,-0.018325395724464354
meta-llama/Llama-3.1-8B-Instruct,pb_t002_20,random_high_minus_low,20261227,1.0,high_minus_low,interaction,-0.003535135968653246
meta-llama/Llama-3.1-8B-Instruct,pb_t004_10,random_high_minus_low,20261227,1.0,high_minus_low,interaction,-0.003900391391322224
meta-llama/Llama-3.1-8B-Instruct,pb_t004_11,random_high_minus_low,20261227,1.0,high_minus_low,interaction,-0.00900122231784896
meta-llama/Llama-3.1-8B-Instruct,pb_t004_13,random_high_minus_low,20261227,1.0,high_minus_low,interaction,-0.003710702442749708
meta-llama/Llama-3.1-8B-Instruct,pb_t004_17,random_high_minus_low,20261227,1.0,high_minus_low,interaction,-0.0015518573426621942
meta-llama/Llama-3.1-8B-Instruct,pb_t004_20,random_high_minus_low,20261227,1.0,high_minus_low,interaction,0.00026557516027217107
meta-llama/Llama-3.1-8B-Instruct,pb_t006_09,random_high_minus_low,20261227,1.0,high_minus_low,interaction,-0.026421613369270455
meta-llama/Llama-3.1-8B-Instruct,pb_t006_10,random_high_minus_low,20261227,1.0,high_minus_low,interaction,-0.011326295534661017
meta-llama/Llama-3.1-8B-Instruct,pb_t006_12,random_high_minus_low,20261227,1.0,high_minus_low,interaction,-0.0009471819045178314
meta-llama/Llama-3.1-8B-Instruct,pb_t006_18,random_high_minus_low,20261227,1.0,high_minus_low,interaction,-0.03225951354968078
meta-llama/Llama-3.1-8B-Instruct,pb_t006_19,random_high_minus_low,20261227,1.0,high_minus_low,interaction,8.318891445288938e-05
meta-llama/Llama-3.1-8B-Instruct,pb_t007_09,random_high_minus_low,20261227,1.0,high_minus_low,interaction,-0.021850961924956537
meta-llama/Llama-3.1-8B-Instruct,pb_t007_10,random_high_minus_low,20261227,1.0,high_minus_low,interaction,-0.02523107213245997
meta-llama/Llama-3.1-8B-Instruct,pb_t007_16,random_high_minus_low,20261227,1.0,high_minus_low,interaction,-0.02078056691385649
meta-llama/Llama-3.1-8B-Instruct,pb_t007_17,random_high_minus_low,20261227,1.0,high_minus_low,interaction,-0.010041256841055493
meta-llama/Llama-3.1-8B-Instruct,pb_t007_19,random_high_minus_low,20261227,1.0,high_minus_low,interaction,0.0016091699439307237
meta-llama/Llama-3.1-8B-Instruct,pb_t008_09,random_high_minus_low,20261227,1.0,high_minus_low,interaction,-0.02425478864149127
meta-llama/Llama-3.1-8B-Instruct,pb_t008_11,random_high_minus_low,20261227,1.0,high_minus_low,interaction,-0.005523528529374304
meta-llama/Llama-3.1-8B-Instruct,pb_t008_16,random_high_minus_low,20261227,1.0,high_minus_low,interaction,0.00914096204771011
meta-llama/Llama-3.1-8B-Instruct,pb_t008_17,random_high_minus_low,20261227,1.0,high_minus_low,interaction,-0.013694634899972209
meta-llama/Llama-3.1-8B-Instruct,pb_t008_20,random_high_minus_low,20261227,1.0,high_minus_low,interaction,-0.012403010089846539
meta-llama/Llama-3.1-8B-Instruct,pb_t009_07,random_high_minus_low,20261227,1.0,high_minus_low,interaction,-0.009763109608923248
meta-llama/Llama-3.1-8B-Instruct,pb_t009_12,random_high_minus_low,20261227,1.0,high_minus_low,interaction,-0.003109044485163125
meta-llama/Llama-3.1-8B-Instruct,pb_t009_15,random_high_minus_low,20261227,1.0,high_minus_low,interaction,-0.02244188949450972
meta-llama/Llama-3.1-8B-Instruct,pb_t009_17,random_high_minus_low,20261227,1.0,high_minus_low,interaction,-0.023375928227971368
meta-llama/Llama-3.1-8B-Instruct,pb_t009_19,random_high_minus_low,20261227,1.0,high_minus_low,interaction,0.002155245118799375
meta-llama/Llama-3.1-8B-Instruct,pb_t010_09,random_high_minus_low,20261227,1.0,high_minus_low,interaction,0.0063108447269191
meta-llama/Llama-3.1-8B-Instruct,pb_t010_12,random_high_minus_low,20261227,1.0,high_minus_low,interaction,-0.015065842077244275
meta-llama/Llama-3.1-8B-Instruct,pb_t010_17,random_high_minus_low,20261227,1.0,high_minus_low,interaction,-0.002425878831188825
meta-llama/Llama-3.1-8B-Instruct,pb_t010_19,random_high_minus_low,20261227,1.0,high_minus_low,interaction,-0.03456723530397915
meta-llama/Llama-3.1-8B-Instruct,pb_t010_20,random_high_minus_low,20261227,1.0,high_minus_low,interaction,-0.0013003599056150966
meta-llama/Llama-3.1-8B-Instruct,pb_t016_09,random_high_minus_low,20261227,1.0,high_minus_low,interaction,-0.03013641354649233
meta-llama/Llama-3.1-8B-Instruct,pb_t016_10,random_high_minus_low,20261227,1.0,high_minus_low,interaction,0.013258339010454952
meta-llama/Llama-3.1-8B-Instruct,pb_t016_12,random_high_minus_low,20261227,1.0,high_minus_low,interaction,-0.01406293316559504
meta-llama/Llama-3.1-8B-Instruct,pb_t016_17,random_high_minus_low,20261227,1.0,high_minus_low,interaction,-0.01254262305592782
meta-llama/Llama-3.1-8B-Instruct,pb_t016_20,random_high_minus_low,20261227,1.0,high_minus_low,interaction,-0.03662840715882957
meta-llama/Llama-3.1-8B-Instruct,pb_t018_08,random_high_minus_low,20261227,1.0,high_minus_low,interaction,-0.04148576129364201
meta-llama/Llama-3.1-8B-Instruct,pb_t018_10,random_high_minus_low,20261227,1.0,high_minus_low,interaction,-0.0032702360749607266
meta-llama/Llama-3.1-8B-Instruct,pb_t018_11,random_high_minus_low,20261227,1.0,high_minus_low,interaction,0.009934949327540047
meta-llama/Llama-3.1-8B-Instruct,pb_t018_14,random_high_minus_low,20261227,1.0,high_minus_low,interaction,-0.00045585730434062523
meta-llama/Llama-3.1-8B-Instruct,pb_t018_18,random_high_minus_low,20261227,1.0,high_minus_low,interaction,-0.034163343991385244
meta-llama/Llama-3.1-8B-Instruct,pb_t023_09,random_high_minus_low,20261227,1.0,high_minus_low,interaction,-0.009005231494040629
meta-llama/Llama-3.1-8B-Instruct,pb_t023_12,random_high_minus_low,20261227,1.0,high_minus_low,interaction,-0.010980440788637446
meta-llama/Llama-3.1-8B-Instruct,pb_t023_13,random_high_minus_low,20261227,1.0,high_minus_low,interaction,0.0039311585976775434
meta-llama/Llama-3.1-8B-Instruct,pb_t023_17,random_high_minus_low,20261227,1.0,high_minus_low,interaction,-0.02101330117651589
meta-llama/Llama-3.1-8B-Instruct,pb_t023_20,random_high_minus_low,20261227,1.0,high_minus_low,interaction,0.007005744575362563
meta-llama/Llama-3.1-8B-Instruct,pb_t029_07,random_high_minus_low,20261227,1.0,high_minus_low,interaction,-0.009451561570823929
meta-llama/Llama-3.1-8B-Instruct,pb_t029_09,random_high_minus_low,20261227,1.0,high_minus_low,interaction,-0.01204056259361255
meta-llama/Llama-3.1-8B-Instruct,pb_t029_10,random_high_minus_low,20261227,1.0,high_minus_low,interaction,-0.028782381856577822
meta-llama/Llama-3.1-8B-Instruct,pb_t029_11,random_high_minus_low,20261227,1.0,high_minus_low,interaction,-0.0019424502129283456
meta-llama/Llama-3.1-8B-Instruct,pb_t029_12,random_high_minus_low,20261227,1.0,high_minus_low,interaction,-0.01754927245617266
meta-llama/Llama-3.1-8B-Instruct,pb_t031_06,random_high_minus_low,20261227,1.0,high_minus_low,interaction,-0.00803850448123071
meta-llama/Llama-3.1-8B-Instruct,pb_t031_09,random_high_minus_low,20261227,1.0,high_minus_low,interaction,-0.002080437304211356
meta-llama/Llama-3.1-8B-Instruct,pb_t031_12,random_high_minus_low,20261227,1.0,high_minus_low,interaction,-0.018356742149687022
meta-llama/Llama-3.1-8B-Instruct,pb_t031_13,random_high_minus_low,20261227,1.0,high_minus_low,interaction,0.0046903916245386945
meta-llama/Llama-3.1-8B-Instruct,pb_t031_16,random_high_minus_low,20261227,1.0,high_minus_low,interaction,-0.0009440551993711343
meta-llama/Llama-3.1-8B-Instruct,pb_t032_08,random_high_minus_low,20261227,1.0,high_minus_low,interaction,0.007578544734593692
meta-llama/Llama-3.1-8B-Instruct,pb_t032_09,random_high_minus_low,20261227,1.0,high_minus_low,interaction,-0.010630070378656946
meta-llama/Llama-3.1-8B-Instruct,pb_t032_13,random_high_minus_low,20261227,1.0,high_minus_low,interaction,-0.003386646428527446
meta-llama/Llama-3.1-8B-Instruct,pb_t032_15,random_high_minus_low,20261227,1.0,high_minus_low,interaction,0.014011054469822514
meta-llama/Llama-3.1-8B-Instruct,pb_t032_16,random_high_minus_low,20261227,1.0,high_minus_low,interaction,-0.011617074096491627
meta-llama/Llama-3.1-8B-Instruct,pb_t035_06,random_high_minus_low,20261227,1.0,high_minus_low,interaction,0.0005980340527650986
meta-llama/Llama-3.1-8B-Instruct,pb_t035_13,random_high_minus_low,20261227,1.0,high_minus_low,interaction,0.01144179958510166
meta-llama/Llama-3.1-8B-Instruct,pb_t035_15,random_high_minus_low,20261227,1.0,high_minus_low,interaction,-0.034116888488036956
meta-llama/Llama-3.1-8B-Instruct,pb_t035_20,random_high_minus_low,20261227,1.0,high_minus_low,interaction,-0.013752672906402207
meta-llama/Llama-3.1-8B-Instruct,pb_t035_22,random_high_minus_low,20261227,1.0,high_minus_low,interaction,-0.005211114806046106
meta-llama/Llama-3.1-8B-Instruct,pb_t040_08,random_high_minus_low,20261227,1.0,high_minus_low,interaction,-0.011218681819667231
meta-llama/Llama-3.1-8B-Instruct,pb_t040_10,random_high_minus_low,20261227,1.0,high_minus_low,interaction,-0.028232066664420016
meta-llama/Llama-3.1-8B-Instruct,pb_t040_13,random_high_minus_low,20261227,1.0,high_minus_low,interaction,-0.0034077773828609962
meta-llama/Llama-3.1-8B-Instruct,pb_t040_14,random_high_minus_low,20261227,1.0,high_minus_low,interaction,0.0020947880898830617
meta-llama/Llama-3.1-8B-Instruct,pb_t040_15,random_high_minus_low,20261227,1.0,high_minus_low,interaction,-0.012471544810734658
meta-llama/Llama-3.1-8B-Instruct,pb_t001_08,random_high_minus_low,20261228,1.0,high_minus_low,interaction,-0.011020953135468785
meta-llama/Llama-3.1-8B-Instruct,pb_t001_10,random_high_minus_low,20261228,1.0,high_minus_low,interaction,-0.05354129854556984
meta-llama/Llama-3.1-8B-Instruct,pb_t001_11,random_high_minus_low,20261228,1.0,high_minus_low,interaction,0.0017304550342981022
meta-llama/Llama-3.1-8B-Instruct,pb_t001_12,random_high_minus_low,20261228,1.0,high_minus_low,interaction,-0.03359130295482284
meta-llama/Llama-3.1-8B-Instruct,pb_t001_15,random_high_minus_low,20261228,1.0,high_minus_low,interaction,0.0015728690486718259
meta-llama/Llama-3.1-8B-Instruct,pb_t002_08,random_high_minus_low,20261228,1.0,high_minus_low,interaction,-0.02922030110836308
meta-llama/Llama-3.1-8B-Instruct,pb_t002_16,random_high_minus_low,20261228,1.0,high_minus_low,interaction,0.001548733333483721
meta-llama/Llama-3.1-8B-Instruct,pb_t002_17,random_high_minus_low,20261228,1.0,high_minus_low,interaction,-0.004246066875540761
meta-llama/Llama-3.1-8B-Instruct,pb_t002_18,random_high_minus_low,20261228,1.0,high_minus_low,interaction,-0.0076126648466865
meta-llama/Llama-3.1-8B-Instruct,pb_t002_20,random_high_minus_low,20261228,1.0,high_minus_low,interaction,-0.02127075161483824
meta-llama/Llama-3.1-8B-Instruct,pb_t004_10,random_high_minus_low,20261228,1.0,high_minus_low,interaction,-0.0072570636017212685
meta-llama/Llama-3.1-8B-Instruct,pb_t004_11,random_high_minus_low,20261228,1.0,high_minus_low,interaction,-0.026112025885850532
meta-llama/Llama-3.1-8B-Instruct,pb_t004_13,random_high_minus_low,20261228,1.0,high_minus_low,interaction,-0.029412910696015388
meta-llama/Llama-3.1-8B-Instruct,pb_t004_17,random_high_minus_low,20261228,1.0,high_minus_low,interaction,-0.03822020314932378
meta-llama/Llama-3.1-8B-Instruct,pb_t004_20,random_high_minus_low,20261228,1.0,high_minus_low,interaction,-0.02855549821981412
meta-llama/Llama-3.1-8B-Instruct,pb_t006_09,random_high_minus_low,20261228,1.0,high_minus_low,interaction,-0.007921927793162734
meta-llama/Llama-3.1-8B-Instruct,pb_t006_10,random_high_minus_low,20261228,1.0,high_minus_low,interaction,-0.005079742350725952
meta-llama/Llama-3.1-8B-Instruct,pb_t006_12,random_high_minus_low,20261228,1.0,high_minus_low,interaction,-0.05239897883089112
meta-llama/Llama-3.1-8B-Instruct,pb_t006_18,random_high_minus_low,20261228,1.0,high_minus_low,interaction,-0.03148929575212406
meta-llama/Llama-3.1-8B-Instruct,pb_t006_19,random_high_minus_low,20261228,1.0,high_minus_low,interaction,-0.039695013979972445
meta-llama/Llama-3.1-8B-Instruct,pb_t007_09,random_high_minus_low,20261228,1.0,high_minus_low,interaction,0.0017993017121409598
meta-llama/Llama-3.1-8B-Instruct,pb_t007_10,random_high_minus_low,20261228,1.0,high_minus_low,interaction,-0.029274802815364327
meta-llama/Llama-3.1-8B-Instruct,pb_t007_16,random_high_minus_low,20261228,1.0,high_minus_low,interaction,-0.02191269706777988
meta-llama/Llama-3.1-8B-Instruct,pb_t007_17,random_high_minus_low,20261228,1.0,high_minus_low,interaction,-0.03847798955745567
meta-llama/Llama-3.1-8B-Instruct,pb_t007_19,random_high_minus_low,20261228,1.0,high_minus_low,interaction,-0.030102716363518498
meta-llama/Llama-3.1-8B-Instruct,pb_t008_09,random_high_minus_low,20261228,1.0,high_minus_low,interaction,-0.00495293911588773
meta-llama/Llama-3.1-8B-Instruct,pb_t008_11,random_high_minus_low,20261228,1.0,high_minus_low,interaction,-0.032437036421229866
meta-llama/Llama-3.1-8B-Instruct,pb_t008_16,random_high_minus_low,20261228,1.0,high_minus_low,interaction,-0.02903010612783354
meta-llama/Llama-3.1-8B-Instruct,pb_t008_17,random_high_minus_low,20261228,1.0,high_minus_low,interaction,-0.04508774437457508
meta-llama/Llama-3.1-8B-Instruct,pb_t008_20,random_high_minus_low,20261228,1.0,high_minus_low,interaction,-0.0064658777459542845
meta-llama/Llama-3.1-8B-Instruct,pb_t009_07,random_high_minus_low,20261228,1.0,high_minus_low,interaction,-0.011590548020685737
meta-llama/Llama-3.1-8B-Instruct,pb_t009_12,random_high_minus_low,20261228,1.0,high_minus_low,interaction,-0.03944897926004741
meta-llama/Llama-3.1-8B-Instruct,pb_t009_15,random_high_minus_low,20261228,1.0,high_minus_low,interaction,-0.012192048465613253
meta-llama/Llama-3.1-8B-Instruct,pb_t009_17,random_high_minus_low,20261228,1.0,high_minus_low,interaction,-0.02523344530765968
meta-llama/Llama-3.1-8B-Instruct,pb_t009_19,random_high_minus_low,20261228,1.0,high_minus_low,interaction,-0.02559726911564196
meta-llama/Llama-3.1-8B-Instruct,pb_t010_09,random_high_minus_low,20261228,1.0,high_minus_low,interaction,-0.047122448190498094
meta-llama/Llama-3.1-8B-Instruct,pb_t010_12,random_high_minus_low,20261228,1.0,high_minus_low,interaction,-0.0052479891303783355
meta-llama/Llama-3.1-8B-Instruct,pb_t010_17,random_high_minus_low,20261228,1.0,high_minus_low,interaction,-0.04975966502420841
meta-llama/Llama-3.1-8B-Instruct,pb_t010_19,random_high_minus_low,20261228,1.0,high_minus_low,interaction,-0.04252253166590036
meta-llama/Llama-3.1-8B-Instruct,pb_t010_20,random_high_minus_low,20261228,1.0,high_minus_low,interaction,-0.021869205461233582
meta-llama/Llama-3.1-8B-Instruct,pb_t016_09,random_high_minus_low,20261228,1.0,high_minus_low,interaction,-0.02497111997175696
meta-llama/Llama-3.1-8B-Instruct,pb_t016_10,random_high_minus_low,20261228,1.0,high_minus_low,interaction,-0.05172138721753743
meta-llama/Llama-3.1-8B-Instruct,pb_t016_12,random_high_minus_low,20261228,1.0,high_minus_low,interaction,-0.03350164691666302
meta-llama/Llama-3.1-8B-Instruct,pb_t016_17,random_high_minus_low,20261228,1.0,high_minus_low,interaction,-0.03241442045576041
meta-llama/Llama-3.1-8B-Instruct,pb_t016_20,random_high_minus_low,20261228,1.0,high_minus_low,interaction,-0.033311733382569625
meta-llama/Llama-3.1-8B-Instruct,pb_t018_08,random_high_minus_low,20261228,1.0,high_minus_low,interaction,-0.03139078505863771
meta-llama/Llama-3.1-8B-Instruct,pb_t018_10,random_high_minus_low,20261228,1.0,high_minus_low,interaction,-0.012634361912526806
meta-llama/Llama-3.1-8B-Instruct,pb_t018_11,random_high_minus_low,20261228,1.0,high_minus_low,interaction,-0.03129641254620175
meta-llama/Llama-3.1-8B-Instruct,pb_t018_14,random_high_minus_low,20261228,1.0,high_minus_low,interaction,-0.04065387750141435
meta-llama/Llama-3.1-8B-Instruct,pb_t018_18,random_high_minus_low,20261228,1.0,high_minus_low,interaction,-0.013970718054299388
meta-llama/Llama-3.1-8B-Instruct,pb_t023_09,random_high_minus_low,20261228,1.0,high_minus_low,interaction,-0.0309045824350494
meta-llama/Llama-3.1-8B-Instruct,pb_t023_12,random_high_minus_low,20261228,1.0,high_minus_low,interaction,-0.0314907962796157
meta-llama/Llama-3.1-8B-Instruct,pb_t023_13,random_high_minus_low,20261228,1.0,high_minus_low,interaction,-0.040027521128069565
meta-llama/Llama-3.1-8B-Instruct,pb_t023_17,random_high_minus_low,20261228,1.0,high_minus_low,interaction,-0.00592567180134079
meta-llama/Llama-3.1-8B-Instruct,pb_t023_20,random_high_minus_low,20261228,1.0,high_minus_low,interaction,-0.03861483129346154
meta-llama/Llama-3.1-8B-Instruct,pb_t029_07,random_high_minus_low,20261228,1.0,high_minus_low,interaction,-0.03263749837170952
meta-llama/Llama-3.1-8B-Instruct,pb_t029_09,random_high_minus_low,20261228,1.0,high_minus_low,interaction,-0.03444459198685913
meta-llama/Llama-3.1-8B-Instruct,pb_t029_10,random_high_minus_low,20261228,1.0,high_minus_low,interaction,-0.004479278553304907
meta-llama/Llama-3.1-8B-Instruct,pb_t029_11,random_high_minus_low,20261228,1.0,high_minus_low,interaction,-0.03432573989577204
meta-llama/Llama-3.1-8B-Instruct,pb_t029_12,random_high_minus_low,20261228,1.0,high_minus_low,interaction,-0.037984469904901785
meta-llama/Llama-3.1-8B-Instruct,pb_t031_06,random_high_minus_low,20261228,1.0,high_minus_low,interaction,-0.018729623320875632
meta-llama/Llama-3.1-8B-Instruct,pb_t031_09,random_high_minus_low,20261228,1.0,high_minus_low,interaction,-0.013829052496910292
meta-llama/Llama-3.1-8B-Instruct,pb_t031_12,random_high_minus_low,20261228,1.0,high_minus_low,interaction,-0.01088309105071965
meta-llama/Llama-3.1-8B-Instruct,pb_t031_13,random_high_minus_low,20261228,1.0,high_minus_low,interaction,-0.03481889821217469
meta-llama/Llama-3.1-8B-Instruct,pb_t031_16,random_high_minus_low,20261228,1.0,high_minus_low,interaction,-0.0386993178846049
meta-llama/Llama-3.1-8B-Instruct,pb_t032_08,random_high_minus_low,20261228,1.0,high_minus_low,interaction,-0.01802625089200825
meta-llama/Llama-3.1-8B-Instruct,pb_t032_09,random_high_minus_low,20261228,1.0,high_minus_low,interaction,-0.0125109600535472
meta-llama/Llama-3.1-8B-Instruct,pb_t032_13,random_high_minus_low,20261228,1.0,high_minus_low,interaction,-0.012651404157258888
meta-llama/Llama-3.1-8B-Instruct,pb_t032_15,random_high_minus_low,20261228,1.0,high_minus_low,interaction,-0.043194994413345164
meta-llama/Llama-3.1-8B-Instruct,pb_t032_16,random_high_minus_low,20261228,1.0,high_minus_low,interaction,-0.008457455064390888
meta-llama/Llama-3.1-8B-Instruct,pb_t035_06,random_high_minus_low,20261228,1.0,high_minus_low,interaction,-0.019502968606458188
meta-llama/Llama-3.1-8B-Instruct,pb_t035_13,random_high_minus_low,20261228,1.0,high_minus_low,interaction,-0.032108310742064036
meta-llama/Llama-3.1-8B-Instruct,pb_t035_15,random_high_minus_low,20261228,1.0,high_minus_low,interaction,-0.0325800531988868
meta-llama/Llama-3.1-8B-Instruct,pb_t035_20,random_high_minus_low,20261228,1.0,high_minus_low,interaction,-0.003654370029638029
meta-llama/Llama-3.1-8B-Instruct,pb_t035_22,random_high_minus_low,20261228,1.0,high_minus_low,interaction,-0.04148780706933537
meta-llama/Llama-3.1-8B-Instruct,pb_t040_08,random_high_minus_low,20261228,1.0,high_minus_low,interaction,-0.0028130091540297135
meta-llama/Llama-3.1-8B-Instruct,pb_t040_10,random_high_minus_low,20261228,1.0,high_minus_low,interaction,-0.030901410902776236
meta-llama/Llama-3.1-8B-Instruct,pb_t040_13,random_high_minus_low,20261228,1.0,high_minus_low,interaction,-0.03475997120257941
meta-llama/Llama-3.1-8B-Instruct,pb_t040_14,random_high_minus_low,20261228,1.0,high_minus_low,interaction,-0.05705118370558358
meta-llama/Llama-3.1-8B-Instruct,pb_t040_15,random_high_minus_low,20261228,1.0,high_minus_low,interaction,-0.03353789133615668
meta-llama/Llama-3.1-8B-Instruct,pb_t001_08,random_high_minus_low,20261229,1.0,high_minus_low,interaction,-0.02342705939645321
meta-llama/Llama-3.1-8B-Instruct,pb_t001_10,random_high_minus_low,20261229,1.0,high_minus_low,interaction,-0.010436276274287552
meta-llama/Llama-3.1-8B-Instruct,pb_t001_11,random_high_minus_low,20261229,1.0,high_minus_low,interaction,-0.02404931039714812
meta-llama/Llama-3.1-8B-Instruct,pb_t001_12,random_high_minus_low,20261229,1.0,high_minus_low,interaction,-0.0068895413666170136
meta-llama/Llama-3.1-8B-Instruct,pb_t001_15,random_high_minus_low,20261229,1.0,high_minus_low,interaction,0.011226612585290686
meta-llama/Llama-3.1-8B-Instruct,pb_t002_08,random_high_minus_low,20261229,1.0,high_minus_low,interaction,-0.015004955358460298
meta-llama/Llama-3.1-8B-Instruct,pb_t002_16,random_high_minus_low,20261229,1.0,high_minus_low,interaction,-0.005589610058873979
meta-llama/Llama-3.1-8B-Instruct,pb_t002_17,random_high_minus_low,20261229,1.0,high_minus_low,interaction,-0.008283040226735702
meta-llama/Llama-3.1-8B-Instruct,pb_t002_18,random_high_minus_low,20261229,1.0,high_minus_low,interaction,-0.01031207879067323
meta-llama/Llama-3.1-8B-Instruct,pb_t002_20,random_high_minus_low,20261229,1.0,high_minus_low,interaction,-0.0003171643323689002
meta-llama/Llama-3.1-8B-Instruct,pb_t004_10,random_high_minus_low,20261229,1.0,high_minus_low,interaction,-0.01877906962506097
meta-llama/Llama-3.1-8B-Instruct,pb_t004_11,random_high_minus_low,20261229,1.0,high_minus_low,interaction,0.015991120259656096
meta-llama/Llama-3.1-8B-Instruct,pb_t004_13,random_high_minus_low,20261229,1.0,high_minus_low,interaction,-0.0087624435985062
meta-llama/Llama-3.1-8B-Instruct,pb_t004_17,random_high_minus_low,20261229,1.0,high_minus_low,interaction,-0.003987401166510515
meta-llama/Llama-3.1-8B-Instruct,pb_t004_20,random_high_minus_low,20261229,1.0,high_minus_low,interaction,0.0027813575607135255
meta-llama/Llama-3.1-8B-Instruct,pb_t006_09,random_high_minus_low,20261229,1.0,high_minus_low,interaction,-0.012158414152708777
meta-llama/Llama-3.1-8B-Instruct,pb_t006_10,random_high_minus_low,20261229,1.0,high_minus_low,interaction,-0.005197232875073437
meta-llama/Llama-3.1-8B-Instruct,pb_t006_12,random_high_minus_low,20261229,1.0,high_minus_low,interaction,-0.0041381695490950235
meta-llama/Llama-3.1-8B-Instruct,pb_t006_18,random_high_minus_low,20261229,1.0,high_minus_low,interaction,-0.005129006545576435
meta-llama/Llama-3.1-8B-Instruct,pb_t006_19,random_high_minus_low,20261229,1.0,high_minus_low,interaction,-0.008571394481413166
meta-llama/Llama-3.1-8B-Instruct,pb_t007_09,random_high_minus_low,20261229,1.0,high_minus_low,interaction,-0.0037523338359031293
meta-llama/Llama-3.1-8B-Instruct,pb_t007_10,random_high_minus_low,20261229,1.0,high_minus_low,interaction,0.03376646091336883
meta-llama/Llama-3.1-8B-Instruct,pb_t007_16,random_high_minus_low,20261229,1.0,high_minus_low,interaction,0.023440363289276803
meta-llama/Llama-3.1-8B-Instruct,pb_t007_17,random_high_minus_low,20261229,1.0,high_minus_low,interaction,-0.008431190114182245
meta-llama/Llama-3.1-8B-Instruct,pb_t007_19,random_high_minus_low,20261229,1.0,high_minus_low,interaction,-0.001490236956127187
meta-llama/Llama-3.1-8B-Instruct,pb_t008_09,random_high_minus_low,20261229,1.0,high_minus_low,interaction,-0.01373915223414248
meta-llama/Llama-3.1-8B-Instruct,pb_t008_11,random_high_minus_low,20261229,1.0,high_minus_low,interaction,0.02096034492963919
meta-llama/Llama-3.1-8B-Instruct,pb_t008_16,random_high_minus_low,20261229,1.0,high_minus_low,interaction,-0.005607131309443875
meta-llama/Llama-3.1-8B-Instruct,pb_t008_17,random_high_minus_low,20261229,1.0,high_minus_low,interaction,-0.00470742843176763
meta-llama/Llama-3.1-8B-Instruct,pb_t008_20,random_high_minus_low,20261229,1.0,high_minus_low,interaction,0.01880383165072335
meta-llama/Llama-3.1-8B-Instruct,pb_t009_07,random_high_minus_low,20261229,1.0,high_minus_low,interaction,0.002878673082381192
meta-llama/Llama-3.1-8B-Instruct,pb_t009_12,random_high_minus_low,20261229,1.0,high_minus_low,interaction,0.007054707422681384
meta-llama/Llama-3.1-8B-Instruct,pb_t009_15,random_high_minus_low,20261229,1.0,high_minus_low,interaction,-0.012322835618923092
meta-llama/Llama-3.1-8B-Instruct,pb_t009_17,random_high_minus_low,20261229,1.0,high_minus_low,interaction,0.02533399550532012
meta-llama/Llama-3.1-8B-Instruct,pb_t009_19,random_high_minus_low,20261229,1.0,high_minus_low,interaction,-0.007949033705023128
meta-llama/Llama-3.1-8B-Instruct,pb_t010_09,random_high_minus_low,20261229,1.0,high_minus_low,interaction,-0.018440610083807072
meta-llama/Llama-3.1-8B-Instruct,pb_t010_12,random_high_minus_low,20261229,1.0,high_minus_low,interaction,0.001610068492416676
meta-llama/Llama-3.1-8B-Instruct,pb_t010_17,random_high_minus_low,20261229,1.0,high_minus_low,interaction,-0.014307680245246118
meta-llama/Llama-3.1-8B-Instruct,pb_t010_19,random_high_minus_low,20261229,1.0,high_minus_low,interaction,0.01050582387481924
meta-llama/Llama-3.1-8B-Instruct,pb_t010_20,random_high_minus_low,20261229,1.0,high_minus_low,interaction,0.015983251730428392
meta-llama/Llama-3.1-8B-Instruct,pb_t016_09,random_high_minus_low,20261229,1.0,high_minus_low,interaction,0.00477830347085343
meta-llama/Llama-3.1-8B-Instruct,pb_t016_10,random_high_minus_low,20261229,1.0,high_minus_low,interaction,-0.011057197597386294
meta-llama/Llama-3.1-8B-Instruct,pb_t016_12,random_high_minus_low,20261229,1.0,high_minus_low,interaction,0.009034441363481879
meta-llama/Llama-3.1-8B-Instruct,pb_t016_17,random_high_minus_low,20261229,1.0,high_minus_low,interaction,-0.004289401957542104
meta-llama/Llama-3.1-8B-Instruct,pb_t016_20,random_high_minus_low,20261229,1.0,high_minus_low,interaction,-0.0010387455673790888
meta-llama/Llama-3.1-8B-Instruct,pb_t018_08,random_high_minus_low,20261229,1.0,high_minus_low,interaction,0.027394582186623946
meta-llama/Llama-3.1-8B-Instruct,pb_t018_10,random_high_minus_low,20261229,1.0,high_minus_low,interaction,-0.009030681860560798
meta-llama/Llama-3.1-8B-Instruct,pb_t018_11,random_high_minus_low,20261229,1.0,high_minus_low,interaction,-0.007684038902165931
meta-llama/Llama-3.1-8B-Instruct,pb_t018_14,random_high_minus_low,20261229,1.0,high_minus_low,interaction,0.009244133655615435
meta-llama/Llama-3.1-8B-Instruct,pb_t018_18,random_high_minus_low,20261229,1.0,high_minus_low,interaction,-0.006525949850380694
meta-llama/Llama-3.1-8B-Instruct,pb_t023_09,random_high_minus_low,20261229,1.0,high_minus_low,interaction,0.0013210074901905695
meta-llama/Llama-3.1-8B-Instruct,pb_t023_12,random_high_minus_low,20261229,1.0,high_minus_low,interaction,-0.0053018482469315035
meta-llama/Llama-3.1-8B-Instruct,pb_t023_13,random_high_minus_low,20261229,1.0,high_minus_low,interaction,-0.015724802022375767
meta-llama/Llama-3.1-8B-Instruct,pb_t023_17,random_high_minus_low,20261229,1.0,high_minus_low,interaction,-0.02498442373831291
meta-llama/Llama-3.1-8B-Instruct,pb_t023_20,random_high_minus_low,20261229,1.0,high_minus_low,interaction,-0.009261852099894878
meta-llama/Llama-3.1-8B-Instruct,pb_t029_07,random_high_minus_low,20261229,1.0,high_minus_low,interaction,-0.007013819754776397
meta-llama/Llama-3.1-8B-Instruct,pb_t029_09,random_high_minus_low,20261229,1.0,high_minus_low,interaction,0.00899509467937501
meta-llama/Llama-3.1-8B-Instruct,pb_t029_10,random_high_minus_low,20261229,1.0,high_minus_low,interaction,-0.0069975608064392
meta-llama/Llama-3.1-8B-Instruct,pb_t029_11,random_high_minus_low,20261229,1.0,high_minus_low,interaction,0.003040575595753195
meta-llama/Llama-3.1-8B-Instruct,pb_t029_12,random_high_minus_low,20261229,1.0,high_minus_low,interaction,-0.008200951543499941
meta-llama/Llama-3.1-8B-Instruct,pb_t031_06,random_high_minus_low,20261229,1.0,high_minus_low,interaction,0.018742924215149715
meta-llama/Llama-3.1-8B-Instruct,pb_t031_09,random_high_minus_low,20261229,1.0,high_minus_low,interaction,0.007587414262757485
meta-llama/Llama-3.1-8B-Instruct,pb_t031_12,random_high_minus_low,20261229,1.0,high_minus_low,interaction,-0.0003675676454233485
meta-llama/Llama-3.1-8B-Instruct,pb_t031_13,random_high_minus_low,20261229,1.0,high_minus_low,interaction,0.0022029983673793586
meta-llama/Llama-3.1-8B-Instruct,pb_t031_16,random_high_minus_low,20261229,1.0,high_minus_low,interaction,0.018566805560160056
meta-llama/Llama-3.1-8B-Instruct,pb_t032_08,random_high_minus_low,20261229,1.0,high_minus_low,interaction,-0.012073738618467701
meta-llama/Llama-3.1-8B-Instruct,pb_t032_09,random_high_minus_low,20261229,1.0,high_minus_low,interaction,0.028732435242779207
meta-llama/Llama-3.1-8B-Instruct,pb_t032_13,random_high_minus_low,20261229,1.0,high_minus_low,interaction,0.007051284205931598
meta-llama/Llama-3.1-8B-Instruct,pb_t032_15,random_high_minus_low,20261229,1.0,high_minus_low,interaction,-0.022157838302655615
meta-llama/Llama-3.1-8B-Instruct,pb_t032_16,random_high_minus_low,20261229,1.0,high_minus_low,interaction,-0.019301320250824112
meta-llama/Llama-3.1-8B-Instruct,pb_t035_06,random_high_minus_low,20261229,1.0,high_minus_low,interaction,-0.0004977251701163352
meta-llama/Llama-3.1-8B-Instruct,pb_t035_13,random_high_minus_low,20261229,1.0,high_minus_low,interaction,-0.011874234523748356
meta-llama/Llama-3.1-8B-Instruct,pb_t035_15,random_high_minus_low,20261229,1.0,high_minus_low,interaction,-0.007648722841808078
meta-llama/Llama-3.1-8B-Instruct,pb_t035_20,random_high_minus_low,20261229,1.0,high_minus_low,interaction,0.00658901589883403
meta-llama/Llama-3.1-8B-Instruct,pb_t035_22,random_high_minus_low,20261229,1.0,high_minus_low,interaction,0.009476052091531613
meta-llama/Llama-3.1-8B-Instruct,pb_t040_08,random_high_minus_low,20261229,1.0,high_minus_low,interaction,-0.0028804235677410512
meta-llama/Llama-3.1-8B-Instruct,pb_t040_10,random_high_minus_low,20261229,1.0,high_minus_low,interaction,-0.006374076179348326
meta-llama/Llama-3.1-8B-Instruct,pb_t040_13,random_high_minus_low,20261229,1.0,high_minus_low,interaction,0.01314600506576537
meta-llama/Llama-3.1-8B-Instruct,pb_t040_14,random_high_minus_low,20261229,1.0,high_minus_low,interaction,-0.017239255971414486
meta-llama/Llama-3.1-8B-Instruct,pb_t040_15,random_high_minus_low,20261229,1.0,high_minus_low,interaction,0.022534873966841076
meta-llama/Llama-3.1-8B-Instruct,pb_t001_08,random_high_minus_low,20261230,1.0,high_minus_low,interaction,0.007357129011858884
meta-llama/Llama-3.1-8B-Instruct,pb_t001_10,random_high_minus_low,20261230,1.0,high_minus_low,interaction,-0.005039434952779037
meta-llama/Llama-3.1-8B-Instruct,pb_t001_11,random_high_minus_low,20261230,1.0,high_minus_low,interaction,-0.03287494655077209
meta-llama/Llama-3.1-8B-Instruct,pb_t001_12,random_high_minus_low,20261230,1.0,high_minus_low,interaction,0.024876531148259072
meta-llama/Llama-3.1-8B-Instruct,pb_t001_15,random_high_minus_low,20261230,1.0,high_minus_low,interaction,-0.00035653046969349143
meta-llama/Llama-3.1-8B-Instruct,pb_t002_08,random_high_minus_low,20261230,1.0,high_minus_low,interaction,0.025459612349646707
meta-llama/Llama-3.1-8B-Instruct,pb_t002_16,random_high_minus_low,20261230,1.0,high_minus_low,interaction,-0.019245602186869805
meta-llama/Llama-3.1-8B-Instruct,pb_t002_17,random_high_minus_low,20261230,1.0,high_minus_low,interaction,0.011423556386346904
meta-llama/Llama-3.1-8B-Instruct,pb_t002_18,random_high_minus_low,20261230,1.0,high_minus_low,interaction,-0.0013470629137197865
meta-llama/Llama-3.1-8B-Instruct,pb_t002_20,random_high_minus_low,20261230,1.0,high_minus_low,interaction,0.029172031271126542
meta-llama/Llama-3.1-8B-Instruct,pb_t004_10,random_high_minus_low,20261230,1.0,high_minus_low,interaction,-0.02149956272913171
meta-llama/Llama-3.1-8B-Instruct,pb_t004_11,random_high_minus_low,20261230,1.0,high_minus_low,interaction,0.02131394059125047
meta-llama/Llama-3.1-8B-Instruct,pb_t004_13,random_high_minus_low,20261230,1.0,high_minus_low,interaction,0.04472117753168708
meta-llama/Llama-3.1-8B-Instruct,pb_t004_17,random_high_minus_low,20261230,1.0,high_minus_low,interaction,0.03219159020981441
meta-llama/Llama-3.1-8B-Instruct,pb_t004_20,random_high_minus_low,20261230,1.0,high_minus_low,interaction,-0.00644435933317485
meta-llama/Llama-3.1-8B-Instruct,pb_t006_09,random_high_minus_low,20261230,1.0,high_minus_low,interaction,-0.032045137210477956
meta-llama/Llama-3.1-8B-Instruct,pb_t006_10,random_high_minus_low,20261230,1.0,high_minus_low,interaction,0.012331289355954409
meta-llama/Llama-3.1-8B-Instruct,pb_t006_12,random_high_minus_low,20261230,1.0,high_minus_low,interaction,0.016941094862400752
meta-llama/Llama-3.1-8B-Instruct,pb_t006_18,random_high_minus_low,20261230,1.0,high_minus_low,interaction,-0.011237870835462774
meta-llama/Llama-3.1-8B-Instruct,pb_t006_19,random_high_minus_low,20261230,1.0,high_minus_low,interaction,-0.0021938757523136967
meta-llama/Llama-3.1-8B-Instruct,pb_t007_09,random_high_minus_low,20261230,1.0,high_minus_low,interaction,-0.01741557174351776
meta-llama/Llama-3.1-8B-Instruct,pb_t007_10,random_high_minus_low,20261230,1.0,high_minus_low,interaction,0.004535788402832486
meta-llama/Llama-3.1-8B-Instruct,pb_t007_16,random_high_minus_low,20261230,1.0,high_minus_low,interaction,0.007415260335760213
meta-llama/Llama-3.1-8B-Instruct,pb_t007_17,random_high_minus_low,20261230,1.0,high_minus_low,interaction,-0.0026798708240108322
meta-llama/Llama-3.1-8B-Instruct,pb_t007_19,random_high_minus_low,20261230,1.0,high_minus_low,interaction,0.032172204738004986
meta-llama/Llama-3.1-8B-Instruct,pb_t008_09,random_high_minus_low,20261230,1.0,high_minus_low,interaction,-0.034806320909006684
meta-llama/Llama-3.1-8B-Instruct,pb_t008_11,random_high_minus_low,20261230,1.0,high_minus_low,interaction,0.009284934486524267
meta-llama/Llama-3.1-8B-Instruct,pb_t008_16,random_high_minus_low,20261230,1.0,high_minus_low,interaction,0.019439057904180865
meta-llama/Llama-3.1-8B-Instruct,pb_t008_17,random_high_minus_low,20261230,1.0,high_minus_low,interaction,-0.008634603019049768
meta-llama/Llama-3.1-8B-Instruct,pb_t008_20,random_high_minus_low,20261230,1.0,high_minus_low,interaction,0.03683524145119533
meta-llama/Llama-3.1-8B-Instruct,pb_t009_07,random_high_minus_low,20261230,1.0,high_minus_low,interaction,0.0162767079427754
meta-llama/Llama-3.1-8B-Instruct,pb_t009_12,random_high_minus_low,20261230,1.0,high_minus_low,interaction,0.025327101744269907
meta-llama/Llama-3.1-8B-Instruct,pb_t009_15,random_high_minus_low,20261230,1.0,high_minus_low,interaction,-0.014158411647131946
meta-llama/Llama-3.1-8B-Instruct,pb_t009_17,random_high_minus_low,20261230,1.0,high_minus_low,interaction,0.012649304672553846
meta-llama/Llama-3.1-8B-Instruct,pb_t009_19,random_high_minus_low,20261230,1.0,high_minus_low,interaction,0.012248528791205278
meta-llama/Llama-3.1-8B-Instruct,pb_t010_09,random_high_minus_low,20261230,1.0,high_minus_low,interaction,0.001449163216649496
meta-llama/Llama-3.1-8B-Instruct,pb_t010_12,random_high_minus_low,20261230,1.0,high_minus_low,interaction,-0.010303502014408368
meta-llama/Llama-3.1-8B-Instruct,pb_t010_17,random_high_minus_low,20261230,1.0,high_minus_low,interaction,-0.002256010703785241
meta-llama/Llama-3.1-8B-Instruct,pb_t010_19,random_high_minus_low,20261230,1.0,high_minus_low,interaction,-0.004818540698402191
meta-llama/Llama-3.1-8B-Instruct,pb_t010_20,random_high_minus_low,20261230,1.0,high_minus_low,interaction,0.0009982704480024855
meta-llama/Llama-3.1-8B-Instruct,pb_t016_09,random_high_minus_low,20261230,1.0,high_minus_low,interaction,-0.024243710619574452
meta-llama/Llama-3.1-8B-Instruct,pb_t016_10,random_high_minus_low,20261230,1.0,high_minus_low,interaction,0.008329079374442118
meta-llama/Llama-3.1-8B-Instruct,pb_t016_12,random_high_minus_low,20261230,1.0,high_minus_low,interaction,0.008236294863760641
meta-llama/Llama-3.1-8B-Instruct,pb_t016_17,random_high_minus_low,20261230,1.0,high_minus_low,interaction,0.005070734057768848
meta-llama/Llama-3.1-8B-Instruct,pb_t016_20,random_high_minus_low,20261230,1.0,high_minus_low,interaction,-0.005263219168909823
meta-llama/Llama-3.1-8B-Instruct,pb_t018_08,random_high_minus_low,20261230,1.0,high_minus_low,interaction,0.005479984636517773
meta-llama/Llama-3.1-8B-Instruct,pb_t018_10,random_high_minus_low,20261230,1.0,high_minus_low,interaction,0.015129416677648088
meta-llama/Llama-3.1-8B-Instruct,pb_t018_11,random_high_minus_low,20261230,1.0,high_minus_low,interaction,0.019791897924559307
meta-llama/Llama-3.1-8B-Instruct,pb_t018_14,random_high_minus_low,20261230,1.0,high_minus_low,interaction,0.010327025915256948
meta-llama/Llama-3.1-8B-Instruct,pb_t018_18,random_high_minus_low,20261230,1.0,high_minus_low,interaction,-0.0195503456543705
meta-llama/Llama-3.1-8B-Instruct,pb_t023_09,random_high_minus_low,20261230,1.0,high_minus_low,interaction,0.002128361554240036
meta-llama/Llama-3.1-8B-Instruct,pb_t023_12,random_high_minus_low,20261230,1.0,high_minus_low,interaction,0.011701028800130329
meta-llama/Llama-3.1-8B-Instruct,pb_t023_13,random_high_minus_low,20261230,1.0,high_minus_low,interaction,-0.006073315433303431
meta-llama/Llama-3.1-8B-Instruct,pb_t023_17,random_high_minus_low,20261230,1.0,high_minus_low,interaction,-0.027019380643289553
meta-llama/Llama-3.1-8B-Instruct,pb_t023_20,random_high_minus_low,20261230,1.0,high_minus_low,interaction,0.0067601030634868026
meta-llama/Llama-3.1-8B-Instruct,pb_t029_07,random_high_minus_low,20261230,1.0,high_minus_low,interaction,0.016136138603051898
meta-llama/Llama-3.1-8B-Instruct,pb_t029_09,random_high_minus_low,20261230,1.0,high_minus_low,interaction,-0.005374424788918671
meta-llama/Llama-3.1-8B-Instruct,pb_t029_10,random_high_minus_low,20261230,1.0,high_minus_low,interaction,-0.014954239681890604
meta-llama/Llama-3.1-8B-Instruct,pb_t029_11,random_high_minus_low,20261230,1.0,high_minus_low,interaction,0.03396679987703931
meta-llama/Llama-3.1-8B-Instruct,pb_t029_12,random_high_minus_low,20261230,1.0,high_minus_low,interaction,0.03840694148898054
meta-llama/Llama-3.1-8B-Instruct,pb_t031_06,random_high_minus_low,20261230,1.0,high_minus_low,interaction,0.016215875074173998
meta-llama/Llama-3.1-8B-Instruct,pb_t031_09,random_high_minus_low,20261230,1.0,high_minus_low,interaction,0.005131304746685916
meta-llama/Llama-3.1-8B-Instruct,pb_t031_12,random_high_minus_low,20261230,1.0,high_minus_low,interaction,-0.028559060346023814
meta-llama/Llama-3.1-8B-Instruct,pb_t031_13,random_high_minus_low,20261230,1.0,high_minus_low,interaction,0.01608678112954206
meta-llama/Llama-3.1-8B-Instruct,pb_t031_16,random_high_minus_low,20261230,1.0,high_minus_low,interaction,-0.003504540158758086
meta-llama/Llama-3.1-8B-Instruct,pb_t032_08,random_high_minus_low,20261230,1.0,high_minus_low,interaction,0.008721082322638558
meta-llama/Llama-3.1-8B-Instruct,pb_t032_09,random_high_minus_low,20261230,1.0,high_minus_low,interaction,0.0168242543054004
meta-llama/Llama-3.1-8B-Instruct,pb_t032_13,random_high_minus_low,20261230,1.0,high_minus_low,interaction,0.014036117805947382
meta-llama/Llama-3.1-8B-Instruct,pb_t032_15,random_high_minus_low,20261230,1.0,high_minus_low,interaction,-0.003915376141039699
meta-llama/Llama-3.1-8B-Instruct,pb_t032_16,random_high_minus_low,20261230,1.0,high_minus_low,interaction,-0.014226237289769702
meta-llama/Llama-3.1-8B-Instruct,pb_t035_06,random_high_minus_low,20261230,1.0,high_minus_low,interaction,0.029990586885307452
meta-llama/Llama-3.1-8B-Instruct,pb_t035_13,random_high_minus_low,20261230,1.0,high_minus_low,interaction,-0.004847657903610959
meta-llama/Llama-3.1-8B-Instruct,pb_t035_15,random_high_minus_low,20261230,1.0,high_minus_low,interaction,-0.02611794401345364
meta-llama/Llama-3.1-8B-Instruct,pb_t035_20,random_high_minus_low,20261230,1.0,high_minus_low,interaction,-0.023658124558070284
meta-llama/Llama-3.1-8B-Instruct,pb_t035_22,random_high_minus_low,20261230,1.0,high_minus_low,interaction,-0.012433209857455364
meta-llama/Llama-3.1-8B-Instruct,pb_t040_08,random_high_minus_low,20261230,1.0,high_minus_low,interaction,-0.013867675065502419
meta-llama/Llama-3.1-8B-Instruct,pb_t040_10,random_high_minus_low,20261230,1.0,high_minus_low,interaction,-0.0037306916098043133
meta-llama/Llama-3.1-8B-Instruct,pb_t040_13,random_high_minus_low,20261230,1.0,high_minus_low,interaction,0.007766754443445477
meta-llama/Llama-3.1-8B-Instruct,pb_t040_14,random_high_minus_low,20261230,1.0,high_minus_low,interaction,0.001551570582345176
meta-llama/Llama-3.1-8B-Instruct,pb_t040_15,random_high_minus_low,20261230,1.0,high_minus_low,interaction,-0.014438654895593346
meta-llama/Llama-3.1-8B-Instruct,pb_t001_08,random_high_minus_low,20261231,1.0,high_minus_low,interaction,0.019726379755864023
meta-llama/Llama-3.1-8B-Instruct,pb_t001_10,random_high_minus_low,20261231,1.0,high_minus_low,interaction,0.013433637206006922
meta-llama/Llama-3.1-8B-Instruct,pb_t001_11,random_high_minus_low,20261231,1.0,high_minus_low,interaction,0.025301453794329007
meta-llama/Llama-3.1-8B-Instruct,pb_t001_12,random_high_minus_low,20261231,1.0,high_minus_low,interaction,0.013100062595369605
meta-llama/Llama-3.1-8B-Instruct,pb_t001_15,random_high_minus_low,20261231,1.0,high_minus_low,interaction,0.017217471053640614
meta-llama/Llama-3.1-8B-Instruct,pb_t002_08,random_high_minus_low,20261231,1.0,high_minus_low,interaction,0.011201447582736387
meta-llama/Llama-3.1-8B-Instruct,pb_t002_16,random_high_minus_low,20261231,1.0,high_minus_low,interaction,0.041183491501074976
meta-llama/Llama-3.1-8B-Instruct,pb_t002_17,random_high_minus_low,20261231,1.0,high_minus_low,interaction,0.029548473955024048
meta-llama/Llama-3.1-8B-Instruct,pb_t002_18,random_high_minus_low,20261231,1.0,high_minus_low,interaction,0.03355635492921616
meta-llama/Llama-3.1-8B-Instruct,pb_t002_20,random_high_minus_low,20261231,1.0,high_minus_low,interaction,0.017692254509055993
meta-llama/Llama-3.1-8B-Instruct,pb_t004_10,random_high_minus_low,20261231,1.0,high_minus_low,interaction,0.04665017821711583
meta-llama/Llama-3.1-8B-Instruct,pb_t004_11,random_high_minus_low,20261231,1.0,high_minus_low,interaction,0.02199831858376849
meta-llama/Llama-3.1-8B-Instruct,pb_t004_13,random_high_minus_low,20261231,1.0,high_minus_low,interaction,0.015369734571512052
meta-llama/Llama-3.1-8B-Instruct,pb_t004_17,random_high_minus_low,20261231,1.0,high_minus_low,interaction,0.034508180002932085
meta-llama/Llama-3.1-8B-Instruct,pb_t004_20,random_high_minus_low,20261231,1.0,high_minus_low,interaction,0.031164925549702283
meta-llama/Llama-3.1-8B-Instruct,pb_t006_09,random_high_minus_low,20261231,1.0,high_minus_low,interaction,0.037965012435210894
meta-llama/Llama-3.1-8B-Instruct,pb_t006_10,random_high_minus_low,20261231,1.0,high_minus_low,interaction,0.03726646555212522
meta-llama/Llama-3.1-8B-Instruct,pb_t006_12,random_high_minus_low,20261231,1.0,high_minus_low,interaction,0.0273017319383177
meta-llama/Llama-3.1-8B-Instruct,pb_t006_18,random_high_minus_low,20261231,1.0,high_minus_low,interaction,0.03080904256460941
meta-llama/Llama-3.1-8B-Instruct,pb_t006_19,random_high_minus_low,20261231,1.0,high_minus_low,interaction,0.038951915262971246
meta-llama/Llama-3.1-8B-Instruct,pb_t007_09,random_high_minus_low,20261231,1.0,high_minus_low,interaction,0.03874102077823378
meta-llama/Llama-3.1-8B-Instruct,pb_t007_10,random_high_minus_low,20261231,1.0,high_minus_low,interaction,0.02556035213065509
meta-llama/Llama-3.1-8B-Instruct,pb_t007_16,random_high_minus_low,20261231,1.0,high_minus_low,interaction,0.01790734875111279
meta-llama/Llama-3.1-8B-Instruct,pb_t007_17,random_high_minus_low,20261231,1.0,high_minus_low,interaction,0.027398195350261098
meta-llama/Llama-3.1-8B-Instruct,pb_t007_19,random_high_minus_low,20261231,1.0,high_minus_low,interaction,0.028851809467018655
meta-llama/Llama-3.1-8B-Instruct,pb_t008_09,random_high_minus_low,20261231,1.0,high_minus_low,interaction,0.031679605270887645
meta-llama/Llama-3.1-8B-Instruct,pb_t008_11,random_high_minus_low,20261231,1.0,high_minus_low,interaction,0.016603847409468034
meta-llama/Llama-3.1-8B-Instruct,pb_t008_16,random_high_minus_low,20261231,1.0,high_minus_low,interaction,0.037446599643158975
meta-llama/Llama-3.1-8B-Instruct,pb_t008_17,random_high_minus_low,20261231,1.0,high_minus_low,interaction,0.03425093839257903
meta-llama/Llama-3.1-8B-Instruct,pb_t008_20,random_high_minus_low,20261231,1.0,high_minus_low,interaction,-0.0022648345759739602
meta-llama/Llama-3.1-8B-Instruct,pb_t009_07,random_high_minus_low,20261231,1.0,high_minus_low,interaction,0.02656483595060571
meta-llama/Llama-3.1-8B-Instruct,pb_t009_12,random_high_minus_low,20261231,1.0,high_minus_low,interaction,0.03834236030109689
meta-llama/Llama-3.1-8B-Instruct,pb_t009_15,random_high_minus_low,20261231,1.0,high_minus_low,interaction,0.025140771026976108
meta-llama/Llama-3.1-8B-Instruct,pb_t009_17,random_high_minus_low,20261231,1.0,high_minus_low,interaction,0.011109604666603472
meta-llama/Llama-3.1-8B-Instruct,pb_t009_19,random_high_minus_low,20261231,1.0,high_minus_low,interaction,0.025041963869077075
meta-llama/Llama-3.1-8B-Instruct,pb_t010_09,random_high_minus_low,20261231,1.0,high_minus_low,interaction,0.03286127814774661
meta-llama/Llama-3.1-8B-Instruct,pb_t010_12,random_high_minus_low,20261231,1.0,high_minus_low,interaction,0.03425819775176442
meta-llama/Llama-3.1-8B-Instruct,pb_t010_17,random_high_minus_low,20261231,1.0,high_minus_low,interaction,0.04169360853857896
meta-llama/Llama-3.1-8B-Instruct,pb_t010_19,random_high_minus_low,20261231,1.0,high_minus_low,interaction,0.03290021224442481
meta-llama/Llama-3.1-8B-Instruct,pb_t010_20,random_high_minus_low,20261231,1.0,high_minus_low,interaction,0.015077625677099542
meta-llama/Llama-3.1-8B-Instruct,pb_t016_09,random_high_minus_low,20261231,1.0,high_minus_low,interaction,0.01992583695220282
meta-llama/Llama-3.1-8B-Instruct,pb_t016_10,random_high_minus_low,20261231,1.0,high_minus_low,interaction,0.030951754551631898
meta-llama/Llama-3.1-8B-Instruct,pb_t016_12,random_high_minus_low,20261231,1.0,high_minus_low,interaction,-0.0006695240899379862
meta-llama/Llama-3.1-8B-Instruct,pb_t016_17,random_high_minus_low,20261231,1.0,high_minus_low,interaction,0.03322316782593877
meta-llama/Llama-3.1-8B-Instruct,pb_t016_20,random_high_minus_low,20261231,1.0,high_minus_low,interaction,0.022738383317889677
meta-llama/Llama-3.1-8B-Instruct,pb_t018_08,random_high_minus_low,20261231,1.0,high_minus_low,interaction,0.01656834859956726
meta-llama/Llama-3.1-8B-Instruct,pb_t018_10,random_high_minus_low,20261231,1.0,high_minus_low,interaction,0.013125594941103422
meta-llama/Llama-3.1-8B-Instruct,pb_t018_11,random_high_minus_low,20261231,1.0,high_minus_low,interaction,0.015052716732735753
meta-llama/Llama-3.1-8B-Instruct,pb_t018_14,random_high_minus_low,20261231,1.0,high_minus_low,interaction,0.008799676011944693
meta-llama/Llama-3.1-8B-Instruct,pb_t018_18,random_high_minus_low,20261231,1.0,high_minus_low,interaction,0.01198531944366086
meta-llama/Llama-3.1-8B-Instruct,pb_t023_09,random_high_minus_low,20261231,1.0,high_minus_low,interaction,0.02616416895729482
meta-llama/Llama-3.1-8B-Instruct,pb_t023_12,random_high_minus_low,20261231,1.0,high_minus_low,interaction,0.017535206304219297
meta-llama/Llama-3.1-8B-Instruct,pb_t023_13,random_high_minus_low,20261231,1.0,high_minus_low,interaction,0.022121804116372837
meta-llama/Llama-3.1-8B-Instruct,pb_t023_17,random_high_minus_low,20261231,1.0,high_minus_low,interaction,0.02203277791563936
meta-llama/Llama-3.1-8B-Instruct,pb_t023_20,random_high_minus_low,20261231,1.0,high_minus_low,interaction,0.02149431713460646
meta-llama/Llama-3.1-8B-Instruct,pb_t029_07,random_high_minus_low,20261231,1.0,high_minus_low,interaction,0.012485410065441226
meta-llama/Llama-3.1-8B-Instruct,pb_t029_09,random_high_minus_low,20261231,1.0,high_minus_low,interaction,0.0208646614935026
meta-llama/Llama-3.1-8B-Instruct,pb_t029_10,random_high_minus_low,20261231,1.0,high_minus_low,interaction,0.028870373679966036
meta-llama/Llama-3.1-8B-Instruct,pb_t029_11,random_high_minus_low,20261231,1.0,high_minus_low,interaction,0.0026747214447440846
meta-llama/Llama-3.1-8B-Instruct,pb_t029_12,random_high_minus_low,20261231,1.0,high_minus_low,interaction,0.015342466154911728
meta-llama/Llama-3.1-8B-Instruct,pb_t031_06,random_high_minus_low,20261231,1.0,high_minus_low,interaction,0.02095001129234219
meta-llama/Llama-3.1-8B-Instruct,pb_t031_09,random_high_minus_low,20261231,1.0,high_minus_low,interaction,0.010953337213606255
meta-llama/Llama-3.1-8B-Instruct,pb_t031_12,random_high_minus_low,20261231,1.0,high_minus_low,interaction,0.04616995376372377
meta-llama/Llama-3.1-8B-Instruct,pb_t031_13,random_high_minus_low,20261231,1.0,high_minus_low,interaction,0.03746553973383078
meta-llama/Llama-3.1-8B-Instruct,pb_t031_16,random_high_minus_low,20261231,1.0,high_minus_low,interaction,0.01664812395959921
meta-llama/Llama-3.1-8B-Instruct,pb_t032_08,random_high_minus_low,20261231,1.0,high_minus_low,interaction,0.02697647431825071
meta-llama/Llama-3.1-8B-Instruct,pb_t032_09,random_high_minus_low,20261231,1.0,high_minus_low,interaction,0.01254470601591797
meta-llama/Llama-3.1-8B-Instruct,pb_t032_13,random_high_minus_low,20261231,1.0,high_minus_low,interaction,0.023411306152681468
meta-llama/Llama-3.1-8B-Instruct,pb_t032_15,random_high_minus_low,20261231,1.0,high_minus_low,interaction,0.0340321810878638
meta-llama/Llama-3.1-8B-Instruct,pb_t032_16,random_high_minus_low,20261231,1.0,high_minus_low,interaction,0.03426904588302105
meta-llama/Llama-3.1-8B-Instruct,pb_t035_06,random_high_minus_low,20261231,1.0,high_minus_low,interaction,0.02499662803191046
meta-llama/Llama-3.1-8B-Instruct,pb_t035_13,random_high_minus_low,20261231,1.0,high_minus_low,interaction,0.038948767771078224
meta-llama/Llama-3.1-8B-Instruct,pb_t035_15,random_high_minus_low,20261231,1.0,high_minus_low,interaction,0.026370689938419727
meta-llama/Llama-3.1-8B-Instruct,pb_t035_20,random_high_minus_low,20261231,1.0,high_minus_low,interaction,0.04155011767607584
meta-llama/Llama-3.1-8B-Instruct,pb_t035_22,random_high_minus_low,20261231,1.0,high_minus_low,interaction,0.024568505797136205
meta-llama/Llama-3.1-8B-Instruct,pb_t040_08,random_high_minus_low,20261231,1.0,high_minus_low,interaction,0.03445417911421714
meta-llama/Llama-3.1-8B-Instruct,pb_t040_10,random_high_minus_low,20261231,1.0,high_minus_low,interaction,0.014643599773651437
meta-llama/Llama-3.1-8B-Instruct,pb_t040_13,random_high_minus_low,20261231,1.0,high_minus_low,interaction,0.02616609463527389
meta-llama/Llama-3.1-8B-Instruct,pb_t040_14,random_high_minus_low,20261231,1.0,high_minus_low,interaction,0.0343934766853915
meta-llama/Llama-3.1-8B-Instruct,pb_t040_15,random_high_minus_low,20261231,1.0,high_minus_low,interaction,0.031706157343774806
meta-llama/Llama-3.1-8B-Instruct,pb_t001_08,random_high_minus_low,20261232,1.0,high_minus_low,interaction,0.027044821348016654
meta-llama/Llama-3.1-8B-Instruct,pb_t001_10,random_high_minus_low,20261232,1.0,high_minus_low,interaction,0.01844370304027318
meta-llama/Llama-3.1-8B-Instruct,pb_t001_11,random_high_minus_low,20261232,1.0,high_minus_low,interaction,0.00955473053241045
meta-llama/Llama-3.1-8B-Instruct,pb_t001_12,random_high_minus_low,20261232,1.0,high_minus_low,interaction,0.01691024766861502
meta-llama/Llama-3.1-8B-Instruct,pb_t001_15,random_high_minus_low,20261232,1.0,high_minus_low,interaction,-0.008787259878412584
meta-llama/Llama-3.1-8B-Instruct,pb_t002_08,random_high_minus_low,20261232,1.0,high_minus_low,interaction,0.02215167285393694
meta-llama/Llama-3.1-8B-Instruct,pb_t002_16,random_high_minus_low,20261232,1.0,high_minus_low,interaction,0.00040224614461984234
meta-llama/Llama-3.1-8B-Instruct,pb_t002_17,random_high_minus_low,20261232,1.0,high_minus_low,interaction,0.009533113330016347
meta-llama/Llama-3.1-8B-Instruct,pb_t002_18,random_high_minus_low,20261232,1.0,high_minus_low,interaction,-0.00541128377414124
meta-llama/Llama-3.1-8B-Instruct,pb_t002_20,random_high_minus_low,20261232,1.0,high_minus_low,interaction,-0.00025152236215992586
meta-llama/Llama-3.1-8B-Instruct,pb_t004_10,random_high_minus_low,20261232,1.0,high_minus_low,interaction,-0.006594381145382183
meta-llama/Llama-3.1-8B-Instruct,pb_t004_11,random_high_minus_low,20261232,1.0,high_minus_low,interaction,0.022499695391077122
meta-llama/Llama-3.1-8B-Instruct,pb_t004_13,random_high_minus_low,20261232,1.0,high_minus_low,interaction,0.022525134492774008
meta-llama/Llama-3.1-8B-Instruct,pb_t004_17,random_high_minus_low,20261232,1.0,high_minus_low,interaction,0.011004560448091139
meta-llama/Llama-3.1-8B-Instruct,pb_t004_20,random_high_minus_low,20261232,1.0,high_minus_low,interaction,0.012459909916511696
meta-llama/Llama-3.1-8B-Instruct,pb_t006_09,random_high_minus_low,20261232,1.0,high_minus_low,interaction,-0.008546816744530776
meta-llama/Llama-3.1-8B-Instruct,pb_t006_10,random_high_minus_low,20261232,1.0,high_minus_low,interaction,0.0004319033713641012
meta-llama/Llama-3.1-8B-Instruct,pb_t006_12,random_high_minus_low,20261232,1.0,high_minus_low,interaction,0.011940530909413778
meta-llama/Llama-3.1-8B-Instruct,pb_t006_18,random_high_minus_low,20261232,1.0,high_minus_low,interaction,-0.008707895122735254
meta-llama/Llama-3.1-8B-Instruct,pb_t006_19,random_high_minus_low,20261232,1.0,high_minus_low,interaction,0.023940795181815792
meta-llama/Llama-3.1-8B-Instruct,pb_t007_09,random_high_minus_low,20261232,1.0,high_minus_low,interaction,-0.0049188470275140905
meta-llama/Llama-3.1-8B-Instruct,pb_t007_10,random_high_minus_low,20261232,1.0,high_minus_low,interaction,0.009328144237252414
meta-llama/Llama-3.1-8B-Instruct,pb_t007_16,random_high_minus_low,20261232,1.0,high_minus_low,interaction,0.006343076154458692
meta-llama/Llama-3.1-8B-Instruct,pb_t007_17,random_high_minus_low,20261232,1.0,high_minus_low,interaction,0.0011577606346206027
meta-llama/Llama-3.1-8B-Instruct,pb_t007_19,random_high_minus_low,20261232,1.0,high_minus_low,interaction,0.004939905662040545
meta-llama/Llama-3.1-8B-Instruct,pb_t008_09,random_high_minus_low,20261232,1.0,high_minus_low,interaction,0.00015145873819883662
meta-llama/Llama-3.1-8B-Instruct,pb_t008_11,random_high_minus_low,20261232,1.0,high_minus_low,interaction,0.007172209739695962
meta-llama/Llama-3.1-8B-Instruct,pb_t008_16,random_high_minus_low,20261232,1.0,high_minus_low,interaction,0.017634504881921174
meta-llama/Llama-3.1-8B-Instruct,pb_t008_17,random_high_minus_low,20261232,1.0,high_minus_low,interaction,-0.0018196966778083743
meta-llama/Llama-3.1-8B-Instruct,pb_t008_20,random_high_minus_low,20261232,1.0,high_minus_low,interaction,0.019942285040425556
meta-llama/Llama-3.1-8B-Instruct,pb_t009_07,random_high_minus_low,20261232,1.0,high_minus_low,interaction,0.0001148650346370142
meta-llama/Llama-3.1-8B-Instruct,pb_t009_12,random_high_minus_low,20261232,1.0,high_minus_low,interaction,0.0058075160104796115
meta-llama/Llama-3.1-8B-Instruct,pb_t009_15,random_high_minus_low,20261232,1.0,high_minus_low,interaction,-0.016141152524161713
meta-llama/Llama-3.1-8B-Instruct,pb_t009_17,random_high_minus_low,20261232,1.0,high_minus_low,interaction,-0.0014547822217950723
meta-llama/Llama-3.1-8B-Instruct,pb_t009_19,random_high_minus_low,20261232,1.0,high_minus_low,interaction,0.007652820816659219
meta-llama/Llama-3.1-8B-Instruct,pb_t010_09,random_high_minus_low,20261232,1.0,high_minus_low,interaction,0.01267133588173962
meta-llama/Llama-3.1-8B-Instruct,pb_t010_12,random_high_minus_low,20261232,1.0,high_minus_low,interaction,-0.004750377208624312
meta-llama/Llama-3.1-8B-Instruct,pb_t010_17,random_high_minus_low,20261232,1.0,high_minus_low,interaction,0.011822493267110117
meta-llama/Llama-3.1-8B-Instruct,pb_t010_19,random_high_minus_low,20261232,1.0,high_minus_low,interaction,0.006221290725191267
meta-llama/Llama-3.1-8B-Instruct,pb_t010_20,random_high_minus_low,20261232,1.0,high_minus_low,interaction,0.013676376257937583
meta-llama/Llama-3.1-8B-Instruct,pb_t016_09,random_high_minus_low,20261232,1.0,high_minus_low,interaction,-0.0002623371498026257
meta-llama/Llama-3.1-8B-Instruct,pb_t016_10,random_high_minus_low,20261232,1.0,high_minus_low,interaction,0.02500422187835572
meta-llama/Llama-3.1-8B-Instruct,pb_t016_12,random_high_minus_low,20261232,1.0,high_minus_low,interaction,0.019944796805145534
meta-llama/Llama-3.1-8B-Instruct,pb_t016_17,random_high_minus_low,20261232,1.0,high_minus_low,interaction,0.01726215281377859
meta-llama/Llama-3.1-8B-Instruct,pb_t016_20,random_high_minus_low,20261232,1.0,high_minus_low,interaction,0.012827393970052545
meta-llama/Llama-3.1-8B-Instruct,pb_t018_08,random_high_minus_low,20261232,1.0,high_minus_low,interaction,0.0174663757665442
meta-llama/Llama-3.1-8B-Instruct,pb_t018_10,random_high_minus_low,20261232,1.0,high_minus_low,interaction,0.014589085299222374
meta-llama/Llama-3.1-8B-Instruct,pb_t018_11,random_high_minus_low,20261232,1.0,high_minus_low,interaction,0.008618030840227203
meta-llama/Llama-3.1-8B-Instruct,pb_t018_14,random_high_minus_low,20261232,1.0,high_minus_low,interaction,0.010756011196635598
meta-llama/Llama-3.1-8B-Instruct,pb_t018_18,random_high_minus_low,20261232,1.0,high_minus_low,interaction,-0.0008785935995520022
meta-llama/Llama-3.1-8B-Instruct,pb_t023_09,random_high_minus_low,20261232,1.0,high_minus_low,interaction,0.01575704093505906
meta-llama/Llama-3.1-8B-Instruct,pb_t023_12,random_high_minus_low,20261232,1.0,high_minus_low,interaction,0.01088067494501333
meta-llama/Llama-3.1-8B-Instruct,pb_t023_13,random_high_minus_low,20261232,1.0,high_minus_low,interaction,0.02068445908354207
meta-llama/Llama-3.1-8B-Instruct,pb_t023_17,random_high_minus_low,20261232,1.0,high_minus_low,interaction,-0.013542256059489948
meta-llama/Llama-3.1-8B-Instruct,pb_t023_20,random_high_minus_low,20261232,1.0,high_minus_low,interaction,0.021632901897565136
meta-llama/Llama-3.1-8B-Instruct,pb_t029_07,random_high_minus_low,20261232,1.0,high_minus_low,interaction,0.011617128899463704
meta-llama/Llama-3.1-8B-Instruct,pb_t029_09,random_high_minus_low,20261232,1.0,high_minus_low,interaction,0.015345736546181685
meta-llama/Llama-3.1-8B-Instruct,pb_t029_10,random_high_minus_low,20261232,1.0,high_minus_low,interaction,-0.007512395360436332
meta-llama/Llama-3.1-8B-Instruct,pb_t029_11,random_high_minus_low,20261232,1.0,high_minus_low,interaction,0.0026888611696684653
meta-llama/Llama-3.1-8B-Instruct,pb_t029_12,random_high_minus_low,20261232,1.0,high_minus_low,interaction,0.010157981007677709
meta-llama/Llama-3.1-8B-Instruct,pb_t031_06,random_high_minus_low,20261232,1.0,high_minus_low,interaction,0.008049306203329833
meta-llama/Llama-3.1-8B-Instruct,pb_t031_09,random_high_minus_low,20261232,1.0,high_minus_low,interaction,0.02371192160061216
meta-llama/Llama-3.1-8B-Instruct,pb_t031_12,random_high_minus_low,20261232,1.0,high_minus_low,interaction,0.004588255049012295
meta-llama/Llama-3.1-8B-Instruct,pb_t031_13,random_high_minus_low,20261232,1.0,high_minus_low,interaction,0.004549315251913933
meta-llama/Llama-3.1-8B-Instruct,pb_t031_16,random_high_minus_low,20261232,1.0,high_minus_low,interaction,0.024874254850952786
meta-llama/Llama-3.1-8B-Instruct,pb_t032_08,random_high_minus_low,20261232,1.0,high_minus_low,interaction,0.026027996018309484
meta-llama/Llama-3.1-8B-Instruct,pb_t032_09,random_high_minus_low,20261232,1.0,high_minus_low,interaction,0.011033393192125412
meta-llama/Llama-3.1-8B-Instruct,pb_t032_13,random_high_minus_low,20261232,1.0,high_minus_low,interaction,0.00469024401442293
meta-llama/Llama-3.1-8B-Instruct,pb_t032_15,random_high_minus_low,20261232,1.0,high_minus_low,interaction,0.021383725596305574
meta-llama/Llama-3.1-8B-Instruct,pb_t032_16,random_high_minus_low,20261232,1.0,high_minus_low,interaction,-0.0037674035846887244
meta-llama/Llama-3.1-8B-Instruct,pb_t035_06,random_high_minus_low,20261232,1.0,high_minus_low,interaction,0.009060898170413991
meta-llama/Llama-3.1-8B-Instruct,pb_t035_13,random_high_minus_low,20261232,1.0,high_minus_low,interaction,0.02564032484411133
meta-llama/Llama-3.1-8B-Instruct,pb_t035_15,random_high_minus_low,20261232,1.0,high_minus_low,interaction,0.005302782862343915
meta-llama/Llama-3.1-8B-Instruct,pb_t035_20,random_high_minus_low,20261232,1.0,high_minus_low,interaction,0.00035754112378471887
meta-llama/Llama-3.1-8B-Instruct,pb_t035_22,random_high_minus_low,20261232,1.0,high_minus_low,interaction,0.010594943741965922
meta-llama/Llama-3.1-8B-Instruct,pb_t040_08,random_high_minus_low,20261232,1.0,high_minus_low,interaction,-0.0032057883413804497
meta-llama/Llama-3.1-8B-Instruct,pb_t040_10,random_high_minus_low,20261232,1.0,high_minus_low,interaction,0.013774228271928132
meta-llama/Llama-3.1-8B-Instruct,pb_t040_13,random_high_minus_low,20261232,1.0,high_minus_low,interaction,0.015282197476347388
meta-llama/Llama-3.1-8B-Instruct,pb_t040_14,random_high_minus_low,20261232,1.0,high_minus_low,interaction,0.026987305481245397
meta-llama/Llama-3.1-8B-Instruct,pb_t040_15,random_high_minus_low,20261232,1.0,high_minus_low,interaction,0.00660643201349783
meta-llama/Llama-3.1-8B-Instruct,pb_t001_08,C,,1.0,high_interaction,shared,0.5197351916039649
meta-llama/Llama-3.1-8B-Instruct,pb_t001_08,C,,1.0,low_interaction,shared,-0.0002335835638616971
meta-llama/Llama-3.1-8B-Instruct,pb_t001_08,C_high_minus_low,,1.0,high_minus_low,shared,0.5199687751678266
meta-llama/Llama-3.1-8B-Instruct,pb_t001_10,C,,1.0,high_interaction,shared,0.437988862541745
meta-llama/Llama-3.1-8B-Instruct,pb_t001_10,C,,1.0,low_interaction,shared,-0.0049247603192487405
meta-llama/Llama-3.1-8B-Instruct,pb_t001_10,C_high_minus_low,,1.0,high_minus_low,shared,0.4429136228609938
meta-llama/Llama-3.1-8B-Instruct,pb_t001_11,C,,1.0,high_interaction,shared,0.5232360784509763
meta-llama/Llama-3.1-8B-Instruct,pb_t001_11,C,,1.0,low_interaction,shared,-0.005503371084314384
meta-llama/Llama-3.1-8B-Instruct,pb_t001_11,C_high_minus_low,,1.0,high_minus_low,shared,0.5287394495352907
meta-llama/Llama-3.1-8B-Instruct,pb_t001_12,C,,1.0,high_interaction,shared,0.5640220848685046
meta-llama/Llama-3.1-8B-Instruct,pb_t001_12,C,,1.0,low_interaction,shared,0.003998576939190601
meta-llama/Llama-3.1-8B-Instruct,pb_t001_12,C_high_minus_low,,1.0,high_minus_low,shared,0.560023507929314
meta-llama/Llama-3.1-8B-Instruct,pb_t001_15,C,,1.0,high_interaction,shared,0.5340070491949186
meta-llama/Llama-3.1-8B-Instruct,pb_t001_15,C,,1.0,low_interaction,shared,0.0006343149786797094
meta-llama/Llama-3.1-8B-Instruct,pb_t001_15,C_high_minus_low,,1.0,high_minus_low,shared,0.5333727342162389
meta-llama/Llama-3.1-8B-Instruct,pb_t002_08,C,,1.0,high_interaction,shared,0.5347160582276107
meta-llama/Llama-3.1-8B-Instruct,pb_t002_08,C,,1.0,low_interaction,shared,0.00029897661193159855
meta-llama/Llama-3.1-8B-Instruct,pb_t002_08,C_high_minus_low,,1.0,high_minus_low,shared,0.5344170816156791
meta-llama/Llama-3.1-8B-Instruct,pb_t002_16,C,,1.0,high_interaction,shared,0.5403598929273941
meta-llama/Llama-3.1-8B-Instruct,pb_t002_16,C,,1.0,low_interaction,shared,0.0033857230029486593
meta-llama/Llama-3.1-8B-Instruct,pb_t002_16,C_high_minus_low,,1.0,high_minus_low,shared,0.5369741699244454
meta-llama/Llama-3.1-8B-Instruct,pb_t002_17,C,,1.0,high_interaction,shared,0.5259428557280206
meta-llama/Llama-3.1-8B-Instruct,pb_t002_17,C,,1.0,low_interaction,shared,-0.003576744976118821
meta-llama/Llama-3.1-8B-Instruct,pb_t002_17,C_high_minus_low,,1.0,high_minus_low,shared,0.5295196007041394
meta-llama/Llama-3.1-8B-Instruct,pb_t002_18,C,,1.0,high_interaction,shared,0.5451544525582623
meta-llama/Llama-3.1-8B-Instruct,pb_t002_18,C,,1.0,low_interaction,shared,-0.001781265781584128
meta-llama/Llama-3.1-8B-Instruct,pb_t002_18,C_high_minus_low,,1.0,high_minus_low,shared,0.5469357183398464
meta-llama/Llama-3.1-8B-Instruct,pb_t002_20,C,,1.0,high_interaction,shared,0.5185572371001426
meta-llama/Llama-3.1-8B-Instruct,pb_t002_20,C,,1.0,low_interaction,shared,-0.010448480255974052
meta-llama/Llama-3.1-8B-Instruct,pb_t002_20,C_high_minus_low,,1.0,high_minus_low,shared,0.5290057173561166
meta-llama/Llama-3.1-8B-Instruct,pb_t004_10,C,,1.0,high_interaction,shared,0.5248985421153409
meta-llama/Llama-3.1-8B-Instruct,pb_t004_10,C,,1.0,low_interaction,shared,-0.000462767856607475
meta-llama/Llama-3.1-8B-Instruct,pb_t004_10,C_high_minus_low,,1.0,high_minus_low,shared,0.5253613099719484
meta-llama/Llama-3.1-8B-Instruct,pb_t004_11,C,,1.0,high_interaction,shared,0.6059466735086833
meta-llama/Llama-3.1-8B-Instruct,pb_t004_11,C,,1.0,low_interaction,shared,0.0021984299963294317
meta-llama/Llama-3.1-8B-Instruct,pb_t004_11,C_high_minus_low,,1.0,high_minus_low,shared,0.6037482435123538
meta-llama/Llama-3.1-8B-Instruct,pb_t004_13,C,,1.0,high_interaction,shared,0.5435341707750906
meta-llama/Llama-3.1-8B-Instruct,pb_t004_13,C,,1.0,low_interaction,shared,0.0037716539818662847
meta-llama/Llama-3.1-8B-Instruct,pb_t004_13,C_high_minus_low,,1.0,high_minus_low,shared,0.5397625167932243
meta-llama/Llama-3.1-8B-Instruct,pb_t004_17,C,,1.0,high_interaction,shared,0.48954205354439245
meta-llama/Llama-3.1-8B-Instruct,pb_t004_17,C,,1.0,low_interaction,shared,-0.0001598901266975268
meta-llama/Llama-3.1-8B-Instruct,pb_t004_17,C_high_minus_low,,1.0,high_minus_low,shared,0.48970194367109
meta-llama/Llama-3.1-8B-Instruct,pb_t004_20,C,,1.0,high_interaction,shared,0.4981906586555082
meta-llama/Llama-3.1-8B-Instruct,pb_t004_20,C,,1.0,low_interaction,shared,0.0008921137361333351
meta-llama/Llama-3.1-8B-Instruct,pb_t004_20,C_high_minus_low,,1.0,high_minus_low,shared,0.49729854491937486
meta-llama/Llama-3.1-8B-Instruct,pb_t006_09,C,,1.0,high_interaction,shared,0.5473915955648994
meta-llama/Llama-3.1-8B-Instruct,pb_t006_09,C,,1.0,low_interaction,shared,0.00010552763259918565
meta-llama/Llama-3.1-8B-Instruct,pb_t006_09,C_high_minus_low,,1.0,high_minus_low,shared,0.5472860679323002
meta-llama/Llama-3.1-8B-Instruct,pb_t006_10,C,,1.0,high_interaction,shared,0.5285605958380012
meta-llama/Llama-3.1-8B-Instruct,pb_t006_10,C,,1.0,low_interaction,shared,0.0011190827123973492
meta-llama/Llama-3.1-8B-Instruct,pb_t006_10,C_high_minus_low,,1.0,high_minus_low,shared,0.5274415131256038
meta-llama/Llama-3.1-8B-Instruct,pb_t006_12,C,,1.0,high_interaction,shared,0.524257305565211
meta-llama/Llama-3.1-8B-Instruct,pb_t006_12,C,,1.0,low_interaction,shared,-0.0020902413262356375
meta-llama/Llama-3.1-8B-Instruct,pb_t006_12,C_high_minus_low,,1.0,high_minus_low,shared,0.5263475468914466
meta-llama/Llama-3.1-8B-Instruct,pb_t006_18,C,,1.0,high_interaction,shared,0.5130874590161304
meta-llama/Llama-3.1-8B-Instruct,pb_t006_18,C,,1.0,low_interaction,shared,0.007439698816379031
meta-llama/Llama-3.1-8B-Instruct,pb_t006_18,C_high_minus_low,,1.0,high_minus_low,shared,0.5056477601997513
meta-llama/Llama-3.1-8B-Instruct,pb_t006_19,C,,1.0,high_interaction,shared,0.5576568640601942
meta-llama/Llama-3.1-8B-Instruct,pb_t006_19,C,,1.0,low_interaction,shared,0.0016569475608055547
meta-llama/Llama-3.1-8B-Instruct,pb_t006_19,C_high_minus_low,,1.0,high_minus_low,shared,0.5559999164993886
meta-llama/Llama-3.1-8B-Instruct,pb_t007_09,C,,1.0,high_interaction,shared,0.5236721355746334
meta-llama/Llama-3.1-8B-Instruct,pb_t007_09,C,,1.0,low_interaction,shared,-0.004494875423915694
meta-llama/Llama-3.1-8B-Instruct,pb_t007_09,C_high_minus_low,,1.0,high_minus_low,shared,0.5281670109985491
meta-llama/Llama-3.1-8B-Instruct,pb_t007_10,C,,1.0,high_interaction,shared,0.6045776300525358
meta-llama/Llama-3.1-8B-Instruct,pb_t007_10,C,,1.0,low_interaction,shared,-0.001813787237267635
meta-llama/Llama-3.1-8B-Instruct,pb_t007_10,C_high_minus_low,,1.0,high_minus_low,shared,0.6063914172898035
meta-llama/Llama-3.1-8B-Instruct,pb_t007_16,C,,1.0,high_interaction,shared,0.5182670550152003
meta-llama/Llama-3.1-8B-Instruct,pb_t007_16,C,,1.0,low_interaction,shared,0.005476793612908118
meta-llama/Llama-3.1-8B-Instruct,pb_t007_16,C_high_minus_low,,1.0,high_minus_low,shared,0.5127902614022922
meta-llama/Llama-3.1-8B-Instruct,pb_t007_17,C,,1.0,high_interaction,shared,0.5178627698081101
meta-llama/Llama-3.1-8B-Instruct,pb_t007_17,C,,1.0,low_interaction,shared,0.0050244747455626725
meta-llama/Llama-3.1-8B-Instruct,pb_t007_17,C_high_minus_low,,1.0,high_minus_low,shared,0.5128382950625474
meta-llama/Llama-3.1-8B-Instruct,pb_t007_19,C,,1.0,high_interaction,shared,0.4719798130996229
meta-llama/Llama-3.1-8B-Instruct,pb_t007_19,C,,1.0,low_interaction,shared,0.0037035287933052303
meta-llama/Llama-3.1-8B-Instruct,pb_t007_19,C_high_minus_low,,1.0,high_minus_low,shared,0.4682762843063177
meta-llama/Llama-3.1-8B-Instruct,pb_t008_09,C,,1.0,high_interaction,shared,0.5248810993035861
meta-llama/Llama-3.1-8B-Instruct,pb_t008_09,C,,1.0,low_interaction,shared,0.0032074788911899623
meta-llama/Llama-3.1-8B-Instruct,pb_t008_09,C_high_minus_low,,1.0,high_minus_low,shared,0.5216736204123961
meta-llama/Llama-3.1-8B-Instruct,pb_t008_11,C,,1.0,high_interaction,shared,0.49233724861841255
meta-llama/Llama-3.1-8B-Instruct,pb_t008_11,C,,1.0,low_interaction,shared,0.0011523273971544498
meta-llama/Llama-3.1-8B-Instruct,pb_t008_11,C_high_minus_low,,1.0,high_minus_low,shared,0.4911849212212581
meta-llama/Llama-3.1-8B-Instruct,pb_t008_16,C,,1.0,high_interaction,shared,0.45687651129644796
meta-llama/Llama-3.1-8B-Instruct,pb_t008_16,C,,1.0,low_interaction,shared,-0.0035994976198223017
meta-llama/Llama-3.1-8B-Instruct,pb_t008_16,C_high_minus_low,,1.0,high_minus_low,shared,0.4604760089162703
meta-llama/Llama-3.1-8B-Instruct,pb_t008_17,C,,1.0,high_interaction,shared,0.5124627895864292
meta-llama/Llama-3.1-8B-Instruct,pb_t008_17,C,,1.0,low_interaction,shared,0.004801132938391795
meta-llama/Llama-3.1-8B-Instruct,pb_t008_17,C_high_minus_low,,1.0,high_minus_low,shared,0.5076616566480374
meta-llama/Llama-3.1-8B-Instruct,pb_t008_20,C,,1.0,high_interaction,shared,0.5498132673894248
meta-llama/Llama-3.1-8B-Instruct,pb_t008_20,C,,1.0,low_interaction,shared,-0.00035818058831352365
meta-llama/Llama-3.1-8B-Instruct,pb_t008_20,C_high_minus_low,,1.0,high_minus_low,shared,0.5501714479777383
meta-llama/Llama-3.1-8B-Instruct,pb_t009_07,C,,1.0,high_interaction,shared,0.4828964939508127
meta-llama/Llama-3.1-8B-Instruct,pb_t009_07,C,,1.0,low_interaction,shared,-0.002127857879795592
meta-llama/Llama-3.1-8B-Instruct,pb_t009_07,C_high_minus_low,,1.0,high_minus_low,shared,0.48502435183060827
meta-llama/Llama-3.1-8B-Instruct,pb_t009_12,C,,1.0,high_interaction,shared,0.46848472973142025
meta-llama/Llama-3.1-8B-Instruct,pb_t009_12,C,,1.0,low_interaction,shared,-0.00393112669107032
meta-llama/Llama-3.1-8B-Instruct,pb_t009_12,C_high_minus_low,,1.0,high_minus_low,shared,0.47241585642249057
meta-llama/Llama-3.1-8B-Instruct,pb_t009_15,C,,1.0,high_interaction,shared,0.5378461103726692
meta-llama/Llama-3.1-8B-Instruct,pb_t009_15,C,,1.0,low_interaction,shared,-0.002679885576827306
meta-llama/Llama-3.1-8B-Instruct,pb_t009_15,C_high_minus_low,,1.0,high_minus_low,shared,0.5405259959494965
meta-llama/Llama-3.1-8B-Instruct,pb_t009_17,C,,1.0,high_interaction,shared,0.5822494480957742
meta-llama/Llama-3.1-8B-Instruct,pb_t009_17,C,,1.0,low_interaction,shared,0.0042252183906207295
meta-llama/Llama-3.1-8B-Instruct,pb_t009_17,C_high_minus_low,,1.0,high_minus_low,shared,0.5780242297051534
meta-llama/Llama-3.1-8B-Instruct,pb_t009_19,C,,1.0,high_interaction,shared,0.5217083470700574
meta-llama/Llama-3.1-8B-Instruct,pb_t009_19,C,,1.0,low_interaction,shared,-0.005589350403955153
meta-llama/Llama-3.1-8B-Instruct,pb_t009_19,C_high_minus_low,,1.0,high_minus_low,shared,0.5272976974740126
meta-llama/Llama-3.1-8B-Instruct,pb_t010_09,C,,1.0,high_interaction,shared,0.473839619225473
meta-llama/Llama-3.1-8B-Instruct,pb_t010_09,C,,1.0,low_interaction,shared,-0.0013426728634616785
meta-llama/Llama-3.1-8B-Instruct,pb_t010_09,C_high_minus_low,,1.0,high_minus_low,shared,0.4751822920889347
meta-llama/Llama-3.1-8B-Instruct,pb_t010_12,C,,1.0,high_interaction,shared,0.5098431962949191
meta-llama/Llama-3.1-8B-Instruct,pb_t010_12,C,,1.0,low_interaction,shared,0.0009640526486046607
meta-llama/Llama-3.1-8B-Instruct,pb_t010_12,C_high_minus_low,,1.0,high_minus_low,shared,0.5088791436463145
meta-llama/Llama-3.1-8B-Instruct,pb_t010_17,C,,1.0,high_interaction,shared,0.5332924247967864
meta-llama/Llama-3.1-8B-Instruct,pb_t010_17,C,,1.0,low_interaction,shared,-3.135005980863607e-05
meta-llama/Llama-3.1-8B-Instruct,pb_t010_17,C_high_minus_low,,1.0,high_minus_low,shared,0.533323774856595
meta-llama/Llama-3.1-8B-Instruct,pb_t010_19,C,,1.0,high_interaction,shared,0.5399044514479805
meta-llama/Llama-3.1-8B-Instruct,pb_t010_19,C,,1.0,low_interaction,shared,0.001617525794030165
meta-llama/Llama-3.1-8B-Instruct,pb_t010_19,C_high_minus_low,,1.0,high_minus_low,shared,0.5382869256539503
meta-llama/Llama-3.1-8B-Instruct,pb_t010_20,C,,1.0,high_interaction,shared,0.5302976672385196
meta-llama/Llama-3.1-8B-Instruct,pb_t010_20,C,,1.0,low_interaction,shared,-0.0042786544590849955
meta-llama/Llama-3.1-8B-Instruct,pb_t010_20,C_high_minus_low,,1.0,high_minus_low,shared,0.5345763216976046
meta-llama/Llama-3.1-8B-Instruct,pb_t016_09,C,,1.0,high_interaction,shared,0.5261291454300573
meta-llama/Llama-3.1-8B-Instruct,pb_t016_09,C,,1.0,low_interaction,shared,0.000595544783695443
meta-llama/Llama-3.1-8B-Instruct,pb_t016_09,C_high_minus_low,,1.0,high_minus_low,shared,0.5255336006463619
meta-llama/Llama-3.1-8B-Instruct,pb_t016_10,C,,1.0,high_interaction,shared,0.509659883774151
meta-llama/Llama-3.1-8B-Instruct,pb_t016_10,C,,1.0,low_interaction,shared,0.003345856350557753
meta-llama/Llama-3.1-8B-Instruct,pb_t016_10,C_high_minus_low,,1.0,high_minus_low,shared,0.5063140274235932
meta-llama/Llama-3.1-8B-Instruct,pb_t016_12,C,,1.0,high_interaction,shared,0.5127666225060484
meta-llama/Llama-3.1-8B-Instruct,pb_t016_12,C,,1.0,low_interaction,shared,0.00045269884380626815
meta-llama/Llama-3.1-8B-Instruct,pb_t016_12,C_high_minus_low,,1.0,high_minus_low,shared,0.5123139236622422
meta-llama/Llama-3.1-8B-Instruct,pb_t016_17,C,,1.0,high_interaction,shared,0.5494619855695397
meta-llama/Llama-3.1-8B-Instruct,pb_t016_17,C,,1.0,low_interaction,shared,0.0032018173773760705
meta-llama/Llama-3.1-8B-Instruct,pb_t016_17,C_high_minus_low,,1.0,high_minus_low,shared,0.5462601681921637
meta-llama/Llama-3.1-8B-Instruct,pb_t016_20,C,,1.0,high_interaction,shared,0.5275832548534691
meta-llama/Llama-3.1-8B-Instruct,pb_t016_20,C,,1.0,low_interaction,shared,0.004042492445208309
meta-llama/Llama-3.1-8B-Instruct,pb_t016_20,C_high_minus_low,,1.0,high_minus_low,shared,0.5235407624082609
meta-llama/Llama-3.1-8B-Instruct,pb_t018_08,C,,1.0,high_interaction,shared,0.603153349829347
meta-llama/Llama-3.1-8B-Instruct,pb_t018_08,C,,1.0,low_interaction,shared,-0.002070565664216916
meta-llama/Llama-3.1-8B-Instruct,pb_t018_08,C_high_minus_low,,1.0,high_minus_low,shared,0.6052239154935639
meta-llama/Llama-3.1-8B-Instruct,pb_t018_10,C,,1.0,high_interaction,shared,0.5857608167993512
meta-llama/Llama-3.1-8B-Instruct,pb_t018_10,C,,1.0,low_interaction,shared,-0.010053678826074575
meta-llama/Llama-3.1-8B-Instruct,pb_t018_10,C_high_minus_low,,1.0,high_minus_low,shared,0.5958144956254258
meta-llama/Llama-3.1-8B-Instruct,pb_t018_11,C,,1.0,high_interaction,shared,0.5384783332903086
meta-llama/Llama-3.1-8B-Instruct,pb_t018_11,C,,1.0,low_interaction,shared,-0.008650615269652972
meta-llama/Llama-3.1-8B-Instruct,pb_t018_11,C_high_minus_low,,1.0,high_minus_low,shared,0.5471289485599615
meta-llama/Llama-3.1-8B-Instruct,pb_t018_14,C,,1.0,high_interaction,shared,0.5385998353198899
meta-llama/Llama-3.1-8B-Instruct,pb_t018_14,C,,1.0,low_interaction,shared,0.00021879376556986166
meta-llama/Llama-3.1-8B-Instruct,pb_t018_14,C_high_minus_low,,1.0,high_minus_low,shared,0.53838104155432
meta-llama/Llama-3.1-8B-Instruct,pb_t018_18,C,,1.0,high_interaction,shared,0.5455169744132231
meta-llama/Llama-3.1-8B-Instruct,pb_t018_18,C,,1.0,low_interaction,shared,-0.004941576943980228
meta-llama/Llama-3.1-8B-Instruct,pb_t018_18,C_high_minus_low,,1.0,high_minus_low,shared,0.5504585513572033
meta-llama/Llama-3.1-8B-Instruct,pb_t023_09,C,,1.0,high_interaction,shared,0.5862427748838313
meta-llama/Llama-3.1-8B-Instruct,pb_t023_09,C,,1.0,low_interaction,shared,-0.003788264749267061
meta-llama/Llama-3.1-8B-Instruct,pb_t023_09,C_high_minus_low,,1.0,high_minus_low,shared,0.5900310396330983
meta-llama/Llama-3.1-8B-Instruct,pb_t023_12,C,,1.0,high_interaction,shared,0.523633163367894
meta-llama/Llama-3.1-8B-Instruct,pb_t023_12,C,,1.0,low_interaction,shared,-0.0006358093707006362
meta-llama/Llama-3.1-8B-Instruct,pb_t023_12,C_high_minus_low,,1.0,high_minus_low,shared,0.5242689727385946
meta-llama/Llama-3.1-8B-Instruct,pb_t023_13,C,,1.0,high_interaction,shared,0.4624184311387756
meta-llama/Llama-3.1-8B-Instruct,pb_t023_13,C,,1.0,low_interaction,shared,0.0004631154623984853
meta-llama/Llama-3.1-8B-Instruct,pb_t023_13,C_high_minus_low,,1.0,high_minus_low,shared,0.46195531567637715
meta-llama/Llama-3.1-8B-Instruct,pb_t023_17,C,,1.0,high_interaction,shared,0.5528809372308586
meta-llama/Llama-3.1-8B-Instruct,pb_t023_17,C,,1.0,low_interaction,shared,-0.0008711131517737345
meta-llama/Llama-3.1-8B-Instruct,pb_t023_17,C_high_minus_low,,1.0,high_minus_low,shared,0.5537520503826323
meta-llama/Llama-3.1-8B-Instruct,pb_t023_20,C,,1.0,high_interaction,shared,0.5046864587545233
meta-llama/Llama-3.1-8B-Instruct,pb_t023_20,C,,1.0,low_interaction,shared,-0.0014694552684871229
meta-llama/Llama-3.1-8B-Instruct,pb_t023_20,C_high_minus_low,,1.0,high_minus_low,shared,0.5061559140230104
meta-llama/Llama-3.1-8B-Instruct,pb_t029_07,C,,1.0,high_interaction,shared,0.5872829785856667
meta-llama/Llama-3.1-8B-Instruct,pb_t029_07,C,,1.0,low_interaction,shared,-0.00370903874943004
meta-llama/Llama-3.1-8B-Instruct,pb_t029_07,C_high_minus_low,,1.0,high_minus_low,shared,0.5909920173350968
meta-llama/Llama-3.1-8B-Instruct,pb_t029_09,C,,1.0,high_interaction,shared,0.5773868512627857
meta-llama/Llama-3.1-8B-Instruct,pb_t029_09,C,,1.0,low_interaction,shared,-0.0009326986713684588
meta-llama/Llama-3.1-8B-Instruct,pb_t029_09,C_high_minus_low,,1.0,high_minus_low,shared,0.5783195499341541
meta-llama/Llama-3.1-8B-Instruct,pb_t029_10,C,,1.0,high_interaction,shared,0.5175389231707763
meta-llama/Llama-3.1-8B-Instruct,pb_t029_10,C,,1.0,low_interaction,shared,-0.0012808932414143266
meta-llama/Llama-3.1-8B-Instruct,pb_t029_10,C_high_minus_low,,1.0,high_minus_low,shared,0.5188198164121907
meta-llama/Llama-3.1-8B-Instruct,pb_t029_11,C,,1.0,high_interaction,shared,0.5024147656557091
meta-llama/Llama-3.1-8B-Instruct,pb_t029_11,C,,1.0,low_interaction,shared,-0.004842795343216912
meta-llama/Llama-3.1-8B-Instruct,pb_t029_11,C_high_minus_low,,1.0,high_minus_low,shared,0.507257560998926
meta-llama/Llama-3.1-8B-Instruct,pb_t029_12,C,,1.0,high_interaction,shared,0.5630388317092548
meta-llama/Llama-3.1-8B-Instruct,pb_t029_12,C,,1.0,low_interaction,shared,-0.004482004127995018
meta-llama/Llama-3.1-8B-Instruct,pb_t029_12,C_high_minus_low,,1.0,high_minus_low,shared,0.5675208358372499
meta-llama/Llama-3.1-8B-Instruct,pb_t031_06,C,,1.0,high_interaction,shared,0.56016010696667
meta-llama/Llama-3.1-8B-Instruct,pb_t031_06,C,,1.0,low_interaction,shared,-0.0005367682245209102
meta-llama/Llama-3.1-8B-Instruct,pb_t031_06,C_high_minus_low,,1.0,high_minus_low,shared,0.5606968751911908
meta-llama/Llama-3.1-8B-Instruct,pb_t031_09,C,,1.0,high_interaction,shared,0.5225213479507135
meta-llama/Llama-3.1-8B-Instruct,pb_t031_09,C,,1.0,low_interaction,shared,-0.001794841874336472
meta-llama/Llama-3.1-8B-Instruct,pb_t031_09,C_high_minus_low,,1.0,high_minus_low,shared,0.5243161898250499
meta-llama/Llama-3.1-8B-Instruct,pb_t031_12,C,,1.0,high_interaction,shared,0.5291288522234586
meta-llama/Llama-3.1-8B-Instruct,pb_t031_12,C,,1.0,low_interaction,shared,-0.0017464397769478407
meta-llama/Llama-3.1-8B-Instruct,pb_t031_12,C_high_minus_low,,1.0,high_minus_low,shared,0.5308752920004065
meta-llama/Llama-3.1-8B-Instruct,pb_t031_13,C,,1.0,high_interaction,shared,0.48505754350091873
meta-llama/Llama-3.1-8B-Instruct,pb_t031_13,C,,1.0,low_interaction,shared,-0.0016186762231949463
meta-llama/Llama-3.1-8B-Instruct,pb_t031_13,C_high_minus_low,,1.0,high_minus_low,shared,0.4866762197241137
meta-llama/Llama-3.1-8B-Instruct,pb_t031_16,C,,1.0,high_interaction,shared,0.589238846996865
meta-llama/Llama-3.1-8B-Instruct,pb_t031_16,C,,1.0,low_interaction,shared,-0.0010913848585818453
meta-llama/Llama-3.1-8B-Instruct,pb_t031_16,C_high_minus_low,,1.0,high_minus_low,shared,0.5903302318554469
meta-llama/Llama-3.1-8B-Instruct,pb_t032_08,C,,1.0,high_interaction,shared,0.5862398158243014
meta-llama/Llama-3.1-8B-Instruct,pb_t032_08,C,,1.0,low_interaction,shared,-0.0043185233297521235
meta-llama/Llama-3.1-8B-Instruct,pb_t032_08,C_high_minus_low,,1.0,high_minus_low,shared,0.5905583391540535
meta-llama/Llama-3.1-8B-Instruct,pb_t032_09,C,,1.0,high_interaction,shared,0.5434790367453646
meta-llama/Llama-3.1-8B-Instruct,pb_t032_09,C,,1.0,low_interaction,shared,-0.0007794390173728084
meta-llama/Llama-3.1-8B-Instruct,pb_t032_09,C_high_minus_low,,1.0,high_minus_low,shared,0.5442584757627373
meta-llama/Llama-3.1-8B-Instruct,pb_t032_13,C,,1.0,high_interaction,shared,0.5358356954966556
meta-llama/Llama-3.1-8B-Instruct,pb_t032_13,C,,1.0,low_interaction,shared,-0.002957001952601202
meta-llama/Llama-3.1-8B-Instruct,pb_t032_13,C_high_minus_low,,1.0,high_minus_low,shared,0.5387926974492567
meta-llama/Llama-3.1-8B-Instruct,pb_t032_15,C,,1.0,high_interaction,shared,0.4344749409949749
meta-llama/Llama-3.1-8B-Instruct,pb_t032_15,C,,1.0,low_interaction,shared,-0.0015329469972407393
meta-llama/Llama-3.1-8B-Instruct,pb_t032_15,C_high_minus_low,,1.0,high_minus_low,shared,0.4360078879922156
meta-llama/Llama-3.1-8B-Instruct,pb_t032_16,C,,1.0,high_interaction,shared,0.45858206649416067
meta-llama/Llama-3.1-8B-Instruct,pb_t032_16,C,,1.0,low_interaction,shared,0.0028470697842770767
meta-llama/Llama-3.1-8B-Instruct,pb_t032_16,C_high_minus_low,,1.0,high_minus_low,shared,0.4557349967098836
meta-llama/Llama-3.1-8B-Instruct,pb_t035_06,C,,1.0,high_interaction,shared,0.5078143843968498
meta-llama/Llama-3.1-8B-Instruct,pb_t035_06,C,,1.0,low_interaction,shared,-0.003187231161531331
meta-llama/Llama-3.1-8B-Instruct,pb_t035_06,C_high_minus_low,,1.0,high_minus_low,shared,0.5110016155583811
meta-llama/Llama-3.1-8B-Instruct,pb_t035_13,C,,1.0,high_interaction,shared,0.5230022256062907
meta-llama/Llama-3.1-8B-Instruct,pb_t035_13,C,,1.0,low_interaction,shared,-0.002747643940194966
meta-llama/Llama-3.1-8B-Instruct,pb_t035_13,C_high_minus_low,,1.0,high_minus_low,shared,0.5257498695464857
meta-llama/Llama-3.1-8B-Instruct,pb_t035_15,C,,1.0,high_interaction,shared,0.5840556597462597
meta-llama/Llama-3.1-8B-Instruct,pb_t035_15,C,,1.0,low_interaction,shared,-0.0031599495035271943
meta-llama/Llama-3.1-8B-Instruct,pb_t035_15,C_high_minus_low,,1.0,high_minus_low,shared,0.5872156092497869
meta-llama/Llama-3.1-8B-Instruct,pb_t035_20,C,,1.0,high_interaction,shared,0.5280841257036526
meta-llama/Llama-3.1-8B-Instruct,pb_t035_20,C,,1.0,low_interaction,shared,-6.658892373281935e-05
meta-llama/Llama-3.1-8B-Instruct,pb_t035_20,C_high_minus_low,,1.0,high_minus_low,shared,0.5281507146273854
meta-llama/Llama-3.1-8B-Instruct,pb_t035_22,C,,1.0,high_interaction,shared,0.5626806862551995
meta-llama/Llama-3.1-8B-Instruct,pb_t035_22,C,,1.0,low_interaction,shared,-0.00036556881170472154
meta-llama/Llama-3.1-8B-Instruct,pb_t035_22,C_high_minus_low,,1.0,high_minus_low,shared,0.5630462550669042
meta-llama/Llama-3.1-8B-Instruct,pb_t040_08,C,,1.0,high_interaction,shared,0.5245806526437676
meta-llama/Llama-3.1-8B-Instruct,pb_t040_08,C,,1.0,low_interaction,shared,0.0035936550553200518
meta-llama/Llama-3.1-8B-Instruct,pb_t040_08,C_high_minus_low,,1.0,high_minus_low,shared,0.5209869975884476
meta-llama/Llama-3.1-8B-Instruct,pb_t040_10,C,,1.0,high_interaction,shared,0.5650856216309702
meta-llama/Llama-3.1-8B-Instruct,pb_t040_10,C,,1.0,low_interaction,shared,-0.004578204980791443
meta-llama/Llama-3.1-8B-Instruct,pb_t040_10,C_high_minus_low,,1.0,high_minus_low,shared,0.5696638266117616
meta-llama/Llama-3.1-8B-Instruct,pb_t040_13,C,,1.0,high_interaction,shared,0.511807829833308
meta-llama/Llama-3.1-8B-Instruct,pb_t040_13,C,,1.0,low_interaction,shared,-9.536846133908084e-05
meta-llama/Llama-3.1-8B-Instruct,pb_t040_13,C_high_minus_low,,1.0,high_minus_low,shared,0.511903198294647
meta-llama/Llama-3.1-8B-Instruct,pb_t040_14,C,,1.0,high_interaction,shared,0.5099145699996871
meta-llama/Llama-3.1-8B-Instruct,pb_t040_14,C,,1.0,low_interaction,shared,0.001481968961244022
meta-llama/Llama-3.1-8B-Instruct,pb_t040_14,C_high_minus_low,,1.0,high_minus_low,shared,0.5084326010384431
meta-llama/Llama-3.1-8B-Instruct,pb_t040_15,C,,1.0,high_interaction,shared,0.5504677298434043
meta-llama/Llama-3.1-8B-Instruct,pb_t040_15,C,,1.0,low_interaction,shared,-0.000655864689816202
meta-llama/Llama-3.1-8B-Instruct,pb_t040_15,C_high_minus_low,,1.0,high_minus_low,shared,0.5511235945332205
meta-llama/Llama-3.1-8B-Instruct,pb_t001_08,C,,1.0,high_interaction,format,0.00032818270444439523
meta-llama/Llama-3.1-8B-Instruct,pb_t001_08,C,,1.0,low_interaction,format,0.000585720281840168
meta-llama/Llama-3.1-8B-Instruct,pb_t001_08,C_high_minus_low,,1.0,high_minus_low,format,-0.0002575375773957728
meta-llama/Llama-3.1-8B-Instruct,pb_t001_10,C,,1.0,high_interaction,format,0.0034216463949880826
meta-llama/Llama-3.1-8B-Instruct,pb_t001_10,C,,1.0,low_interaction,format,0.0004925697039453006
meta-llama/Llama-3.1-8B-Instruct,pb_t001_10,C_high_minus_low,,1.0,high_minus_low,format,0.002929076691042782
meta-llama/Llama-3.1-8B-Instruct,pb_t001_11,C,,1.0,high_interaction,format,0.0012969333508041048
meta-llama/Llama-3.1-8B-Instruct,pb_t001_11,C,,1.0,low_interaction,format,-1.1587733968361895e-05
meta-llama/Llama-3.1-8B-Instruct,pb_t001_11,C_high_minus_low,,1.0,high_minus_low,format,0.0013085210847724668
meta-llama/Llama-3.1-8B-Instruct,pb_t001_12,C,,1.0,high_interaction,format,0.0025843627812843807
meta-llama/Llama-3.1-8B-Instruct,pb_t001_12,C,,1.0,low_interaction,format,0.00015744303524017496
meta-llama/Llama-3.1-8B-Instruct,pb_t001_12,C_high_minus_low,,1.0,high_minus_low,format,0.0024269197460442056
meta-llama/Llama-3.1-8B-Instruct,pb_t001_15,C,,1.0,high_interaction,format,0.0035890798737856565
meta-llama/Llama-3.1-8B-Instruct,pb_t001_15,C,,1.0,low_interaction,format,-2.0477313411908633e-05
meta-llama/Llama-3.1-8B-Instruct,pb_t001_15,C_high_minus_low,,1.0,high_minus_low,format,0.003609557187197565
meta-llama/Llama-3.1-8B-Instruct,pb_t002_08,C,,1.0,high_interaction,format,0.006932141532900181
meta-llama/Llama-3.1-8B-Instruct,pb_t002_08,C,,1.0,low_interaction,format,0.0003434135130807293
meta-llama/Llama-3.1-8B-Instruct,pb_t002_08,C_high_minus_low,,1.0,high_minus_low,format,0.006588728019819451
meta-llama/Llama-3.1-8B-Instruct,pb_t002_16,C,,1.0,high_interaction,format,0.0060505048722996795
meta-llama/Llama-3.1-8B-Instruct,pb_t002_16,C,,1.0,low_interaction,format,0.0006336793612944338
meta-llama/Llama-3.1-8B-Instruct,pb_t002_16,C_high_minus_low,,1.0,high_minus_low,format,0.005416825511005246
meta-llama/Llama-3.1-8B-Instruct,pb_t002_17,C,,1.0,high_interaction,format,-0.0005393684493676434
meta-llama/Llama-3.1-8B-Instruct,pb_t002_17,C,,1.0,low_interaction,format,9.185576727282288e-05
meta-llama/Llama-3.1-8B-Instruct,pb_t002_17,C_high_minus_low,,1.0,high_minus_low,format,-0.0006312242166404663
meta-llama/Llama-3.1-8B-Instruct,pb_t002_18,C,,1.0,high_interaction,format,0.0028901145353745217
meta-llama/Llama-3.1-8B-Instruct,pb_t002_18,C,,1.0,low_interaction,format,0.001511183222278858
meta-llama/Llama-3.1-8B-Instruct,pb_t002_18,C_high_minus_low,,1.0,high_minus_low,format,0.0013789313130956637
meta-llama/Llama-3.1-8B-Instruct,pb_t002_20,C,,1.0,high_interaction,format,0.002914422566075695
meta-llama/Llama-3.1-8B-Instruct,pb_t002_20,C,,1.0,low_interaction,format,0.000802256035803483
meta-llama/Llama-3.1-8B-Instruct,pb_t002_20,C_high_minus_low,,1.0,high_minus_low,format,0.002112166530272212
meta-llama/Llama-3.1-8B-Instruct,pb_t004_10,C,,1.0,high_interaction,format,0.001994223393267934
meta-llama/Llama-3.1-8B-Instruct,pb_t004_10,C,,1.0,low_interaction,format,-0.0004152545468353507
meta-llama/Llama-3.1-8B-Instruct,pb_t004_10,C_high_minus_low,,1.0,high_minus_low,format,0.002409477940103285
meta-llama/Llama-3.1-8B-Instruct,pb_t004_11,C,,1.0,high_interaction,format,0.0042550296120068875
meta-llama/Llama-3.1-8B-Instruct,pb_t004_11,C,,1.0,low_interaction,format,0.0010998515400057727
meta-llama/Llama-3.1-8B-Instruct,pb_t004_11,C_high_minus_low,,1.0,high_minus_low,format,0.003155178072001115
meta-llama/Llama-3.1-8B-Instruct,pb_t004_13,C,,1.0,high_interaction,format,0.008201931183515317
meta-llama/Llama-3.1-8B-Instruct,pb_t004_13,C,,1.0,low_interaction,format,-0.000108902965338844
meta-llama/Llama-3.1-8B-Instruct,pb_t004_13,C_high_minus_low,,1.0,high_minus_low,format,0.008310834148854161
meta-llama/Llama-3.1-8B-Instruct,pb_t004_17,C,,1.0,high_interaction,format,0.003864802707243693
meta-llama/Llama-3.1-8B-Instruct,pb_t004_17,C,,1.0,low_interaction,format,0.0002575678108185735
meta-llama/Llama-3.1-8B-Instruct,pb_t004_17,C_high_minus_low,,1.0,high_minus_low,format,0.0036072348964251194
meta-llama/Llama-3.1-8B-Instruct,pb_t004_20,C,,1.0,high_interaction,format,-0.0010402476255174195
meta-llama/Llama-3.1-8B-Instruct,pb_t004_20,C,,1.0,low_interaction,format,-0.0004579005354067485
meta-llama/Llama-3.1-8B-Instruct,pb_t004_20,C_high_minus_low,,1.0,high_minus_low,format,-0.0005823470901106711
meta-llama/Llama-3.1-8B-Instruct,pb_t006_09,C,,1.0,high_interaction,format,0.0031784355840414644
meta-llama/Llama-3.1-8B-Instruct,pb_t006_09,C,,1.0,low_interaction,format,0.0002856550939892225
meta-llama/Llama-3.1-8B-Instruct,pb_t006_09,C_high_minus_low,,1.0,high_minus_low,format,0.002892780490052242
meta-llama/Llama-3.1-8B-Instruct,pb_t006_10,C,,1.0,high_interaction,format,0.0007041082211347473
meta-llama/Llama-3.1-8B-Instruct,pb_t006_10,C,,1.0,low_interaction,format,0.0007633299773082657
meta-llama/Llama-3.1-8B-Instruct,pb_t006_10,C_high_minus_low,,1.0,high_minus_low,format,-5.922175617351837e-05
meta-llama/Llama-3.1-8B-Instruct,pb_t006_12,C,,1.0,high_interaction,format,0.006345488515645516
meta-llama/Llama-3.1-8B-Instruct,pb_t006_12,C,,1.0,low_interaction,format,0.0020636036030375125
meta-llama/Llama-3.1-8B-Instruct,pb_t006_12,C_high_minus_low,,1.0,high_minus_low,format,0.004281884912608003
meta-llama/Llama-3.1-8B-Instruct,pb_t006_18,C,,1.0,high_interaction,format,0.0061516777418271764
meta-llama/Llama-3.1-8B-Instruct,pb_t006_18,C,,1.0,low_interaction,format,-6.70497482874582e-06
meta-llama/Llama-3.1-8B-Instruct,pb_t006_18,C_high_minus_low,,1.0,high_minus_low,format,0.0061583827166559225
meta-llama/Llama-3.1-8B-Instruct,pb_t006_19,C,,1.0,high_interaction,format,0.0032263313815936393
meta-llama/Llama-3.1-8B-Instruct,pb_t006_19,C,,1.0,low_interaction,format,0.0009840444536062685
meta-llama/Llama-3.1-8B-Instruct,pb_t006_19,C_high_minus_low,,1.0,high_minus_low,format,0.0022422869279873706
meta-llama/Llama-3.1-8B-Instruct,pb_t007_09,C,,1.0,high_interaction,format,0.002600780906639103
meta-llama/Llama-3.1-8B-Instruct,pb_t007_09,C,,1.0,low_interaction,format,3.0088410957099243e-05
meta-llama/Llama-3.1-8B-Instruct,pb_t007_09,C_high_minus_low,,1.0,high_minus_low,format,0.0025706924956820035
meta-llama/Llama-3.1-8B-Instruct,pb_t007_10,C,,1.0,high_interaction,format,0.0008877496661172489
meta-llama/Llama-3.1-8B-Instruct,pb_t007_10,C,,1.0,low_interaction,format,-0.0002240045151453996
meta-llama/Llama-3.1-8B-Instruct,pb_t007_10,C_high_minus_low,,1.0,high_minus_low,format,0.0011117541812626485
meta-llama/Llama-3.1-8B-Instruct,pb_t007_16,C,,1.0,high_interaction,format,0.004814318403551688
meta-llama/Llama-3.1-8B-Instruct,pb_t007_16,C,,1.0,low_interaction,format,0.00033675714427495025
meta-llama/Llama-3.1-8B-Instruct,pb_t007_16,C_high_minus_low,,1.0,high_minus_low,format,0.004477561259276738
meta-llama/Llama-3.1-8B-Instruct,pb_t007_17,C,,1.0,high_interaction,format,0.00248711550261151
meta-llama/Llama-3.1-8B-Instruct,pb_t007_17,C,,1.0,low_interaction,format,0.0007111177748225379
meta-llama/Llama-3.1-8B-Instruct,pb_t007_17,C_high_minus_low,,1.0,high_minus_low,format,0.001775997727788972
meta-llama/Llama-3.1-8B-Instruct,pb_t007_19,C,,1.0,high_interaction,format,0.003693913303060193
meta-llama/Llama-3.1-8B-Instruct,pb_t007_19,C,,1.0,low_interaction,format,0.0004483344676299023
meta-llama/Llama-3.1-8B-Instruct,pb_t007_19,C_high_minus_low,,1.0,high_minus_low,format,0.0032455788354302907
meta-llama/Llama-3.1-8B-Instruct,pb_t008_09,C,,1.0,high_interaction,format,0.00017210896840164284
meta-llama/Llama-3.1-8B-Instruct,pb_t008_09,C,,1.0,low_interaction,format,-5.8194733523237795e-05
meta-llama/Llama-3.1-8B-Instruct,pb_t008_09,C_high_minus_low,,1.0,high_minus_low,format,0.00023030370192488064
meta-llama/Llama-3.1-8B-Instruct,pb_t008_11,C,,1.0,high_interaction,format,-0.00036211754185567466
meta-llama/Llama-3.1-8B-Instruct,pb_t008_11,C,,1.0,low_interaction,format,0.00019857269301566267
meta-llama/Llama-3.1-8B-Instruct,pb_t008_11,C_high_minus_low,,1.0,high_minus_low,format,-0.0005606902348713373
meta-llama/Llama-3.1-8B-Instruct,pb_t008_16,C,,1.0,high_interaction,format,0.0028012786068637003
meta-llama/Llama-3.1-8B-Instruct,pb_t008_16,C,,1.0,low_interaction,format,0.0004143848610415209
meta-llama/Llama-3.1-8B-Instruct,pb_t008_16,C_high_minus_low,,1.0,high_minus_low,format,0.0023868937458221794
meta-llama/Llama-3.1-8B-Instruct,pb_t008_17,C,,1.0,high_interaction,format,0.0018344108453296267
meta-llama/Llama-3.1-8B-Instruct,pb_t008_17,C,,1.0,low_interaction,format,-0.00020587012177854304
meta-llama/Llama-3.1-8B-Instruct,pb_t008_17,C_high_minus_low,,1.0,high_minus_low,format,0.00204028096710817
meta-llama/Llama-3.1-8B-Instruct,pb_t008_20,C,,1.0,high_interaction,format,0.005215385832725458
meta-llama/Llama-3.1-8B-Instruct,pb_t008_20,C,,1.0,low_interaction,format,0.0004279432569235378
meta-llama/Llama-3.1-8B-Instruct,pb_t008_20,C_high_minus_low,,1.0,high_minus_low,format,0.00478744257580192
meta-llama/Llama-3.1-8B-Instruct,pb_t009_07,C,,1.0,high_interaction,format,0.0028138307347615027
meta-llama/Llama-3.1-8B-Instruct,pb_t009_07,C,,1.0,low_interaction,format,0.0007197564383604958
meta-llama/Llama-3.1-8B-Instruct,pb_t009_07,C_high_minus_low,,1.0,high_minus_low,format,0.002094074296401007
meta-llama/Llama-3.1-8B-Instruct,pb_t009_12,C,,1.0,high_interaction,format,0.0015453685118320213
meta-llama/Llama-3.1-8B-Instruct,pb_t009_12,C,,1.0,low_interaction,format,0.00040823287874447645
meta-llama/Llama-3.1-8B-Instruct,pb_t009_12,C_high_minus_low,,1.0,high_minus_low,format,0.001137135633087545
meta-llama/Llama-3.1-8B-Instruct,pb_t009_15,C,,1.0,high_interaction,format,0.003723320915952741
meta-llama/Llama-3.1-8B-Instruct,pb_t009_15,C,,1.0,low_interaction,format,0.00019440708005913758
meta-llama/Llama-3.1-8B-Instruct,pb_t009_15,C_high_minus_low,,1.0,high_minus_low,format,0.0035289138358936037
meta-llama/Llama-3.1-8B-Instruct,pb_t009_17,C,,1.0,high_interaction,format,0.00763668981364192
meta-llama/Llama-3.1-8B-Instruct,pb_t009_17,C,,1.0,low_interaction,format,3.625300593614565e-05
meta-llama/Llama-3.1-8B-Instruct,pb_t009_17,C_high_minus_low,,1.0,high_minus_low,format,0.007600436807705774
meta-llama/Llama-3.1-8B-Instruct,pb_t009_19,C,,1.0,high_interaction,format,1.0965140815374341e-05
meta-llama/Llama-3.1-8B-Instruct,pb_t009_19,C,,1.0,low_interaction,format,0.00014900590256037115
meta-llama/Llama-3.1-8B-Instruct,pb_t009_19,C_high_minus_low,,1.0,high_minus_low,format,-0.0001380407617449968
meta-llama/Llama-3.1-8B-Instruct,pb_t010_09,C,,1.0,high_interaction,format,0.005885614110579938
meta-llama/Llama-3.1-8B-Instruct,pb_t010_09,C,,1.0,low_interaction,format,0.0002664892096675981
meta-llama/Llama-3.1-8B-Instruct,pb_t010_09,C_high_minus_low,,1.0,high_minus_low,format,0.00561912490091234
meta-llama/Llama-3.1-8B-Instruct,pb_t010_12,C,,1.0,high_interaction,format,0.0031865187867955603
meta-llama/Llama-3.1-8B-Instruct,pb_t010_12,C,,1.0,low_interaction,format,6.146744946186264e-05
meta-llama/Llama-3.1-8B-Instruct,pb_t010_12,C_high_minus_low,,1.0,high_minus_low,format,0.0031250513373336977
meta-llama/Llama-3.1-8B-Instruct,pb_t010_17,C,,1.0,high_interaction,format,0.0023366119107114235
meta-llama/Llama-3.1-8B-Instruct,pb_t010_17,C,,1.0,low_interaction,format,0.0005552968512036235
meta-llama/Llama-3.1-8B-Instruct,pb_t010_17,C_high_minus_low,,1.0,high_minus_low,format,0.0017813150595078
meta-llama/Llama-3.1-8B-Instruct,pb_t010_19,C,,1.0,high_interaction,format,0.0024865730763189288
meta-llama/Llama-3.1-8B-Instruct,pb_t010_19,C,,1.0,low_interaction,format,0.0004343802140319315
meta-llama/Llama-3.1-8B-Instruct,pb_t010_19,C_high_minus_low,,1.0,high_minus_low,format,0.0020521928622869974
meta-llama/Llama-3.1-8B-Instruct,pb_t010_20,C,,1.0,high_interaction,format,0.0004105933929092408
meta-llama/Llama-3.1-8B-Instruct,pb_t010_20,C,,1.0,low_interaction,format,1.175798556177803e-05
meta-llama/Llama-3.1-8B-Instruct,pb_t010_20,C_high_minus_low,,1.0,high_minus_low,format,0.0003988354073474628
meta-llama/Llama-3.1-8B-Instruct,pb_t016_09,C,,1.0,high_interaction,format,0.0013142434516216848
meta-llama/Llama-3.1-8B-Instruct,pb_t016_09,C,,1.0,low_interaction,format,0.0002812444844431863
meta-llama/Llama-3.1-8B-Instruct,pb_t016_09,C_high_minus_low,,1.0,high_minus_low,format,0.0010329989671784986
meta-llama/Llama-3.1-8B-Instruct,pb_t016_10,C,,1.0,high_interaction,format,0.002444610599057661
meta-llama/Llama-3.1-8B-Instruct,pb_t016_10,C,,1.0,low_interaction,format,0.0008065982310012394
meta-llama/Llama-3.1-8B-Instruct,pb_t016_10,C_high_minus_low,,1.0,high_minus_low,format,0.0016380123680564216
meta-llama/Llama-3.1-8B-Instruct,pb_t016_12,C,,1.0,high_interaction,format,0.0007948289988623262
meta-llama/Llama-3.1-8B-Instruct,pb_t016_12,C,,1.0,low_interaction,format,0.0003449327679570591
meta-llama/Llama-3.1-8B-Instruct,pb_t016_12,C_high_minus_low,,1.0,high_minus_low,format,0.0004498962309052671
meta-llama/Llama-3.1-8B-Instruct,pb_t016_17,C,,1.0,high_interaction,format,0.00360919019124898
meta-llama/Llama-3.1-8B-Instruct,pb_t016_17,C,,1.0,low_interaction,format,0.00012820993976994424
meta-llama/Llama-3.1-8B-Instruct,pb_t016_17,C_high_minus_low,,1.0,high_minus_low,format,0.003480980251479036
meta-llama/Llama-3.1-8B-Instruct,pb_t016_20,C,,1.0,high_interaction,format,0.003624584798569558
meta-llama/Llama-3.1-8B-Instruct,pb_t016_20,C,,1.0,low_interaction,format,0.0013123553301082967
meta-llama/Llama-3.1-8B-Instruct,pb_t016_20,C_high_minus_low,,1.0,high_minus_low,format,0.002312229468461261
meta-llama/Llama-3.1-8B-Instruct,pb_t018_08,C,,1.0,high_interaction,format,0.0048905043436264705
meta-llama/Llama-3.1-8B-Instruct,pb_t018_08,C,,1.0,low_interaction,format,0.000439646119929885
meta-llama/Llama-3.1-8B-Instruct,pb_t018_08,C_high_minus_low,,1.0,high_minus_low,format,0.004450858223696586
meta-llama/Llama-3.1-8B-Instruct,pb_t018_10,C,,1.0,high_interaction,format,-0.0015703341296725108
meta-llama/Llama-3.1-8B-Instruct,pb_t018_10,C,,1.0,low_interaction,format,0.0005656621999432474
meta-llama/Llama-3.1-8B-Instruct,pb_t018_10,C_high_minus_low,,1.0,high_minus_low,format,-0.002135996329615758
meta-llama/Llama-3.1-8B-Instruct,pb_t018_11,C,,1.0,high_interaction,format,0.004809456642186032
meta-llama/Llama-3.1-8B-Instruct,pb_t018_11,C,,1.0,low_interaction,format,0.001055054353623221
meta-llama/Llama-3.1-8B-Instruct,pb_t018_11,C_high_minus_low,,1.0,high_minus_low,format,0.0037544022885628112
meta-llama/Llama-3.1-8B-Instruct,pb_t018_14,C,,1.0,high_interaction,format,-0.0002879988043202027
meta-llama/Llama-3.1-8B-Instruct,pb_t018_14,C,,1.0,low_interaction,format,0.0011363174283090752
meta-llama/Llama-3.1-8B-Instruct,pb_t018_14,C_high_minus_low,,1.0,high_minus_low,format,-0.001424316232629278
meta-llama/Llama-3.1-8B-Instruct,pb_t018_18,C,,1.0,high_interaction,format,0.0028210335934276535
meta-llama/Llama-3.1-8B-Instruct,pb_t018_18,C,,1.0,low_interaction,format,0.0002587765825346697
meta-llama/Llama-3.1-8B-Instruct,pb_t018_18,C_high_minus_low,,1.0,high_minus_low,format,0.0025622570108929836
meta-llama/Llama-3.1-8B-Instruct,pb_t023_09,C,,1.0,high_interaction,format,-0.0005023294141441566
meta-llama/Llama-3.1-8B-Instruct,pb_t023_09,C,,1.0,low_interaction,format,0.0006424359180269274
meta-llama/Llama-3.1-8B-Instruct,pb_t023_09,C_high_minus_low,,1.0,high_minus_low,format,-0.0011447653321710839
meta-llama/Llama-3.1-8B-Instruct,pb_t023_12,C,,1.0,high_interaction,format,0.004249230623403623
meta-llama/Llama-3.1-8B-Instruct,pb_t023_12,C,,1.0,low_interaction,format,-0.0004857981428047957
meta-llama/Llama-3.1-8B-Instruct,pb_t023_12,C_high_minus_low,,1.0,high_minus_low,format,0.004735028766208418
meta-llama/Llama-3.1-8B-Instruct,pb_t023_13,C,,1.0,high_interaction,format,0.004580716065178895
meta-llama/Llama-3.1-8B-Instruct,pb_t023_13,C,,1.0,low_interaction,format,0.0005234234125491196
meta-llama/Llama-3.1-8B-Instruct,pb_t023_13,C_high_minus_low,,1.0,high_minus_low,format,0.004057292652629775
meta-llama/Llama-3.1-8B-Instruct,pb_t023_17,C,,1.0,high_interaction,format,0.0027593583299649303
meta-llama/Llama-3.1-8B-Instruct,pb_t023_17,C,,1.0,low_interaction,format,0.0010172604343476237
meta-llama/Llama-3.1-8B-Instruct,pb_t023_17,C_high_minus_low,,1.0,high_minus_low,format,0.0017420978956173066
meta-llama/Llama-3.1-8B-Instruct,pb_t023_20,C,,1.0,high_interaction,format,0.007862984144311662
meta-llama/Llama-3.1-8B-Instruct,pb_t023_20,C,,1.0,low_interaction,format,0.0009050836088079552
meta-llama/Llama-3.1-8B-Instruct,pb_t023_20,C_high_minus_low,,1.0,high_minus_low,format,0.006957900535503706
meta-llama/Llama-3.1-8B-Instruct,pb_t029_07,C,,1.0,high_interaction,format,-0.0019349248828002888
meta-llama/Llama-3.1-8B-Instruct,pb_t029_07,C,,1.0,low_interaction,format,-0.0002871150845191334
meta-llama/Llama-3.1-8B-Instruct,pb_t029_07,C_high_minus_low,,1.0,high_minus_low,format,-0.0016478097982811555
meta-llama/Llama-3.1-8B-Instruct,pb_t029_09,C,,1.0,high_interaction,format,0.0011242291703786444
meta-llama/Llama-3.1-8B-Instruct,pb_t029_09,C,,1.0,low_interaction,format,0.00027764306513314296
meta-llama/Llama-3.1-8B-Instruct,pb_t029_09,C_high_minus_low,,1.0,high_minus_low,format,0.0008465861052455014
meta-llama/Llama-3.1-8B-Instruct,pb_t029_10,C,,1.0,high_interaction,format,0.003402655275520132
meta-llama/Llama-3.1-8B-Instruct,pb_t029_10,C,,1.0,low_interaction,format,0.0002511646514166763
meta-llama/Llama-3.1-8B-Instruct,pb_t029_10,C_high_minus_low,,1.0,high_minus_low,format,0.003151490624103456
meta-llama/Llama-3.1-8B-Instruct,pb_t029_11,C,,1.0,high_interaction,format,0.0013567282294052688
meta-llama/Llama-3.1-8B-Instruct,pb_t029_11,C,,1.0,low_interaction,format,0.0002760281389025566
meta-llama/Llama-3.1-8B-Instruct,pb_t029_11,C_high_minus_low,,1.0,high_minus_low,format,0.0010807000905027123
meta-llama/Llama-3.1-8B-Instruct,pb_t029_12,C,,1.0,high_interaction,format,0.004269577304296947
meta-llama/Llama-3.1-8B-Instruct,pb_t029_12,C,,1.0,low_interaction,format,0.000732984060720988
meta-llama/Llama-3.1-8B-Instruct,pb_t029_12,C_high_minus_low,,1.0,high_minus_low,format,0.003536593243575959
meta-llama/Llama-3.1-8B-Instruct,pb_t031_06,C,,1.0,high_interaction,format,0.006225964062859346
meta-llama/Llama-3.1-8B-Instruct,pb_t031_06,C,,1.0,low_interaction,format,-4.5532124290658674e-05
meta-llama/Llama-3.1-8B-Instruct,pb_t031_06,C_high_minus_low,,1.0,high_minus_low,format,0.006271496187150004
meta-llama/Llama-3.1-8B-Instruct,pb_t031_09,C,,1.0,high_interaction,format,0.0022918367355538607
meta-llama/Llama-3.1-8B-Instruct,pb_t031_09,C,,1.0,low_interaction,format,5.716852787933958e-05
meta-llama/Llama-3.1-8B-Instruct,pb_t031_09,C_high_minus_low,,1.0,high_minus_low,format,0.0022346682076745212
meta-llama/Llama-3.1-8B-Instruct,pb_t031_12,C,,1.0,high_interaction,format,0.0013360811456709328
meta-llama/Llama-3.1-8B-Instruct,pb_t031_12,C,,1.0,low_interaction,format,0.0011480870266719176
meta-llama/Llama-3.1-8B-Instruct,pb_t031_12,C_high_minus_low,,1.0,high_minus_low,format,0.0001879941189990152
meta-llama/Llama-3.1-8B-Instruct,pb_t031_13,C,,1.0,high_interaction,format,0.0014617000803289482
meta-llama/Llama-3.1-8B-Instruct,pb_t031_13,C,,1.0,low_interaction,format,0.0004226492076744798
meta-llama/Llama-3.1-8B-Instruct,pb_t031_13,C_high_minus_low,,1.0,high_minus_low,format,0.0010390508726544683
meta-llama/Llama-3.1-8B-Instruct,pb_t031_16,C,,1.0,high_interaction,format,0.0012244967497285076
meta-llama/Llama-3.1-8B-Instruct,pb_t031_16,C,,1.0,low_interaction,format,0.0006397845754394548
meta-llama/Llama-3.1-8B-Instruct,pb_t031_16,C_high_minus_low,,1.0,high_minus_low,format,0.0005847121742890528
meta-llama/Llama-3.1-8B-Instruct,pb_t032_08,C,,1.0,high_interaction,format,0.001910982788229142
meta-llama/Llama-3.1-8B-Instruct,pb_t032_08,C,,1.0,low_interaction,format,0.001043164985107122
meta-llama/Llama-3.1-8B-Instruct,pb_t032_08,C_high_minus_low,,1.0,high_minus_low,format,0.00086781780312202
meta-llama/Llama-3.1-8B-Instruct,pb_t032_09,C,,1.0,high_interaction,format,0.006821923681839197
meta-llama/Llama-3.1-8B-Instruct,pb_t032_09,C,,1.0,low_interaction,format,0.0003505484887726656
meta-llama/Llama-3.1-8B-Instruct,pb_t032_09,C_high_minus_low,,1.0,high_minus_low,format,0.006471375193066531
meta-llama/Llama-3.1-8B-Instruct,pb_t032_13,C,,1.0,high_interaction,format,0.003707729878778135
meta-llama/Llama-3.1-8B-Instruct,pb_t032_13,C,,1.0,low_interaction,format,0.0004782187730475301
meta-llama/Llama-3.1-8B-Instruct,pb_t032_13,C_high_minus_low,,1.0,high_minus_low,format,0.0032295111057306053
meta-llama/Llama-3.1-8B-Instruct,pb_t032_15,C,,1.0,high_interaction,format,0.003983150898488629
meta-llama/Llama-3.1-8B-Instruct,pb_t032_15,C,,1.0,low_interaction,format,0.0003302906846411728
meta-llama/Llama-3.1-8B-Instruct,pb_t032_15,C_high_minus_low,,1.0,high_minus_low,format,0.0036528602138474566
meta-llama/Llama-3.1-8B-Instruct,pb_t032_16,C,,1.0,high_interaction,format,0.006361302755966063
meta-llama/Llama-3.1-8B-Instruct,pb_t032_16,C,,1.0,low_interaction,format,0.0008963688142547225
meta-llama/Llama-3.1-8B-Instruct,pb_t032_16,C_high_minus_low,,1.0,high_minus_low,format,0.005464933941711341
meta-llama/Llama-3.1-8B-Instruct,pb_t035_06,C,,1.0,high_interaction,format,0.0037978712726769188
meta-llama/Llama-3.1-8B-Instruct,pb_t035_06,C,,1.0,low_interaction,format,0.000987225409716597
meta-llama/Llama-3.1-8B-Instruct,pb_t035_06,C_high_minus_low,,1.0,high_minus_low,format,0.0028106458629603218
meta-llama/Llama-3.1-8B-Instruct,pb_t035_13,C,,1.0,high_interaction,format,0.005782537267877165
meta-llama/Llama-3.1-8B-Instruct,pb_t035_13,C,,1.0,low_interaction,format,0.0003843675680493287
meta-llama/Llama-3.1-8B-Instruct,pb_t035_13,C_high_minus_low,,1.0,high_minus_low,format,0.005398169699827836
meta-llama/Llama-3.1-8B-Instruct,pb_t035_15,C,,1.0,high_interaction,format,0.005749286812712091
meta-llama/Llama-3.1-8B-Instruct,pb_t035_15,C,,1.0,low_interaction,format,0.0003585649856798694
meta-llama/Llama-3.1-8B-Instruct,pb_t035_15,C_high_minus_low,,1.0,high_minus_low,format,0.005390721827032222
meta-llama/Llama-3.1-8B-Instruct,pb_t035_20,C,,1.0,high_interaction,format,0.005752020125467889
meta-llama/Llama-3.1-8B-Instruct,pb_t035_20,C,,1.0,low_interaction,format,0.0003789458303425086
meta-llama/Llama-3.1-8B-Instruct,pb_t035_20,C_high_minus_low,,1.0,high_minus_low,format,0.00537307429512538
meta-llama/Llama-3.1-8B-Instruct,pb_t035_22,C,,1.0,high_interaction,format,0.0015534988394079238
meta-llama/Llama-3.1-8B-Instruct,pb_t035_22,C,,1.0,low_interaction,format,0.0003541807573853291
meta-llama/Llama-3.1-8B-Instruct,pb_t035_22,C_high_minus_low,,1.0,high_minus_low,format,0.0011993180820225947
meta-llama/Llama-3.1-8B-Instruct,pb_t040_08,C,,1.0,high_interaction,format,0.005571675877112412
meta-llama/Llama-3.1-8B-Instruct,pb_t040_08,C,,1.0,low_interaction,format,-9.306572501573795e-05
meta-llama/Llama-3.1-8B-Instruct,pb_t040_08,C_high_minus_low,,1.0,high_minus_low,format,0.00566474160212815
meta-llama/Llama-3.1-8B-Instruct,pb_t040_10,C,,1.0,high_interaction,format,0.004068841096369236
meta-llama/Llama-3.1-8B-Instruct,pb_t040_10,C,,1.0,low_interaction,format,-0.00012570801485453642
meta-llama/Llama-3.1-8B-Instruct,pb_t040_10,C_high_minus_low,,1.0,high_minus_low,format,0.004194549111223772
meta-llama/Llama-3.1-8B-Instruct,pb_t040_13,C,,1.0,high_interaction,format,0.005251775813930337
meta-llama/Llama-3.1-8B-Instruct,pb_t040_13,C,,1.0,low_interaction,format,0.0002039246560363809
meta-llama/Llama-3.1-8B-Instruct,pb_t040_13,C_high_minus_low,,1.0,high_minus_low,format,0.0050478511578939565
meta-llama/Llama-3.1-8B-Instruct,pb_t040_14,C,,1.0,high_interaction,format,0.0041037062695560705
meta-llama/Llama-3.1-8B-Instruct,pb_t040_14,C,,1.0,low_interaction,format,-0.00035686173670755665
meta-llama/Llama-3.1-8B-Instruct,pb_t040_14,C_high_minus_low,,1.0,high_minus_low,format,0.0044605680062636275
meta-llama/Llama-3.1-8B-Instruct,pb_t040_15,C,,1.0,high_interaction,format,0.0019109625914299113
meta-llama/Llama-3.1-8B-Instruct,pb_t040_15,C,,1.0,low_interaction,format,0.00014720858039915692
meta-llama/Llama-3.1-8B-Instruct,pb_t040_15,C_high_minus_low,,1.0,high_minus_low,format,0.0017637540110307544
meta-llama/Llama-3.3-70B-Instruct,pb_t001_08,C,,1.0,high_interaction,interaction,0.6607432895331512
meta-llama/Llama-3.3-70B-Instruct,pb_t001_08,C,,1.0,low_interaction,interaction,0.00199869479900164
meta-llama/Llama-3.3-70B-Instruct,pb_t001_08,C_high_minus_low,,1.0,high_minus_low,interaction,0.6587445947341496
meta-llama/Llama-3.3-70B-Instruct,pb_t001_08,C_high_minus_low,,0.5,high_minus_low,interaction,0.3286072544090256
meta-llama/Llama-3.3-70B-Instruct,pb_t001_10,C,,1.0,high_interaction,interaction,0.6972725932414624
meta-llama/Llama-3.3-70B-Instruct,pb_t001_10,C,,1.0,low_interaction,interaction,-0.0024119862640514175
meta-llama/Llama-3.3-70B-Instruct,pb_t001_10,C_high_minus_low,,1.0,high_minus_low,interaction,0.6996845795055138
meta-llama/Llama-3.3-70B-Instruct,pb_t001_10,C_high_minus_low,,0.5,high_minus_low,interaction,0.3490760369223791
meta-llama/Llama-3.3-70B-Instruct,pb_t001_11,C,,1.0,high_interaction,interaction,0.7499315209118119
meta-llama/Llama-3.3-70B-Instruct,pb_t001_11,C,,1.0,low_interaction,interaction,0.0005364405091128297
meta-llama/Llama-3.3-70B-Instruct,pb_t001_11,C_high_minus_low,,1.0,high_minus_low,interaction,0.7493950804026991
meta-llama/Llama-3.3-70B-Instruct,pb_t001_11,C_high_minus_low,,0.5,high_minus_low,interaction,0.3765012551145783
meta-llama/Llama-3.3-70B-Instruct,pb_t001_12,C,,1.0,high_interaction,interaction,0.6434642329466352
meta-llama/Llama-3.3-70B-Instruct,pb_t001_12,C,,1.0,low_interaction,interaction,0.0009725144848472209
meta-llama/Llama-3.3-70B-Instruct,pb_t001_12,C_high_minus_low,,1.0,high_minus_low,interaction,0.642491718461788
meta-llama/Llama-3.3-70B-Instruct,pb_t001_12,C_high_minus_low,,0.5,high_minus_low,interaction,0.32372662538862856
meta-llama/Llama-3.3-70B-Instruct,pb_t001_15,C,,1.0,high_interaction,interaction,0.717205373682439
meta-llama/Llama-3.3-70B-Instruct,pb_t001_15,C,,1.0,low_interaction,interaction,-0.002904140543528324
meta-llama/Llama-3.3-70B-Instruct,pb_t001_15,C_high_minus_low,,1.0,high_minus_low,interaction,0.7201095142259673
meta-llama/Llama-3.3-70B-Instruct,pb_t001_15,C_high_minus_low,,0.5,high_minus_low,interaction,0.3571345257988398
meta-llama/Llama-3.3-70B-Instruct,pb_t002_08,C,,1.0,high_interaction,interaction,0.6191977662075758
meta-llama/Llama-3.3-70B-Instruct,pb_t002_08,C,,1.0,low_interaction,interaction,-0.002460592082748967
meta-llama/Llama-3.3-70B-Instruct,pb_t002_08,C_high_minus_low,,1.0,high_minus_low,interaction,0.6216583582903248
meta-llama/Llama-3.3-70B-Instruct,pb_t002_08,C_high_minus_low,,0.5,high_minus_low,interaction,0.31156163145317284
meta-llama/Llama-3.3-70B-Instruct,pb_t002_16,C,,1.0,high_interaction,interaction,0.6696504914410996
meta-llama/Llama-3.3-70B-Instruct,pb_t002_16,C,,1.0,low_interaction,interaction,0.00225575468524733
meta-llama/Llama-3.3-70B-Instruct,pb_t002_16,C_high_minus_low,,1.0,high_minus_low,interaction,0.6673947367558523
meta-llama/Llama-3.3-70B-Instruct,pb_t002_16,C_high_minus_low,,0.5,high_minus_low,interaction,0.3311294525125648
meta-llama/Llama-3.3-70B-Instruct,pb_t002_17,C,,1.0,high_interaction,interaction,0.7017091986892728
meta-llama/Llama-3.3-70B-Instruct,pb_t002_17,C,,1.0,low_interaction,interaction,0.0003007545070571743
meta-llama/Llama-3.3-70B-Instruct,pb_t002_17,C_high_minus_low,,1.0,high_minus_low,interaction,0.7014084441822157
meta-llama/Llama-3.3-70B-Instruct,pb_t002_17,C_high_minus_low,,0.5,high_minus_low,interaction,0.35158492037474637
meta-llama/Llama-3.3-70B-Instruct,pb_t002_18,C,,1.0,high_interaction,interaction,0.6824312266603209
meta-llama/Llama-3.3-70B-Instruct,pb_t002_18,C,,1.0,low_interaction,interaction,0.003235891899981675
meta-llama/Llama-3.3-70B-Instruct,pb_t002_18,C_high_minus_low,,1.0,high_minus_low,interaction,0.6791953347603392
meta-llama/Llama-3.3-70B-Instruct,pb_t002_18,C_high_minus_low,,0.5,high_minus_low,interaction,0.33881903186212936
meta-llama/Llama-3.3-70B-Instruct,pb_t002_20,C,,1.0,high_interaction,interaction,0.7136250450743393
meta-llama/Llama-3.3-70B-Instruct,pb_t002_20,C,,1.0,low_interaction,interaction,0.0004163210254202812
meta-llama/Llama-3.3-70B-Instruct,pb_t002_20,C_high_minus_low,,1.0,high_minus_low,interaction,0.713208724048919
meta-llama/Llama-3.3-70B-Instruct,pb_t002_20,C_high_minus_low,,0.5,high_minus_low,interaction,0.35653772612368145
meta-llama/Llama-3.3-70B-Instruct,pb_t004_10,C,,1.0,high_interaction,interaction,0.700994799805802
meta-llama/Llama-3.3-70B-Instruct,pb_t004_10,C,,1.0,low_interaction,interaction,-0.00046546975678959007
meta-llama/Llama-3.3-70B-Instruct,pb_t004_10,C_high_minus_low,,1.0,high_minus_low,interaction,0.7014602695625917
meta-llama/Llama-3.3-70B-Instruct,pb_t004_10,C_high_minus_low,,0.5,high_minus_low,interaction,0.34842376727650204
meta-llama/Llama-3.3-70B-Instruct,pb_t004_11,C,,1.0,high_interaction,interaction,0.7102579622221422
meta-llama/Llama-3.3-70B-Instruct,pb_t004_11,C,,1.0,low_interaction,interaction,0.0020618353087338026
meta-llama/Llama-3.3-70B-Instruct,pb_t004_11,C_high_minus_low,,1.0,high_minus_low,interaction,0.7081961269134084
meta-llama/Llama-3.3-70B-Instruct,pb_t004_11,C_high_minus_low,,0.5,high_minus_low,interaction,0.35536401369885473
meta-llama/Llama-3.3-70B-Instruct,pb_t004_13,C,,1.0,high_interaction,interaction,0.6119706312545449
meta-llama/Llama-3.3-70B-Instruct,pb_t004_13,C,,1.0,low_interaction,interaction,0.002217806082434324
meta-llama/Llama-3.3-70B-Instruct,pb_t004_13,C_high_minus_low,,1.0,high_minus_low,interaction,0.6097528251721106
meta-llama/Llama-3.3-70B-Instruct,pb_t004_13,C_high_minus_low,,0.5,high_minus_low,interaction,0.30292445898247844
meta-llama/Llama-3.3-70B-Instruct,pb_t004_17,C,,1.0,high_interaction,interaction,0.704350805181793
meta-llama/Llama-3.3-70B-Instruct,pb_t004_17,C,,1.0,low_interaction,interaction,0.0007528538718281861
meta-llama/Llama-3.3-70B-Instruct,pb_t004_17,C_high_minus_low,,1.0,high_minus_low,interaction,0.7035979513099648
meta-llama/Llama-3.3-70B-Instruct,pb_t004_17,C_high_minus_low,,0.5,high_minus_low,interaction,0.34991442102538955
meta-llama/Llama-3.3-70B-Instruct,pb_t004_20,C,,1.0,high_interaction,interaction,0.7110429893661477
meta-llama/Llama-3.3-70B-Instruct,pb_t004_20,C,,1.0,low_interaction,interaction,0.00022342393350928066
meta-llama/Llama-3.3-70B-Instruct,pb_t004_20,C_high_minus_low,,1.0,high_minus_low,interaction,0.7108195654326385
meta-llama/Llama-3.3-70B-Instruct,pb_t004_20,C_high_minus_low,,0.5,high_minus_low,interaction,0.35600207599137434
meta-llama/Llama-3.3-70B-Instruct,pb_t006_09,C,,1.0,high_interaction,interaction,0.7472375949225206
meta-llama/Llama-3.3-70B-Instruct,pb_t006_09,C,,1.0,low_interaction,interaction,0.0018387846726214592
meta-llama/Llama-3.3-70B-Instruct,pb_t006_09,C_high_minus_low,,1.0,high_minus_low,interaction,0.7453988102498992
meta-llama/Llama-3.3-70B-Instruct,pb_t006_09,C_high_minus_low,,0.5,high_minus_low,interaction,0.37108928690630444
meta-llama/Llama-3.3-70B-Instruct,pb_t006_10,C,,1.0,high_interaction,interaction,0.7215224031320666
meta-llama/Llama-3.3-70B-Instruct,pb_t006_10,C,,1.0,low_interaction,interaction,0.0006075973635443765
meta-llama/Llama-3.3-70B-Instruct,pb_t006_10,C_high_minus_low,,1.0,high_minus_low,interaction,0.7209148057685222
meta-llama/Llama-3.3-70B-Instruct,pb_t006_10,C_high_minus_low,,0.5,high_minus_low,interaction,0.36089106614889926
meta-llama/Llama-3.3-70B-Instruct,pb_t006_12,C,,1.0,high_interaction,interaction,0.679984555489589
meta-llama/Llama-3.3-70B-Instruct,pb_t006_12,C,,1.0,low_interaction,interaction,0.00011968204491793338
meta-llama/Llama-3.3-70B-Instruct,pb_t006_12,C_high_minus_low,,1.0,high_minus_low,interaction,0.6798648734446711
meta-llama/Llama-3.3-70B-Instruct,pb_t006_12,C_high_minus_low,,0.5,high_minus_low,interaction,0.34267614466580665
meta-llama/Llama-3.3-70B-Instruct,pb_t006_18,C,,1.0,high_interaction,interaction,0.6591168965512731
meta-llama/Llama-3.3-70B-Instruct,pb_t006_18,C,,1.0,low_interaction,interaction,0.003352227794484715
meta-llama/Llama-3.3-70B-Instruct,pb_t006_18,C_high_minus_low,,1.0,high_minus_low,interaction,0.6557646687567884
meta-llama/Llama-3.3-70B-Instruct,pb_t006_18,C_high_minus_low,,0.5,high_minus_low,interaction,0.3306608020630477
meta-llama/Llama-3.3-70B-Instruct,pb_t006_19,C,,1.0,high_interaction,interaction,0.645398439305183
meta-llama/Llama-3.3-70B-Instruct,pb_t006_19,C,,1.0,low_interaction,interaction,-0.0019268403494797266
meta-llama/Llama-3.3-70B-Instruct,pb_t006_19,C_high_minus_low,,1.0,high_minus_low,interaction,0.6473252796546628
meta-llama/Llama-3.3-70B-Instruct,pb_t006_19,C_high_minus_low,,0.5,high_minus_low,interaction,0.32328898507177845
meta-llama/Llama-3.3-70B-Instruct,pb_t007_09,C,,1.0,high_interaction,interaction,0.7002061302068189
meta-llama/Llama-3.3-70B-Instruct,pb_t007_09,C,,1.0,low_interaction,interaction,-0.0003197844892720361
meta-llama/Llama-3.3-70B-Instruct,pb_t007_09,C_high_minus_low,,1.0,high_minus_low,interaction,0.7005259146960909
meta-llama/Llama-3.3-70B-Instruct,pb_t007_09,C_high_minus_low,,0.5,high_minus_low,interaction,0.35011007135534533
meta-llama/Llama-3.3-70B-Instruct,pb_t007_10,C,,1.0,high_interaction,interaction,0.6534013433963383
meta-llama/Llama-3.3-70B-Instruct,pb_t007_10,C,,1.0,low_interaction,interaction,-0.002058714578639797
meta-llama/Llama-3.3-70B-Instruct,pb_t007_10,C_high_minus_low,,1.0,high_minus_low,interaction,0.6554600579749781
meta-llama/Llama-3.3-70B-Instruct,pb_t007_10,C_high_minus_low,,0.5,high_minus_low,interaction,0.3255513434271576
meta-llama/Llama-3.3-70B-Instruct,pb_t007_16,C,,1.0,high_interaction,interaction,0.6689013048440419
meta-llama/Llama-3.3-70B-Instruct,pb_t007_16,C,,1.0,low_interaction,interaction,0.0004921985434173844
meta-llama/Llama-3.3-70B-Instruct,pb_t007_16,C_high_minus_low,,1.0,high_minus_low,interaction,0.6684091063006244
meta-llama/Llama-3.3-70B-Instruct,pb_t007_16,C_high_minus_low,,0.5,high_minus_low,interaction,0.33268831268627685
meta-llama/Llama-3.3-70B-Instruct,pb_t007_17,C,,1.0,high_interaction,interaction,0.648925099006719
meta-llama/Llama-3.3-70B-Instruct,pb_t007_17,C,,1.0,low_interaction,interaction,-0.0022372027876452366
meta-llama/Llama-3.3-70B-Instruct,pb_t007_17,C_high_minus_low,,1.0,high_minus_low,interaction,0.6511623017943643
meta-llama/Llama-3.3-70B-Instruct,pb_t007_17,C_high_minus_low,,0.5,high_minus_low,interaction,0.32564819516226573
meta-llama/Llama-3.3-70B-Instruct,pb_t007_19,C,,1.0,high_interaction,interaction,0.6797597826799856
meta-llama/Llama-3.3-70B-Instruct,pb_t007_19,C,,1.0,low_interaction,interaction,-0.0011940704503353577
meta-llama/Llama-3.3-70B-Instruct,pb_t007_19,C_high_minus_low,,1.0,high_minus_low,interaction,0.680953853130321
meta-llama/Llama-3.3-70B-Instruct,pb_t007_19,C_high_minus_low,,0.5,high_minus_low,interaction,0.338850316764854
meta-llama/Llama-3.3-70B-Instruct,pb_t008_09,C,,1.0,high_interaction,interaction,0.73916544870323
meta-llama/Llama-3.3-70B-Instruct,pb_t008_09,C,,1.0,low_interaction,interaction,0.0017203258721232688
meta-llama/Llama-3.3-70B-Instruct,pb_t008_09,C_high_minus_low,,1.0,high_minus_low,interaction,0.7374451228311067
meta-llama/Llama-3.3-70B-Instruct,pb_t008_09,C_high_minus_low,,0.5,high_minus_low,interaction,0.36699102762769736
meta-llama/Llama-3.3-70B-Instruct,pb_t008_11,C,,1.0,high_interaction,interaction,0.7136648765635497
meta-llama/Llama-3.3-70B-Instruct,pb_t008_11,C,,1.0,low_interaction,interaction,-0.00011385514090587387
meta-llama/Llama-3.3-70B-Instruct,pb_t008_11,C_high_minus_low,,1.0,high_minus_low,interaction,0.7137787317044556
meta-llama/Llama-3.3-70B-Instruct,pb_t008_11,C_high_minus_low,,0.5,high_minus_low,interaction,0.3568582100129434
meta-llama/Llama-3.3-70B-Instruct,pb_t008_16,C,,1.0,high_interaction,interaction,0.6749025947235524
meta-llama/Llama-3.3-70B-Instruct,pb_t008_16,C,,1.0,low_interaction,interaction,0.0006522602036865555
meta-llama/Llama-3.3-70B-Instruct,pb_t008_16,C_high_minus_low,,1.0,high_minus_low,interaction,0.6742503345198658
meta-llama/Llama-3.3-70B-Instruct,pb_t008_16,C_high_minus_low,,0.5,high_minus_low,interaction,0.33840041156559414
meta-llama/Llama-3.3-70B-Instruct,pb_t008_17,C,,1.0,high_interaction,interaction,0.6421897035614673
meta-llama/Llama-3.3-70B-Instruct,pb_t008_17,C,,1.0,low_interaction,interaction,-0.003043638524855849
meta-llama/Llama-3.3-70B-Instruct,pb_t008_17,C_high_minus_low,,1.0,high_minus_low,interaction,0.6452333420863232
meta-llama/Llama-3.3-70B-Instruct,pb_t008_17,C_high_minus_low,,0.5,high_minus_low,interaction,0.3201631519467228
meta-llama/Llama-3.3-70B-Instruct,pb_t008_20,C,,1.0,high_interaction,interaction,0.6740471591014877
meta-llama/Llama-3.3-70B-Instruct,pb_t008_20,C,,1.0,low_interaction,interaction,-0.0016889753284339375
meta-llama/Llama-3.3-70B-Instruct,pb_t008_20,C_high_minus_low,,1.0,high_minus_low,interaction,0.6757361344299216
meta-llama/Llama-3.3-70B-Instruct,pb_t008_20,C_high_minus_low,,0.5,high_minus_low,interaction,0.33749549818324537
meta-llama/Llama-3.3-70B-Instruct,pb_t009_07,C,,1.0,high_interaction,interaction,0.6608833684973243
meta-llama/Llama-3.3-70B-Instruct,pb_t009_07,C,,1.0,low_interaction,interaction,-0.005123241784084641
meta-llama/Llama-3.3-70B-Instruct,pb_t009_07,C_high_minus_low,,1.0,high_minus_low,interaction,0.666006610281409
meta-llama/Llama-3.3-70B-Instruct,pb_t009_07,C_high_minus_low,,0.5,high_minus_low,interaction,0.33403231193218313
meta-llama/Llama-3.3-70B-Instruct,pb_t009_12,C,,1.0,high_interaction,interaction,0.6919825133024741
meta-llama/Llama-3.3-70B-Instruct,pb_t009_12,C,,1.0,low_interaction,interaction,0.0018298244277807098
meta-llama/Llama-3.3-70B-Instruct,pb_t009_12,C_high_minus_low,,1.0,high_minus_low,interaction,0.6901526888746934
meta-llama/Llama-3.3-70B-Instruct,pb_t009_12,C_high_minus_low,,0.5,high_minus_low,interaction,0.34621085933782486
meta-llama/Llama-3.3-70B-Instruct,pb_t009_15,C,,1.0,high_interaction,interaction,0.7117298641397417
meta-llama/Llama-3.3-70B-Instruct,pb_t009_15,C,,1.0,low_interaction,interaction,0.0013972335458371256
meta-llama/Llama-3.3-70B-Instruct,pb_t009_15,C_high_minus_low,,1.0,high_minus_low,interaction,0.7103326305939046
meta-llama/Llama-3.3-70B-Instruct,pb_t009_15,C_high_minus_low,,0.5,high_minus_low,interaction,0.3598639537855755
meta-llama/Llama-3.3-70B-Instruct,pb_t009_17,C,,1.0,high_interaction,interaction,0.6012085353333835
meta-llama/Llama-3.3-70B-Instruct,pb_t009_17,C,,1.0,low_interaction,interaction,0.0022216928736722135
meta-llama/Llama-3.3-70B-Instruct,pb_t009_17,C_high_minus_low,,1.0,high_minus_low,interaction,0.5989868424597112
meta-llama/Llama-3.3-70B-Instruct,pb_t009_17,C_high_minus_low,,0.5,high_minus_low,interaction,0.2991284862363974
meta-llama/Llama-3.3-70B-Instruct,pb_t009_19,C,,1.0,high_interaction,interaction,0.667991525455682
meta-llama/Llama-3.3-70B-Instruct,pb_t009_19,C,,1.0,low_interaction,interaction,0.0008053798907758994
meta-llama/Llama-3.3-70B-Instruct,pb_t009_19,C_high_minus_low,,1.0,high_minus_low,interaction,0.6671861455649061
meta-llama/Llama-3.3-70B-Instruct,pb_t009_19,C_high_minus_low,,0.5,high_minus_low,interaction,0.3342087437144572
meta-llama/Llama-3.3-70B-Instruct,pb_t010_09,C,,1.0,high_interaction,interaction,0.7093393837209302
meta-llama/Llama-3.3-70B-Instruct,pb_t010_09,C,,1.0,low_interaction,interaction,0.0011890711689439514
meta-llama/Llama-3.3-70B-Instruct,pb_t010_09,C_high_minus_low,,1.0,high_minus_low,interaction,0.7081503125519862
meta-llama/Llama-3.3-70B-Instruct,pb_t010_09,C_high_minus_low,,0.5,high_minus_low,interaction,0.3537977887304311
meta-llama/Llama-3.3-70B-Instruct,pb_t010_12,C,,1.0,high_interaction,interaction,0.6993488955195898
meta-llama/Llama-3.3-70B-Instruct,pb_t010_12,C,,1.0,low_interaction,interaction,0.00020750553827419507
meta-llama/Llama-3.3-70B-Instruct,pb_t010_12,C_high_minus_low,,1.0,high_minus_low,interaction,0.6991413899813156
meta-llama/Llama-3.3-70B-Instruct,pb_t010_12,C_high_minus_low,,0.5,high_minus_low,interaction,0.34726028986759
meta-llama/Llama-3.3-70B-Instruct,pb_t010_17,C,,1.0,high_interaction,interaction,0.6383061362700696
meta-llama/Llama-3.3-70B-Instruct,pb_t010_17,C,,1.0,low_interaction,interaction,0.0009298568064090342
meta-llama/Llama-3.3-70B-Instruct,pb_t010_17,C_high_minus_low,,1.0,high_minus_low,interaction,0.6373762794636606
meta-llama/Llama-3.3-70B-Instruct,pb_t010_17,C_high_minus_low,,0.5,high_minus_low,interaction,0.3189110463133456
meta-llama/Llama-3.3-70B-Instruct,pb_t010_19,C,,1.0,high_interaction,interaction,0.6265746197710335
meta-llama/Llama-3.3-70B-Instruct,pb_t010_19,C,,1.0,low_interaction,interaction,-0.0014842211796814743
meta-llama/Llama-3.3-70B-Instruct,pb_t010_19,C_high_minus_low,,1.0,high_minus_low,interaction,0.628058840950715
meta-llama/Llama-3.3-70B-Instruct,pb_t010_19,C_high_minus_low,,0.5,high_minus_low,interaction,0.31499601317774645
meta-llama/Llama-3.3-70B-Instruct,pb_t010_20,C,,1.0,high_interaction,interaction,0.7000661680422328
meta-llama/Llama-3.3-70B-Instruct,pb_t010_20,C,,1.0,low_interaction,interaction,0.001359569144095159
meta-llama/Llama-3.3-70B-Instruct,pb_t010_20,C_high_minus_low,,1.0,high_minus_low,interaction,0.6987065988981376
meta-llama/Llama-3.3-70B-Instruct,pb_t010_20,C_high_minus_low,,0.5,high_minus_low,interaction,0.34866955070879574
meta-llama/Llama-3.3-70B-Instruct,pb_t016_09,C,,1.0,high_interaction,interaction,0.746174677758319
meta-llama/Llama-3.3-70B-Instruct,pb_t016_09,C,,1.0,low_interaction,interaction,0.005344182274179638
meta-llama/Llama-3.3-70B-Instruct,pb_t016_09,C_high_minus_low,,1.0,high_minus_low,interaction,0.7408304954841394
meta-llama/Llama-3.3-70B-Instruct,pb_t016_09,C_high_minus_low,,0.5,high_minus_low,interaction,0.3760842838548956
meta-llama/Llama-3.3-70B-Instruct,pb_t016_10,C,,1.0,high_interaction,interaction,0.6838166753009518
meta-llama/Llama-3.3-70B-Instruct,pb_t016_10,C,,1.0,low_interaction,interaction,-0.00012908774108740204
meta-llama/Llama-3.3-70B-Instruct,pb_t016_10,C_high_minus_low,,1.0,high_minus_low,interaction,0.6839457630420392
meta-llama/Llama-3.3-70B-Instruct,pb_t016_10,C_high_minus_low,,0.5,high_minus_low,interaction,0.33948824897111257
meta-llama/Llama-3.3-70B-Instruct,pb_t016_12,C,,1.0,high_interaction,interaction,0.6905623377522846
meta-llama/Llama-3.3-70B-Instruct,pb_t016_12,C,,1.0,low_interaction,interaction,0.0017091300404193759
meta-llama/Llama-3.3-70B-Instruct,pb_t016_12,C_high_minus_low,,1.0,high_minus_low,interaction,0.6888532077118652
meta-llama/Llama-3.3-70B-Instruct,pb_t016_12,C_high_minus_low,,0.5,high_minus_low,interaction,0.34251885440603846
meta-llama/Llama-3.3-70B-Instruct,pb_t016_17,C,,1.0,high_interaction,interaction,0.6098893586148603
meta-llama/Llama-3.3-70B-Instruct,pb_t016_17,C,,1.0,low_interaction,interaction,0.001962333610358006
meta-llama/Llama-3.3-70B-Instruct,pb_t016_17,C_high_minus_low,,1.0,high_minus_low,interaction,0.6079270250045022
meta-llama/Llama-3.3-70B-Instruct,pb_t016_17,C_high_minus_low,,0.5,high_minus_low,interaction,0.30378392832408263
meta-llama/Llama-3.3-70B-Instruct,pb_t016_20,C,,1.0,high_interaction,interaction,0.6393855471426081
meta-llama/Llama-3.3-70B-Instruct,pb_t016_20,C,,1.0,low_interaction,interaction,-0.0016220537417811094
meta-llama/Llama-3.3-70B-Instruct,pb_t016_20,C_high_minus_low,,1.0,high_minus_low,interaction,0.6410076008843892
meta-llama/Llama-3.3-70B-Instruct,pb_t016_20,C_high_minus_low,,0.5,high_minus_low,interaction,0.3202426444473014
meta-llama/Llama-3.3-70B-Instruct,pb_t018_08,C,,1.0,high_interaction,interaction,0.6516880371738994
meta-llama/Llama-3.3-70B-Instruct,pb_t018_08,C,,1.0,low_interaction,interaction,0.0006528439447586616
meta-llama/Llama-3.3-70B-Instruct,pb_t018_08,C_high_minus_low,,1.0,high_minus_low,interaction,0.6510351932291408
meta-llama/Llama-3.3-70B-Instruct,pb_t018_08,C_high_minus_low,,0.5,high_minus_low,interaction,0.32572579678399005
meta-llama/Llama-3.3-70B-Instruct,pb_t018_10,C,,1.0,high_interaction,interaction,0.6981823070136963
meta-llama/Llama-3.3-70B-Instruct,pb_t018_10,C,,1.0,low_interaction,interaction,-0.0013949116964459575
meta-llama/Llama-3.3-70B-Instruct,pb_t018_10,C_high_minus_low,,1.0,high_minus_low,interaction,0.6995772187101423
meta-llama/Llama-3.3-70B-Instruct,pb_t018_10,C_high_minus_low,,0.5,high_minus_low,interaction,0.3508901944105349
meta-llama/Llama-3.3-70B-Instruct,pb_t018_11,C,,1.0,high_interaction,interaction,0.7087450236778624
meta-llama/Llama-3.3-70B-Instruct,pb_t018_11,C,,1.0,low_interaction,interaction,0.001168697217649879
meta-llama/Llama-3.3-70B-Instruct,pb_t018_11,C_high_minus_low,,1.0,high_minus_low,interaction,0.7075763264602125
meta-llama/Llama-3.3-70B-Instruct,pb_t018_11,C_high_minus_low,,0.5,high_minus_low,interaction,0.3530753433640456
meta-llama/Llama-3.3-70B-Instruct,pb_t018_14,C,,1.0,high_interaction,interaction,0.7348626123107374
meta-llama/Llama-3.3-70B-Instruct,pb_t018_14,C,,1.0,low_interaction,interaction,0.00019295217547745056
meta-llama/Llama-3.3-70B-Instruct,pb_t018_14,C_high_minus_low,,1.0,high_minus_low,interaction,0.7346696601352599
meta-llama/Llama-3.3-70B-Instruct,pb_t018_14,C_high_minus_low,,0.5,high_minus_low,interaction,0.3671396096274522
meta-llama/Llama-3.3-70B-Instruct,pb_t018_18,C,,1.0,high_interaction,interaction,0.7258326844202636
meta-llama/Llama-3.3-70B-Instruct,pb_t018_18,C,,1.0,low_interaction,interaction,-0.0009361729237013875
meta-llama/Llama-3.3-70B-Instruct,pb_t018_18,C_high_minus_low,,1.0,high_minus_low,interaction,0.726768857343965
meta-llama/Llama-3.3-70B-Instruct,pb_t018_18,C_high_minus_low,,0.5,high_minus_low,interaction,0.3633199411346764
meta-llama/Llama-3.3-70B-Instruct,pb_t023_09,C,,1.0,high_interaction,interaction,0.721722243252018
meta-llama/Llama-3.3-70B-Instruct,pb_t023_09,C,,1.0,low_interaction,interaction,-0.0017260474020660947
meta-llama/Llama-3.3-70B-Instruct,pb_t023_09,C_high_minus_low,,1.0,high_minus_low,interaction,0.723448290654084
meta-llama/Llama-3.3-70B-Instruct,pb_t023_09,C_high_minus_low,,0.5,high_minus_low,interaction,0.361765472540167
meta-llama/Llama-3.3-70B-Instruct,pb_t023_12,C,,1.0,high_interaction,interaction,0.6138028537061859
meta-llama/Llama-3.3-70B-Instruct,pb_t023_12,C,,1.0,low_interaction,interaction,-0.0001583096744773744
meta-llama/Llama-3.3-70B-Instruct,pb_t023_12,C_high_minus_low,,1.0,high_minus_low,interaction,0.6139611633806633
meta-llama/Llama-3.3-70B-Instruct,pb_t023_12,C_high_minus_low,,0.5,high_minus_low,interaction,0.306978329882803
meta-llama/Llama-3.3-70B-Instruct,pb_t023_13,C,,1.0,high_interaction,interaction,0.6812528369113225
meta-llama/Llama-3.3-70B-Instruct,pb_t023_13,C,,1.0,low_interaction,interaction,0.001432104871742575
meta-llama/Llama-3.3-70B-Instruct,pb_t023_13,C_high_minus_low,,1.0,high_minus_low,interaction,0.6798207320395799
meta-llama/Llama-3.3-70B-Instruct,pb_t023_13,C_high_minus_low,,0.5,high_minus_low,interaction,0.33970689898806733
meta-llama/Llama-3.3-70B-Instruct,pb_t023_17,C,,1.0,high_interaction,interaction,0.687787098600877
meta-llama/Llama-3.3-70B-Instruct,pb_t023_17,C,,1.0,low_interaction,interaction,0.0005922878081511401
meta-llama/Llama-3.3-70B-Instruct,pb_t023_17,C_high_minus_low,,1.0,high_minus_low,interaction,0.6871948107927258
meta-llama/Llama-3.3-70B-Instruct,pb_t023_17,C_high_minus_low,,0.5,high_minus_low,interaction,0.3432243861106806
meta-llama/Llama-3.3-70B-Instruct,pb_t023_20,C,,1.0,high_interaction,interaction,0.6732337877730726
meta-llama/Llama-3.3-70B-Instruct,pb_t023_20,C,,1.0,low_interaction,interaction,0.0035629997920066567
meta-llama/Llama-3.3-70B-Instruct,pb_t023_20,C_high_minus_low,,1.0,high_minus_low,interaction,0.6696707879810659
meta-llama/Llama-3.3-70B-Instruct,pb_t023_20,C_high_minus_low,,0.5,high_minus_low,interaction,0.3370074010894483
meta-llama/Llama-3.3-70B-Instruct,pb_t029_07,C,,1.0,high_interaction,interaction,0.6638106554825774
meta-llama/Llama-3.3-70B-Instruct,pb_t029_07,C,,1.0,low_interaction,interaction,-0.0010155918439823536
meta-llama/Llama-3.3-70B-Instruct,pb_t029_07,C_high_minus_low,,1.0,high_minus_low,interaction,0.6648262473265598
meta-llama/Llama-3.3-70B-Instruct,pb_t029_07,C_high_minus_low,,0.5,high_minus_low,interaction,0.32887358369105035
meta-llama/Llama-3.3-70B-Instruct,pb_t029_09,C,,1.0,high_interaction,interaction,0.7130753810888235
meta-llama/Llama-3.3-70B-Instruct,pb_t029_09,C,,1.0,low_interaction,interaction,-0.0012243997110739865
meta-llama/Llama-3.3-70B-Instruct,pb_t029_09,C_high_minus_low,,1.0,high_minus_low,interaction,0.7142997807998975
meta-llama/Llama-3.3-70B-Instruct,pb_t029_09,C_high_minus_low,,0.5,high_minus_low,interaction,0.3547297759422823
meta-llama/Llama-3.3-70B-Instruct,pb_t029_10,C,,1.0,high_interaction,interaction,0.6738893857450838
meta-llama/Llama-3.3-70B-Instruct,pb_t029_10,C,,1.0,low_interaction,interaction,0.004152242957847547
meta-llama/Llama-3.3-70B-Instruct,pb_t029_10,C_high_minus_low,,1.0,high_minus_low,interaction,0.6697371427872363
meta-llama/Llama-3.3-70B-Instruct,pb_t029_10,C_high_minus_low,,0.5,high_minus_low,interaction,0.3376442004054779
meta-llama/Llama-3.3-70B-Instruct,pb_t029_11,C,,1.0,high_interaction,interaction,0.6978564999835019
meta-llama/Llama-3.3-70B-Instruct,pb_t029_11,C,,1.0,low_interaction,interaction,-0.000609285205857962
meta-llama/Llama-3.3-70B-Instruct,pb_t029_11,C_high_minus_low,,1.0,high_minus_low,interaction,0.6984657851893599
meta-llama/Llama-3.3-70B-Instruct,pb_t029_11,C_high_minus_low,,0.5,high_minus_low,interaction,0.34843319887068674
meta-llama/Llama-3.3-70B-Instruct,pb_t029_12,C,,1.0,high_interaction,interaction,0.6146468355853381
meta-llama/Llama-3.3-70B-Instruct,pb_t029_12,C,,1.0,low_interaction,interaction,-0.0006024374792999917
meta-llama/Llama-3.3-70B-Instruct,pb_t029_12,C_high_minus_low,,1.0,high_minus_low,interaction,0.6152492730646381
meta-llama/Llama-3.3-70B-Instruct,pb_t029_12,C_high_minus_low,,0.5,high_minus_low,interaction,0.306947791276779
meta-llama/Llama-3.3-70B-Instruct,pb_t031_06,C,,1.0,high_interaction,interaction,0.6677557879168172
meta-llama/Llama-3.3-70B-Instruct,pb_t031_06,C,,1.0,low_interaction,interaction,-0.0015635914026293177
meta-llama/Llama-3.3-70B-Instruct,pb_t031_06,C_high_minus_low,,1.0,high_minus_low,interaction,0.6693193793194465
meta-llama/Llama-3.3-70B-Instruct,pb_t031_06,C_high_minus_low,,0.5,high_minus_low,interaction,0.33302950791288466
meta-llama/Llama-3.3-70B-Instruct,pb_t031_09,C,,1.0,high_interaction,interaction,0.7125335434260925
meta-llama/Llama-3.3-70B-Instruct,pb_t031_09,C,,1.0,low_interaction,interaction,-9.415080904269339e-05
meta-llama/Llama-3.3-70B-Instruct,pb_t031_09,C_high_minus_low,,1.0,high_minus_low,interaction,0.7126276942351353
meta-llama/Llama-3.3-70B-Instruct,pb_t031_09,C_high_minus_low,,0.5,high_minus_low,interaction,0.3534990750032994
meta-llama/Llama-3.3-70B-Instruct,pb_t031_12,C,,1.0,high_interaction,interaction,0.7113197841598504
meta-llama/Llama-3.3-70B-Instruct,pb_t031_12,C,,1.0,low_interaction,interaction,-0.0010015518086130871
meta-llama/Llama-3.3-70B-Instruct,pb_t031_12,C_high_minus_low,,1.0,high_minus_low,interaction,0.7123213359684635
meta-llama/Llama-3.3-70B-Instruct,pb_t031_12,C_high_minus_low,,0.5,high_minus_low,interaction,0.35623755594861994
meta-llama/Llama-3.3-70B-Instruct,pb_t031_13,C,,1.0,high_interaction,interaction,0.6935772570498976
meta-llama/Llama-3.3-70B-Instruct,pb_t031_13,C,,1.0,low_interaction,interaction,-0.002777660786907698
meta-llama/Llama-3.3-70B-Instruct,pb_t031_13,C_high_minus_low,,1.0,high_minus_low,interaction,0.6963549178368053
meta-llama/Llama-3.3-70B-Instruct,pb_t031_13,C_high_minus_low,,0.5,high_minus_low,interaction,0.34818023074564114
meta-llama/Llama-3.3-70B-Instruct,pb_t031_16,C,,1.0,high_interaction,interaction,0.7382165284363961
meta-llama/Llama-3.3-70B-Instruct,pb_t031_16,C,,1.0,low_interaction,interaction,-0.002102293759977024
meta-llama/Llama-3.3-70B-Instruct,pb_t031_16,C_high_minus_low,,1.0,high_minus_low,interaction,0.7403188221963731
meta-llama/Llama-3.3-70B-Instruct,pb_t031_16,C_high_minus_low,,0.5,high_minus_low,interaction,0.3738137767378969
meta-llama/Llama-3.3-70B-Instruct,pb_t032_08,C,,1.0,high_interaction,interaction,0.6815729638024143
meta-llama/Llama-3.3-70B-Instruct,pb_t032_08,C,,1.0,low_interaction,interaction,-0.0008169481957631761
meta-llama/Llama-3.3-70B-Instruct,pb_t032_08,C_high_minus_low,,1.0,high_minus_low,interaction,0.6823899119981774
meta-llama/Llama-3.3-70B-Instruct,pb_t032_08,C_high_minus_low,,0.5,high_minus_low,interaction,0.3455945403170847
meta-llama/Llama-3.3-70B-Instruct,pb_t032_09,C,,1.0,high_interaction,interaction,0.6552836186798254
meta-llama/Llama-3.3-70B-Instruct,pb_t032_09,C,,1.0,low_interaction,interaction,0.0018178818985398043
meta-llama/Llama-3.3-70B-Instruct,pb_t032_09,C_high_minus_low,,1.0,high_minus_low,interaction,0.6534657367812856
meta-llama/Llama-3.3-70B-Instruct,pb_t032_09,C_high_minus_low,,0.5,high_minus_low,interaction,0.328689972526464
meta-llama/Llama-3.3-70B-Instruct,pb_t032_13,C,,1.0,high_interaction,interaction,0.7180574353478276
meta-llama/Llama-3.3-70B-Instruct,pb_t032_13,C,,1.0,low_interaction,interaction,0.0015590580917225264
meta-llama/Llama-3.3-70B-Instruct,pb_t032_13,C_high_minus_low,,1.0,high_minus_low,interaction,0.7164983772561051
meta-llama/Llama-3.3-70B-Instruct,pb_t032_13,C_high_minus_low,,0.5,high_minus_low,interaction,0.35890740000777466
meta-llama/Llama-3.3-70B-Instruct,pb_t032_15,C,,1.0,high_interaction,interaction,0.6712030781081237
meta-llama/Llama-3.3-70B-Instruct,pb_t032_15,C,,1.0,low_interaction,interaction,-0.0011276660344631169
meta-llama/Llama-3.3-70B-Instruct,pb_t032_15,C_high_minus_low,,1.0,high_minus_low,interaction,0.6723307441425869
meta-llama/Llama-3.3-70B-Instruct,pb_t032_15,C_high_minus_low,,0.5,high_minus_low,interaction,0.3368168260190649
meta-llama/Llama-3.3-70B-Instruct,pb_t032_16,C,,1.0,high_interaction,interaction,0.6836404716730705
meta-llama/Llama-3.3-70B-Instruct,pb_t032_16,C,,1.0,low_interaction,interaction,0.0012963750527934987
meta-llama/Llama-3.3-70B-Instruct,pb_t032_16,C_high_minus_low,,1.0,high_minus_low,interaction,0.6823440966202771
meta-llama/Llama-3.3-70B-Instruct,pb_t032_16,C_high_minus_low,,0.5,high_minus_low,interaction,0.33777352323866905
meta-llama/Llama-3.3-70B-Instruct,pb_t035_06,C,,1.0,high_interaction,interaction,0.6817257246857862
meta-llama/Llama-3.3-70B-Instruct,pb_t035_06,C,,1.0,low_interaction,interaction,0.0005894741052399575
meta-llama/Llama-3.3-70B-Instruct,pb_t035_06,C_high_minus_low,,1.0,high_minus_low,interaction,0.6811362505805463
meta-llama/Llama-3.3-70B-Instruct,pb_t035_06,C_high_minus_low,,0.5,high_minus_low,interaction,0.33933754152896356
meta-llama/Llama-3.3-70B-Instruct,pb_t035_13,C,,1.0,high_interaction,interaction,0.6549991261990403
meta-llama/Llama-3.3-70B-Instruct,pb_t035_13,C,,1.0,low_interaction,interaction,0.001074822191727779
meta-llama/Llama-3.3-70B-Instruct,pb_t035_13,C_high_minus_low,,1.0,high_minus_low,interaction,0.6539243040073125
meta-llama/Llama-3.3-70B-Instruct,pb_t035_13,C_high_minus_low,,0.5,high_minus_low,interaction,0.32479454458504897
meta-llama/Llama-3.3-70B-Instruct,pb_t035_15,C,,1.0,high_interaction,interaction,0.6296617998697457
meta-llama/Llama-3.3-70B-Instruct,pb_t035_15,C,,1.0,low_interaction,interaction,-0.0007268037310000433
meta-llama/Llama-3.3-70B-Instruct,pb_t035_15,C_high_minus_low,,1.0,high_minus_low,interaction,0.6303886036007458
meta-llama/Llama-3.3-70B-Instruct,pb_t035_15,C_high_minus_low,,0.5,high_minus_low,interaction,0.313698949240051
meta-llama/Llama-3.3-70B-Instruct,pb_t035_20,C,,1.0,high_interaction,interaction,0.6590124763334136
meta-llama/Llama-3.3-70B-Instruct,pb_t035_20,C,,1.0,low_interaction,interaction,-0.0005653654373493385
meta-llama/Llama-3.3-70B-Instruct,pb_t035_20,C_high_minus_low,,1.0,high_minus_low,interaction,0.659577841770763
meta-llama/Llama-3.3-70B-Instruct,pb_t035_20,C_high_minus_low,,0.5,high_minus_low,interaction,0.3288474747182648
meta-llama/Llama-3.3-70B-Instruct,pb_t035_22,C,,1.0,high_interaction,interaction,0.7046979752161097
meta-llama/Llama-3.3-70B-Instruct,pb_t035_22,C,,1.0,low_interaction,interaction,-0.0026042668642316754
meta-llama/Llama-3.3-70B-Instruct,pb_t035_22,C_high_minus_low,,1.0,high_minus_low,interaction,0.7073022420803413
meta-llama/Llama-3.3-70B-Instruct,pb_t035_22,C_high_minus_low,,0.5,high_minus_low,interaction,0.3512019980794098
meta-llama/Llama-3.3-70B-Instruct,pb_t040_08,C,,1.0,high_interaction,interaction,0.6632277153216145
meta-llama/Llama-3.3-70B-Instruct,pb_t040_08,C,,1.0,low_interaction,interaction,-0.000564395361037443
meta-llama/Llama-3.3-70B-Instruct,pb_t040_08,C_high_minus_low,,1.0,high_minus_low,interaction,0.663792110682652
meta-llama/Llama-3.3-70B-Instruct,pb_t040_08,C_high_minus_low,,0.5,high_minus_low,interaction,0.3347939522875266
meta-llama/Llama-3.3-70B-Instruct,pb_t040_10,C,,1.0,high_interaction,interaction,0.6754115946438399
meta-llama/Llama-3.3-70B-Instruct,pb_t040_10,C,,1.0,low_interaction,interaction,0.0006751498655774325
meta-llama/Llama-3.3-70B-Instruct,pb_t040_10,C_high_minus_low,,1.0,high_minus_low,interaction,0.6747364447782624
meta-llama/Llama-3.3-70B-Instruct,pb_t040_10,C_high_minus_low,,0.5,high_minus_low,interaction,0.3340325565649902
meta-llama/Llama-3.3-70B-Instruct,pb_t040_13,C,,1.0,high_interaction,interaction,0.7012924182775926
meta-llama/Llama-3.3-70B-Instruct,pb_t040_13,C,,1.0,low_interaction,interaction,0.00013614504696761454
meta-llama/Llama-3.3-70B-Instruct,pb_t040_13,C_high_minus_low,,1.0,high_minus_low,interaction,0.701156273230625
meta-llama/Llama-3.3-70B-Instruct,pb_t040_13,C_high_minus_low,,0.5,high_minus_low,interaction,0.35062184844600913
meta-llama/Llama-3.3-70B-Instruct,pb_t040_14,C,,1.0,high_interaction,interaction,0.6855825797227992
meta-llama/Llama-3.3-70B-Instruct,pb_t040_14,C,,1.0,low_interaction,interaction,0.0011069527130561907
meta-llama/Llama-3.3-70B-Instruct,pb_t040_14,C_high_minus_low,,1.0,high_minus_low,interaction,0.6844756270097431
meta-llama/Llama-3.3-70B-Instruct,pb_t040_14,C_high_minus_low,,0.5,high_minus_low,interaction,0.34417539579814055
meta-llama/Llama-3.3-70B-Instruct,pb_t040_15,C,,1.0,high_interaction,interaction,0.680062927516485
meta-llama/Llama-3.3-70B-Instruct,pb_t040_15,C,,1.0,low_interaction,interaction,0.001538374804178782
meta-llama/Llama-3.3-70B-Instruct,pb_t040_15,C_high_minus_low,,1.0,high_minus_low,interaction,0.6785245527123063
meta-llama/Llama-3.3-70B-Instruct,pb_t040_15,C_high_minus_low,,0.5,high_minus_low,interaction,0.3404356574953173
meta-llama/Llama-3.3-70B-Instruct,pb_t001_08,random_high_minus_low,20261201,1.0,high_minus_low,interaction,0.01335489220982976
meta-llama/Llama-3.3-70B-Instruct,pb_t001_10,random_high_minus_low,20261201,1.0,high_minus_low,interaction,0.025336296658037362
meta-llama/Llama-3.3-70B-Instruct,pb_t001_11,random_high_minus_low,20261201,1.0,high_minus_low,interaction,0.027851089340608867
meta-llama/Llama-3.3-70B-Instruct,pb_t001_12,random_high_minus_low,20261201,1.0,high_minus_low,interaction,0.005998786063727926
meta-llama/Llama-3.3-70B-Instruct,pb_t001_15,random_high_minus_low,20261201,1.0,high_minus_low,interaction,0.03045128597875135
meta-llama/Llama-3.3-70B-Instruct,pb_t002_08,random_high_minus_low,20261201,1.0,high_minus_low,interaction,0.008024597909187277
meta-llama/Llama-3.3-70B-Instruct,pb_t002_16,random_high_minus_low,20261201,1.0,high_minus_low,interaction,0.0002932924899553026
meta-llama/Llama-3.3-70B-Instruct,pb_t002_17,random_high_minus_low,20261201,1.0,high_minus_low,interaction,0.017038715239249963
meta-llama/Llama-3.3-70B-Instruct,pb_t002_18,random_high_minus_low,20261201,1.0,high_minus_low,interaction,0.007501211225055009
meta-llama/Llama-3.3-70B-Instruct,pb_t002_20,random_high_minus_low,20261201,1.0,high_minus_low,interaction,0.01115884822023931
meta-llama/Llama-3.3-70B-Instruct,pb_t004_10,random_high_minus_low,20261201,1.0,high_minus_low,interaction,0.011935649353000127
meta-llama/Llama-3.3-70B-Instruct,pb_t004_11,random_high_minus_low,20261201,1.0,high_minus_low,interaction,0.03249496634919273
meta-llama/Llama-3.3-70B-Instruct,pb_t004_13,random_high_minus_low,20261201,1.0,high_minus_low,interaction,-0.00232460646650929
meta-llama/Llama-3.3-70B-Instruct,pb_t004_17,random_high_minus_low,20261201,1.0,high_minus_low,interaction,0.0029647613656402483
meta-llama/Llama-3.3-70B-Instruct,pb_t004_20,random_high_minus_low,20261201,1.0,high_minus_low,interaction,0.01463182280543532
meta-llama/Llama-3.3-70B-Instruct,pb_t006_09,random_high_minus_low,20261201,1.0,high_minus_low,interaction,0.02545555783524743
meta-llama/Llama-3.3-70B-Instruct,pb_t006_10,random_high_minus_low,20261201,1.0,high_minus_low,interaction,0.023727048552879534
meta-llama/Llama-3.3-70B-Instruct,pb_t006_12,random_high_minus_low,20261201,1.0,high_minus_low,interaction,0.012315472584285938
meta-llama/Llama-3.3-70B-Instruct,pb_t006_18,random_high_minus_low,20261201,1.0,high_minus_low,interaction,0.0031806672602332025
meta-llama/Llama-3.3-70B-Instruct,pb_t006_19,random_high_minus_low,20261201,1.0,high_minus_low,interaction,0.03487844087849269
meta-llama/Llama-3.3-70B-Instruct,pb_t007_09,random_high_minus_low,20261201,1.0,high_minus_low,interaction,0.003359933202308163
meta-llama/Llama-3.3-70B-Instruct,pb_t007_10,random_high_minus_low,20261201,1.0,high_minus_low,interaction,0.009614988325688523
meta-llama/Llama-3.3-70B-Instruct,pb_t007_16,random_high_minus_low,20261201,1.0,high_minus_low,interaction,-0.002805288586216911
meta-llama/Llama-3.3-70B-Instruct,pb_t007_17,random_high_minus_low,20261201,1.0,high_minus_low,interaction,0.008795786075962509
meta-llama/Llama-3.3-70B-Instruct,pb_t007_19,random_high_minus_low,20261201,1.0,high_minus_low,interaction,0.015080132575565031
meta-llama/Llama-3.3-70B-Instruct,pb_t008_09,random_high_minus_low,20261201,1.0,high_minus_low,interaction,0.03942869873474947
meta-llama/Llama-3.3-70B-Instruct,pb_t008_11,random_high_minus_low,20261201,1.0,high_minus_low,interaction,0.017515775563747477
meta-llama/Llama-3.3-70B-Instruct,pb_t008_16,random_high_minus_low,20261201,1.0,high_minus_low,interaction,0.023584995452756694
meta-llama/Llama-3.3-70B-Instruct,pb_t008_17,random_high_minus_low,20261201,1.0,high_minus_low,interaction,0.016382793938343736
meta-llama/Llama-3.3-70B-Instruct,pb_t008_20,random_high_minus_low,20261201,1.0,high_minus_low,interaction,0.026844677171878124
meta-llama/Llama-3.3-70B-Instruct,pb_t009_07,random_high_minus_low,20261201,1.0,high_minus_low,interaction,0.039053585113764104
meta-llama/Llama-3.3-70B-Instruct,pb_t009_12,random_high_minus_low,20261201,1.0,high_minus_low,interaction,0.0034408185011066657
meta-llama/Llama-3.3-70B-Instruct,pb_t009_15,random_high_minus_low,20261201,1.0,high_minus_low,interaction,0.03926022327012387
meta-llama/Llama-3.3-70B-Instruct,pb_t009_17,random_high_minus_low,20261201,1.0,high_minus_low,interaction,0.018459700841336017
meta-llama/Llama-3.3-70B-Instruct,pb_t009_19,random_high_minus_low,20261201,1.0,high_minus_low,interaction,0.004792636603247725
meta-llama/Llama-3.3-70B-Instruct,pb_t010_09,random_high_minus_low,20261201,1.0,high_minus_low,interaction,0.009596731102187474
meta-llama/Llama-3.3-70B-Instruct,pb_t010_12,random_high_minus_low,20261201,1.0,high_minus_low,interaction,-0.008183397478318548
meta-llama/Llama-3.3-70B-Instruct,pb_t010_17,random_high_minus_low,20261201,1.0,high_minus_low,interaction,0.027887104638640206
meta-llama/Llama-3.3-70B-Instruct,pb_t010_19,random_high_minus_low,20261201,1.0,high_minus_low,interaction,0.012510231828146381
meta-llama/Llama-3.3-70B-Instruct,pb_t010_20,random_high_minus_low,20261201,1.0,high_minus_low,interaction,0.005057439758059196
meta-llama/Llama-3.3-70B-Instruct,pb_t016_09,random_high_minus_low,20261201,1.0,high_minus_low,interaction,0.021465037085879796
meta-llama/Llama-3.3-70B-Instruct,pb_t016_10,random_high_minus_low,20261201,1.0,high_minus_low,interaction,-0.007482725233236432
meta-llama/Llama-3.3-70B-Instruct,pb_t016_12,random_high_minus_low,20261201,1.0,high_minus_low,interaction,0.003809720336741171
meta-llama/Llama-3.3-70B-Instruct,pb_t016_17,random_high_minus_low,20261201,1.0,high_minus_low,interaction,0.028886637278083056
meta-llama/Llama-3.3-70B-Instruct,pb_t016_20,random_high_minus_low,20261201,1.0,high_minus_low,interaction,0.004717277110276331
meta-llama/Llama-3.3-70B-Instruct,pb_t018_08,random_high_minus_low,20261201,1.0,high_minus_low,interaction,0.00807565844483189
meta-llama/Llama-3.3-70B-Instruct,pb_t018_10,random_high_minus_low,20261201,1.0,high_minus_low,interaction,-0.00044652205366604164
meta-llama/Llama-3.3-70B-Instruct,pb_t018_11,random_high_minus_low,20261201,1.0,high_minus_low,interaction,0.0074731466261293705
meta-llama/Llama-3.3-70B-Instruct,pb_t018_14,random_high_minus_low,20261201,1.0,high_minus_low,interaction,0.02915263962581397
meta-llama/Llama-3.3-70B-Instruct,pb_t018_18,random_high_minus_low,20261201,1.0,high_minus_low,interaction,0.020366267615330183
meta-llama/Llama-3.3-70B-Instruct,pb_t023_09,random_high_minus_low,20261201,1.0,high_minus_low,interaction,0.03575805217440476
meta-llama/Llama-3.3-70B-Instruct,pb_t023_12,random_high_minus_low,20261201,1.0,high_minus_low,interaction,0.0023464404990575826
meta-llama/Llama-3.3-70B-Instruct,pb_t023_13,random_high_minus_low,20261201,1.0,high_minus_low,interaction,0.02059452831502663
meta-llama/Llama-3.3-70B-Instruct,pb_t023_17,random_high_minus_low,20261201,1.0,high_minus_low,interaction,0.024622295032587158
meta-llama/Llama-3.3-70B-Instruct,pb_t023_20,random_high_minus_low,20261201,1.0,high_minus_low,interaction,0.03478661266277169
meta-llama/Llama-3.3-70B-Instruct,pb_t029_07,random_high_minus_low,20261201,1.0,high_minus_low,interaction,0.004410193138920499
meta-llama/Llama-3.3-70B-Instruct,pb_t029_09,random_high_minus_low,20261201,1.0,high_minus_low,interaction,0.033565613291243204
meta-llama/Llama-3.3-70B-Instruct,pb_t029_10,random_high_minus_low,20261201,1.0,high_minus_low,interaction,0.0011033265237274947
meta-llama/Llama-3.3-70B-Instruct,pb_t029_11,random_high_minus_low,20261201,1.0,high_minus_low,interaction,0.016266463763991282
meta-llama/Llama-3.3-70B-Instruct,pb_t029_12,random_high_minus_low,20261201,1.0,high_minus_low,interaction,0.004867068214487437
meta-llama/Llama-3.3-70B-Instruct,pb_t031_06,random_high_minus_low,20261201,1.0,high_minus_low,interaction,0.01641317431880007
meta-llama/Llama-3.3-70B-Instruct,pb_t031_09,random_high_minus_low,20261201,1.0,high_minus_low,interaction,0.004661435347789198
meta-llama/Llama-3.3-70B-Instruct,pb_t031_12,random_high_minus_low,20261201,1.0,high_minus_low,interaction,0.005444726753091431
meta-llama/Llama-3.3-70B-Instruct,pb_t031_13,random_high_minus_low,20261201,1.0,high_minus_low,interaction,0.008666109378038297
meta-llama/Llama-3.3-70B-Instruct,pb_t031_16,random_high_minus_low,20261201,1.0,high_minus_low,interaction,0.01331782797386114
meta-llama/Llama-3.3-70B-Instruct,pb_t032_08,random_high_minus_low,20261201,1.0,high_minus_low,interaction,0.00787247739924072
meta-llama/Llama-3.3-70B-Instruct,pb_t032_09,random_high_minus_low,20261201,1.0,high_minus_low,interaction,0.012175847354015541
meta-llama/Llama-3.3-70B-Instruct,pb_t032_13,random_high_minus_low,20261201,1.0,high_minus_low,interaction,0.006813030621095782
meta-llama/Llama-3.3-70B-Instruct,pb_t032_15,random_high_minus_low,20261201,1.0,high_minus_low,interaction,0.0218248411996927
meta-llama/Llama-3.3-70B-Instruct,pb_t032_16,random_high_minus_low,20261201,1.0,high_minus_low,interaction,0.016497670546746734
meta-llama/Llama-3.3-70B-Instruct,pb_t035_06,random_high_minus_low,20261201,1.0,high_minus_low,interaction,0.01309232377760987
meta-llama/Llama-3.3-70B-Instruct,pb_t035_13,random_high_minus_low,20261201,1.0,high_minus_low,interaction,0.03369898877696037
meta-llama/Llama-3.3-70B-Instruct,pb_t035_15,random_high_minus_low,20261201,1.0,high_minus_low,interaction,-0.0014978044891301157
meta-llama/Llama-3.3-70B-Instruct,pb_t035_20,random_high_minus_low,20261201,1.0,high_minus_low,interaction,0.01281135483432515
meta-llama/Llama-3.3-70B-Instruct,pb_t035_22,random_high_minus_low,20261201,1.0,high_minus_low,interaction,0.02093057963290205
meta-llama/Llama-3.3-70B-Instruct,pb_t040_08,random_high_minus_low,20261201,1.0,high_minus_low,interaction,-0.0005052629494597866
meta-llama/Llama-3.3-70B-Instruct,pb_t040_10,random_high_minus_low,20261201,1.0,high_minus_low,interaction,0.0032489349418180534
meta-llama/Llama-3.3-70B-Instruct,pb_t040_13,random_high_minus_low,20261201,1.0,high_minus_low,interaction,0.016839833038168016
meta-llama/Llama-3.3-70B-Instruct,pb_t040_14,random_high_minus_low,20261201,1.0,high_minus_low,interaction,0.003779521569265514
meta-llama/Llama-3.3-70B-Instruct,pb_t040_15,random_high_minus_low,20261201,1.0,high_minus_low,interaction,0.02237009692539067
meta-llama/Llama-3.3-70B-Instruct,pb_t001_08,random_high_minus_low,20261202,1.0,high_minus_low,interaction,0.03413029020845614
meta-llama/Llama-3.3-70B-Instruct,pb_t001_10,random_high_minus_low,20261202,1.0,high_minus_low,interaction,0.04167141537226338
meta-llama/Llama-3.3-70B-Instruct,pb_t001_11,random_high_minus_low,20261202,1.0,high_minus_low,interaction,0.032940148411548624
meta-llama/Llama-3.3-70B-Instruct,pb_t001_12,random_high_minus_low,20261202,1.0,high_minus_low,interaction,0.03154776734007888
meta-llama/Llama-3.3-70B-Instruct,pb_t001_15,random_high_minus_low,20261202,1.0,high_minus_low,interaction,0.04761907332893255
meta-llama/Llama-3.3-70B-Instruct,pb_t002_08,random_high_minus_low,20261202,1.0,high_minus_low,interaction,0.03459505265188078
meta-llama/Llama-3.3-70B-Instruct,pb_t002_16,random_high_minus_low,20261202,1.0,high_minus_low,interaction,0.016485440639384806
meta-llama/Llama-3.3-70B-Instruct,pb_t002_17,random_high_minus_low,20261202,1.0,high_minus_low,interaction,0.04344035705183585
meta-llama/Llama-3.3-70B-Instruct,pb_t002_18,random_high_minus_low,20261202,1.0,high_minus_low,interaction,0.03900592978012767
meta-llama/Llama-3.3-70B-Instruct,pb_t002_20,random_high_minus_low,20261202,1.0,high_minus_low,interaction,0.03136284450167039
meta-llama/Llama-3.3-70B-Instruct,pb_t004_10,random_high_minus_low,20261202,1.0,high_minus_low,interaction,0.05000684570901618
meta-llama/Llama-3.3-70B-Instruct,pb_t004_11,random_high_minus_low,20261202,1.0,high_minus_low,interaction,0.04714427307558486
meta-llama/Llama-3.3-70B-Instruct,pb_t004_13,random_high_minus_low,20261202,1.0,high_minus_low,interaction,0.04347979979014114
meta-llama/Llama-3.3-70B-Instruct,pb_t004_17,random_high_minus_low,20261202,1.0,high_minus_low,interaction,0.04620440353109808
meta-llama/Llama-3.3-70B-Instruct,pb_t004_20,random_high_minus_low,20261202,1.0,high_minus_low,interaction,0.04139612721898234
meta-llama/Llama-3.3-70B-Instruct,pb_t006_09,random_high_minus_low,20261202,1.0,high_minus_low,interaction,0.046228700593087875
meta-llama/Llama-3.3-70B-Instruct,pb_t006_10,random_high_minus_low,20261202,1.0,high_minus_low,interaction,0.05700332367939195
meta-llama/Llama-3.3-70B-Instruct,pb_t006_12,random_high_minus_low,20261202,1.0,high_minus_low,interaction,0.054507365617786095
meta-llama/Llama-3.3-70B-Instruct,pb_t006_18,random_high_minus_low,20261202,1.0,high_minus_low,interaction,0.026451881015662235
meta-llama/Llama-3.3-70B-Instruct,pb_t006_19,random_high_minus_low,20261202,1.0,high_minus_low,interaction,0.036761806896287434
meta-llama/Llama-3.3-70B-Instruct,pb_t007_09,random_high_minus_low,20261202,1.0,high_minus_low,interaction,0.021264721996509174
meta-llama/Llama-3.3-70B-Instruct,pb_t007_10,random_high_minus_low,20261202,1.0,high_minus_low,interaction,0.032613642124748335
meta-llama/Llama-3.3-70B-Instruct,pb_t007_16,random_high_minus_low,20261202,1.0,high_minus_low,interaction,0.03237844330548158
meta-llama/Llama-3.3-70B-Instruct,pb_t007_17,random_high_minus_low,20261202,1.0,high_minus_low,interaction,0.03634455408366552
meta-llama/Llama-3.3-70B-Instruct,pb_t007_19,random_high_minus_low,20261202,1.0,high_minus_low,interaction,0.03993297670195988
meta-llama/Llama-3.3-70B-Instruct,pb_t008_09,random_high_minus_low,20261202,1.0,high_minus_low,interaction,0.02517820838836766
meta-llama/Llama-3.3-70B-Instruct,pb_t008_11,random_high_minus_low,20261202,1.0,high_minus_low,interaction,0.032511490177521
meta-llama/Llama-3.3-70B-Instruct,pb_t008_16,random_high_minus_low,20261202,1.0,high_minus_low,interaction,0.04203229770148101
meta-llama/Llama-3.3-70B-Instruct,pb_t008_17,random_high_minus_low,20261202,1.0,high_minus_low,interaction,0.03929394632166481
meta-llama/Llama-3.3-70B-Instruct,pb_t008_20,random_high_minus_low,20261202,1.0,high_minus_low,interaction,0.03762118307638591
meta-llama/Llama-3.3-70B-Instruct,pb_t009_07,random_high_minus_low,20261202,1.0,high_minus_low,interaction,0.040283621907201736
meta-llama/Llama-3.3-70B-Instruct,pb_t009_12,random_high_minus_low,20261202,1.0,high_minus_low,interaction,0.04840600706595959
meta-llama/Llama-3.3-70B-Instruct,pb_t009_15,random_high_minus_low,20261202,1.0,high_minus_low,interaction,0.04441027474205939
meta-llama/Llama-3.3-70B-Instruct,pb_t009_17,random_high_minus_low,20261202,1.0,high_minus_low,interaction,0.03736685498886624
meta-llama/Llama-3.3-70B-Instruct,pb_t009_19,random_high_minus_low,20261202,1.0,high_minus_low,interaction,0.047931479727879464
meta-llama/Llama-3.3-70B-Instruct,pb_t010_09,random_high_minus_low,20261202,1.0,high_minus_low,interaction,0.04514054935695242
meta-llama/Llama-3.3-70B-Instruct,pb_t010_12,random_high_minus_low,20261202,1.0,high_minus_low,interaction,0.030489621215772766
meta-llama/Llama-3.3-70B-Instruct,pb_t010_17,random_high_minus_low,20261202,1.0,high_minus_low,interaction,0.05159355055424106
meta-llama/Llama-3.3-70B-Instruct,pb_t010_19,random_high_minus_low,20261202,1.0,high_minus_low,interaction,0.031087874954453323
meta-llama/Llama-3.3-70B-Instruct,pb_t010_20,random_high_minus_low,20261202,1.0,high_minus_low,interaction,0.036395157887381034
meta-llama/Llama-3.3-70B-Instruct,pb_t016_09,random_high_minus_low,20261202,1.0,high_minus_low,interaction,0.04027827308766534
meta-llama/Llama-3.3-70B-Instruct,pb_t016_10,random_high_minus_low,20261202,1.0,high_minus_low,interaction,0.031762679271661806
meta-llama/Llama-3.3-70B-Instruct,pb_t016_12,random_high_minus_low,20261202,1.0,high_minus_low,interaction,0.019778021469458056
meta-llama/Llama-3.3-70B-Instruct,pb_t016_17,random_high_minus_low,20261202,1.0,high_minus_low,interaction,0.030629961549457303
meta-llama/Llama-3.3-70B-Instruct,pb_t016_20,random_high_minus_low,20261202,1.0,high_minus_low,interaction,0.030848899483330798
meta-llama/Llama-3.3-70B-Instruct,pb_t018_08,random_high_minus_low,20261202,1.0,high_minus_low,interaction,0.036118764354541776
meta-llama/Llama-3.3-70B-Instruct,pb_t018_10,random_high_minus_low,20261202,1.0,high_minus_low,interaction,0.03681889057025619
meta-llama/Llama-3.3-70B-Instruct,pb_t018_11,random_high_minus_low,20261202,1.0,high_minus_low,interaction,0.0247432707726734
meta-llama/Llama-3.3-70B-Instruct,pb_t018_14,random_high_minus_low,20261202,1.0,high_minus_low,interaction,0.04539523442723447
meta-llama/Llama-3.3-70B-Instruct,pb_t018_18,random_high_minus_low,20261202,1.0,high_minus_low,interaction,0.03537040006585353
meta-llama/Llama-3.3-70B-Instruct,pb_t023_09,random_high_minus_low,20261202,1.0,high_minus_low,interaction,0.04145776194494583
meta-llama/Llama-3.3-70B-Instruct,pb_t023_12,random_high_minus_low,20261202,1.0,high_minus_low,interaction,0.03235896667772921
meta-llama/Llama-3.3-70B-Instruct,pb_t023_13,random_high_minus_low,20261202,1.0,high_minus_low,interaction,0.027744496165186556
meta-llama/Llama-3.3-70B-Instruct,pb_t023_17,random_high_minus_low,20261202,1.0,high_minus_low,interaction,0.0323394454326115
meta-llama/Llama-3.3-70B-Instruct,pb_t023_20,random_high_minus_low,20261202,1.0,high_minus_low,interaction,0.03174053765285285
meta-llama/Llama-3.3-70B-Instruct,pb_t029_07,random_high_minus_low,20261202,1.0,high_minus_low,interaction,0.04163889753844726
meta-llama/Llama-3.3-70B-Instruct,pb_t029_09,random_high_minus_low,20261202,1.0,high_minus_low,interaction,0.025175414791793388
meta-llama/Llama-3.3-70B-Instruct,pb_t029_10,random_high_minus_low,20261202,1.0,high_minus_low,interaction,0.03462660290512442
meta-llama/Llama-3.3-70B-Instruct,pb_t029_11,random_high_minus_low,20261202,1.0,high_minus_low,interaction,0.03587558726491291
meta-llama/Llama-3.3-70B-Instruct,pb_t029_12,random_high_minus_low,20261202,1.0,high_minus_low,interaction,0.012035239891063676
meta-llama/Llama-3.3-70B-Instruct,pb_t031_06,random_high_minus_low,20261202,1.0,high_minus_low,interaction,0.02398091018434876
meta-llama/Llama-3.3-70B-Instruct,pb_t031_09,random_high_minus_low,20261202,1.0,high_minus_low,interaction,0.02842325125254386
meta-llama/Llama-3.3-70B-Instruct,pb_t031_12,random_high_minus_low,20261202,1.0,high_minus_low,interaction,0.027442461989148972
meta-llama/Llama-3.3-70B-Instruct,pb_t031_13,random_high_minus_low,20261202,1.0,high_minus_low,interaction,0.038512391191066364
meta-llama/Llama-3.3-70B-Instruct,pb_t031_16,random_high_minus_low,20261202,1.0,high_minus_low,interaction,0.04416284172037531
meta-llama/Llama-3.3-70B-Instruct,pb_t032_08,random_high_minus_low,20261202,1.0,high_minus_low,interaction,0.035305066760148295
meta-llama/Llama-3.3-70B-Instruct,pb_t032_09,random_high_minus_low,20261202,1.0,high_minus_low,interaction,0.03935312207766917
meta-llama/Llama-3.3-70B-Instruct,pb_t032_13,random_high_minus_low,20261202,1.0,high_minus_low,interaction,0.048398524158475995
meta-llama/Llama-3.3-70B-Instruct,pb_t032_15,random_high_minus_low,20261202,1.0,high_minus_low,interaction,0.04554372107473624
meta-llama/Llama-3.3-70B-Instruct,pb_t032_16,random_high_minus_low,20261202,1.0,high_minus_low,interaction,0.007844130328782796
meta-llama/Llama-3.3-70B-Instruct,pb_t035_06,random_high_minus_low,20261202,1.0,high_minus_low,interaction,0.031824329984611446
meta-llama/Llama-3.3-70B-Instruct,pb_t035_13,random_high_minus_low,20261202,1.0,high_minus_low,interaction,0.03277046058796167
meta-llama/Llama-3.3-70B-Instruct,pb_t035_15,random_high_minus_low,20261202,1.0,high_minus_low,interaction,0.018311920521151374
meta-llama/Llama-3.3-70B-Instruct,pb_t035_20,random_high_minus_low,20261202,1.0,high_minus_low,interaction,0.02624046930792819
meta-llama/Llama-3.3-70B-Instruct,pb_t035_22,random_high_minus_low,20261202,1.0,high_minus_low,interaction,0.05451886276286256
meta-llama/Llama-3.3-70B-Instruct,pb_t040_08,random_high_minus_low,20261202,1.0,high_minus_low,interaction,0.00608874009262222
meta-llama/Llama-3.3-70B-Instruct,pb_t040_10,random_high_minus_low,20261202,1.0,high_minus_low,interaction,0.032964588728750764
meta-llama/Llama-3.3-70B-Instruct,pb_t040_13,random_high_minus_low,20261202,1.0,high_minus_low,interaction,0.04221808118955499
meta-llama/Llama-3.3-70B-Instruct,pb_t040_14,random_high_minus_low,20261202,1.0,high_minus_low,interaction,0.04201272332836015
meta-llama/Llama-3.3-70B-Instruct,pb_t040_15,random_high_minus_low,20261202,1.0,high_minus_low,interaction,0.0427940400006259
meta-llama/Llama-3.3-70B-Instruct,pb_t001_08,random_high_minus_low,20261203,1.0,high_minus_low,interaction,0.026958229532845955
meta-llama/Llama-3.3-70B-Instruct,pb_t001_10,random_high_minus_low,20261203,1.0,high_minus_low,interaction,0.02863009778082005
meta-llama/Llama-3.3-70B-Instruct,pb_t001_11,random_high_minus_low,20261203,1.0,high_minus_low,interaction,0.02762798516407332
meta-llama/Llama-3.3-70B-Instruct,pb_t001_12,random_high_minus_low,20261203,1.0,high_minus_low,interaction,0.03134597561726086
meta-llama/Llama-3.3-70B-Instruct,pb_t001_15,random_high_minus_low,20261203,1.0,high_minus_low,interaction,0.022719552223461784
meta-llama/Llama-3.3-70B-Instruct,pb_t002_08,random_high_minus_low,20261203,1.0,high_minus_low,interaction,0.02307238862470794
meta-llama/Llama-3.3-70B-Instruct,pb_t002_16,random_high_minus_low,20261203,1.0,high_minus_low,interaction,0.01125905804229703
meta-llama/Llama-3.3-70B-Instruct,pb_t002_17,random_high_minus_low,20261203,1.0,high_minus_low,interaction,0.028146806328389173
meta-llama/Llama-3.3-70B-Instruct,pb_t002_18,random_high_minus_low,20261203,1.0,high_minus_low,interaction,0.03268944724810697
meta-llama/Llama-3.3-70B-Instruct,pb_t002_20,random_high_minus_low,20261203,1.0,high_minus_low,interaction,0.0112453061745682
meta-llama/Llama-3.3-70B-Instruct,pb_t004_10,random_high_minus_low,20261203,1.0,high_minus_low,interaction,0.02790564114412412
meta-llama/Llama-3.3-70B-Instruct,pb_t004_11,random_high_minus_low,20261203,1.0,high_minus_low,interaction,0.029536468817799394
meta-llama/Llama-3.3-70B-Instruct,pb_t004_13,random_high_minus_low,20261203,1.0,high_minus_low,interaction,0.03330321555584936
meta-llama/Llama-3.3-70B-Instruct,pb_t004_17,random_high_minus_low,20261203,1.0,high_minus_low,interaction,0.017498860099719248
meta-llama/Llama-3.3-70B-Instruct,pb_t004_20,random_high_minus_low,20261203,1.0,high_minus_low,interaction,0.03170797571145781
meta-llama/Llama-3.3-70B-Instruct,pb_t006_09,random_high_minus_low,20261203,1.0,high_minus_low,interaction,0.0077593014926964935
meta-llama/Llama-3.3-70B-Instruct,pb_t006_10,random_high_minus_low,20261203,1.0,high_minus_low,interaction,0.017004026750465032
meta-llama/Llama-3.3-70B-Instruct,pb_t006_12,random_high_minus_low,20261203,1.0,high_minus_low,interaction,0.011257903206687778
meta-llama/Llama-3.3-70B-Instruct,pb_t006_18,random_high_minus_low,20261203,1.0,high_minus_low,interaction,0.023934208812153038
meta-llama/Llama-3.3-70B-Instruct,pb_t006_19,random_high_minus_low,20261203,1.0,high_minus_low,interaction,0.02397128054121782
meta-llama/Llama-3.3-70B-Instruct,pb_t007_09,random_high_minus_low,20261203,1.0,high_minus_low,interaction,0.011126462259095462
meta-llama/Llama-3.3-70B-Instruct,pb_t007_10,random_high_minus_low,20261203,1.0,high_minus_low,interaction,0.014649276523905639
meta-llama/Llama-3.3-70B-Instruct,pb_t007_16,random_high_minus_low,20261203,1.0,high_minus_low,interaction,0.019811973379655436
meta-llama/Llama-3.3-70B-Instruct,pb_t007_17,random_high_minus_low,20261203,1.0,high_minus_low,interaction,0.026782018988627313
meta-llama/Llama-3.3-70B-Instruct,pb_t007_19,random_high_minus_low,20261203,1.0,high_minus_low,interaction,0.01326272776266138
meta-llama/Llama-3.3-70B-Instruct,pb_t008_09,random_high_minus_low,20261203,1.0,high_minus_low,interaction,0.02328901353376107
meta-llama/Llama-3.3-70B-Instruct,pb_t008_11,random_high_minus_low,20261203,1.0,high_minus_low,interaction,0.00011967705813477396
meta-llama/Llama-3.3-70B-Instruct,pb_t008_16,random_high_minus_low,20261203,1.0,high_minus_low,interaction,0.007752927079836144
meta-llama/Llama-3.3-70B-Instruct,pb_t008_17,random_high_minus_low,20261203,1.0,high_minus_low,interaction,0.022861344483136165
meta-llama/Llama-3.3-70B-Instruct,pb_t008_20,random_high_minus_low,20261203,1.0,high_minus_low,interaction,0.0291851918325891
meta-llama/Llama-3.3-70B-Instruct,pb_t009_07,random_high_minus_low,20261203,1.0,high_minus_low,interaction,0.030224590210061044
meta-llama/Llama-3.3-70B-Instruct,pb_t009_12,random_high_minus_low,20261203,1.0,high_minus_low,interaction,0.011987254351138442
meta-llama/Llama-3.3-70B-Instruct,pb_t009_15,random_high_minus_low,20261203,1.0,high_minus_low,interaction,0.03144109209408207
meta-llama/Llama-3.3-70B-Instruct,pb_t009_17,random_high_minus_low,20261203,1.0,high_minus_low,interaction,0.016872800163258348
meta-llama/Llama-3.3-70B-Instruct,pb_t009_19,random_high_minus_low,20261203,1.0,high_minus_low,interaction,0.014025649629124896
meta-llama/Llama-3.3-70B-Instruct,pb_t010_09,random_high_minus_low,20261203,1.0,high_minus_low,interaction,0.017427145259691756
meta-llama/Llama-3.3-70B-Instruct,pb_t010_12,random_high_minus_low,20261203,1.0,high_minus_low,interaction,0.013121026347437528
meta-llama/Llama-3.3-70B-Instruct,pb_t010_17,random_high_minus_low,20261203,1.0,high_minus_low,interaction,0.023330222603226713
meta-llama/Llama-3.3-70B-Instruct,pb_t010_19,random_high_minus_low,20261203,1.0,high_minus_low,interaction,0.02884686281109779
meta-llama/Llama-3.3-70B-Instruct,pb_t010_20,random_high_minus_low,20261203,1.0,high_minus_low,interaction,0.019046554941277855
meta-llama/Llama-3.3-70B-Instruct,pb_t016_09,random_high_minus_low,20261203,1.0,high_minus_low,interaction,0.017920239479265708
meta-llama/Llama-3.3-70B-Instruct,pb_t016_10,random_high_minus_low,20261203,1.0,high_minus_low,interaction,0.02360343075830908
meta-llama/Llama-3.3-70B-Instruct,pb_t016_12,random_high_minus_low,20261203,1.0,high_minus_low,interaction,0.016978057402397488
meta-llama/Llama-3.3-70B-Instruct,pb_t016_17,random_high_minus_low,20261203,1.0,high_minus_low,interaction,0.02855785725698398
meta-llama/Llama-3.3-70B-Instruct,pb_t016_20,random_high_minus_low,20261203,1.0,high_minus_low,interaction,0.021436751688354717
meta-llama/Llama-3.3-70B-Instruct,pb_t018_08,random_high_minus_low,20261203,1.0,high_minus_low,interaction,0.014451988379267113
meta-llama/Llama-3.3-70B-Instruct,pb_t018_10,random_high_minus_low,20261203,1.0,high_minus_low,interaction,0.022962900564114794
meta-llama/Llama-3.3-70B-Instruct,pb_t018_11,random_high_minus_low,20261203,1.0,high_minus_low,interaction,0.017746876700487794
meta-llama/Llama-3.3-70B-Instruct,pb_t018_14,random_high_minus_low,20261203,1.0,high_minus_low,interaction,0.032686392141037156
meta-llama/Llama-3.3-70B-Instruct,pb_t018_18,random_high_minus_low,20261203,1.0,high_minus_low,interaction,0.016270697039365036
meta-llama/Llama-3.3-70B-Instruct,pb_t023_09,random_high_minus_low,20261203,1.0,high_minus_low,interaction,0.03100083479864375
meta-llama/Llama-3.3-70B-Instruct,pb_t023_12,random_high_minus_low,20261203,1.0,high_minus_low,interaction,0.036194213572256696
meta-llama/Llama-3.3-70B-Instruct,pb_t023_13,random_high_minus_low,20261203,1.0,high_minus_low,interaction,0.015131482385680317
meta-llama/Llama-3.3-70B-Instruct,pb_t023_17,random_high_minus_low,20261203,1.0,high_minus_low,interaction,0.011006763595564672
meta-llama/Llama-3.3-70B-Instruct,pb_t023_20,random_high_minus_low,20261203,1.0,high_minus_low,interaction,0.027661345234606876
meta-llama/Llama-3.3-70B-Instruct,pb_t029_07,random_high_minus_low,20261203,1.0,high_minus_low,interaction,0.03208643545377135
meta-llama/Llama-3.3-70B-Instruct,pb_t029_09,random_high_minus_low,20261203,1.0,high_minus_low,interaction,0.0384025939476598
meta-llama/Llama-3.3-70B-Instruct,pb_t029_10,random_high_minus_low,20261203,1.0,high_minus_low,interaction,0.006515630331873907
meta-llama/Llama-3.3-70B-Instruct,pb_t029_11,random_high_minus_low,20261203,1.0,high_minus_low,interaction,0.029169304593526613
meta-llama/Llama-3.3-70B-Instruct,pb_t029_12,random_high_minus_low,20261203,1.0,high_minus_low,interaction,0.04119408352569462
meta-llama/Llama-3.3-70B-Instruct,pb_t031_06,random_high_minus_low,20261203,1.0,high_minus_low,interaction,0.020921114992709683
meta-llama/Llama-3.3-70B-Instruct,pb_t031_09,random_high_minus_low,20261203,1.0,high_minus_low,interaction,0.011284253631856771
meta-llama/Llama-3.3-70B-Instruct,pb_t031_12,random_high_minus_low,20261203,1.0,high_minus_low,interaction,-0.00265742592392403
meta-llama/Llama-3.3-70B-Instruct,pb_t031_13,random_high_minus_low,20261203,1.0,high_minus_low,interaction,0.007874099547044877
meta-llama/Llama-3.3-70B-Instruct,pb_t031_16,random_high_minus_low,20261203,1.0,high_minus_low,interaction,0.00999664820491465
meta-llama/Llama-3.3-70B-Instruct,pb_t032_08,random_high_minus_low,20261203,1.0,high_minus_low,interaction,0.018846062072851465
meta-llama/Llama-3.3-70B-Instruct,pb_t032_09,random_high_minus_low,20261203,1.0,high_minus_low,interaction,0.020149682910335562
meta-llama/Llama-3.3-70B-Instruct,pb_t032_13,random_high_minus_low,20261203,1.0,high_minus_low,interaction,0.008027963556351733
meta-llama/Llama-3.3-70B-Instruct,pb_t032_15,random_high_minus_low,20261203,1.0,high_minus_low,interaction,0.005619443225750513
meta-llama/Llama-3.3-70B-Instruct,pb_t032_16,random_high_minus_low,20261203,1.0,high_minus_low,interaction,0.017240441065341807
meta-llama/Llama-3.3-70B-Instruct,pb_t035_06,random_high_minus_low,20261203,1.0,high_minus_low,interaction,0.005699013851922531
meta-llama/Llama-3.3-70B-Instruct,pb_t035_13,random_high_minus_low,20261203,1.0,high_minus_low,interaction,0.009472820510434759
meta-llama/Llama-3.3-70B-Instruct,pb_t035_15,random_high_minus_low,20261203,1.0,high_minus_low,interaction,0.01925382020600377
meta-llama/Llama-3.3-70B-Instruct,pb_t035_20,random_high_minus_low,20261203,1.0,high_minus_low,interaction,0.011737476988093137
meta-llama/Llama-3.3-70B-Instruct,pb_t035_22,random_high_minus_low,20261203,1.0,high_minus_low,interaction,0.015293047467886447
meta-llama/Llama-3.3-70B-Instruct,pb_t040_08,random_high_minus_low,20261203,1.0,high_minus_low,interaction,-0.0005314544236857792
meta-llama/Llama-3.3-70B-Instruct,pb_t040_10,random_high_minus_low,20261203,1.0,high_minus_low,interaction,0.007884263649365047
meta-llama/Llama-3.3-70B-Instruct,pb_t040_13,random_high_minus_low,20261203,1.0,high_minus_low,interaction,0.01905448325090226
meta-llama/Llama-3.3-70B-Instruct,pb_t040_14,random_high_minus_low,20261203,1.0,high_minus_low,interaction,0.004134760842804401
meta-llama/Llama-3.3-70B-Instruct,pb_t040_15,random_high_minus_low,20261203,1.0,high_minus_low,interaction,0.02699523295877437
meta-llama/Llama-3.3-70B-Instruct,pb_t001_08,random_high_minus_low,20261204,1.0,high_minus_low,interaction,0.010931981642102621
meta-llama/Llama-3.3-70B-Instruct,pb_t001_10,random_high_minus_low,20261204,1.0,high_minus_low,interaction,-0.0177239234829305
meta-llama/Llama-3.3-70B-Instruct,pb_t001_11,random_high_minus_low,20261204,1.0,high_minus_low,interaction,-0.005267160807589245
meta-llama/Llama-3.3-70B-Instruct,pb_t001_12,random_high_minus_low,20261204,1.0,high_minus_low,interaction,0.009189479038546182
meta-llama/Llama-3.3-70B-Instruct,pb_t001_15,random_high_minus_low,20261204,1.0,high_minus_low,interaction,0.007405500486732848
meta-llama/Llama-3.3-70B-Instruct,pb_t002_08,random_high_minus_low,20261204,1.0,high_minus_low,interaction,0.017584021188070953
meta-llama/Llama-3.3-70B-Instruct,pb_t002_16,random_high_minus_low,20261204,1.0,high_minus_low,interaction,0.0050133141439766635
meta-llama/Llama-3.3-70B-Instruct,pb_t002_17,random_high_minus_low,20261204,1.0,high_minus_low,interaction,0.019531919079483945
meta-llama/Llama-3.3-70B-Instruct,pb_t002_18,random_high_minus_low,20261204,1.0,high_minus_low,interaction,-0.0010914486482229574
meta-llama/Llama-3.3-70B-Instruct,pb_t002_20,random_high_minus_low,20261204,1.0,high_minus_low,interaction,-0.04017439285046832
meta-llama/Llama-3.3-70B-Instruct,pb_t004_10,random_high_minus_low,20261204,1.0,high_minus_low,interaction,0.007184011164263181
meta-llama/Llama-3.3-70B-Instruct,pb_t004_11,random_high_minus_low,20261204,1.0,high_minus_low,interaction,0.006578437936676747
meta-llama/Llama-3.3-70B-Instruct,pb_t004_13,random_high_minus_low,20261204,1.0,high_minus_low,interaction,0.002560303761422649
meta-llama/Llama-3.3-70B-Instruct,pb_t004_17,random_high_minus_low,20261204,1.0,high_minus_low,interaction,-0.005756582037159641
meta-llama/Llama-3.3-70B-Instruct,pb_t004_20,random_high_minus_low,20261204,1.0,high_minus_low,interaction,0.01405528777975183
meta-llama/Llama-3.3-70B-Instruct,pb_t006_09,random_high_minus_low,20261204,1.0,high_minus_low,interaction,0.001899066589055455
meta-llama/Llama-3.3-70B-Instruct,pb_t006_10,random_high_minus_low,20261204,1.0,high_minus_low,interaction,0.017355055316894994
meta-llama/Llama-3.3-70B-Instruct,pb_t006_12,random_high_minus_low,20261204,1.0,high_minus_low,interaction,-0.012447248036515202
meta-llama/Llama-3.3-70B-Instruct,pb_t006_18,random_high_minus_low,20261204,1.0,high_minus_low,interaction,0.014148804830594618
meta-llama/Llama-3.3-70B-Instruct,pb_t006_19,random_high_minus_low,20261204,1.0,high_minus_low,interaction,0.03360222100897818
meta-llama/Llama-3.3-70B-Instruct,pb_t007_09,random_high_minus_low,20261204,1.0,high_minus_low,interaction,0.004405591625262045
meta-llama/Llama-3.3-70B-Instruct,pb_t007_10,random_high_minus_low,20261204,1.0,high_minus_low,interaction,0.016631069039673534
meta-llama/Llama-3.3-70B-Instruct,pb_t007_16,random_high_minus_low,20261204,1.0,high_minus_low,interaction,0.009139421907898272
meta-llama/Llama-3.3-70B-Instruct,pb_t007_17,random_high_minus_low,20261204,1.0,high_minus_low,interaction,0.017333920879987117
meta-llama/Llama-3.3-70B-Instruct,pb_t007_19,random_high_minus_low,20261204,1.0,high_minus_low,interaction,-0.0032878933827717146
meta-llama/Llama-3.3-70B-Instruct,pb_t008_09,random_high_minus_low,20261204,1.0,high_minus_low,interaction,0.00320377949371998
meta-llama/Llama-3.3-70B-Instruct,pb_t008_11,random_high_minus_low,20261204,1.0,high_minus_low,interaction,0.022701857929204112
meta-llama/Llama-3.3-70B-Instruct,pb_t008_16,random_high_minus_low,20261204,1.0,high_minus_low,interaction,-0.008697892953142581
meta-llama/Llama-3.3-70B-Instruct,pb_t008_17,random_high_minus_low,20261204,1.0,high_minus_low,interaction,0.015106870157859992
meta-llama/Llama-3.3-70B-Instruct,pb_t008_20,random_high_minus_low,20261204,1.0,high_minus_low,interaction,0.012645839644120133
meta-llama/Llama-3.3-70B-Instruct,pb_t009_07,random_high_minus_low,20261204,1.0,high_minus_low,interaction,0.007910162979795084
meta-llama/Llama-3.3-70B-Instruct,pb_t009_12,random_high_minus_low,20261204,1.0,high_minus_low,interaction,-0.01903602461630749
meta-llama/Llama-3.3-70B-Instruct,pb_t009_15,random_high_minus_low,20261204,1.0,high_minus_low,interaction,-0.0012204952226862209
meta-llama/Llama-3.3-70B-Instruct,pb_t009_17,random_high_minus_low,20261204,1.0,high_minus_low,interaction,0.023736949802818683
meta-llama/Llama-3.3-70B-Instruct,pb_t009_19,random_high_minus_low,20261204,1.0,high_minus_low,interaction,0.009217595422568491
meta-llama/Llama-3.3-70B-Instruct,pb_t010_09,random_high_minus_low,20261204,1.0,high_minus_low,interaction,-0.009470925653062642
meta-llama/Llama-3.3-70B-Instruct,pb_t010_12,random_high_minus_low,20261204,1.0,high_minus_low,interaction,0.0009074405902945771
meta-llama/Llama-3.3-70B-Instruct,pb_t010_17,random_high_minus_low,20261204,1.0,high_minus_low,interaction,0.020731644758782416
meta-llama/Llama-3.3-70B-Instruct,pb_t010_19,random_high_minus_low,20261204,1.0,high_minus_low,interaction,0.021790486260874757
meta-llama/Llama-3.3-70B-Instruct,pb_t010_20,random_high_minus_low,20261204,1.0,high_minus_low,interaction,0.025097643965620992
meta-llama/Llama-3.3-70B-Instruct,pb_t016_09,random_high_minus_low,20261204,1.0,high_minus_low,interaction,0.01214946102676784
meta-llama/Llama-3.3-70B-Instruct,pb_t016_10,random_high_minus_low,20261204,1.0,high_minus_low,interaction,-0.00224048262133219
meta-llama/Llama-3.3-70B-Instruct,pb_t016_12,random_high_minus_low,20261204,1.0,high_minus_low,interaction,0.0032845456646591734
meta-llama/Llama-3.3-70B-Instruct,pb_t016_17,random_high_minus_low,20261204,1.0,high_minus_low,interaction,0.010789453353202846
meta-llama/Llama-3.3-70B-Instruct,pb_t016_20,random_high_minus_low,20261204,1.0,high_minus_low,interaction,0.0161687441040873
meta-llama/Llama-3.3-70B-Instruct,pb_t018_08,random_high_minus_low,20261204,1.0,high_minus_low,interaction,0.017874868062935884
meta-llama/Llama-3.3-70B-Instruct,pb_t018_10,random_high_minus_low,20261204,1.0,high_minus_low,interaction,0.016895566519595652
meta-llama/Llama-3.3-70B-Instruct,pb_t018_11,random_high_minus_low,20261204,1.0,high_minus_low,interaction,-0.010185265544073768
meta-llama/Llama-3.3-70B-Instruct,pb_t018_14,random_high_minus_low,20261204,1.0,high_minus_low,interaction,0.022434908471655194
meta-llama/Llama-3.3-70B-Instruct,pb_t018_18,random_high_minus_low,20261204,1.0,high_minus_low,interaction,0.0006521456037150188
meta-llama/Llama-3.3-70B-Instruct,pb_t023_09,random_high_minus_low,20261204,1.0,high_minus_low,interaction,0.040049195185743645
meta-llama/Llama-3.3-70B-Instruct,pb_t023_12,random_high_minus_low,20261204,1.0,high_minus_low,interaction,0.014968445745691545
meta-llama/Llama-3.3-70B-Instruct,pb_t023_13,random_high_minus_low,20261204,1.0,high_minus_low,interaction,-0.007182584338505176
meta-llama/Llama-3.3-70B-Instruct,pb_t023_17,random_high_minus_low,20261204,1.0,high_minus_low,interaction,0.011598613579496745
meta-llama/Llama-3.3-70B-Instruct,pb_t023_20,random_high_minus_low,20261204,1.0,high_minus_low,interaction,0.022757514975393328
meta-llama/Llama-3.3-70B-Instruct,pb_t029_07,random_high_minus_low,20261204,1.0,high_minus_low,interaction,0.020056863247262077
meta-llama/Llama-3.3-70B-Instruct,pb_t029_09,random_high_minus_low,20261204,1.0,high_minus_low,interaction,0.02537591762690782
meta-llama/Llama-3.3-70B-Instruct,pb_t029_10,random_high_minus_low,20261204,1.0,high_minus_low,interaction,0.00021450500105316703
meta-llama/Llama-3.3-70B-Instruct,pb_t029_11,random_high_minus_low,20261204,1.0,high_minus_low,interaction,-0.027986062512799708
meta-llama/Llama-3.3-70B-Instruct,pb_t029_12,random_high_minus_low,20261204,1.0,high_minus_low,interaction,0.005507079638403736
meta-llama/Llama-3.3-70B-Instruct,pb_t031_06,random_high_minus_low,20261204,1.0,high_minus_low,interaction,0.000912363164605582
meta-llama/Llama-3.3-70B-Instruct,pb_t031_09,random_high_minus_low,20261204,1.0,high_minus_low,interaction,0.014047717092154086
meta-llama/Llama-3.3-70B-Instruct,pb_t031_12,random_high_minus_low,20261204,1.0,high_minus_low,interaction,-0.0012664232199016783
meta-llama/Llama-3.3-70B-Instruct,pb_t031_13,random_high_minus_low,20261204,1.0,high_minus_low,interaction,-0.014761053213565531
meta-llama/Llama-3.3-70B-Instruct,pb_t031_16,random_high_minus_low,20261204,1.0,high_minus_low,interaction,0.013860546763703373
meta-llama/Llama-3.3-70B-Instruct,pb_t032_08,random_high_minus_low,20261204,1.0,high_minus_low,interaction,0.016348964633565135
meta-llama/Llama-3.3-70B-Instruct,pb_t032_09,random_high_minus_low,20261204,1.0,high_minus_low,interaction,0.012875841751538709
meta-llama/Llama-3.3-70B-Instruct,pb_t032_13,random_high_minus_low,20261204,1.0,high_minus_low,interaction,0.0037141361433502933
meta-llama/Llama-3.3-70B-Instruct,pb_t032_15,random_high_minus_low,20261204,1.0,high_minus_low,interaction,-0.018329762334284634
meta-llama/Llama-3.3-70B-Instruct,pb_t032_16,random_high_minus_low,20261204,1.0,high_minus_low,interaction,-0.00751519553909366
meta-llama/Llama-3.3-70B-Instruct,pb_t035_06,random_high_minus_low,20261204,1.0,high_minus_low,interaction,-0.019097408349209102
meta-llama/Llama-3.3-70B-Instruct,pb_t035_13,random_high_minus_low,20261204,1.0,high_minus_low,interaction,0.02043581985081642
meta-llama/Llama-3.3-70B-Instruct,pb_t035_15,random_high_minus_low,20261204,1.0,high_minus_low,interaction,0.020960096579983316
meta-llama/Llama-3.3-70B-Instruct,pb_t035_20,random_high_minus_low,20261204,1.0,high_minus_low,interaction,0.012597932957695861
meta-llama/Llama-3.3-70B-Instruct,pb_t035_22,random_high_minus_low,20261204,1.0,high_minus_low,interaction,0.02287882838158556
meta-llama/Llama-3.3-70B-Instruct,pb_t040_08,random_high_minus_low,20261204,1.0,high_minus_low,interaction,0.0037950791966615384
meta-llama/Llama-3.3-70B-Instruct,pb_t040_10,random_high_minus_low,20261204,1.0,high_minus_low,interaction,0.008202523763318394
meta-llama/Llama-3.3-70B-Instruct,pb_t040_13,random_high_minus_low,20261204,1.0,high_minus_low,interaction,0.03145824495072717
meta-llama/Llama-3.3-70B-Instruct,pb_t040_14,random_high_minus_low,20261204,1.0,high_minus_low,interaction,-0.01202314178588974
meta-llama/Llama-3.3-70B-Instruct,pb_t040_15,random_high_minus_low,20261204,1.0,high_minus_low,interaction,0.019159228579985085
meta-llama/Llama-3.3-70B-Instruct,pb_t001_08,random_high_minus_low,20261205,1.0,high_minus_low,interaction,-0.02966699316846171
meta-llama/Llama-3.3-70B-Instruct,pb_t001_10,random_high_minus_low,20261205,1.0,high_minus_low,interaction,-0.022361567152951616
meta-llama/Llama-3.3-70B-Instruct,pb_t001_11,random_high_minus_low,20261205,1.0,high_minus_low,interaction,-0.037267642784713235
meta-llama/Llama-3.3-70B-Instruct,pb_t001_12,random_high_minus_low,20261205,1.0,high_minus_low,interaction,-0.03294936613469528
meta-llama/Llama-3.3-70B-Instruct,pb_t001_15,random_high_minus_low,20261205,1.0,high_minus_low,interaction,-0.023372466638085943
meta-llama/Llama-3.3-70B-Instruct,pb_t002_08,random_high_minus_low,20261205,1.0,high_minus_low,interaction,-0.017045591919477677
meta-llama/Llama-3.3-70B-Instruct,pb_t002_16,random_high_minus_low,20261205,1.0,high_minus_low,interaction,-0.01622930486224976
meta-llama/Llama-3.3-70B-Instruct,pb_t002_17,random_high_minus_low,20261205,1.0,high_minus_low,interaction,-0.022812199827792055
meta-llama/Llama-3.3-70B-Instruct,pb_t002_18,random_high_minus_low,20261205,1.0,high_minus_low,interaction,-0.030258851618248764
meta-llama/Llama-3.3-70B-Instruct,pb_t002_20,random_high_minus_low,20261205,1.0,high_minus_low,interaction,-0.02585820054559858
meta-llama/Llama-3.3-70B-Instruct,pb_t004_10,random_high_minus_low,20261205,1.0,high_minus_low,interaction,-0.026075419773943394
meta-llama/Llama-3.3-70B-Instruct,pb_t004_11,random_high_minus_low,20261205,1.0,high_minus_low,interaction,-0.017330116346871573
meta-llama/Llama-3.3-70B-Instruct,pb_t004_13,random_high_minus_low,20261205,1.0,high_minus_low,interaction,-0.03010576752280872
meta-llama/Llama-3.3-70B-Instruct,pb_t004_17,random_high_minus_low,20261205,1.0,high_minus_low,interaction,-0.033843983255450724
meta-llama/Llama-3.3-70B-Instruct,pb_t004_20,random_high_minus_low,20261205,1.0,high_minus_low,interaction,-0.042664197498933354
meta-llama/Llama-3.3-70B-Instruct,pb_t006_09,random_high_minus_low,20261205,1.0,high_minus_low,interaction,-0.04729866815474341
meta-llama/Llama-3.3-70B-Instruct,pb_t006_10,random_high_minus_low,20261205,1.0,high_minus_low,interaction,-0.04315161204746685
meta-llama/Llama-3.3-70B-Instruct,pb_t006_12,random_high_minus_low,20261205,1.0,high_minus_low,interaction,-0.02393539435219644
meta-llama/Llama-3.3-70B-Instruct,pb_t006_18,random_high_minus_low,20261205,1.0,high_minus_low,interaction,-0.02905351395489999
meta-llama/Llama-3.3-70B-Instruct,pb_t006_19,random_high_minus_low,20261205,1.0,high_minus_low,interaction,-0.030145744741141255
meta-llama/Llama-3.3-70B-Instruct,pb_t007_09,random_high_minus_low,20261205,1.0,high_minus_low,interaction,-0.02083686624455317
meta-llama/Llama-3.3-70B-Instruct,pb_t007_10,random_high_minus_low,20261205,1.0,high_minus_low,interaction,-0.011848965544030704
meta-llama/Llama-3.3-70B-Instruct,pb_t007_16,random_high_minus_low,20261205,1.0,high_minus_low,interaction,-0.018917657821469334
meta-llama/Llama-3.3-70B-Instruct,pb_t007_17,random_high_minus_low,20261205,1.0,high_minus_low,interaction,-0.0043593239615568324
meta-llama/Llama-3.3-70B-Instruct,pb_t007_19,random_high_minus_low,20261205,1.0,high_minus_low,interaction,-0.01894280449472524
meta-llama/Llama-3.3-70B-Instruct,pb_t008_09,random_high_minus_low,20261205,1.0,high_minus_low,interaction,-0.028308704829369268
meta-llama/Llama-3.3-70B-Instruct,pb_t008_11,random_high_minus_low,20261205,1.0,high_minus_low,interaction,-0.02860181468722485
meta-llama/Llama-3.3-70B-Instruct,pb_t008_16,random_high_minus_low,20261205,1.0,high_minus_low,interaction,-0.02115308422798816
meta-llama/Llama-3.3-70B-Instruct,pb_t008_17,random_high_minus_low,20261205,1.0,high_minus_low,interaction,-0.02475305547691233
meta-llama/Llama-3.3-70B-Instruct,pb_t008_20,random_high_minus_low,20261205,1.0,high_minus_low,interaction,-0.029781702257527437
meta-llama/Llama-3.3-70B-Instruct,pb_t009_07,random_high_minus_low,20261205,1.0,high_minus_low,interaction,-0.03257252086197122
meta-llama/Llama-3.3-70B-Instruct,pb_t009_12,random_high_minus_low,20261205,1.0,high_minus_low,interaction,-0.027803177947576207
meta-llama/Llama-3.3-70B-Instruct,pb_t009_15,random_high_minus_low,20261205,1.0,high_minus_low,interaction,-0.014637545146076179
meta-llama/Llama-3.3-70B-Instruct,pb_t009_17,random_high_minus_low,20261205,1.0,high_minus_low,interaction,-0.01888997451793247
meta-llama/Llama-3.3-70B-Instruct,pb_t009_19,random_high_minus_low,20261205,1.0,high_minus_low,interaction,-0.03401760131000338
meta-llama/Llama-3.3-70B-Instruct,pb_t010_09,random_high_minus_low,20261205,1.0,high_minus_low,interaction,-0.028484816041590356
meta-llama/Llama-3.3-70B-Instruct,pb_t010_12,random_high_minus_low,20261205,1.0,high_minus_low,interaction,-0.022960185954427725
meta-llama/Llama-3.3-70B-Instruct,pb_t010_17,random_high_minus_low,20261205,1.0,high_minus_low,interaction,-0.03273122379066607
meta-llama/Llama-3.3-70B-Instruct,pb_t010_19,random_high_minus_low,20261205,1.0,high_minus_low,interaction,-0.031210945410181132
meta-llama/Llama-3.3-70B-Instruct,pb_t010_20,random_high_minus_low,20261205,1.0,high_minus_low,interaction,-0.019751345601025923
meta-llama/Llama-3.3-70B-Instruct,pb_t016_09,random_high_minus_low,20261205,1.0,high_minus_low,interaction,-0.008670625116171515
meta-llama/Llama-3.3-70B-Instruct,pb_t016_10,random_high_minus_low,20261205,1.0,high_minus_low,interaction,-0.014452464584136519
meta-llama/Llama-3.3-70B-Instruct,pb_t016_12,random_high_minus_low,20261205,1.0,high_minus_low,interaction,-0.026658494019429546
meta-llama/Llama-3.3-70B-Instruct,pb_t016_17,random_high_minus_low,20261205,1.0,high_minus_low,interaction,-0.025731638847674123
meta-llama/Llama-3.3-70B-Instruct,pb_t016_20,random_high_minus_low,20261205,1.0,high_minus_low,interaction,-0.014157508824324278
meta-llama/Llama-3.3-70B-Instruct,pb_t018_08,random_high_minus_low,20261205,1.0,high_minus_low,interaction,-0.019419536071724176
meta-llama/Llama-3.3-70B-Instruct,pb_t018_10,random_high_minus_low,20261205,1.0,high_minus_low,interaction,-0.038395805972088096
meta-llama/Llama-3.3-70B-Instruct,pb_t018_11,random_high_minus_low,20261205,1.0,high_minus_low,interaction,-0.029751559497781088
meta-llama/Llama-3.3-70B-Instruct,pb_t018_14,random_high_minus_low,20261205,1.0,high_minus_low,interaction,-0.04031905927359784
meta-llama/Llama-3.3-70B-Instruct,pb_t018_18,random_high_minus_low,20261205,1.0,high_minus_low,interaction,-0.007312444249224165
meta-llama/Llama-3.3-70B-Instruct,pb_t023_09,random_high_minus_low,20261205,1.0,high_minus_low,interaction,-0.03241915479476941
meta-llama/Llama-3.3-70B-Instruct,pb_t023_12,random_high_minus_low,20261205,1.0,high_minus_low,interaction,-0.030860867367695295
meta-llama/Llama-3.3-70B-Instruct,pb_t023_13,random_high_minus_low,20261205,1.0,high_minus_low,interaction,-0.01874822577443201
meta-llama/Llama-3.3-70B-Instruct,pb_t023_17,random_high_minus_low,20261205,1.0,high_minus_low,interaction,-0.026348121063807944
meta-llama/Llama-3.3-70B-Instruct,pb_t023_20,random_high_minus_low,20261205,1.0,high_minus_low,interaction,-0.012686814956981176
meta-llama/Llama-3.3-70B-Instruct,pb_t029_07,random_high_minus_low,20261205,1.0,high_minus_low,interaction,-0.029549331513893162
meta-llama/Llama-3.3-70B-Instruct,pb_t029_09,random_high_minus_low,20261205,1.0,high_minus_low,interaction,-0.02409201858457414
meta-llama/Llama-3.3-70B-Instruct,pb_t029_10,random_high_minus_low,20261205,1.0,high_minus_low,interaction,-0.014547807707093309
meta-llama/Llama-3.3-70B-Instruct,pb_t029_11,random_high_minus_low,20261205,1.0,high_minus_low,interaction,-0.027923150322771175
meta-llama/Llama-3.3-70B-Instruct,pb_t029_12,random_high_minus_low,20261205,1.0,high_minus_low,interaction,-0.026602772826429342
meta-llama/Llama-3.3-70B-Instruct,pb_t031_06,random_high_minus_low,20261205,1.0,high_minus_low,interaction,-0.01746632383000972
meta-llama/Llama-3.3-70B-Instruct,pb_t031_09,random_high_minus_low,20261205,1.0,high_minus_low,interaction,-0.020611507699389277
meta-llama/Llama-3.3-70B-Instruct,pb_t031_12,random_high_minus_low,20261205,1.0,high_minus_low,interaction,-0.029449758030251023
meta-llama/Llama-3.3-70B-Instruct,pb_t031_13,random_high_minus_low,20261205,1.0,high_minus_low,interaction,-0.022517511423695943
meta-llama/Llama-3.3-70B-Instruct,pb_t031_16,random_high_minus_low,20261205,1.0,high_minus_low,interaction,-0.037817030793171426
meta-llama/Llama-3.3-70B-Instruct,pb_t032_08,random_high_minus_low,20261205,1.0,high_minus_low,interaction,-0.03335036636341821
meta-llama/Llama-3.3-70B-Instruct,pb_t032_09,random_high_minus_low,20261205,1.0,high_minus_low,interaction,-0.01583289720124325
meta-llama/Llama-3.3-70B-Instruct,pb_t032_13,random_high_minus_low,20261205,1.0,high_minus_low,interaction,-0.025002796713257346
meta-llama/Llama-3.3-70B-Instruct,pb_t032_15,random_high_minus_low,20261205,1.0,high_minus_low,interaction,-0.024542329695930298
meta-llama/Llama-3.3-70B-Instruct,pb_t032_16,random_high_minus_low,20261205,1.0,high_minus_low,interaction,-0.011194841297068176
meta-llama/Llama-3.3-70B-Instruct,pb_t035_06,random_high_minus_low,20261205,1.0,high_minus_low,interaction,-0.02633519716252831
meta-llama/Llama-3.3-70B-Instruct,pb_t035_13,random_high_minus_low,20261205,1.0,high_minus_low,interaction,-0.022471916070144118
meta-llama/Llama-3.3-70B-Instruct,pb_t035_15,random_high_minus_low,20261205,1.0,high_minus_low,interaction,-0.009369405968763792
meta-llama/Llama-3.3-70B-Instruct,pb_t035_20,random_high_minus_low,20261205,1.0,high_minus_low,interaction,-0.006913339908221385
meta-llama/Llama-3.3-70B-Instruct,pb_t035_22,random_high_minus_low,20261205,1.0,high_minus_low,interaction,-0.027559434598741904
meta-llama/Llama-3.3-70B-Instruct,pb_t040_08,random_high_minus_low,20261205,1.0,high_minus_low,interaction,-0.00705670073361705
meta-llama/Llama-3.3-70B-Instruct,pb_t040_10,random_high_minus_low,20261205,1.0,high_minus_low,interaction,-0.020445906734355798
meta-llama/Llama-3.3-70B-Instruct,pb_t040_13,random_high_minus_low,20261205,1.0,high_minus_low,interaction,-0.010351042588700624
meta-llama/Llama-3.3-70B-Instruct,pb_t040_14,random_high_minus_low,20261205,1.0,high_minus_low,interaction,-0.012865350470630879
meta-llama/Llama-3.3-70B-Instruct,pb_t040_15,random_high_minus_low,20261205,1.0,high_minus_low,interaction,-0.01865523645710044
meta-llama/Llama-3.3-70B-Instruct,pb_t001_08,random_high_minus_low,20261206,1.0,high_minus_low,interaction,0.026510398872466888
meta-llama/Llama-3.3-70B-Instruct,pb_t001_10,random_high_minus_low,20261206,1.0,high_minus_low,interaction,0.00210492584530726
meta-llama/Llama-3.3-70B-Instruct,pb_t001_11,random_high_minus_low,20261206,1.0,high_minus_low,interaction,0.012232955325562804
meta-llama/Llama-3.3-70B-Instruct,pb_t001_12,random_high_minus_low,20261206,1.0,high_minus_low,interaction,0.022476527584407806
meta-llama/Llama-3.3-70B-Instruct,pb_t001_15,random_high_minus_low,20261206,1.0,high_minus_low,interaction,-0.019875057141394138
meta-llama/Llama-3.3-70B-Instruct,pb_t002_08,random_high_minus_low,20261206,1.0,high_minus_low,interaction,0.022990115354588666
meta-llama/Llama-3.3-70B-Instruct,pb_t002_16,random_high_minus_low,20261206,1.0,high_minus_low,interaction,0.03473645827862804
meta-llama/Llama-3.3-70B-Instruct,pb_t002_17,random_high_minus_low,20261206,1.0,high_minus_low,interaction,-0.0016128413033437382
meta-llama/Llama-3.3-70B-Instruct,pb_t002_18,random_high_minus_low,20261206,1.0,high_minus_low,interaction,0.037713456729727604
meta-llama/Llama-3.3-70B-Instruct,pb_t002_20,random_high_minus_low,20261206,1.0,high_minus_low,interaction,-0.004941240333229412
meta-llama/Llama-3.3-70B-Instruct,pb_t004_10,random_high_minus_low,20261206,1.0,high_minus_low,interaction,0.017484068704229885
meta-llama/Llama-3.3-70B-Instruct,pb_t004_11,random_high_minus_low,20261206,1.0,high_minus_low,interaction,-0.004921882919272373
meta-llama/Llama-3.3-70B-Instruct,pb_t004_13,random_high_minus_low,20261206,1.0,high_minus_low,interaction,0.029472687269237335
meta-llama/Llama-3.3-70B-Instruct,pb_t004_17,random_high_minus_low,20261206,1.0,high_minus_low,interaction,0.0053709841597481085
meta-llama/Llama-3.3-70B-Instruct,pb_t004_20,random_high_minus_low,20261206,1.0,high_minus_low,interaction,-0.011675283258065087
meta-llama/Llama-3.3-70B-Instruct,pb_t006_09,random_high_minus_low,20261206,1.0,high_minus_low,interaction,0.02294678387113225
meta-llama/Llama-3.3-70B-Instruct,pb_t006_10,random_high_minus_low,20261206,1.0,high_minus_low,interaction,0.002101460948949238
meta-llama/Llama-3.3-70B-Instruct,pb_t006_12,random_high_minus_low,20261206,1.0,high_minus_low,interaction,-0.005208138753827838
meta-llama/Llama-3.3-70B-Instruct,pb_t006_18,random_high_minus_low,20261206,1.0,high_minus_low,interaction,0.015538927141183496
meta-llama/Llama-3.3-70B-Instruct,pb_t006_19,random_high_minus_low,20261206,1.0,high_minus_low,interaction,0.019912018949101024
meta-llama/Llama-3.3-70B-Instruct,pb_t007_09,random_high_minus_low,20261206,1.0,high_minus_low,interaction,0.02110724556683429
meta-llama/Llama-3.3-70B-Instruct,pb_t007_10,random_high_minus_low,20261206,1.0,high_minus_low,interaction,0.024550260080074656
meta-llama/Llama-3.3-70B-Instruct,pb_t007_16,random_high_minus_low,20261206,1.0,high_minus_low,interaction,-0.017842121490231865
meta-llama/Llama-3.3-70B-Instruct,pb_t007_17,random_high_minus_low,20261206,1.0,high_minus_low,interaction,0.02728644071387571
meta-llama/Llama-3.3-70B-Instruct,pb_t007_19,random_high_minus_low,20261206,1.0,high_minus_low,interaction,0.007250340210969912
meta-llama/Llama-3.3-70B-Instruct,pb_t008_09,random_high_minus_low,20261206,1.0,high_minus_low,interaction,0.02330611827471205
meta-llama/Llama-3.3-70B-Instruct,pb_t008_11,random_high_minus_low,20261206,1.0,high_minus_low,interaction,0.016350372167086177
meta-llama/Llama-3.3-70B-Instruct,pb_t008_16,random_high_minus_low,20261206,1.0,high_minus_low,interaction,0.00252254787702947
meta-llama/Llama-3.3-70B-Instruct,pb_t008_17,random_high_minus_low,20261206,1.0,high_minus_low,interaction,0.02331137651706926
meta-llama/Llama-3.3-70B-Instruct,pb_t008_20,random_high_minus_low,20261206,1.0,high_minus_low,interaction,0.022453487488569727
meta-llama/Llama-3.3-70B-Instruct,pb_t009_07,random_high_minus_low,20261206,1.0,high_minus_low,interaction,0.018246703853807774
meta-llama/Llama-3.3-70B-Instruct,pb_t009_12,random_high_minus_low,20261206,1.0,high_minus_low,interaction,-0.004906224396247369
meta-llama/Llama-3.3-70B-Instruct,pb_t009_15,random_high_minus_low,20261206,1.0,high_minus_low,interaction,0.02189837143970798
meta-llama/Llama-3.3-70B-Instruct,pb_t009_17,random_high_minus_low,20261206,1.0,high_minus_low,interaction,0.020350916942649754
meta-llama/Llama-3.3-70B-Instruct,pb_t009_19,random_high_minus_low,20261206,1.0,high_minus_low,interaction,0.03652126642379703
meta-llama/Llama-3.3-70B-Instruct,pb_t010_09,random_high_minus_low,20261206,1.0,high_minus_low,interaction,-0.0027448041634445188
meta-llama/Llama-3.3-70B-Instruct,pb_t010_12,random_high_minus_low,20261206,1.0,high_minus_low,interaction,0.0019222586624532574
meta-llama/Llama-3.3-70B-Instruct,pb_t010_17,random_high_minus_low,20261206,1.0,high_minus_low,interaction,0.010797592269337807
meta-llama/Llama-3.3-70B-Instruct,pb_t010_19,random_high_minus_low,20261206,1.0,high_minus_low,interaction,0.030167640744690537
meta-llama/Llama-3.3-70B-Instruct,pb_t010_20,random_high_minus_low,20261206,1.0,high_minus_low,interaction,0.01468421269833284
meta-llama/Llama-3.3-70B-Instruct,pb_t016_09,random_high_minus_low,20261206,1.0,high_minus_low,interaction,0.01896619113671936
meta-llama/Llama-3.3-70B-Instruct,pb_t016_10,random_high_minus_low,20261206,1.0,high_minus_low,interaction,0.006123453164893339
meta-llama/Llama-3.3-70B-Instruct,pb_t016_12,random_high_minus_low,20261206,1.0,high_minus_low,interaction,0.016265899114921024
meta-llama/Llama-3.3-70B-Instruct,pb_t016_17,random_high_minus_low,20261206,1.0,high_minus_low,interaction,0.023245233014733926
meta-llama/Llama-3.3-70B-Instruct,pb_t016_20,random_high_minus_low,20261206,1.0,high_minus_low,interaction,0.03284185080933051
meta-llama/Llama-3.3-70B-Instruct,pb_t018_08,random_high_minus_low,20261206,1.0,high_minus_low,interaction,0.009266556178822353
meta-llama/Llama-3.3-70B-Instruct,pb_t018_10,random_high_minus_low,20261206,1.0,high_minus_low,interaction,0.022406623572088766
meta-llama/Llama-3.3-70B-Instruct,pb_t018_11,random_high_minus_low,20261206,1.0,high_minus_low,interaction,-0.00453683828485265
meta-llama/Llama-3.3-70B-Instruct,pb_t018_14,random_high_minus_low,20261206,1.0,high_minus_low,interaction,0.012778203951163771
meta-llama/Llama-3.3-70B-Instruct,pb_t018_18,random_high_minus_low,20261206,1.0,high_minus_low,interaction,0.014758863195649058
meta-llama/Llama-3.3-70B-Instruct,pb_t023_09,random_high_minus_low,20261206,1.0,high_minus_low,interaction,0.01222983250213778
meta-llama/Llama-3.3-70B-Instruct,pb_t023_12,random_high_minus_low,20261206,1.0,high_minus_low,interaction,0.02582003990482644
meta-llama/Llama-3.3-70B-Instruct,pb_t023_13,random_high_minus_low,20261206,1.0,high_minus_low,interaction,0.010250013450326332
meta-llama/Llama-3.3-70B-Instruct,pb_t023_17,random_high_minus_low,20261206,1.0,high_minus_low,interaction,0.02381086079672841
meta-llama/Llama-3.3-70B-Instruct,pb_t023_20,random_high_minus_low,20261206,1.0,high_minus_low,interaction,0.01562930188606669
meta-llama/Llama-3.3-70B-Instruct,pb_t029_07,random_high_minus_low,20261206,1.0,high_minus_low,interaction,0.010121816222818238
meta-llama/Llama-3.3-70B-Instruct,pb_t029_09,random_high_minus_low,20261206,1.0,high_minus_low,interaction,0.02089729861371535
meta-llama/Llama-3.3-70B-Instruct,pb_t029_10,random_high_minus_low,20261206,1.0,high_minus_low,interaction,0.023522858231811595
meta-llama/Llama-3.3-70B-Instruct,pb_t029_11,random_high_minus_low,20261206,1.0,high_minus_low,interaction,-0.011914652275378449
meta-llama/Llama-3.3-70B-Instruct,pb_t029_12,random_high_minus_low,20261206,1.0,high_minus_low,interaction,0.03237125487585002
meta-llama/Llama-3.3-70B-Instruct,pb_t031_06,random_high_minus_low,20261206,1.0,high_minus_low,interaction,0.02450769881726788
meta-llama/Llama-3.3-70B-Instruct,pb_t031_09,random_high_minus_low,20261206,1.0,high_minus_low,interaction,0.016186365956141455
meta-llama/Llama-3.3-70B-Instruct,pb_t031_12,random_high_minus_low,20261206,1.0,high_minus_low,interaction,0.01809984694943418
meta-llama/Llama-3.3-70B-Instruct,pb_t031_13,random_high_minus_low,20261206,1.0,high_minus_low,interaction,-5.509473459481412e-05
meta-llama/Llama-3.3-70B-Instruct,pb_t031_16,random_high_minus_low,20261206,1.0,high_minus_low,interaction,0.009275432738893544
meta-llama/Llama-3.3-70B-Instruct,pb_t032_08,random_high_minus_low,20261206,1.0,high_minus_low,interaction,0.025358720583977666
meta-llama/Llama-3.3-70B-Instruct,pb_t032_09,random_high_minus_low,20261206,1.0,high_minus_low,interaction,0.013606271412092301
meta-llama/Llama-3.3-70B-Instruct,pb_t032_13,random_high_minus_low,20261206,1.0,high_minus_low,interaction,0.0033639896393922895
meta-llama/Llama-3.3-70B-Instruct,pb_t032_15,random_high_minus_low,20261206,1.0,high_minus_low,interaction,0.0005228247219572844
meta-llama/Llama-3.3-70B-Instruct,pb_t032_16,random_high_minus_low,20261206,1.0,high_minus_low,interaction,0.02777136200297166
meta-llama/Llama-3.3-70B-Instruct,pb_t035_06,random_high_minus_low,20261206,1.0,high_minus_low,interaction,-0.009597861566939142
meta-llama/Llama-3.3-70B-Instruct,pb_t035_13,random_high_minus_low,20261206,1.0,high_minus_low,interaction,0.016813580504131686
meta-llama/Llama-3.3-70B-Instruct,pb_t035_15,random_high_minus_low,20261206,1.0,high_minus_low,interaction,0.02780083798583336
meta-llama/Llama-3.3-70B-Instruct,pb_t035_20,random_high_minus_low,20261206,1.0,high_minus_low,interaction,0.02197450312361153
meta-llama/Llama-3.3-70B-Instruct,pb_t035_22,random_high_minus_low,20261206,1.0,high_minus_low,interaction,-0.0035946486547835596
meta-llama/Llama-3.3-70B-Instruct,pb_t040_08,random_high_minus_low,20261206,1.0,high_minus_low,interaction,0.028943133886947126
meta-llama/Llama-3.3-70B-Instruct,pb_t040_10,random_high_minus_low,20261206,1.0,high_minus_low,interaction,0.028532207376928253
meta-llama/Llama-3.3-70B-Instruct,pb_t040_13,random_high_minus_low,20261206,1.0,high_minus_low,interaction,0.019678320203804257
meta-llama/Llama-3.3-70B-Instruct,pb_t040_14,random_high_minus_low,20261206,1.0,high_minus_low,interaction,0.021424496025865918
meta-llama/Llama-3.3-70B-Instruct,pb_t040_15,random_high_minus_low,20261206,1.0,high_minus_low,interaction,0.031458096788388776
meta-llama/Llama-3.3-70B-Instruct,pb_t001_08,random_high_minus_low,20261207,1.0,high_minus_low,interaction,0.004441693218519979
meta-llama/Llama-3.3-70B-Instruct,pb_t001_10,random_high_minus_low,20261207,1.0,high_minus_low,interaction,0.009906748610582484
meta-llama/Llama-3.3-70B-Instruct,pb_t001_11,random_high_minus_low,20261207,1.0,high_minus_low,interaction,0.017065286870946467
meta-llama/Llama-3.3-70B-Instruct,pb_t001_12,random_high_minus_low,20261207,1.0,high_minus_low,interaction,0.007549816312966055
meta-llama/Llama-3.3-70B-Instruct,pb_t001_15,random_high_minus_low,20261207,1.0,high_minus_low,interaction,0.008379588091661026
meta-llama/Llama-3.3-70B-Instruct,pb_t002_08,random_high_minus_low,20261207,1.0,high_minus_low,interaction,0.012027112683023712
meta-llama/Llama-3.3-70B-Instruct,pb_t002_16,random_high_minus_low,20261207,1.0,high_minus_low,interaction,0.012878005209357495
meta-llama/Llama-3.3-70B-Instruct,pb_t002_17,random_high_minus_low,20261207,1.0,high_minus_low,interaction,-0.006581149985330717
meta-llama/Llama-3.3-70B-Instruct,pb_t002_18,random_high_minus_low,20261207,1.0,high_minus_low,interaction,0.0006370160648407352
meta-llama/Llama-3.3-70B-Instruct,pb_t002_20,random_high_minus_low,20261207,1.0,high_minus_low,interaction,0.01187091502780117
meta-llama/Llama-3.3-70B-Instruct,pb_t004_10,random_high_minus_low,20261207,1.0,high_minus_low,interaction,0.003264117309913631
meta-llama/Llama-3.3-70B-Instruct,pb_t004_11,random_high_minus_low,20261207,1.0,high_minus_low,interaction,-0.0035996026606261904
meta-llama/Llama-3.3-70B-Instruct,pb_t004_13,random_high_minus_low,20261207,1.0,high_minus_low,interaction,-0.0029051106184929654
meta-llama/Llama-3.3-70B-Instruct,pb_t004_17,random_high_minus_low,20261207,1.0,high_minus_low,interaction,-0.012169473463119399
meta-llama/Llama-3.3-70B-Instruct,pb_t004_20,random_high_minus_low,20261207,1.0,high_minus_low,interaction,-0.0057889263758534905
meta-llama/Llama-3.3-70B-Instruct,pb_t006_09,random_high_minus_low,20261207,1.0,high_minus_low,interaction,0.009956577269147815
meta-llama/Llama-3.3-70B-Instruct,pb_t006_10,random_high_minus_low,20261207,1.0,high_minus_low,interaction,-0.003043718516084574
meta-llama/Llama-3.3-70B-Instruct,pb_t006_12,random_high_minus_low,20261207,1.0,high_minus_low,interaction,0.0072703703761701184
meta-llama/Llama-3.3-70B-Instruct,pb_t006_18,random_high_minus_low,20261207,1.0,high_minus_low,interaction,-0.0013363270253081018
meta-llama/Llama-3.3-70B-Instruct,pb_t006_19,random_high_minus_low,20261207,1.0,high_minus_low,interaction,0.0035040547476338437
meta-llama/Llama-3.3-70B-Instruct,pb_t007_09,random_high_minus_low,20261207,1.0,high_minus_low,interaction,0.01575021529287764
meta-llama/Llama-3.3-70B-Instruct,pb_t007_10,random_high_minus_low,20261207,1.0,high_minus_low,interaction,0.0037441280738829794
meta-llama/Llama-3.3-70B-Instruct,pb_t007_16,random_high_minus_low,20261207,1.0,high_minus_low,interaction,0.013245995135423263
meta-llama/Llama-3.3-70B-Instruct,pb_t007_17,random_high_minus_low,20261207,1.0,high_minus_low,interaction,-0.008450164939714408
meta-llama/Llama-3.3-70B-Instruct,pb_t007_19,random_high_minus_low,20261207,1.0,high_minus_low,interaction,0.004633356454918577
meta-llama/Llama-3.3-70B-Instruct,pb_t008_09,random_high_minus_low,20261207,1.0,high_minus_low,interaction,0.02391804087771207
meta-llama/Llama-3.3-70B-Instruct,pb_t008_11,random_high_minus_low,20261207,1.0,high_minus_low,interaction,0.004698241241112859
meta-llama/Llama-3.3-70B-Instruct,pb_t008_16,random_high_minus_low,20261207,1.0,high_minus_low,interaction,0.017689351842202633
meta-llama/Llama-3.3-70B-Instruct,pb_t008_17,random_high_minus_low,20261207,1.0,high_minus_low,interaction,-0.01935213015731666
meta-llama/Llama-3.3-70B-Instruct,pb_t008_20,random_high_minus_low,20261207,1.0,high_minus_low,interaction,0.021097366916858457
meta-llama/Llama-3.3-70B-Instruct,pb_t009_07,random_high_minus_low,20261207,1.0,high_minus_low,interaction,0.004206982721403579
meta-llama/Llama-3.3-70B-Instruct,pb_t009_12,random_high_minus_low,20261207,1.0,high_minus_low,interaction,0.000566486881114344
meta-llama/Llama-3.3-70B-Instruct,pb_t009_15,random_high_minus_low,20261207,1.0,high_minus_low,interaction,0.02544339454693824
meta-llama/Llama-3.3-70B-Instruct,pb_t009_17,random_high_minus_low,20261207,1.0,high_minus_low,interaction,0.01710787641414038
meta-llama/Llama-3.3-70B-Instruct,pb_t009_19,random_high_minus_low,20261207,1.0,high_minus_low,interaction,0.009711260532385685
meta-llama/Llama-3.3-70B-Instruct,pb_t010_09,random_high_minus_low,20261207,1.0,high_minus_low,interaction,-0.005832813385063968
meta-llama/Llama-3.3-70B-Instruct,pb_t010_12,random_high_minus_low,20261207,1.0,high_minus_low,interaction,-0.019895766354617817
meta-llama/Llama-3.3-70B-Instruct,pb_t010_17,random_high_minus_low,20261207,1.0,high_minus_low,interaction,-0.0020430801246472696
meta-llama/Llama-3.3-70B-Instruct,pb_t010_19,random_high_minus_low,20261207,1.0,high_minus_low,interaction,0.007344802313156704
meta-llama/Llama-3.3-70B-Instruct,pb_t010_20,random_high_minus_low,20261207,1.0,high_minus_low,interaction,-0.004344173404093869
meta-llama/Llama-3.3-70B-Instruct,pb_t016_09,random_high_minus_low,20261207,1.0,high_minus_low,interaction,0.017181969027496233
meta-llama/Llama-3.3-70B-Instruct,pb_t016_10,random_high_minus_low,20261207,1.0,high_minus_low,interaction,0.010473906783946161
meta-llama/Llama-3.3-70B-Instruct,pb_t016_12,random_high_minus_low,20261207,1.0,high_minus_low,interaction,0.010267835940804205
meta-llama/Llama-3.3-70B-Instruct,pb_t016_17,random_high_minus_low,20261207,1.0,high_minus_low,interaction,0.006085190637092709
meta-llama/Llama-3.3-70B-Instruct,pb_t016_20,random_high_minus_low,20261207,1.0,high_minus_low,interaction,0.015937168331664697
meta-llama/Llama-3.3-70B-Instruct,pb_t018_08,random_high_minus_low,20261207,1.0,high_minus_low,interaction,0.012039823327231646
meta-llama/Llama-3.3-70B-Instruct,pb_t018_10,random_high_minus_low,20261207,1.0,high_minus_low,interaction,-0.0034491394395082114
meta-llama/Llama-3.3-70B-Instruct,pb_t018_11,random_high_minus_low,20261207,1.0,high_minus_low,interaction,-0.00826170074826876
meta-llama/Llama-3.3-70B-Instruct,pb_t018_14,random_high_minus_low,20261207,1.0,high_minus_low,interaction,-0.0014802191602329936
meta-llama/Llama-3.3-70B-Instruct,pb_t018_18,random_high_minus_low,20261207,1.0,high_minus_low,interaction,0.007419699945028068
meta-llama/Llama-3.3-70B-Instruct,pb_t023_09,random_high_minus_low,20261207,1.0,high_minus_low,interaction,-0.004572634449655587
meta-llama/Llama-3.3-70B-Instruct,pb_t023_12,random_high_minus_low,20261207,1.0,high_minus_low,interaction,-0.005115136263732667
meta-llama/Llama-3.3-70B-Instruct,pb_t023_13,random_high_minus_low,20261207,1.0,high_minus_low,interaction,0.016861476542041322
meta-llama/Llama-3.3-70B-Instruct,pb_t023_17,random_high_minus_low,20261207,1.0,high_minus_low,interaction,0.03748913503071537
meta-llama/Llama-3.3-70B-Instruct,pb_t023_20,random_high_minus_low,20261207,1.0,high_minus_low,interaction,0.004006051381253569
meta-llama/Llama-3.3-70B-Instruct,pb_t029_07,random_high_minus_low,20261207,1.0,high_minus_low,interaction,-0.01244623368750914
meta-llama/Llama-3.3-70B-Instruct,pb_t029_09,random_high_minus_low,20261207,1.0,high_minus_low,interaction,0.004424040233038912
meta-llama/Llama-3.3-70B-Instruct,pb_t029_10,random_high_minus_low,20261207,1.0,high_minus_low,interaction,0.010155604880759487
meta-llama/Llama-3.3-70B-Instruct,pb_t029_11,random_high_minus_low,20261207,1.0,high_minus_low,interaction,-0.0035604735042585574
meta-llama/Llama-3.3-70B-Instruct,pb_t029_12,random_high_minus_low,20261207,1.0,high_minus_low,interaction,0.00719358059105415
meta-llama/Llama-3.3-70B-Instruct,pb_t031_06,random_high_minus_low,20261207,1.0,high_minus_low,interaction,0.015878722254700613
meta-llama/Llama-3.3-70B-Instruct,pb_t031_09,random_high_minus_low,20261207,1.0,high_minus_low,interaction,0.017640253500223878
meta-llama/Llama-3.3-70B-Instruct,pb_t031_12,random_high_minus_low,20261207,1.0,high_minus_low,interaction,0.011296897945829816
meta-llama/Llama-3.3-70B-Instruct,pb_t031_13,random_high_minus_low,20261207,1.0,high_minus_low,interaction,-0.0015992638212742284
meta-llama/Llama-3.3-70B-Instruct,pb_t031_16,random_high_minus_low,20261207,1.0,high_minus_low,interaction,0.0003948194658125368
meta-llama/Llama-3.3-70B-Instruct,pb_t032_08,random_high_minus_low,20261207,1.0,high_minus_low,interaction,-0.0025419853256488613
meta-llama/Llama-3.3-70B-Instruct,pb_t032_09,random_high_minus_low,20261207,1.0,high_minus_low,interaction,0.02222096775347813
meta-llama/Llama-3.3-70B-Instruct,pb_t032_13,random_high_minus_low,20261207,1.0,high_minus_low,interaction,0.01071659088957291
meta-llama/Llama-3.3-70B-Instruct,pb_t032_15,random_high_minus_low,20261207,1.0,high_minus_low,interaction,0.012031137935282894
meta-llama/Llama-3.3-70B-Instruct,pb_t032_16,random_high_minus_low,20261207,1.0,high_minus_low,interaction,0.027365484894848927
meta-llama/Llama-3.3-70B-Instruct,pb_t035_06,random_high_minus_low,20261207,1.0,high_minus_low,interaction,0.0041797408837963455
meta-llama/Llama-3.3-70B-Instruct,pb_t035_13,random_high_minus_low,20261207,1.0,high_minus_low,interaction,0.0023376317593941584
meta-llama/Llama-3.3-70B-Instruct,pb_t035_15,random_high_minus_low,20261207,1.0,high_minus_low,interaction,0.009539114041628598
meta-llama/Llama-3.3-70B-Instruct,pb_t035_20,random_high_minus_low,20261207,1.0,high_minus_low,interaction,-0.0032732469870989118
meta-llama/Llama-3.3-70B-Instruct,pb_t035_22,random_high_minus_low,20261207,1.0,high_minus_low,interaction,0.0063056814848285875
meta-llama/Llama-3.3-70B-Instruct,pb_t040_08,random_high_minus_low,20261207,1.0,high_minus_low,interaction,0.0015471995176841841
meta-llama/Llama-3.3-70B-Instruct,pb_t040_10,random_high_minus_low,20261207,1.0,high_minus_low,interaction,0.012256076517339223
meta-llama/Llama-3.3-70B-Instruct,pb_t040_13,random_high_minus_low,20261207,1.0,high_minus_low,interaction,-0.016409950325543866
meta-llama/Llama-3.3-70B-Instruct,pb_t040_14,random_high_minus_low,20261207,1.0,high_minus_low,interaction,-0.009274339033861668
meta-llama/Llama-3.3-70B-Instruct,pb_t040_15,random_high_minus_low,20261207,1.0,high_minus_low,interaction,0.011039414995909312
meta-llama/Llama-3.3-70B-Instruct,pb_t001_08,random_high_minus_low,20261208,1.0,high_minus_low,interaction,0.012737205212065889
meta-llama/Llama-3.3-70B-Instruct,pb_t001_10,random_high_minus_low,20261208,1.0,high_minus_low,interaction,0.026439690782392465
meta-llama/Llama-3.3-70B-Instruct,pb_t001_11,random_high_minus_low,20261208,1.0,high_minus_low,interaction,0.01809135307605696
meta-llama/Llama-3.3-70B-Instruct,pb_t001_12,random_high_minus_low,20261208,1.0,high_minus_low,interaction,0.02867461284682392
meta-llama/Llama-3.3-70B-Instruct,pb_t001_15,random_high_minus_low,20261208,1.0,high_minus_low,interaction,0.028746368031825564
meta-llama/Llama-3.3-70B-Instruct,pb_t002_08,random_high_minus_low,20261208,1.0,high_minus_low,interaction,0.017170355374764544
meta-llama/Llama-3.3-70B-Instruct,pb_t002_16,random_high_minus_low,20261208,1.0,high_minus_low,interaction,0.030660160141024618
meta-llama/Llama-3.3-70B-Instruct,pb_t002_17,random_high_minus_low,20261208,1.0,high_minus_low,interaction,0.0061922394580983765
meta-llama/Llama-3.3-70B-Instruct,pb_t002_18,random_high_minus_low,20261208,1.0,high_minus_low,interaction,0.02446818571582666
meta-llama/Llama-3.3-70B-Instruct,pb_t002_20,random_high_minus_low,20261208,1.0,high_minus_low,interaction,0.007399040206390005
meta-llama/Llama-3.3-70B-Instruct,pb_t004_10,random_high_minus_low,20261208,1.0,high_minus_low,interaction,-0.005363723949002505
meta-llama/Llama-3.3-70B-Instruct,pb_t004_11,random_high_minus_low,20261208,1.0,high_minus_low,interaction,-0.005303794608459967
meta-llama/Llama-3.3-70B-Instruct,pb_t004_13,random_high_minus_low,20261208,1.0,high_minus_low,interaction,0.024882149731885125
meta-llama/Llama-3.3-70B-Instruct,pb_t004_17,random_high_minus_low,20261208,1.0,high_minus_low,interaction,0.02107071668667021
meta-llama/Llama-3.3-70B-Instruct,pb_t004_20,random_high_minus_low,20261208,1.0,high_minus_low,interaction,0.005741707896377221
meta-llama/Llama-3.3-70B-Instruct,pb_t006_09,random_high_minus_low,20261208,1.0,high_minus_low,interaction,0.021358408732549943
meta-llama/Llama-3.3-70B-Instruct,pb_t006_10,random_high_minus_low,20261208,1.0,high_minus_low,interaction,0.013266353077182214
meta-llama/Llama-3.3-70B-Instruct,pb_t006_12,random_high_minus_low,20261208,1.0,high_minus_low,interaction,0.02431616491239389
meta-llama/Llama-3.3-70B-Instruct,pb_t006_18,random_high_minus_low,20261208,1.0,high_minus_low,interaction,0.013005042247687223
meta-llama/Llama-3.3-70B-Instruct,pb_t006_19,random_high_minus_low,20261208,1.0,high_minus_low,interaction,0.026257595643990855
meta-llama/Llama-3.3-70B-Instruct,pb_t007_09,random_high_minus_low,20261208,1.0,high_minus_low,interaction,0.01911660470922391
meta-llama/Llama-3.3-70B-Instruct,pb_t007_10,random_high_minus_low,20261208,1.0,high_minus_low,interaction,0.02796847358275875
meta-llama/Llama-3.3-70B-Instruct,pb_t007_16,random_high_minus_low,20261208,1.0,high_minus_low,interaction,0.01367307371346772
meta-llama/Llama-3.3-70B-Instruct,pb_t007_17,random_high_minus_low,20261208,1.0,high_minus_low,interaction,0.01434804061269184
meta-llama/Llama-3.3-70B-Instruct,pb_t007_19,random_high_minus_low,20261208,1.0,high_minus_low,interaction,0.008305564509642253
meta-llama/Llama-3.3-70B-Instruct,pb_t008_09,random_high_minus_low,20261208,1.0,high_minus_low,interaction,0.011583340163383232
meta-llama/Llama-3.3-70B-Instruct,pb_t008_11,random_high_minus_low,20261208,1.0,high_minus_low,interaction,0.009706986259019841
meta-llama/Llama-3.3-70B-Instruct,pb_t008_16,random_high_minus_low,20261208,1.0,high_minus_low,interaction,0.01549204424107288
meta-llama/Llama-3.3-70B-Instruct,pb_t008_17,random_high_minus_low,20261208,1.0,high_minus_low,interaction,0.0167528351029157
meta-llama/Llama-3.3-70B-Instruct,pb_t008_20,random_high_minus_low,20261208,1.0,high_minus_low,interaction,0.03545085558570063
meta-llama/Llama-3.3-70B-Instruct,pb_t009_07,random_high_minus_low,20261208,1.0,high_minus_low,interaction,0.023007680834023592
meta-llama/Llama-3.3-70B-Instruct,pb_t009_12,random_high_minus_low,20261208,1.0,high_minus_low,interaction,0.010139927409063254
meta-llama/Llama-3.3-70B-Instruct,pb_t009_15,random_high_minus_low,20261208,1.0,high_minus_low,interaction,0.027757067028004442
meta-llama/Llama-3.3-70B-Instruct,pb_t009_17,random_high_minus_low,20261208,1.0,high_minus_low,interaction,0.04637855308218866
meta-llama/Llama-3.3-70B-Instruct,pb_t009_19,random_high_minus_low,20261208,1.0,high_minus_low,interaction,0.011713034162514843
meta-llama/Llama-3.3-70B-Instruct,pb_t010_09,random_high_minus_low,20261208,1.0,high_minus_low,interaction,0.022915834854417172
meta-llama/Llama-3.3-70B-Instruct,pb_t010_12,random_high_minus_low,20261208,1.0,high_minus_low,interaction,0.02924394854649686
meta-llama/Llama-3.3-70B-Instruct,pb_t010_17,random_high_minus_low,20261208,1.0,high_minus_low,interaction,0.014660010365514429
meta-llama/Llama-3.3-70B-Instruct,pb_t010_19,random_high_minus_low,20261208,1.0,high_minus_low,interaction,0.036100557249088505
meta-llama/Llama-3.3-70B-Instruct,pb_t010_20,random_high_minus_low,20261208,1.0,high_minus_low,interaction,0.022199232979401212
meta-llama/Llama-3.3-70B-Instruct,pb_t016_09,random_high_minus_low,20261208,1.0,high_minus_low,interaction,0.02375067794778927
meta-llama/Llama-3.3-70B-Instruct,pb_t016_10,random_high_minus_low,20261208,1.0,high_minus_low,interaction,0.03679892339541712
meta-llama/Llama-3.3-70B-Instruct,pb_t016_12,random_high_minus_low,20261208,1.0,high_minus_low,interaction,0.020263678091077767
meta-llama/Llama-3.3-70B-Instruct,pb_t016_17,random_high_minus_low,20261208,1.0,high_minus_low,interaction,0.012202719261294839
meta-llama/Llama-3.3-70B-Instruct,pb_t016_20,random_high_minus_low,20261208,1.0,high_minus_low,interaction,0.029355136238030752
meta-llama/Llama-3.3-70B-Instruct,pb_t018_08,random_high_minus_low,20261208,1.0,high_minus_low,interaction,0.04405511575353324
meta-llama/Llama-3.3-70B-Instruct,pb_t018_10,random_high_minus_low,20261208,1.0,high_minus_low,interaction,0.013749027125454394
meta-llama/Llama-3.3-70B-Instruct,pb_t018_11,random_high_minus_low,20261208,1.0,high_minus_low,interaction,0.019737485936634883
meta-llama/Llama-3.3-70B-Instruct,pb_t018_14,random_high_minus_low,20261208,1.0,high_minus_low,interaction,0.022277030946966234
meta-llama/Llama-3.3-70B-Instruct,pb_t018_18,random_high_minus_low,20261208,1.0,high_minus_low,interaction,0.04575328899670938
meta-llama/Llama-3.3-70B-Instruct,pb_t023_09,random_high_minus_low,20261208,1.0,high_minus_low,interaction,0.006311977285017996
meta-llama/Llama-3.3-70B-Instruct,pb_t023_12,random_high_minus_low,20261208,1.0,high_minus_low,interaction,0.022661271751580534
meta-llama/Llama-3.3-70B-Instruct,pb_t023_13,random_high_minus_low,20261208,1.0,high_minus_low,interaction,0.02237972417872884
meta-llama/Llama-3.3-70B-Instruct,pb_t023_17,random_high_minus_low,20261208,1.0,high_minus_low,interaction,0.02191619471330894
meta-llama/Llama-3.3-70B-Instruct,pb_t023_20,random_high_minus_low,20261208,1.0,high_minus_low,interaction,0.018010565351208478
meta-llama/Llama-3.3-70B-Instruct,pb_t029_07,random_high_minus_low,20261208,1.0,high_minus_low,interaction,0.02123166681576805
meta-llama/Llama-3.3-70B-Instruct,pb_t029_09,random_high_minus_low,20261208,1.0,high_minus_low,interaction,0.026878090974076774
meta-llama/Llama-3.3-70B-Instruct,pb_t029_10,random_high_minus_low,20261208,1.0,high_minus_low,interaction,0.023518780995384608
meta-llama/Llama-3.3-70B-Instruct,pb_t029_11,random_high_minus_low,20261208,1.0,high_minus_low,interaction,0.026594249378988848
meta-llama/Llama-3.3-70B-Instruct,pb_t029_12,random_high_minus_low,20261208,1.0,high_minus_low,interaction,0.036715569882926416
meta-llama/Llama-3.3-70B-Instruct,pb_t031_06,random_high_minus_low,20261208,1.0,high_minus_low,interaction,0.02826437788511282
meta-llama/Llama-3.3-70B-Instruct,pb_t031_09,random_high_minus_low,20261208,1.0,high_minus_low,interaction,0.023587664708468455
meta-llama/Llama-3.3-70B-Instruct,pb_t031_12,random_high_minus_low,20261208,1.0,high_minus_low,interaction,0.030126013447421225
meta-llama/Llama-3.3-70B-Instruct,pb_t031_13,random_high_minus_low,20261208,1.0,high_minus_low,interaction,0.008352194630219781
meta-llama/Llama-3.3-70B-Instruct,pb_t031_16,random_high_minus_low,20261208,1.0,high_minus_low,interaction,0.01552200346443285
meta-llama/Llama-3.3-70B-Instruct,pb_t032_08,random_high_minus_low,20261208,1.0,high_minus_low,interaction,0.016685543109454956
meta-llama/Llama-3.3-70B-Instruct,pb_t032_09,random_high_minus_low,20261208,1.0,high_minus_low,interaction,0.041703988085074854
meta-llama/Llama-3.3-70B-Instruct,pb_t032_13,random_high_minus_low,20261208,1.0,high_minus_low,interaction,0.032913896608826834
meta-llama/Llama-3.3-70B-Instruct,pb_t032_15,random_high_minus_low,20261208,1.0,high_minus_low,interaction,0.006868295238876625
meta-llama/Llama-3.3-70B-Instruct,pb_t032_16,random_high_minus_low,20261208,1.0,high_minus_low,interaction,0.01582652416018666
meta-llama/Llama-3.3-70B-Instruct,pb_t035_06,random_high_minus_low,20261208,1.0,high_minus_low,interaction,0.023542322302941288
meta-llama/Llama-3.3-70B-Instruct,pb_t035_13,random_high_minus_low,20261208,1.0,high_minus_low,interaction,0.02531401140178018
meta-llama/Llama-3.3-70B-Instruct,pb_t035_15,random_high_minus_low,20261208,1.0,high_minus_low,interaction,0.026006349451301303
meta-llama/Llama-3.3-70B-Instruct,pb_t035_20,random_high_minus_low,20261208,1.0,high_minus_low,interaction,0.022373959186079845
meta-llama/Llama-3.3-70B-Instruct,pb_t035_22,random_high_minus_low,20261208,1.0,high_minus_low,interaction,0.02361243651164881
meta-llama/Llama-3.3-70B-Instruct,pb_t040_08,random_high_minus_low,20261208,1.0,high_minus_low,interaction,0.019494429459167253
meta-llama/Llama-3.3-70B-Instruct,pb_t040_10,random_high_minus_low,20261208,1.0,high_minus_low,interaction,0.014181652417452343
meta-llama/Llama-3.3-70B-Instruct,pb_t040_13,random_high_minus_low,20261208,1.0,high_minus_low,interaction,0.024588607689958308
meta-llama/Llama-3.3-70B-Instruct,pb_t040_14,random_high_minus_low,20261208,1.0,high_minus_low,interaction,0.030549940057171293
meta-llama/Llama-3.3-70B-Instruct,pb_t040_15,random_high_minus_low,20261208,1.0,high_minus_low,interaction,0.021707014870204693
meta-llama/Llama-3.3-70B-Instruct,pb_t001_08,random_high_minus_low,20261209,1.0,high_minus_low,interaction,-0.0006094292380307426
meta-llama/Llama-3.3-70B-Instruct,pb_t001_10,random_high_minus_low,20261209,1.0,high_minus_low,interaction,0.03672573669291017
meta-llama/Llama-3.3-70B-Instruct,pb_t001_11,random_high_minus_low,20261209,1.0,high_minus_low,interaction,0.02915176674417975
meta-llama/Llama-3.3-70B-Instruct,pb_t001_12,random_high_minus_low,20261209,1.0,high_minus_low,interaction,0.0031444407693898913
meta-llama/Llama-3.3-70B-Instruct,pb_t001_15,random_high_minus_low,20261209,1.0,high_minus_low,interaction,0.034981683405758364
meta-llama/Llama-3.3-70B-Instruct,pb_t002_08,random_high_minus_low,20261209,1.0,high_minus_low,interaction,0.00811285945411282
meta-llama/Llama-3.3-70B-Instruct,pb_t002_16,random_high_minus_low,20261209,1.0,high_minus_low,interaction,0.028875229445684696
meta-llama/Llama-3.3-70B-Instruct,pb_t002_17,random_high_minus_low,20261209,1.0,high_minus_low,interaction,0.02880736187878918
meta-llama/Llama-3.3-70B-Instruct,pb_t002_18,random_high_minus_low,20261209,1.0,high_minus_low,interaction,0.01914576773919905
meta-llama/Llama-3.3-70B-Instruct,pb_t002_20,random_high_minus_low,20261209,1.0,high_minus_low,interaction,0.020154369054023347
meta-llama/Llama-3.3-70B-Instruct,pb_t004_10,random_high_minus_low,20261209,1.0,high_minus_low,interaction,0.04906925579346749
meta-llama/Llama-3.3-70B-Instruct,pb_t004_11,random_high_minus_low,20261209,1.0,high_minus_low,interaction,0.01104945128241815
meta-llama/Llama-3.3-70B-Instruct,pb_t004_13,random_high_minus_low,20261209,1.0,high_minus_low,interaction,0.01952574853585397
meta-llama/Llama-3.3-70B-Instruct,pb_t004_17,random_high_minus_low,20261209,1.0,high_minus_low,interaction,0.024356689593203504
meta-llama/Llama-3.3-70B-Instruct,pb_t004_20,random_high_minus_low,20261209,1.0,high_minus_low,interaction,0.029779615490355713
meta-llama/Llama-3.3-70B-Instruct,pb_t006_09,random_high_minus_low,20261209,1.0,high_minus_low,interaction,0.03808751453965363
meta-llama/Llama-3.3-70B-Instruct,pb_t006_10,random_high_minus_low,20261209,1.0,high_minus_low,interaction,0.046625893515455374
meta-llama/Llama-3.3-70B-Instruct,pb_t006_12,random_high_minus_low,20261209,1.0,high_minus_low,interaction,0.01998810729474138
meta-llama/Llama-3.3-70B-Instruct,pb_t006_18,random_high_minus_low,20261209,1.0,high_minus_low,interaction,0.028687738238252186
meta-llama/Llama-3.3-70B-Instruct,pb_t006_19,random_high_minus_low,20261209,1.0,high_minus_low,interaction,0.011400848845264037
meta-llama/Llama-3.3-70B-Instruct,pb_t007_09,random_high_minus_low,20261209,1.0,high_minus_low,interaction,0.020251936712254982
meta-llama/Llama-3.3-70B-Instruct,pb_t007_10,random_high_minus_low,20261209,1.0,high_minus_low,interaction,0.02739740208244452
meta-llama/Llama-3.3-70B-Instruct,pb_t007_16,random_high_minus_low,20261209,1.0,high_minus_low,interaction,0.02538478564337086
meta-llama/Llama-3.3-70B-Instruct,pb_t007_17,random_high_minus_low,20261209,1.0,high_minus_low,interaction,0.023776989625930934
meta-llama/Llama-3.3-70B-Instruct,pb_t007_19,random_high_minus_low,20261209,1.0,high_minus_low,interaction,0.029749679418346598
meta-llama/Llama-3.3-70B-Instruct,pb_t008_09,random_high_minus_low,20261209,1.0,high_minus_low,interaction,0.02749649197987796
meta-llama/Llama-3.3-70B-Instruct,pb_t008_11,random_high_minus_low,20261209,1.0,high_minus_low,interaction,0.022701426482338985
meta-llama/Llama-3.3-70B-Instruct,pb_t008_16,random_high_minus_low,20261209,1.0,high_minus_low,interaction,0.029971591962732136
meta-llama/Llama-3.3-70B-Instruct,pb_t008_17,random_high_minus_low,20261209,1.0,high_minus_low,interaction,0.0268314206060308
meta-llama/Llama-3.3-70B-Instruct,pb_t008_20,random_high_minus_low,20261209,1.0,high_minus_low,interaction,0.021094088227121936
meta-llama/Llama-3.3-70B-Instruct,pb_t009_07,random_high_minus_low,20261209,1.0,high_minus_low,interaction,0.03421188340226537
meta-llama/Llama-3.3-70B-Instruct,pb_t009_12,random_high_minus_low,20261209,1.0,high_minus_low,interaction,0.025962481576864992
meta-llama/Llama-3.3-70B-Instruct,pb_t009_15,random_high_minus_low,20261209,1.0,high_minus_low,interaction,0.023563987905054998
meta-llama/Llama-3.3-70B-Instruct,pb_t009_17,random_high_minus_low,20261209,1.0,high_minus_low,interaction,0.030191196308707192
meta-llama/Llama-3.3-70B-Instruct,pb_t009_19,random_high_minus_low,20261209,1.0,high_minus_low,interaction,0.003213198118128333
meta-llama/Llama-3.3-70B-Instruct,pb_t010_09,random_high_minus_low,20261209,1.0,high_minus_low,interaction,0.02767686779422747
meta-llama/Llama-3.3-70B-Instruct,pb_t010_12,random_high_minus_low,20261209,1.0,high_minus_low,interaction,0.039568970658561325
meta-llama/Llama-3.3-70B-Instruct,pb_t010_17,random_high_minus_low,20261209,1.0,high_minus_low,interaction,0.013807176432442485
meta-llama/Llama-3.3-70B-Instruct,pb_t010_19,random_high_minus_low,20261209,1.0,high_minus_low,interaction,0.04013734059130591
meta-llama/Llama-3.3-70B-Instruct,pb_t010_20,random_high_minus_low,20261209,1.0,high_minus_low,interaction,0.044589075050937385
meta-llama/Llama-3.3-70B-Instruct,pb_t016_09,random_high_minus_low,20261209,1.0,high_minus_low,interaction,0.023800427977914106
meta-llama/Llama-3.3-70B-Instruct,pb_t016_10,random_high_minus_low,20261209,1.0,high_minus_low,interaction,0.03713457090824197
meta-llama/Llama-3.3-70B-Instruct,pb_t016_12,random_high_minus_low,20261209,1.0,high_minus_low,interaction,0.018864793470312034
meta-llama/Llama-3.3-70B-Instruct,pb_t016_17,random_high_minus_low,20261209,1.0,high_minus_low,interaction,0.023730143186780028
meta-llama/Llama-3.3-70B-Instruct,pb_t016_20,random_high_minus_low,20261209,1.0,high_minus_low,interaction,0.024006030261938486
meta-llama/Llama-3.3-70B-Instruct,pb_t018_08,random_high_minus_low,20261209,1.0,high_minus_low,interaction,0.021126961449156784
meta-llama/Llama-3.3-70B-Instruct,pb_t018_10,random_high_minus_low,20261209,1.0,high_minus_low,interaction,0.00021440952740535887
meta-llama/Llama-3.3-70B-Instruct,pb_t018_11,random_high_minus_low,20261209,1.0,high_minus_low,interaction,0.007192463606536139
meta-llama/Llama-3.3-70B-Instruct,pb_t018_14,random_high_minus_low,20261209,1.0,high_minus_low,interaction,0.018677692032210157
meta-llama/Llama-3.3-70B-Instruct,pb_t018_18,random_high_minus_low,20261209,1.0,high_minus_low,interaction,0.03170278994068029
meta-llama/Llama-3.3-70B-Instruct,pb_t023_09,random_high_minus_low,20261209,1.0,high_minus_low,interaction,0.02673715575463401
meta-llama/Llama-3.3-70B-Instruct,pb_t023_12,random_high_minus_low,20261209,1.0,high_minus_low,interaction,0.015983716707853327
meta-llama/Llama-3.3-70B-Instruct,pb_t023_13,random_high_minus_low,20261209,1.0,high_minus_low,interaction,0.022417866243304756
meta-llama/Llama-3.3-70B-Instruct,pb_t023_17,random_high_minus_low,20261209,1.0,high_minus_low,interaction,0.035601534089982144
meta-llama/Llama-3.3-70B-Instruct,pb_t023_20,random_high_minus_low,20261209,1.0,high_minus_low,interaction,0.0007308724992257144
meta-llama/Llama-3.3-70B-Instruct,pb_t029_07,random_high_minus_low,20261209,1.0,high_minus_low,interaction,0.0256171325647087
meta-llama/Llama-3.3-70B-Instruct,pb_t029_09,random_high_minus_low,20261209,1.0,high_minus_low,interaction,0.030441592623008384
meta-llama/Llama-3.3-70B-Instruct,pb_t029_10,random_high_minus_low,20261209,1.0,high_minus_low,interaction,0.02884892482779407
meta-llama/Llama-3.3-70B-Instruct,pb_t029_11,random_high_minus_low,20261209,1.0,high_minus_low,interaction,0.029086287050152603
meta-llama/Llama-3.3-70B-Instruct,pb_t029_12,random_high_minus_low,20261209,1.0,high_minus_low,interaction,0.020778983205871463
meta-llama/Llama-3.3-70B-Instruct,pb_t031_06,random_high_minus_low,20261209,1.0,high_minus_low,interaction,0.014406470185958808
meta-llama/Llama-3.3-70B-Instruct,pb_t031_09,random_high_minus_low,20261209,1.0,high_minus_low,interaction,0.019565195703875833
meta-llama/Llama-3.3-70B-Instruct,pb_t031_12,random_high_minus_low,20261209,1.0,high_minus_low,interaction,0.021929443067927837
meta-llama/Llama-3.3-70B-Instruct,pb_t031_13,random_high_minus_low,20261209,1.0,high_minus_low,interaction,0.021963348278299936
meta-llama/Llama-3.3-70B-Instruct,pb_t031_16,random_high_minus_low,20261209,1.0,high_minus_low,interaction,0.0009841335314701078
meta-llama/Llama-3.3-70B-Instruct,pb_t032_08,random_high_minus_low,20261209,1.0,high_minus_low,interaction,0.0036148437471808757
meta-llama/Llama-3.3-70B-Instruct,pb_t032_09,random_high_minus_low,20261209,1.0,high_minus_low,interaction,0.013948989585259431
meta-llama/Llama-3.3-70B-Instruct,pb_t032_13,random_high_minus_low,20261209,1.0,high_minus_low,interaction,0.024897885511207217
meta-llama/Llama-3.3-70B-Instruct,pb_t032_15,random_high_minus_low,20261209,1.0,high_minus_low,interaction,0.030982493918567507
meta-llama/Llama-3.3-70B-Instruct,pb_t032_16,random_high_minus_low,20261209,1.0,high_minus_low,interaction,0.03126722069879382
meta-llama/Llama-3.3-70B-Instruct,pb_t035_06,random_high_minus_low,20261209,1.0,high_minus_low,interaction,0.01791685555835837
meta-llama/Llama-3.3-70B-Instruct,pb_t035_13,random_high_minus_low,20261209,1.0,high_minus_low,interaction,-0.0009850519275693393
meta-llama/Llama-3.3-70B-Instruct,pb_t035_15,random_high_minus_low,20261209,1.0,high_minus_low,interaction,0.01466529844205424
meta-llama/Llama-3.3-70B-Instruct,pb_t035_20,random_high_minus_low,20261209,1.0,high_minus_low,interaction,0.02531187233609257
meta-llama/Llama-3.3-70B-Instruct,pb_t035_22,random_high_minus_low,20261209,1.0,high_minus_low,interaction,0.019621772783759896
meta-llama/Llama-3.3-70B-Instruct,pb_t040_08,random_high_minus_low,20261209,1.0,high_minus_low,interaction,0.031502127234873036
meta-llama/Llama-3.3-70B-Instruct,pb_t040_10,random_high_minus_low,20261209,1.0,high_minus_low,interaction,0.01608976424232864
meta-llama/Llama-3.3-70B-Instruct,pb_t040_13,random_high_minus_low,20261209,1.0,high_minus_low,interaction,0.020393151570288714
meta-llama/Llama-3.3-70B-Instruct,pb_t040_14,random_high_minus_low,20261209,1.0,high_minus_low,interaction,0.03581245181232402
meta-llama/Llama-3.3-70B-Instruct,pb_t040_15,random_high_minus_low,20261209,1.0,high_minus_low,interaction,0.01287069025759734
meta-llama/Llama-3.3-70B-Instruct,pb_t001_08,random_high_minus_low,20261210,1.0,high_minus_low,interaction,-0.01941080053580789
meta-llama/Llama-3.3-70B-Instruct,pb_t001_10,random_high_minus_low,20261210,1.0,high_minus_low,interaction,0.0031579047317675637
meta-llama/Llama-3.3-70B-Instruct,pb_t001_11,random_high_minus_low,20261210,1.0,high_minus_low,interaction,-0.008610348234580074
meta-llama/Llama-3.3-70B-Instruct,pb_t001_12,random_high_minus_low,20261210,1.0,high_minus_low,interaction,0.01781556666486209
meta-llama/Llama-3.3-70B-Instruct,pb_t001_15,random_high_minus_low,20261210,1.0,high_minus_low,interaction,0.017951011042760076
meta-llama/Llama-3.3-70B-Instruct,pb_t002_08,random_high_minus_low,20261210,1.0,high_minus_low,interaction,0.014821213070927354
meta-llama/Llama-3.3-70B-Instruct,pb_t002_16,random_high_minus_low,20261210,1.0,high_minus_low,interaction,-0.013317250534230387
meta-llama/Llama-3.3-70B-Instruct,pb_t002_17,random_high_minus_low,20261210,1.0,high_minus_low,interaction,0.007983803028373608
meta-llama/Llama-3.3-70B-Instruct,pb_t002_18,random_high_minus_low,20261210,1.0,high_minus_low,interaction,-0.0112546560532678
meta-llama/Llama-3.3-70B-Instruct,pb_t002_20,random_high_minus_low,20261210,1.0,high_minus_low,interaction,0.004468809485607151
meta-llama/Llama-3.3-70B-Instruct,pb_t004_10,random_high_minus_low,20261210,1.0,high_minus_low,interaction,-0.0022287154121888838
meta-llama/Llama-3.3-70B-Instruct,pb_t004_11,random_high_minus_low,20261210,1.0,high_minus_low,interaction,-0.010997555630858587
meta-llama/Llama-3.3-70B-Instruct,pb_t004_13,random_high_minus_low,20261210,1.0,high_minus_low,interaction,-0.0006169044927771654
meta-llama/Llama-3.3-70B-Instruct,pb_t004_17,random_high_minus_low,20261210,1.0,high_minus_low,interaction,0.0055894539556232
meta-llama/Llama-3.3-70B-Instruct,pb_t004_20,random_high_minus_low,20261210,1.0,high_minus_low,interaction,0.007650760719442152
meta-llama/Llama-3.3-70B-Instruct,pb_t006_09,random_high_minus_low,20261210,1.0,high_minus_low,interaction,0.004501573546161192
meta-llama/Llama-3.3-70B-Instruct,pb_t006_10,random_high_minus_low,20261210,1.0,high_minus_low,interaction,0.021939930754954477
meta-llama/Llama-3.3-70B-Instruct,pb_t006_12,random_high_minus_low,20261210,1.0,high_minus_low,interaction,0.012293172999763373
meta-llama/Llama-3.3-70B-Instruct,pb_t006_18,random_high_minus_low,20261210,1.0,high_minus_low,interaction,0.01829998764027306
meta-llama/Llama-3.3-70B-Instruct,pb_t006_19,random_high_minus_low,20261210,1.0,high_minus_low,interaction,-0.0038679447854967
meta-llama/Llama-3.3-70B-Instruct,pb_t007_09,random_high_minus_low,20261210,1.0,high_minus_low,interaction,-0.004412971859231193
meta-llama/Llama-3.3-70B-Instruct,pb_t007_10,random_high_minus_low,20261210,1.0,high_minus_low,interaction,0.018518965416616132
meta-llama/Llama-3.3-70B-Instruct,pb_t007_16,random_high_minus_low,20261210,1.0,high_minus_low,interaction,0.030876859713113942
meta-llama/Llama-3.3-70B-Instruct,pb_t007_17,random_high_minus_low,20261210,1.0,high_minus_low,interaction,-0.007490640147473889
meta-llama/Llama-3.3-70B-Instruct,pb_t007_19,random_high_minus_low,20261210,1.0,high_minus_low,interaction,0.0022655288388833245
meta-llama/Llama-3.3-70B-Instruct,pb_t008_09,random_high_minus_low,20261210,1.0,high_minus_low,interaction,-0.00015583855603647332
meta-llama/Llama-3.3-70B-Instruct,pb_t008_11,random_high_minus_low,20261210,1.0,high_minus_low,interaction,0.0043581186527281894
meta-llama/Llama-3.3-70B-Instruct,pb_t008_16,random_high_minus_low,20261210,1.0,high_minus_low,interaction,0.01113160596623135
meta-llama/Llama-3.3-70B-Instruct,pb_t008_17,random_high_minus_low,20261210,1.0,high_minus_low,interaction,-0.004772589660279651
meta-llama/Llama-3.3-70B-Instruct,pb_t008_20,random_high_minus_low,20261210,1.0,high_minus_low,interaction,0.01812000147263558
meta-llama/Llama-3.3-70B-Instruct,pb_t009_07,random_high_minus_low,20261210,1.0,high_minus_low,interaction,0.01809905501235759
meta-llama/Llama-3.3-70B-Instruct,pb_t009_12,random_high_minus_low,20261210,1.0,high_minus_low,interaction,0.005303152439165114
meta-llama/Llama-3.3-70B-Instruct,pb_t009_15,random_high_minus_low,20261210,1.0,high_minus_low,interaction,0.003933679277628303
meta-llama/Llama-3.3-70B-Instruct,pb_t009_17,random_high_minus_low,20261210,1.0,high_minus_low,interaction,0.023436502690725367
meta-llama/Llama-3.3-70B-Instruct,pb_t009_19,random_high_minus_low,20261210,1.0,high_minus_low,interaction,-0.014171233795830813
meta-llama/Llama-3.3-70B-Instruct,pb_t010_09,random_high_minus_low,20261210,1.0,high_minus_low,interaction,0.0048160520816810035
meta-llama/Llama-3.3-70B-Instruct,pb_t010_12,random_high_minus_low,20261210,1.0,high_minus_low,interaction,-0.003942440949402956
meta-llama/Llama-3.3-70B-Instruct,pb_t010_17,random_high_minus_low,20261210,1.0,high_minus_low,interaction,-0.006602002696414984
meta-llama/Llama-3.3-70B-Instruct,pb_t010_19,random_high_minus_low,20261210,1.0,high_minus_low,interaction,0.0038713804623307603
meta-llama/Llama-3.3-70B-Instruct,pb_t010_20,random_high_minus_low,20261210,1.0,high_minus_low,interaction,0.012649610204797553
meta-llama/Llama-3.3-70B-Instruct,pb_t016_09,random_high_minus_low,20261210,1.0,high_minus_low,interaction,-0.007513111050585436
meta-llama/Llama-3.3-70B-Instruct,pb_t016_10,random_high_minus_low,20261210,1.0,high_minus_low,interaction,0.02714137094819746
meta-llama/Llama-3.3-70B-Instruct,pb_t016_12,random_high_minus_low,20261210,1.0,high_minus_low,interaction,0.0071392572214675175
meta-llama/Llama-3.3-70B-Instruct,pb_t016_17,random_high_minus_low,20261210,1.0,high_minus_low,interaction,-0.008411435206411152
meta-llama/Llama-3.3-70B-Instruct,pb_t016_20,random_high_minus_low,20261210,1.0,high_minus_low,interaction,0.03186401677723762
meta-llama/Llama-3.3-70B-Instruct,pb_t018_08,random_high_minus_low,20261210,1.0,high_minus_low,interaction,0.0016078505936965302
meta-llama/Llama-3.3-70B-Instruct,pb_t018_10,random_high_minus_low,20261210,1.0,high_minus_low,interaction,-0.009543952532029542
meta-llama/Llama-3.3-70B-Instruct,pb_t018_11,random_high_minus_low,20261210,1.0,high_minus_low,interaction,0.00744305551160646
meta-llama/Llama-3.3-70B-Instruct,pb_t018_14,random_high_minus_low,20261210,1.0,high_minus_low,interaction,0.03439374231773648
meta-llama/Llama-3.3-70B-Instruct,pb_t018_18,random_high_minus_low,20261210,1.0,high_minus_low,interaction,-0.0015443705262685355
meta-llama/Llama-3.3-70B-Instruct,pb_t023_09,random_high_minus_low,20261210,1.0,high_minus_low,interaction,0.03123311550495583
meta-llama/Llama-3.3-70B-Instruct,pb_t023_12,random_high_minus_low,20261210,1.0,high_minus_low,interaction,0.014227493135838744
meta-llama/Llama-3.3-70B-Instruct,pb_t023_13,random_high_minus_low,20261210,1.0,high_minus_low,interaction,0.005163318919798413
meta-llama/Llama-3.3-70B-Instruct,pb_t023_17,random_high_minus_low,20261210,1.0,high_minus_low,interaction,0.004084696408323705
meta-llama/Llama-3.3-70B-Instruct,pb_t023_20,random_high_minus_low,20261210,1.0,high_minus_low,interaction,0.017970044492253864
meta-llama/Llama-3.3-70B-Instruct,pb_t029_07,random_high_minus_low,20261210,1.0,high_minus_low,interaction,-0.00853034722436885
meta-llama/Llama-3.3-70B-Instruct,pb_t029_09,random_high_minus_low,20261210,1.0,high_minus_low,interaction,0.023121522388797375
meta-llama/Llama-3.3-70B-Instruct,pb_t029_10,random_high_minus_low,20261210,1.0,high_minus_low,interaction,-1.3732375456405681e-05
meta-llama/Llama-3.3-70B-Instruct,pb_t029_11,random_high_minus_low,20261210,1.0,high_minus_low,interaction,0.011195458067601569
meta-llama/Llama-3.3-70B-Instruct,pb_t029_12,random_high_minus_low,20261210,1.0,high_minus_low,interaction,0.01755663887432022
meta-llama/Llama-3.3-70B-Instruct,pb_t031_06,random_high_minus_low,20261210,1.0,high_minus_low,interaction,0.026696206077202626
meta-llama/Llama-3.3-70B-Instruct,pb_t031_09,random_high_minus_low,20261210,1.0,high_minus_low,interaction,0.005827536694415917
meta-llama/Llama-3.3-70B-Instruct,pb_t031_12,random_high_minus_low,20261210,1.0,high_minus_low,interaction,-0.0025326330989745177
meta-llama/Llama-3.3-70B-Instruct,pb_t031_13,random_high_minus_low,20261210,1.0,high_minus_low,interaction,0.00858638588107115
meta-llama/Llama-3.3-70B-Instruct,pb_t031_16,random_high_minus_low,20261210,1.0,high_minus_low,interaction,0.0030364637862967856
meta-llama/Llama-3.3-70B-Instruct,pb_t032_08,random_high_minus_low,20261210,1.0,high_minus_low,interaction,-0.010434008128038453
meta-llama/Llama-3.3-70B-Instruct,pb_t032_09,random_high_minus_low,20261210,1.0,high_minus_low,interaction,0.013369339271816442
meta-llama/Llama-3.3-70B-Instruct,pb_t032_13,random_high_minus_low,20261210,1.0,high_minus_low,interaction,0.005296122232830202
meta-llama/Llama-3.3-70B-Instruct,pb_t032_15,random_high_minus_low,20261210,1.0,high_minus_low,interaction,-0.01295295015166507
meta-llama/Llama-3.3-70B-Instruct,pb_t032_16,random_high_minus_low,20261210,1.0,high_minus_low,interaction,0.00014008377602023336
meta-llama/Llama-3.3-70B-Instruct,pb_t035_06,random_high_minus_low,20261210,1.0,high_minus_low,interaction,0.008938871198603508
meta-llama/Llama-3.3-70B-Instruct,pb_t035_13,random_high_minus_low,20261210,1.0,high_minus_low,interaction,-0.003239095956725955
meta-llama/Llama-3.3-70B-Instruct,pb_t035_15,random_high_minus_low,20261210,1.0,high_minus_low,interaction,0.01950067580611045
meta-llama/Llama-3.3-70B-Instruct,pb_t035_20,random_high_minus_low,20261210,1.0,high_minus_low,interaction,0.020464325374731508
meta-llama/Llama-3.3-70B-Instruct,pb_t035_22,random_high_minus_low,20261210,1.0,high_minus_low,interaction,0.023931141846068767
meta-llama/Llama-3.3-70B-Instruct,pb_t040_08,random_high_minus_low,20261210,1.0,high_minus_low,interaction,0.008118485984039402
meta-llama/Llama-3.3-70B-Instruct,pb_t040_10,random_high_minus_low,20261210,1.0,high_minus_low,interaction,0.021834990024513008
meta-llama/Llama-3.3-70B-Instruct,pb_t040_13,random_high_minus_low,20261210,1.0,high_minus_low,interaction,0.011766564662200192
meta-llama/Llama-3.3-70B-Instruct,pb_t040_14,random_high_minus_low,20261210,1.0,high_minus_low,interaction,0.025023230012933412
meta-llama/Llama-3.3-70B-Instruct,pb_t040_15,random_high_minus_low,20261210,1.0,high_minus_low,interaction,0.018700146656343227
meta-llama/Llama-3.3-70B-Instruct,pb_t001_08,random_high_minus_low,20261211,1.0,high_minus_low,interaction,-0.025063846451039574
meta-llama/Llama-3.3-70B-Instruct,pb_t001_10,random_high_minus_low,20261211,1.0,high_minus_low,interaction,0.0007021096567005752
meta-llama/Llama-3.3-70B-Instruct,pb_t001_11,random_high_minus_low,20261211,1.0,high_minus_low,interaction,0.004542024794556052
meta-llama/Llama-3.3-70B-Instruct,pb_t001_12,random_high_minus_low,20261211,1.0,high_minus_low,interaction,-0.014843450527075048
meta-llama/Llama-3.3-70B-Instruct,pb_t001_15,random_high_minus_low,20261211,1.0,high_minus_low,interaction,-0.018175248201774186
meta-llama/Llama-3.3-70B-Instruct,pb_t002_08,random_high_minus_low,20261211,1.0,high_minus_low,interaction,-0.005971502547005741
meta-llama/Llama-3.3-70B-Instruct,pb_t002_16,random_high_minus_low,20261211,1.0,high_minus_low,interaction,-0.0025200881410943907
meta-llama/Llama-3.3-70B-Instruct,pb_t002_17,random_high_minus_low,20261211,1.0,high_minus_low,interaction,-0.028434464882892054
meta-llama/Llama-3.3-70B-Instruct,pb_t002_18,random_high_minus_low,20261211,1.0,high_minus_low,interaction,-0.019595019707851442
meta-llama/Llama-3.3-70B-Instruct,pb_t002_20,random_high_minus_low,20261211,1.0,high_minus_low,interaction,-0.013205484178070666
meta-llama/Llama-3.3-70B-Instruct,pb_t004_10,random_high_minus_low,20261211,1.0,high_minus_low,interaction,0.02005758307688194
meta-llama/Llama-3.3-70B-Instruct,pb_t004_11,random_high_minus_low,20261211,1.0,high_minus_low,interaction,-0.03344232005135808
meta-llama/Llama-3.3-70B-Instruct,pb_t004_13,random_high_minus_low,20261211,1.0,high_minus_low,interaction,-0.006463007342254577
meta-llama/Llama-3.3-70B-Instruct,pb_t004_17,random_high_minus_low,20261211,1.0,high_minus_low,interaction,0.00820764173114028
meta-llama/Llama-3.3-70B-Instruct,pb_t004_20,random_high_minus_low,20261211,1.0,high_minus_low,interaction,-0.0032260163974198535
meta-llama/Llama-3.3-70B-Instruct,pb_t006_09,random_high_minus_low,20261211,1.0,high_minus_low,interaction,0.01712926775533062
meta-llama/Llama-3.3-70B-Instruct,pb_t006_10,random_high_minus_low,20261211,1.0,high_minus_low,interaction,-0.022904819892836246
meta-llama/Llama-3.3-70B-Instruct,pb_t006_12,random_high_minus_low,20261211,1.0,high_minus_low,interaction,-0.002559206740078037
meta-llama/Llama-3.3-70B-Instruct,pb_t006_18,random_high_minus_low,20261211,1.0,high_minus_low,interaction,-0.0032196432714803117
meta-llama/Llama-3.3-70B-Instruct,pb_t006_19,random_high_minus_low,20261211,1.0,high_minus_low,interaction,-0.012491619581253494
meta-llama/Llama-3.3-70B-Instruct,pb_t007_09,random_high_minus_low,20261211,1.0,high_minus_low,interaction,-4.214377588417316e-05
meta-llama/Llama-3.3-70B-Instruct,pb_t007_10,random_high_minus_low,20261211,1.0,high_minus_low,interaction,-0.025176350948533734
meta-llama/Llama-3.3-70B-Instruct,pb_t007_16,random_high_minus_low,20261211,1.0,high_minus_low,interaction,-0.017925742273648657
meta-llama/Llama-3.3-70B-Instruct,pb_t007_17,random_high_minus_low,20261211,1.0,high_minus_low,interaction,-0.006060533409879967
meta-llama/Llama-3.3-70B-Instruct,pb_t007_19,random_high_minus_low,20261211,1.0,high_minus_low,interaction,0.016801524126163644
meta-llama/Llama-3.3-70B-Instruct,pb_t008_09,random_high_minus_low,20261211,1.0,high_minus_low,interaction,0.012641065318316602
meta-llama/Llama-3.3-70B-Instruct,pb_t008_11,random_high_minus_low,20261211,1.0,high_minus_low,interaction,-0.014648545953945909
meta-llama/Llama-3.3-70B-Instruct,pb_t008_16,random_high_minus_low,20261211,1.0,high_minus_low,interaction,0.019484797358842423
meta-llama/Llama-3.3-70B-Instruct,pb_t008_17,random_high_minus_low,20261211,1.0,high_minus_low,interaction,-0.004843489428334293
meta-llama/Llama-3.3-70B-Instruct,pb_t008_20,random_high_minus_low,20261211,1.0,high_minus_low,interaction,-0.0038133978712108193
meta-llama/Llama-3.3-70B-Instruct,pb_t009_07,random_high_minus_low,20261211,1.0,high_minus_low,interaction,-0.022943923119566802
meta-llama/Llama-3.3-70B-Instruct,pb_t009_12,random_high_minus_low,20261211,1.0,high_minus_low,interaction,0.006516722683838324
meta-llama/Llama-3.3-70B-Instruct,pb_t009_15,random_high_minus_low,20261211,1.0,high_minus_low,interaction,0.018930386428955878
meta-llama/Llama-3.3-70B-Instruct,pb_t009_17,random_high_minus_low,20261211,1.0,high_minus_low,interaction,-4.606587962566937e-05
meta-llama/Llama-3.3-70B-Instruct,pb_t009_19,random_high_minus_low,20261211,1.0,high_minus_low,interaction,-0.020096572958806624
meta-llama/Llama-3.3-70B-Instruct,pb_t010_09,random_high_minus_low,20261211,1.0,high_minus_low,interaction,9.120227281093386e-05
meta-llama/Llama-3.3-70B-Instruct,pb_t010_12,random_high_minus_low,20261211,1.0,high_minus_low,interaction,-0.0053880460134686226
meta-llama/Llama-3.3-70B-Instruct,pb_t010_17,random_high_minus_low,20261211,1.0,high_minus_low,interaction,0.0006929795589793199
meta-llama/Llama-3.3-70B-Instruct,pb_t010_19,random_high_minus_low,20261211,1.0,high_minus_low,interaction,0.01126526086255037
meta-llama/Llama-3.3-70B-Instruct,pb_t010_20,random_high_minus_low,20261211,1.0,high_minus_low,interaction,-0.023771673601313284
meta-llama/Llama-3.3-70B-Instruct,pb_t016_09,random_high_minus_low,20261211,1.0,high_minus_low,interaction,-0.004327939615834655
meta-llama/Llama-3.3-70B-Instruct,pb_t016_10,random_high_minus_low,20261211,1.0,high_minus_low,interaction,-0.004098229102667472
meta-llama/Llama-3.3-70B-Instruct,pb_t016_12,random_high_minus_low,20261211,1.0,high_minus_low,interaction,-0.02531952732435955
meta-llama/Llama-3.3-70B-Instruct,pb_t016_17,random_high_minus_low,20261211,1.0,high_minus_low,interaction,-0.010997592409022023
meta-llama/Llama-3.3-70B-Instruct,pb_t016_20,random_high_minus_low,20261211,1.0,high_minus_low,interaction,0.0042005173579422565
meta-llama/Llama-3.3-70B-Instruct,pb_t018_08,random_high_minus_low,20261211,1.0,high_minus_low,interaction,-0.0060577176832833915
meta-llama/Llama-3.3-70B-Instruct,pb_t018_10,random_high_minus_low,20261211,1.0,high_minus_low,interaction,-0.02887200257653756
meta-llama/Llama-3.3-70B-Instruct,pb_t018_11,random_high_minus_low,20261211,1.0,high_minus_low,interaction,-0.013124549784727763
meta-llama/Llama-3.3-70B-Instruct,pb_t018_14,random_high_minus_low,20261211,1.0,high_minus_low,interaction,-0.006790729588774165
meta-llama/Llama-3.3-70B-Instruct,pb_t018_18,random_high_minus_low,20261211,1.0,high_minus_low,interaction,-0.014176170123903514
meta-llama/Llama-3.3-70B-Instruct,pb_t023_09,random_high_minus_low,20261211,1.0,high_minus_low,interaction,-0.003952394934623724
meta-llama/Llama-3.3-70B-Instruct,pb_t023_12,random_high_minus_low,20261211,1.0,high_minus_low,interaction,0.008672119631783855
meta-llama/Llama-3.3-70B-Instruct,pb_t023_13,random_high_minus_low,20261211,1.0,high_minus_low,interaction,0.007371502856214229
meta-llama/Llama-3.3-70B-Instruct,pb_t023_17,random_high_minus_low,20261211,1.0,high_minus_low,interaction,-0.0033236781878632
meta-llama/Llama-3.3-70B-Instruct,pb_t023_20,random_high_minus_low,20261211,1.0,high_minus_low,interaction,-0.016924069132099324
meta-llama/Llama-3.3-70B-Instruct,pb_t029_07,random_high_minus_low,20261211,1.0,high_minus_low,interaction,0.0021217226169681085
meta-llama/Llama-3.3-70B-Instruct,pb_t029_09,random_high_minus_low,20261211,1.0,high_minus_low,interaction,0.0034532946341083864
meta-llama/Llama-3.3-70B-Instruct,pb_t029_10,random_high_minus_low,20261211,1.0,high_minus_low,interaction,-0.012734308843456504
meta-llama/Llama-3.3-70B-Instruct,pb_t029_11,random_high_minus_low,20261211,1.0,high_minus_low,interaction,0.000989592629216711
meta-llama/Llama-3.3-70B-Instruct,pb_t029_12,random_high_minus_low,20261211,1.0,high_minus_low,interaction,-0.008079048021639758
meta-llama/Llama-3.3-70B-Instruct,pb_t031_06,random_high_minus_low,20261211,1.0,high_minus_low,interaction,-0.023663951293507738
meta-llama/Llama-3.3-70B-Instruct,pb_t031_09,random_high_minus_low,20261211,1.0,high_minus_low,interaction,-0.025554382243171
meta-llama/Llama-3.3-70B-Instruct,pb_t031_12,random_high_minus_low,20261211,1.0,high_minus_low,interaction,-0.007395848032025802
meta-llama/Llama-3.3-70B-Instruct,pb_t031_13,random_high_minus_low,20261211,1.0,high_minus_low,interaction,0.013337920009647099
meta-llama/Llama-3.3-70B-Instruct,pb_t031_16,random_high_minus_low,20261211,1.0,high_minus_low,interaction,-0.02855781290933282
meta-llama/Llama-3.3-70B-Instruct,pb_t032_08,random_high_minus_low,20261211,1.0,high_minus_low,interaction,-0.02385745576940434
meta-llama/Llama-3.3-70B-Instruct,pb_t032_09,random_high_minus_low,20261211,1.0,high_minus_low,interaction,-0.023840590088646575
meta-llama/Llama-3.3-70B-Instruct,pb_t032_13,random_high_minus_low,20261211,1.0,high_minus_low,interaction,-0.022065821718265686
meta-llama/Llama-3.3-70B-Instruct,pb_t032_15,random_high_minus_low,20261211,1.0,high_minus_low,interaction,0.0002770272933073232
meta-llama/Llama-3.3-70B-Instruct,pb_t032_16,random_high_minus_low,20261211,1.0,high_minus_low,interaction,0.011369795827794531
meta-llama/Llama-3.3-70B-Instruct,pb_t035_06,random_high_minus_low,20261211,1.0,high_minus_low,interaction,0.003118404776249662
meta-llama/Llama-3.3-70B-Instruct,pb_t035_13,random_high_minus_low,20261211,1.0,high_minus_low,interaction,-0.02477819526682481
meta-llama/Llama-3.3-70B-Instruct,pb_t035_15,random_high_minus_low,20261211,1.0,high_minus_low,interaction,0.0160769480875467
meta-llama/Llama-3.3-70B-Instruct,pb_t035_20,random_high_minus_low,20261211,1.0,high_minus_low,interaction,-0.009203992446975454
meta-llama/Llama-3.3-70B-Instruct,pb_t035_22,random_high_minus_low,20261211,1.0,high_minus_low,interaction,-0.008533057298045977
meta-llama/Llama-3.3-70B-Instruct,pb_t040_08,random_high_minus_low,20261211,1.0,high_minus_low,interaction,-0.01041782430552718
meta-llama/Llama-3.3-70B-Instruct,pb_t040_10,random_high_minus_low,20261211,1.0,high_minus_low,interaction,-0.016411568771666257
meta-llama/Llama-3.3-70B-Instruct,pb_t040_13,random_high_minus_low,20261211,1.0,high_minus_low,interaction,-0.0167394366006304
meta-llama/Llama-3.3-70B-Instruct,pb_t040_14,random_high_minus_low,20261211,1.0,high_minus_low,interaction,0.0013942330694035041
meta-llama/Llama-3.3-70B-Instruct,pb_t040_15,random_high_minus_low,20261211,1.0,high_minus_low,interaction,-0.01208719984269132
meta-llama/Llama-3.3-70B-Instruct,pb_t001_08,random_high_minus_low,20261212,1.0,high_minus_low,interaction,-0.03012386432335794
meta-llama/Llama-3.3-70B-Instruct,pb_t001_10,random_high_minus_low,20261212,1.0,high_minus_low,interaction,-0.0022140942589727714
meta-llama/Llama-3.3-70B-Instruct,pb_t001_11,random_high_minus_low,20261212,1.0,high_minus_low,interaction,-0.020065730562507756
meta-llama/Llama-3.3-70B-Instruct,pb_t001_12,random_high_minus_low,20261212,1.0,high_minus_low,interaction,-0.021599372178867617
meta-llama/Llama-3.3-70B-Instruct,pb_t001_15,random_high_minus_low,20261212,1.0,high_minus_low,interaction,-0.023567486030659536
meta-llama/Llama-3.3-70B-Instruct,pb_t002_08,random_high_minus_low,20261212,1.0,high_minus_low,interaction,-0.022750922124877043
meta-llama/Llama-3.3-70B-Instruct,pb_t002_16,random_high_minus_low,20261212,1.0,high_minus_low,interaction,-0.019072077458173478
meta-llama/Llama-3.3-70B-Instruct,pb_t002_17,random_high_minus_low,20261212,1.0,high_minus_low,interaction,-0.03031575866904988
meta-llama/Llama-3.3-70B-Instruct,pb_t002_18,random_high_minus_low,20261212,1.0,high_minus_low,interaction,-0.01314238468805027
meta-llama/Llama-3.3-70B-Instruct,pb_t002_20,random_high_minus_low,20261212,1.0,high_minus_low,interaction,0.0033148472091059956
meta-llama/Llama-3.3-70B-Instruct,pb_t004_10,random_high_minus_low,20261212,1.0,high_minus_low,interaction,-0.00980942395985289
meta-llama/Llama-3.3-70B-Instruct,pb_t004_11,random_high_minus_low,20261212,1.0,high_minus_low,interaction,-0.027475808771904003
meta-llama/Llama-3.3-70B-Instruct,pb_t004_13,random_high_minus_low,20261212,1.0,high_minus_low,interaction,-0.00638302634779007
meta-llama/Llama-3.3-70B-Instruct,pb_t004_17,random_high_minus_low,20261212,1.0,high_minus_low,interaction,-0.022804729562923433
meta-llama/Llama-3.3-70B-Instruct,pb_t004_20,random_high_minus_low,20261212,1.0,high_minus_low,interaction,-0.03813796277604922
meta-llama/Llama-3.3-70B-Instruct,pb_t006_09,random_high_minus_low,20261212,1.0,high_minus_low,interaction,-0.007746313417714519
meta-llama/Llama-3.3-70B-Instruct,pb_t006_10,random_high_minus_low,20261212,1.0,high_minus_low,interaction,-0.02065575434638093
meta-llama/Llama-3.3-70B-Instruct,pb_t006_12,random_high_minus_low,20261212,1.0,high_minus_low,interaction,0.002345692816603449
meta-llama/Llama-3.3-70B-Instruct,pb_t006_18,random_high_minus_low,20261212,1.0,high_minus_low,interaction,-0.016870311505785343
meta-llama/Llama-3.3-70B-Instruct,pb_t006_19,random_high_minus_low,20261212,1.0,high_minus_low,interaction,-0.018309373508207227
meta-llama/Llama-3.3-70B-Instruct,pb_t007_09,random_high_minus_low,20261212,1.0,high_minus_low,interaction,-0.009298958220864982
meta-llama/Llama-3.3-70B-Instruct,pb_t007_10,random_high_minus_low,20261212,1.0,high_minus_low,interaction,-0.0043450394180614745
meta-llama/Llama-3.3-70B-Instruct,pb_t007_16,random_high_minus_low,20261212,1.0,high_minus_low,interaction,-0.003153988157054401
meta-llama/Llama-3.3-70B-Instruct,pb_t007_17,random_high_minus_low,20261212,1.0,high_minus_low,interaction,-0.00457204473684723
meta-llama/Llama-3.3-70B-Instruct,pb_t007_19,random_high_minus_low,20261212,1.0,high_minus_low,interaction,-0.0065170915368107
meta-llama/Llama-3.3-70B-Instruct,pb_t008_09,random_high_minus_low,20261212,1.0,high_minus_low,interaction,-0.003528721886161712
meta-llama/Llama-3.3-70B-Instruct,pb_t008_11,random_high_minus_low,20261212,1.0,high_minus_low,interaction,-0.03521172699485786
meta-llama/Llama-3.3-70B-Instruct,pb_t008_16,random_high_minus_low,20261212,1.0,high_minus_low,interaction,-0.01054413559842067
meta-llama/Llama-3.3-70B-Instruct,pb_t008_17,random_high_minus_low,20261212,1.0,high_minus_low,interaction,-0.008830261996815771
meta-llama/Llama-3.3-70B-Instruct,pb_t008_20,random_high_minus_low,20261212,1.0,high_minus_low,interaction,-0.014743303224307194
meta-llama/Llama-3.3-70B-Instruct,pb_t009_07,random_high_minus_low,20261212,1.0,high_minus_low,interaction,-0.016672353603412054
meta-llama/Llama-3.3-70B-Instruct,pb_t009_12,random_high_minus_low,20261212,1.0,high_minus_low,interaction,0.0002443999389806124
meta-llama/Llama-3.3-70B-Instruct,pb_t009_15,random_high_minus_low,20261212,1.0,high_minus_low,interaction,0.006062816631503984
meta-llama/Llama-3.3-70B-Instruct,pb_t009_17,random_high_minus_low,20261212,1.0,high_minus_low,interaction,-0.0035723769553991317
meta-llama/Llama-3.3-70B-Instruct,pb_t009_19,random_high_minus_low,20261212,1.0,high_minus_low,interaction,-0.013063135649249212
meta-llama/Llama-3.3-70B-Instruct,pb_t010_09,random_high_minus_low,20261212,1.0,high_minus_low,interaction,-0.004400565911247389
meta-llama/Llama-3.3-70B-Instruct,pb_t010_12,random_high_minus_low,20261212,1.0,high_minus_low,interaction,-0.021151982204714873
meta-llama/Llama-3.3-70B-Instruct,pb_t010_17,random_high_minus_low,20261212,1.0,high_minus_low,interaction,-0.0009895293377763376
meta-llama/Llama-3.3-70B-Instruct,pb_t010_19,random_high_minus_low,20261212,1.0,high_minus_low,interaction,0.002721289322830173
meta-llama/Llama-3.3-70B-Instruct,pb_t010_20,random_high_minus_low,20261212,1.0,high_minus_low,interaction,-0.010237373550848831
meta-llama/Llama-3.3-70B-Instruct,pb_t016_09,random_high_minus_low,20261212,1.0,high_minus_low,interaction,-4.27706778914252e-05
meta-llama/Llama-3.3-70B-Instruct,pb_t016_10,random_high_minus_low,20261212,1.0,high_minus_low,interaction,0.009836448987487485
meta-llama/Llama-3.3-70B-Instruct,pb_t016_12,random_high_minus_low,20261212,1.0,high_minus_low,interaction,-0.017607513885570816
meta-llama/Llama-3.3-70B-Instruct,pb_t016_17,random_high_minus_low,20261212,1.0,high_minus_low,interaction,-0.0030418252999266323
meta-llama/Llama-3.3-70B-Instruct,pb_t016_20,random_high_minus_low,20261212,1.0,high_minus_low,interaction,-0.004863100385048597
meta-llama/Llama-3.3-70B-Instruct,pb_t018_08,random_high_minus_low,20261212,1.0,high_minus_low,interaction,-0.008838099987378127
meta-llama/Llama-3.3-70B-Instruct,pb_t018_10,random_high_minus_low,20261212,1.0,high_minus_low,interaction,-0.023250012629161987
meta-llama/Llama-3.3-70B-Instruct,pb_t018_11,random_high_minus_low,20261212,1.0,high_minus_low,interaction,-0.005254941988399189
meta-llama/Llama-3.3-70B-Instruct,pb_t018_14,random_high_minus_low,20261212,1.0,high_minus_low,interaction,-0.033513591680893004
meta-llama/Llama-3.3-70B-Instruct,pb_t018_18,random_high_minus_low,20261212,1.0,high_minus_low,interaction,-0.002258633462234648
meta-llama/Llama-3.3-70B-Instruct,pb_t023_09,random_high_minus_low,20261212,1.0,high_minus_low,interaction,-0.02674191623741049
meta-llama/Llama-3.3-70B-Instruct,pb_t023_12,random_high_minus_low,20261212,1.0,high_minus_low,interaction,0.004857053937574027
meta-llama/Llama-3.3-70B-Instruct,pb_t023_13,random_high_minus_low,20261212,1.0,high_minus_low,interaction,-0.0071300593543874476
meta-llama/Llama-3.3-70B-Instruct,pb_t023_17,random_high_minus_low,20261212,1.0,high_minus_low,interaction,0.002912991014917165
meta-llama/Llama-3.3-70B-Instruct,pb_t023_20,random_high_minus_low,20261212,1.0,high_minus_low,interaction,-0.02170336129127971
meta-llama/Llama-3.3-70B-Instruct,pb_t029_07,random_high_minus_low,20261212,1.0,high_minus_low,interaction,0.0014766261289795857
meta-llama/Llama-3.3-70B-Instruct,pb_t029_09,random_high_minus_low,20261212,1.0,high_minus_low,interaction,-0.016004698084769033
meta-llama/Llama-3.3-70B-Instruct,pb_t029_10,random_high_minus_low,20261212,1.0,high_minus_low,interaction,0.0024097974325928938
meta-llama/Llama-3.3-70B-Instruct,pb_t029_11,random_high_minus_low,20261212,1.0,high_minus_low,interaction,0.0037205121041256613
meta-llama/Llama-3.3-70B-Instruct,pb_t029_12,random_high_minus_low,20261212,1.0,high_minus_low,interaction,0.0004006803232229801
meta-llama/Llama-3.3-70B-Instruct,pb_t031_06,random_high_minus_low,20261212,1.0,high_minus_low,interaction,-0.01855069306667444
meta-llama/Llama-3.3-70B-Instruct,pb_t031_09,random_high_minus_low,20261212,1.0,high_minus_low,interaction,-0.033669546901319326
meta-llama/Llama-3.3-70B-Instruct,pb_t031_12,random_high_minus_low,20261212,1.0,high_minus_low,interaction,-0.026236534055403198
meta-llama/Llama-3.3-70B-Instruct,pb_t031_13,random_high_minus_low,20261212,1.0,high_minus_low,interaction,-0.012705170705799006
meta-llama/Llama-3.3-70B-Instruct,pb_t031_16,random_high_minus_low,20261212,1.0,high_minus_low,interaction,-0.0315174598267736
meta-llama/Llama-3.3-70B-Instruct,pb_t032_08,random_high_minus_low,20261212,1.0,high_minus_low,interaction,-0.014421831376563457
meta-llama/Llama-3.3-70B-Instruct,pb_t032_09,random_high_minus_low,20261212,1.0,high_minus_low,interaction,-0.015466731514205419
meta-llama/Llama-3.3-70B-Instruct,pb_t032_13,random_high_minus_low,20261212,1.0,high_minus_low,interaction,-0.014132969330653508
meta-llama/Llama-3.3-70B-Instruct,pb_t032_15,random_high_minus_low,20261212,1.0,high_minus_low,interaction,-0.018408597940285355
meta-llama/Llama-3.3-70B-Instruct,pb_t032_16,random_high_minus_low,20261212,1.0,high_minus_low,interaction,-0.01694656709698786
meta-llama/Llama-3.3-70B-Instruct,pb_t035_06,random_high_minus_low,20261212,1.0,high_minus_low,interaction,0.0008775404119825251
meta-llama/Llama-3.3-70B-Instruct,pb_t035_13,random_high_minus_low,20261212,1.0,high_minus_low,interaction,-0.02054704584282908
meta-llama/Llama-3.3-70B-Instruct,pb_t035_15,random_high_minus_low,20261212,1.0,high_minus_low,interaction,-0.010629782532823656
meta-llama/Llama-3.3-70B-Instruct,pb_t035_20,random_high_minus_low,20261212,1.0,high_minus_low,interaction,-0.013408559734752145
meta-llama/Llama-3.3-70B-Instruct,pb_t035_22,random_high_minus_low,20261212,1.0,high_minus_low,interaction,-0.03424657184519543
meta-llama/Llama-3.3-70B-Instruct,pb_t040_08,random_high_minus_low,20261212,1.0,high_minus_low,interaction,-0.0005753322915107809
meta-llama/Llama-3.3-70B-Instruct,pb_t040_10,random_high_minus_low,20261212,1.0,high_minus_low,interaction,-0.01568555186145969
meta-llama/Llama-3.3-70B-Instruct,pb_t040_13,random_high_minus_low,20261212,1.0,high_minus_low,interaction,-0.0025665910224201604
meta-llama/Llama-3.3-70B-Instruct,pb_t040_14,random_high_minus_low,20261212,1.0,high_minus_low,interaction,0.013123634101475507
meta-llama/Llama-3.3-70B-Instruct,pb_t040_15,random_high_minus_low,20261212,1.0,high_minus_low,interaction,-0.030654780479676038
meta-llama/Llama-3.3-70B-Instruct,pb_t001_08,random_high_minus_low,20261213,1.0,high_minus_low,interaction,-0.004349831617345742
meta-llama/Llama-3.3-70B-Instruct,pb_t001_10,random_high_minus_low,20261213,1.0,high_minus_low,interaction,0.010924845153267958
meta-llama/Llama-3.3-70B-Instruct,pb_t001_11,random_high_minus_low,20261213,1.0,high_minus_low,interaction,0.011514592789174648
meta-llama/Llama-3.3-70B-Instruct,pb_t001_12,random_high_minus_low,20261213,1.0,high_minus_low,interaction,0.00272199576230655
meta-llama/Llama-3.3-70B-Instruct,pb_t001_15,random_high_minus_low,20261213,1.0,high_minus_low,interaction,0.002100466471818943
meta-llama/Llama-3.3-70B-Instruct,pb_t002_08,random_high_minus_low,20261213,1.0,high_minus_low,interaction,0.009351407238441762
meta-llama/Llama-3.3-70B-Instruct,pb_t002_16,random_high_minus_low,20261213,1.0,high_minus_low,interaction,0.013042855430808402
meta-llama/Llama-3.3-70B-Instruct,pb_t002_17,random_high_minus_low,20261213,1.0,high_minus_low,interaction,-0.004892168672562963
meta-llama/Llama-3.3-70B-Instruct,pb_t002_18,random_high_minus_low,20261213,1.0,high_minus_low,interaction,-0.010417723331381003
meta-llama/Llama-3.3-70B-Instruct,pb_t002_20,random_high_minus_low,20261213,1.0,high_minus_low,interaction,-0.0006968295082354717
meta-llama/Llama-3.3-70B-Instruct,pb_t004_10,random_high_minus_low,20261213,1.0,high_minus_low,interaction,0.0008648181934479879
meta-llama/Llama-3.3-70B-Instruct,pb_t004_11,random_high_minus_low,20261213,1.0,high_minus_low,interaction,-0.006687853533001356
meta-llama/Llama-3.3-70B-Instruct,pb_t004_13,random_high_minus_low,20261213,1.0,high_minus_low,interaction,-0.0021981656945897973
meta-llama/Llama-3.3-70B-Instruct,pb_t004_17,random_high_minus_low,20261213,1.0,high_minus_low,interaction,0.004413044947716473
meta-llama/Llama-3.3-70B-Instruct,pb_t004_20,random_high_minus_low,20261213,1.0,high_minus_low,interaction,-0.00572868641716609
meta-llama/Llama-3.3-70B-Instruct,pb_t006_09,random_high_minus_low,20261213,1.0,high_minus_low,interaction,0.003375115534531769
meta-llama/Llama-3.3-70B-Instruct,pb_t006_10,random_high_minus_low,20261213,1.0,high_minus_low,interaction,0.009309679266571337
meta-llama/Llama-3.3-70B-Instruct,pb_t006_12,random_high_minus_low,20261213,1.0,high_minus_low,interaction,0.006991702725903744
meta-llama/Llama-3.3-70B-Instruct,pb_t006_18,random_high_minus_low,20261213,1.0,high_minus_low,interaction,0.008583853513855171
meta-llama/Llama-3.3-70B-Instruct,pb_t006_19,random_high_minus_low,20261213,1.0,high_minus_low,interaction,-0.006649696299288577
meta-llama/Llama-3.3-70B-Instruct,pb_t007_09,random_high_minus_low,20261213,1.0,high_minus_low,interaction,-0.011550546672190418
meta-llama/Llama-3.3-70B-Instruct,pb_t007_10,random_high_minus_low,20261213,1.0,high_minus_low,interaction,-0.002440743497132918
meta-llama/Llama-3.3-70B-Instruct,pb_t007_16,random_high_minus_low,20261213,1.0,high_minus_low,interaction,-0.016041647380682818
meta-llama/Llama-3.3-70B-Instruct,pb_t007_17,random_high_minus_low,20261213,1.0,high_minus_low,interaction,-0.0236916512266351
meta-llama/Llama-3.3-70B-Instruct,pb_t007_19,random_high_minus_low,20261213,1.0,high_minus_low,interaction,-0.009741881513612775
meta-llama/Llama-3.3-70B-Instruct,pb_t008_09,random_high_minus_low,20261213,1.0,high_minus_low,interaction,-0.005159312393856372
meta-llama/Llama-3.3-70B-Instruct,pb_t008_11,random_high_minus_low,20261213,1.0,high_minus_low,interaction,-0.010329145694920923
meta-llama/Llama-3.3-70B-Instruct,pb_t008_16,random_high_minus_low,20261213,1.0,high_minus_low,interaction,0.01566824060081427
meta-llama/Llama-3.3-70B-Instruct,pb_t008_17,random_high_minus_low,20261213,1.0,high_minus_low,interaction,-0.010928110348218546
meta-llama/Llama-3.3-70B-Instruct,pb_t008_20,random_high_minus_low,20261213,1.0,high_minus_low,interaction,-0.004255826805390393
meta-llama/Llama-3.3-70B-Instruct,pb_t009_07,random_high_minus_low,20261213,1.0,high_minus_low,interaction,0.009460505957501572
meta-llama/Llama-3.3-70B-Instruct,pb_t009_12,random_high_minus_low,20261213,1.0,high_minus_low,interaction,0.007301209959719146
meta-llama/Llama-3.3-70B-Instruct,pb_t009_15,random_high_minus_low,20261213,1.0,high_minus_low,interaction,0.003201927564120994
meta-llama/Llama-3.3-70B-Instruct,pb_t009_17,random_high_minus_low,20261213,1.0,high_minus_low,interaction,0.004268366553675224
meta-llama/Llama-3.3-70B-Instruct,pb_t009_19,random_high_minus_low,20261213,1.0,high_minus_low,interaction,-0.0066256847513397514
meta-llama/Llama-3.3-70B-Instruct,pb_t010_09,random_high_minus_low,20261213,1.0,high_minus_low,interaction,0.0010821177107714099
meta-llama/Llama-3.3-70B-Instruct,pb_t010_12,random_high_minus_low,20261213,1.0,high_minus_low,interaction,0.0004169447229080599
meta-llama/Llama-3.3-70B-Instruct,pb_t010_17,random_high_minus_low,20261213,1.0,high_minus_low,interaction,0.001729431055000933
meta-llama/Llama-3.3-70B-Instruct,pb_t010_19,random_high_minus_low,20261213,1.0,high_minus_low,interaction,0.0013140006267422172
meta-llama/Llama-3.3-70B-Instruct,pb_t010_20,random_high_minus_low,20261213,1.0,high_minus_low,interaction,0.008033241643793706
meta-llama/Llama-3.3-70B-Instruct,pb_t016_09,random_high_minus_low,20261213,1.0,high_minus_low,interaction,-0.009001633827713634
meta-llama/Llama-3.3-70B-Instruct,pb_t016_10,random_high_minus_low,20261213,1.0,high_minus_low,interaction,0.004620041795099932
meta-llama/Llama-3.3-70B-Instruct,pb_t016_12,random_high_minus_low,20261213,1.0,high_minus_low,interaction,-0.01487425459885874
meta-llama/Llama-3.3-70B-Instruct,pb_t016_17,random_high_minus_low,20261213,1.0,high_minus_low,interaction,-0.011083259185385847
meta-llama/Llama-3.3-70B-Instruct,pb_t016_20,random_high_minus_low,20261213,1.0,high_minus_low,interaction,-0.009566254548533722
meta-llama/Llama-3.3-70B-Instruct,pb_t018_08,random_high_minus_low,20261213,1.0,high_minus_low,interaction,0.009699873571153254
meta-llama/Llama-3.3-70B-Instruct,pb_t018_10,random_high_minus_low,20261213,1.0,high_minus_low,interaction,-0.0035493454855183475
meta-llama/Llama-3.3-70B-Instruct,pb_t018_11,random_high_minus_low,20261213,1.0,high_minus_low,interaction,0.006651925122769206
meta-llama/Llama-3.3-70B-Instruct,pb_t018_14,random_high_minus_low,20261213,1.0,high_minus_low,interaction,0.0021729076988833305
meta-llama/Llama-3.3-70B-Instruct,pb_t018_18,random_high_minus_low,20261213,1.0,high_minus_low,interaction,-0.005987855318344301
meta-llama/Llama-3.3-70B-Instruct,pb_t023_09,random_high_minus_low,20261213,1.0,high_minus_low,interaction,-0.008191062007476319
meta-llama/Llama-3.3-70B-Instruct,pb_t023_12,random_high_minus_low,20261213,1.0,high_minus_low,interaction,0.00921049387294449
meta-llama/Llama-3.3-70B-Instruct,pb_t023_13,random_high_minus_low,20261213,1.0,high_minus_low,interaction,0.005595571296681717
meta-llama/Llama-3.3-70B-Instruct,pb_t023_17,random_high_minus_low,20261213,1.0,high_minus_low,interaction,-0.007998080596780702
meta-llama/Llama-3.3-70B-Instruct,pb_t023_20,random_high_minus_low,20261213,1.0,high_minus_low,interaction,-0.007249395939648483
meta-llama/Llama-3.3-70B-Instruct,pb_t029_07,random_high_minus_low,20261213,1.0,high_minus_low,interaction,-0.0003439765058210534
meta-llama/Llama-3.3-70B-Instruct,pb_t029_09,random_high_minus_low,20261213,1.0,high_minus_low,interaction,-0.010986557626517016
meta-llama/Llama-3.3-70B-Instruct,pb_t029_10,random_high_minus_low,20261213,1.0,high_minus_low,interaction,-0.000510674274469008
meta-llama/Llama-3.3-70B-Instruct,pb_t029_11,random_high_minus_low,20261213,1.0,high_minus_low,interaction,-0.003976054241447688
meta-llama/Llama-3.3-70B-Instruct,pb_t029_12,random_high_minus_low,20261213,1.0,high_minus_low,interaction,-5.2483490064900856e-05
meta-llama/Llama-3.3-70B-Instruct,pb_t031_06,random_high_minus_low,20261213,1.0,high_minus_low,interaction,0.012844952811082395
meta-llama/Llama-3.3-70B-Instruct,pb_t031_09,random_high_minus_low,20261213,1.0,high_minus_low,interaction,0.0013869361114958866
meta-llama/Llama-3.3-70B-Instruct,pb_t031_12,random_high_minus_low,20261213,1.0,high_minus_low,interaction,0.014819497617986193
meta-llama/Llama-3.3-70B-Instruct,pb_t031_13,random_high_minus_low,20261213,1.0,high_minus_low,interaction,0.010953309042221453
meta-llama/Llama-3.3-70B-Instruct,pb_t031_16,random_high_minus_low,20261213,1.0,high_minus_low,interaction,-0.005456061241268448
meta-llama/Llama-3.3-70B-Instruct,pb_t032_08,random_high_minus_low,20261213,1.0,high_minus_low,interaction,-0.004022798787453095
meta-llama/Llama-3.3-70B-Instruct,pb_t032_09,random_high_minus_low,20261213,1.0,high_minus_low,interaction,-0.00010259163154298259
meta-llama/Llama-3.3-70B-Instruct,pb_t032_13,random_high_minus_low,20261213,1.0,high_minus_low,interaction,0.002995306630474365
meta-llama/Llama-3.3-70B-Instruct,pb_t032_15,random_high_minus_low,20261213,1.0,high_minus_low,interaction,0.015925334050816
meta-llama/Llama-3.3-70B-Instruct,pb_t032_16,random_high_minus_low,20261213,1.0,high_minus_low,interaction,0.0016927478292734777
meta-llama/Llama-3.3-70B-Instruct,pb_t035_06,random_high_minus_low,20261213,1.0,high_minus_low,interaction,0.0037852606176887113
meta-llama/Llama-3.3-70B-Instruct,pb_t035_13,random_high_minus_low,20261213,1.0,high_minus_low,interaction,-0.0029448649486345123
meta-llama/Llama-3.3-70B-Instruct,pb_t035_15,random_high_minus_low,20261213,1.0,high_minus_low,interaction,0.005632553908835041
meta-llama/Llama-3.3-70B-Instruct,pb_t035_20,random_high_minus_low,20261213,1.0,high_minus_low,interaction,-0.0010954142483819845
meta-llama/Llama-3.3-70B-Instruct,pb_t035_22,random_high_minus_low,20261213,1.0,high_minus_low,interaction,0.006988530003530953
meta-llama/Llama-3.3-70B-Instruct,pb_t040_08,random_high_minus_low,20261213,1.0,high_minus_low,interaction,0.0059532990502294035
meta-llama/Llama-3.3-70B-Instruct,pb_t040_10,random_high_minus_low,20261213,1.0,high_minus_low,interaction,0.0010710723604300532
meta-llama/Llama-3.3-70B-Instruct,pb_t040_13,random_high_minus_low,20261213,1.0,high_minus_low,interaction,0.006952549739671787
meta-llama/Llama-3.3-70B-Instruct,pb_t040_14,random_high_minus_low,20261213,1.0,high_minus_low,interaction,0.022572665575105063
meta-llama/Llama-3.3-70B-Instruct,pb_t040_15,random_high_minus_low,20261213,1.0,high_minus_low,interaction,-0.006048714335371431
meta-llama/Llama-3.3-70B-Instruct,pb_t001_08,random_high_minus_low,20261214,1.0,high_minus_low,interaction,-0.02354138196188235
meta-llama/Llama-3.3-70B-Instruct,pb_t001_10,random_high_minus_low,20261214,1.0,high_minus_low,interaction,-0.016221171537562952
meta-llama/Llama-3.3-70B-Instruct,pb_t001_11,random_high_minus_low,20261214,1.0,high_minus_low,interaction,-0.0184746537612488
meta-llama/Llama-3.3-70B-Instruct,pb_t001_12,random_high_minus_low,20261214,1.0,high_minus_low,interaction,-0.015011889794155742
meta-llama/Llama-3.3-70B-Instruct,pb_t001_15,random_high_minus_low,20261214,1.0,high_minus_low,interaction,-0.01966635042241494
meta-llama/Llama-3.3-70B-Instruct,pb_t002_08,random_high_minus_low,20261214,1.0,high_minus_low,interaction,-0.02256801183978443
meta-llama/Llama-3.3-70B-Instruct,pb_t002_16,random_high_minus_low,20261214,1.0,high_minus_low,interaction,-0.014281249329810668
meta-llama/Llama-3.3-70B-Instruct,pb_t002_17,random_high_minus_low,20261214,1.0,high_minus_low,interaction,-0.01780171591936272
meta-llama/Llama-3.3-70B-Instruct,pb_t002_18,random_high_minus_low,20261214,1.0,high_minus_low,interaction,-0.026442085830155202
meta-llama/Llama-3.3-70B-Instruct,pb_t002_20,random_high_minus_low,20261214,1.0,high_minus_low,interaction,-0.02542089022791448
meta-llama/Llama-3.3-70B-Instruct,pb_t004_10,random_high_minus_low,20261214,1.0,high_minus_low,interaction,-0.012771547703840772
meta-llama/Llama-3.3-70B-Instruct,pb_t004_11,random_high_minus_low,20261214,1.0,high_minus_low,interaction,-0.016925340846459823
meta-llama/Llama-3.3-70B-Instruct,pb_t004_13,random_high_minus_low,20261214,1.0,high_minus_low,interaction,-0.006796377146142912
meta-llama/Llama-3.3-70B-Instruct,pb_t004_17,random_high_minus_low,20261214,1.0,high_minus_low,interaction,-0.031386556431070495
meta-llama/Llama-3.3-70B-Instruct,pb_t004_20,random_high_minus_low,20261214,1.0,high_minus_low,interaction,-0.032555913296070625
meta-llama/Llama-3.3-70B-Instruct,pb_t006_09,random_high_minus_low,20261214,1.0,high_minus_low,interaction,-0.013270115414683804
meta-llama/Llama-3.3-70B-Instruct,pb_t006_10,random_high_minus_low,20261214,1.0,high_minus_low,interaction,-0.012828391964704988
meta-llama/Llama-3.3-70B-Instruct,pb_t006_12,random_high_minus_low,20261214,1.0,high_minus_low,interaction,-0.015208604709458614
meta-llama/Llama-3.3-70B-Instruct,pb_t006_18,random_high_minus_low,20261214,1.0,high_minus_low,interaction,-0.013021331402434172
meta-llama/Llama-3.3-70B-Instruct,pb_t006_19,random_high_minus_low,20261214,1.0,high_minus_low,interaction,-0.008736940123771414
meta-llama/Llama-3.3-70B-Instruct,pb_t007_09,random_high_minus_low,20261214,1.0,high_minus_low,interaction,-0.001317796259341874
meta-llama/Llama-3.3-70B-Instruct,pb_t007_10,random_high_minus_low,20261214,1.0,high_minus_low,interaction,-0.0059461764635501445
meta-llama/Llama-3.3-70B-Instruct,pb_t007_16,random_high_minus_low,20261214,1.0,high_minus_low,interaction,-0.014246153370791331
meta-llama/Llama-3.3-70B-Instruct,pb_t007_17,random_high_minus_low,20261214,1.0,high_minus_low,interaction,-0.007990791422941994
meta-llama/Llama-3.3-70B-Instruct,pb_t007_19,random_high_minus_low,20261214,1.0,high_minus_low,interaction,-0.012503835292742646
meta-llama/Llama-3.3-70B-Instruct,pb_t008_09,random_high_minus_low,20261214,1.0,high_minus_low,interaction,-0.004316577860338937
meta-llama/Llama-3.3-70B-Instruct,pb_t008_11,random_high_minus_low,20261214,1.0,high_minus_low,interaction,-0.014934320517464381
meta-llama/Llama-3.3-70B-Instruct,pb_t008_16,random_high_minus_low,20261214,1.0,high_minus_low,interaction,-0.016655025232387946
meta-llama/Llama-3.3-70B-Instruct,pb_t008_17,random_high_minus_low,20261214,1.0,high_minus_low,interaction,-0.009314615779319746
meta-llama/Llama-3.3-70B-Instruct,pb_t008_20,random_high_minus_low,20261214,1.0,high_minus_low,interaction,-0.026120590026202605
meta-llama/Llama-3.3-70B-Instruct,pb_t009_07,random_high_minus_low,20261214,1.0,high_minus_low,interaction,-0.004137460280039022
meta-llama/Llama-3.3-70B-Instruct,pb_t009_12,random_high_minus_low,20261214,1.0,high_minus_low,interaction,-0.0073234111275333885
meta-llama/Llama-3.3-70B-Instruct,pb_t009_15,random_high_minus_low,20261214,1.0,high_minus_low,interaction,-0.005389485599165019
meta-llama/Llama-3.3-70B-Instruct,pb_t009_17,random_high_minus_low,20261214,1.0,high_minus_low,interaction,-0.016574914308573583
meta-llama/Llama-3.3-70B-Instruct,pb_t009_19,random_high_minus_low,20261214,1.0,high_minus_low,interaction,-0.006485669811691134
meta-llama/Llama-3.3-70B-Instruct,pb_t010_09,random_high_minus_low,20261214,1.0,high_minus_low,interaction,-0.012452103455997789
meta-llama/Llama-3.3-70B-Instruct,pb_t010_12,random_high_minus_low,20261214,1.0,high_minus_low,interaction,-0.014288708315333604
meta-llama/Llama-3.3-70B-Instruct,pb_t010_17,random_high_minus_low,20261214,1.0,high_minus_low,interaction,-0.011588046376059228
meta-llama/Llama-3.3-70B-Instruct,pb_t010_19,random_high_minus_low,20261214,1.0,high_minus_low,interaction,0.008062545896898815
meta-llama/Llama-3.3-70B-Instruct,pb_t010_20,random_high_minus_low,20261214,1.0,high_minus_low,interaction,0.0019662026414444516
meta-llama/Llama-3.3-70B-Instruct,pb_t016_09,random_high_minus_low,20261214,1.0,high_minus_low,interaction,-0.03742863647665393
meta-llama/Llama-3.3-70B-Instruct,pb_t016_10,random_high_minus_low,20261214,1.0,high_minus_low,interaction,-0.0026560971522305125
meta-llama/Llama-3.3-70B-Instruct,pb_t016_12,random_high_minus_low,20261214,1.0,high_minus_low,interaction,-0.01279680832535256
meta-llama/Llama-3.3-70B-Instruct,pb_t016_17,random_high_minus_low,20261214,1.0,high_minus_low,interaction,-0.007632255082941228
meta-llama/Llama-3.3-70B-Instruct,pb_t016_20,random_high_minus_low,20261214,1.0,high_minus_low,interaction,-0.011453214122871024
meta-llama/Llama-3.3-70B-Instruct,pb_t018_08,random_high_minus_low,20261214,1.0,high_minus_low,interaction,-0.01414489879637011
meta-llama/Llama-3.3-70B-Instruct,pb_t018_10,random_high_minus_low,20261214,1.0,high_minus_low,interaction,-0.009435626120389517
meta-llama/Llama-3.3-70B-Instruct,pb_t018_11,random_high_minus_low,20261214,1.0,high_minus_low,interaction,-0.018004039365414365
meta-llama/Llama-3.3-70B-Instruct,pb_t018_14,random_high_minus_low,20261214,1.0,high_minus_low,interaction,-0.005130757672913118
meta-llama/Llama-3.3-70B-Instruct,pb_t018_18,random_high_minus_low,20261214,1.0,high_minus_low,interaction,-0.016196802777494718
meta-llama/Llama-3.3-70B-Instruct,pb_t023_09,random_high_minus_low,20261214,1.0,high_minus_low,interaction,0.0007647604084550901
meta-llama/Llama-3.3-70B-Instruct,pb_t023_12,random_high_minus_low,20261214,1.0,high_minus_low,interaction,-0.008789085186970703
meta-llama/Llama-3.3-70B-Instruct,pb_t023_13,random_high_minus_low,20261214,1.0,high_minus_low,interaction,-0.0295207772659554
meta-llama/Llama-3.3-70B-Instruct,pb_t023_17,random_high_minus_low,20261214,1.0,high_minus_low,interaction,-0.00884184533287354
meta-llama/Llama-3.3-70B-Instruct,pb_t023_20,random_high_minus_low,20261214,1.0,high_minus_low,interaction,-0.018607902503837297
meta-llama/Llama-3.3-70B-Instruct,pb_t029_07,random_high_minus_low,20261214,1.0,high_minus_low,interaction,-0.017848452155933305
meta-llama/Llama-3.3-70B-Instruct,pb_t029_09,random_high_minus_low,20261214,1.0,high_minus_low,interaction,-0.002628201739634666
meta-llama/Llama-3.3-70B-Instruct,pb_t029_10,random_high_minus_low,20261214,1.0,high_minus_low,interaction,-0.0010022536588926493
meta-llama/Llama-3.3-70B-Instruct,pb_t029_11,random_high_minus_low,20261214,1.0,high_minus_low,interaction,-0.011700212336863651
meta-llama/Llama-3.3-70B-Instruct,pb_t029_12,random_high_minus_low,20261214,1.0,high_minus_low,interaction,-0.012165991982164672
meta-llama/Llama-3.3-70B-Instruct,pb_t031_06,random_high_minus_low,20261214,1.0,high_minus_low,interaction,-0.021104418030195006
meta-llama/Llama-3.3-70B-Instruct,pb_t031_09,random_high_minus_low,20261214,1.0,high_minus_low,interaction,-0.010735211186398488
meta-llama/Llama-3.3-70B-Instruct,pb_t031_12,random_high_minus_low,20261214,1.0,high_minus_low,interaction,-0.015767778994391676
meta-llama/Llama-3.3-70B-Instruct,pb_t031_13,random_high_minus_low,20261214,1.0,high_minus_low,interaction,-0.020880511408004856
meta-llama/Llama-3.3-70B-Instruct,pb_t031_16,random_high_minus_low,20261214,1.0,high_minus_low,interaction,-0.024498861720594192
meta-llama/Llama-3.3-70B-Instruct,pb_t032_08,random_high_minus_low,20261214,1.0,high_minus_low,interaction,-0.019176633708042005
meta-llama/Llama-3.3-70B-Instruct,pb_t032_09,random_high_minus_low,20261214,1.0,high_minus_low,interaction,-0.022665529230945947
meta-llama/Llama-3.3-70B-Instruct,pb_t032_13,random_high_minus_low,20261214,1.0,high_minus_low,interaction,-0.027695839708845912
meta-llama/Llama-3.3-70B-Instruct,pb_t032_15,random_high_minus_low,20261214,1.0,high_minus_low,interaction,-0.0308464920975988
meta-llama/Llama-3.3-70B-Instruct,pb_t032_16,random_high_minus_low,20261214,1.0,high_minus_low,interaction,-0.009031440868490344
meta-llama/Llama-3.3-70B-Instruct,pb_t035_06,random_high_minus_low,20261214,1.0,high_minus_low,interaction,-0.006396249437472042
meta-llama/Llama-3.3-70B-Instruct,pb_t035_13,random_high_minus_low,20261214,1.0,high_minus_low,interaction,-0.01873989506578597
meta-llama/Llama-3.3-70B-Instruct,pb_t035_15,random_high_minus_low,20261214,1.0,high_minus_low,interaction,-0.004709461122192438
meta-llama/Llama-3.3-70B-Instruct,pb_t035_20,random_high_minus_low,20261214,1.0,high_minus_low,interaction,-0.0007701177341204758
meta-llama/Llama-3.3-70B-Instruct,pb_t035_22,random_high_minus_low,20261214,1.0,high_minus_low,interaction,-0.012174845605282513
meta-llama/Llama-3.3-70B-Instruct,pb_t040_08,random_high_minus_low,20261214,1.0,high_minus_low,interaction,0.0006679362037425747
meta-llama/Llama-3.3-70B-Instruct,pb_t040_10,random_high_minus_low,20261214,1.0,high_minus_low,interaction,0.0026806818940126585
meta-llama/Llama-3.3-70B-Instruct,pb_t040_13,random_high_minus_low,20261214,1.0,high_minus_low,interaction,-0.009243889171847403
meta-llama/Llama-3.3-70B-Instruct,pb_t040_14,random_high_minus_low,20261214,1.0,high_minus_low,interaction,0.0021043117653875044
meta-llama/Llama-3.3-70B-Instruct,pb_t040_15,random_high_minus_low,20261214,1.0,high_minus_low,interaction,0.005081732213855592
meta-llama/Llama-3.3-70B-Instruct,pb_t001_08,random_high_minus_low,20261215,1.0,high_minus_low,interaction,-0.022482535057513596
meta-llama/Llama-3.3-70B-Instruct,pb_t001_10,random_high_minus_low,20261215,1.0,high_minus_low,interaction,-0.029957941498972074
meta-llama/Llama-3.3-70B-Instruct,pb_t001_11,random_high_minus_low,20261215,1.0,high_minus_low,interaction,-0.034546431110371006
meta-llama/Llama-3.3-70B-Instruct,pb_t001_12,random_high_minus_low,20261215,1.0,high_minus_low,interaction,-0.030076290661848856
meta-llama/Llama-3.3-70B-Instruct,pb_t001_15,random_high_minus_low,20261215,1.0,high_minus_low,interaction,-0.030760435196498175
meta-llama/Llama-3.3-70B-Instruct,pb_t002_08,random_high_minus_low,20261215,1.0,high_minus_low,interaction,-0.014959191962875476
meta-llama/Llama-3.3-70B-Instruct,pb_t002_16,random_high_minus_low,20261215,1.0,high_minus_low,interaction,-0.023802026199856736
meta-llama/Llama-3.3-70B-Instruct,pb_t002_17,random_high_minus_low,20261215,1.0,high_minus_low,interaction,-0.022649870329079187
meta-llama/Llama-3.3-70B-Instruct,pb_t002_18,random_high_minus_low,20261215,1.0,high_minus_low,interaction,-0.004331875034128252
meta-llama/Llama-3.3-70B-Instruct,pb_t002_20,random_high_minus_low,20261215,1.0,high_minus_low,interaction,-0.023272926500671583
meta-llama/Llama-3.3-70B-Instruct,pb_t004_10,random_high_minus_low,20261215,1.0,high_minus_low,interaction,-0.03995458884137914
meta-llama/Llama-3.3-70B-Instruct,pb_t004_11,random_high_minus_low,20261215,1.0,high_minus_low,interaction,-0.041504176953287786
meta-llama/Llama-3.3-70B-Instruct,pb_t004_13,random_high_minus_low,20261215,1.0,high_minus_low,interaction,-0.038602502567280664
meta-llama/Llama-3.3-70B-Instruct,pb_t004_17,random_high_minus_low,20261215,1.0,high_minus_low,interaction,-0.02471962921757198
meta-llama/Llama-3.3-70B-Instruct,pb_t004_20,random_high_minus_low,20261215,1.0,high_minus_low,interaction,-0.02957175831912355
meta-llama/Llama-3.3-70B-Instruct,pb_t006_09,random_high_minus_low,20261215,1.0,high_minus_low,interaction,-0.05587217053584918
meta-llama/Llama-3.3-70B-Instruct,pb_t006_10,random_high_minus_low,20261215,1.0,high_minus_low,interaction,-0.025732456659507918
meta-llama/Llama-3.3-70B-Instruct,pb_t006_12,random_high_minus_low,20261215,1.0,high_minus_low,interaction,-0.032120561844173015
meta-llama/Llama-3.3-70B-Instruct,pb_t006_18,random_high_minus_low,20261215,1.0,high_minus_low,interaction,-0.03154930493708127
meta-llama/Llama-3.3-70B-Instruct,pb_t006_19,random_high_minus_low,20261215,1.0,high_minus_low,interaction,-0.03562225565923938
meta-llama/Llama-3.3-70B-Instruct,pb_t007_09,random_high_minus_low,20261215,1.0,high_minus_low,interaction,-0.04029023668821047
meta-llama/Llama-3.3-70B-Instruct,pb_t007_10,random_high_minus_low,20261215,1.0,high_minus_low,interaction,-0.027825010895917726
meta-llama/Llama-3.3-70B-Instruct,pb_t007_16,random_high_minus_low,20261215,1.0,high_minus_low,interaction,-0.044595235513026917
meta-llama/Llama-3.3-70B-Instruct,pb_t007_17,random_high_minus_low,20261215,1.0,high_minus_low,interaction,-0.025252336459899292
meta-llama/Llama-3.3-70B-Instruct,pb_t007_19,random_high_minus_low,20261215,1.0,high_minus_low,interaction,-0.03929098225513091
meta-llama/Llama-3.3-70B-Instruct,pb_t008_09,random_high_minus_low,20261215,1.0,high_minus_low,interaction,-0.04107553901668691
meta-llama/Llama-3.3-70B-Instruct,pb_t008_11,random_high_minus_low,20261215,1.0,high_minus_low,interaction,-0.05829913879639276
meta-llama/Llama-3.3-70B-Instruct,pb_t008_16,random_high_minus_low,20261215,1.0,high_minus_low,interaction,-0.04022197972745805
meta-llama/Llama-3.3-70B-Instruct,pb_t008_17,random_high_minus_low,20261215,1.0,high_minus_low,interaction,-0.008595146310984968
meta-llama/Llama-3.3-70B-Instruct,pb_t008_20,random_high_minus_low,20261215,1.0,high_minus_low,interaction,-0.02509066078436979
meta-llama/Llama-3.3-70B-Instruct,pb_t009_07,random_high_minus_low,20261215,1.0,high_minus_low,interaction,-0.028835157086226602
meta-llama/Llama-3.3-70B-Instruct,pb_t009_12,random_high_minus_low,20261215,1.0,high_minus_low,interaction,-0.028583195972602914
meta-llama/Llama-3.3-70B-Instruct,pb_t009_15,random_high_minus_low,20261215,1.0,high_minus_low,interaction,-0.04390005774928797
meta-llama/Llama-3.3-70B-Instruct,pb_t009_17,random_high_minus_low,20261215,1.0,high_minus_low,interaction,-0.0259356231179413
meta-llama/Llama-3.3-70B-Instruct,pb_t009_19,random_high_minus_low,20261215,1.0,high_minus_low,interaction,-0.016988960651837828
meta-llama/Llama-3.3-70B-Instruct,pb_t010_09,random_high_minus_low,20261215,1.0,high_minus_low,interaction,-0.04141505328634238
meta-llama/Llama-3.3-70B-Instruct,pb_t010_12,random_high_minus_low,20261215,1.0,high_minus_low,interaction,-0.05675476063143301
meta-llama/Llama-3.3-70B-Instruct,pb_t010_17,random_high_minus_low,20261215,1.0,high_minus_low,interaction,-0.02618784326395351
meta-llama/Llama-3.3-70B-Instruct,pb_t010_19,random_high_minus_low,20261215,1.0,high_minus_low,interaction,-0.03210272946113143
meta-llama/Llama-3.3-70B-Instruct,pb_t010_20,random_high_minus_low,20261215,1.0,high_minus_low,interaction,-0.043550217072780804
meta-llama/Llama-3.3-70B-Instruct,pb_t016_09,random_high_minus_low,20261215,1.0,high_minus_low,interaction,-0.03726610024538987
meta-llama/Llama-3.3-70B-Instruct,pb_t016_10,random_high_minus_low,20261215,1.0,high_minus_low,interaction,-0.053232193605475514
meta-llama/Llama-3.3-70B-Instruct,pb_t016_12,random_high_minus_low,20261215,1.0,high_minus_low,interaction,-0.05205966836892307
meta-llama/Llama-3.3-70B-Instruct,pb_t016_17,random_high_minus_low,20261215,1.0,high_minus_low,interaction,-0.02860949654348649
meta-llama/Llama-3.3-70B-Instruct,pb_t016_20,random_high_minus_low,20261215,1.0,high_minus_low,interaction,-0.022911704170013272
meta-llama/Llama-3.3-70B-Instruct,pb_t018_08,random_high_minus_low,20261215,1.0,high_minus_low,interaction,-0.04003972967529727
meta-llama/Llama-3.3-70B-Instruct,pb_t018_10,random_high_minus_low,20261215,1.0,high_minus_low,interaction,-0.026215299524983887
meta-llama/Llama-3.3-70B-Instruct,pb_t018_11,random_high_minus_low,20261215,1.0,high_minus_low,interaction,-0.028713541988585087
meta-llama/Llama-3.3-70B-Instruct,pb_t018_14,random_high_minus_low,20261215,1.0,high_minus_low,interaction,-0.047010759292468736
meta-llama/Llama-3.3-70B-Instruct,pb_t018_18,random_high_minus_low,20261215,1.0,high_minus_low,interaction,-0.044836543139803925
meta-llama/Llama-3.3-70B-Instruct,pb_t023_09,random_high_minus_low,20261215,1.0,high_minus_low,interaction,-0.041203162723932325
meta-llama/Llama-3.3-70B-Instruct,pb_t023_12,random_high_minus_low,20261215,1.0,high_minus_low,interaction,-0.029511702075262932
meta-llama/Llama-3.3-70B-Instruct,pb_t023_13,random_high_minus_low,20261215,1.0,high_minus_low,interaction,-0.04255773189691448
meta-llama/Llama-3.3-70B-Instruct,pb_t023_17,random_high_minus_low,20261215,1.0,high_minus_low,interaction,-0.059148502471373425
meta-llama/Llama-3.3-70B-Instruct,pb_t023_20,random_high_minus_low,20261215,1.0,high_minus_low,interaction,-0.0339791261649982
meta-llama/Llama-3.3-70B-Instruct,pb_t029_07,random_high_minus_low,20261215,1.0,high_minus_low,interaction,-0.029550518720860296
meta-llama/Llama-3.3-70B-Instruct,pb_t029_09,random_high_minus_low,20261215,1.0,high_minus_low,interaction,-0.03415451405254642
meta-llama/Llama-3.3-70B-Instruct,pb_t029_10,random_high_minus_low,20261215,1.0,high_minus_low,interaction,-0.04084680317297127
meta-llama/Llama-3.3-70B-Instruct,pb_t029_11,random_high_minus_low,20261215,1.0,high_minus_low,interaction,-0.027132064580441404
meta-llama/Llama-3.3-70B-Instruct,pb_t029_12,random_high_minus_low,20261215,1.0,high_minus_low,interaction,-0.03530291169953796
meta-llama/Llama-3.3-70B-Instruct,pb_t031_06,random_high_minus_low,20261215,1.0,high_minus_low,interaction,-0.019516479655349833
meta-llama/Llama-3.3-70B-Instruct,pb_t031_09,random_high_minus_low,20261215,1.0,high_minus_low,interaction,-0.04257661652075167
meta-llama/Llama-3.3-70B-Instruct,pb_t031_12,random_high_minus_low,20261215,1.0,high_minus_low,interaction,-0.046524481607592975
meta-llama/Llama-3.3-70B-Instruct,pb_t031_13,random_high_minus_low,20261215,1.0,high_minus_low,interaction,-0.02293139534451063
meta-llama/Llama-3.3-70B-Instruct,pb_t031_16,random_high_minus_low,20261215,1.0,high_minus_low,interaction,-0.02017913004639001
meta-llama/Llama-3.3-70B-Instruct,pb_t032_08,random_high_minus_low,20261215,1.0,high_minus_low,interaction,-0.026994557660618698
meta-llama/Llama-3.3-70B-Instruct,pb_t032_09,random_high_minus_low,20261215,1.0,high_minus_low,interaction,-0.035519299144430055
meta-llama/Llama-3.3-70B-Instruct,pb_t032_13,random_high_minus_low,20261215,1.0,high_minus_low,interaction,-0.030676446090452014
meta-llama/Llama-3.3-70B-Instruct,pb_t032_15,random_high_minus_low,20261215,1.0,high_minus_low,interaction,-0.034031686064553875
meta-llama/Llama-3.3-70B-Instruct,pb_t032_16,random_high_minus_low,20261215,1.0,high_minus_low,interaction,-0.046058820038404016
meta-llama/Llama-3.3-70B-Instruct,pb_t035_06,random_high_minus_low,20261215,1.0,high_minus_low,interaction,-0.03192298695679165
meta-llama/Llama-3.3-70B-Instruct,pb_t035_13,random_high_minus_low,20261215,1.0,high_minus_low,interaction,-0.024990303927633697
meta-llama/Llama-3.3-70B-Instruct,pb_t035_15,random_high_minus_low,20261215,1.0,high_minus_low,interaction,-0.02999411463579919
meta-llama/Llama-3.3-70B-Instruct,pb_t035_20,random_high_minus_low,20261215,1.0,high_minus_low,interaction,-0.053550398582415
meta-llama/Llama-3.3-70B-Instruct,pb_t035_22,random_high_minus_low,20261215,1.0,high_minus_low,interaction,-0.035832670751603166
meta-llama/Llama-3.3-70B-Instruct,pb_t040_08,random_high_minus_low,20261215,1.0,high_minus_low,interaction,-0.03712396564105419
meta-llama/Llama-3.3-70B-Instruct,pb_t040_10,random_high_minus_low,20261215,1.0,high_minus_low,interaction,-0.02707942419069051
meta-llama/Llama-3.3-70B-Instruct,pb_t040_13,random_high_minus_low,20261215,1.0,high_minus_low,interaction,-0.048551228102346564
meta-llama/Llama-3.3-70B-Instruct,pb_t040_14,random_high_minus_low,20261215,1.0,high_minus_low,interaction,-0.02896270795166125
meta-llama/Llama-3.3-70B-Instruct,pb_t040_15,random_high_minus_low,20261215,1.0,high_minus_low,interaction,-0.03444960641268674
meta-llama/Llama-3.3-70B-Instruct,pb_t001_08,random_high_minus_low,20261216,1.0,high_minus_low,interaction,-0.012962276386430077
meta-llama/Llama-3.3-70B-Instruct,pb_t001_10,random_high_minus_low,20261216,1.0,high_minus_low,interaction,-0.008354631090015118
meta-llama/Llama-3.3-70B-Instruct,pb_t001_11,random_high_minus_low,20261216,1.0,high_minus_low,interaction,-0.02814068648825215
meta-llama/Llama-3.3-70B-Instruct,pb_t001_12,random_high_minus_low,20261216,1.0,high_minus_low,interaction,-0.02364882676605261
meta-llama/Llama-3.3-70B-Instruct,pb_t001_15,random_high_minus_low,20261216,1.0,high_minus_low,interaction,-0.019125679341822015
meta-llama/Llama-3.3-70B-Instruct,pb_t002_08,random_high_minus_low,20261216,1.0,high_minus_low,interaction,-0.024161002988758045
meta-llama/Llama-3.3-70B-Instruct,pb_t002_16,random_high_minus_low,20261216,1.0,high_minus_low,interaction,-0.03453804808638264
meta-llama/Llama-3.3-70B-Instruct,pb_t002_17,random_high_minus_low,20261216,1.0,high_minus_low,interaction,-0.02605038446848104
meta-llama/Llama-3.3-70B-Instruct,pb_t002_18,random_high_minus_low,20261216,1.0,high_minus_low,interaction,-0.02188243264189718
meta-llama/Llama-3.3-70B-Instruct,pb_t002_20,random_high_minus_low,20261216,1.0,high_minus_low,interaction,-0.010334780383190557
meta-llama/Llama-3.3-70B-Instruct,pb_t004_10,random_high_minus_low,20261216,1.0,high_minus_low,interaction,-0.033197677491909154
meta-llama/Llama-3.3-70B-Instruct,pb_t004_11,random_high_minus_low,20261216,1.0,high_minus_low,interaction,-0.02475661366942819
meta-llama/Llama-3.3-70B-Instruct,pb_t004_13,random_high_minus_low,20261216,1.0,high_minus_low,interaction,-0.02528786441862773
meta-llama/Llama-3.3-70B-Instruct,pb_t004_17,random_high_minus_low,20261216,1.0,high_minus_low,interaction,-0.02927474673417019
meta-llama/Llama-3.3-70B-Instruct,pb_t004_20,random_high_minus_low,20261216,1.0,high_minus_low,interaction,-0.011121757047278365
meta-llama/Llama-3.3-70B-Instruct,pb_t006_09,random_high_minus_low,20261216,1.0,high_minus_low,interaction,-0.03163827198549219
meta-llama/Llama-3.3-70B-Instruct,pb_t006_10,random_high_minus_low,20261216,1.0,high_minus_low,interaction,-0.024300750670657807
meta-llama/Llama-3.3-70B-Instruct,pb_t006_12,random_high_minus_low,20261216,1.0,high_minus_low,interaction,-0.025765372512687526
meta-llama/Llama-3.3-70B-Instruct,pb_t006_18,random_high_minus_low,20261216,1.0,high_minus_low,interaction,-0.015020732272269547
meta-llama/Llama-3.3-70B-Instruct,pb_t006_19,random_high_minus_low,20261216,1.0,high_minus_low,interaction,-0.021854112872243533
meta-llama/Llama-3.3-70B-Instruct,pb_t007_09,random_high_minus_low,20261216,1.0,high_minus_low,interaction,-0.024565613262396275
meta-llama/Llama-3.3-70B-Instruct,pb_t007_10,random_high_minus_low,20261216,1.0,high_minus_low,interaction,-0.012536882997301668
meta-llama/Llama-3.3-70B-Instruct,pb_t007_16,random_high_minus_low,20261216,1.0,high_minus_low,interaction,-0.02347118372577415
meta-llama/Llama-3.3-70B-Instruct,pb_t007_17,random_high_minus_low,20261216,1.0,high_minus_low,interaction,-0.03103287310926205
meta-llama/Llama-3.3-70B-Instruct,pb_t007_19,random_high_minus_low,20261216,1.0,high_minus_low,interaction,-0.003754126561599451
meta-llama/Llama-3.3-70B-Instruct,pb_t008_09,random_high_minus_low,20261216,1.0,high_minus_low,interaction,-0.0087891650739685
meta-llama/Llama-3.3-70B-Instruct,pb_t008_11,random_high_minus_low,20261216,1.0,high_minus_low,interaction,-0.0066148741056044295
meta-llama/Llama-3.3-70B-Instruct,pb_t008_16,random_high_minus_low,20261216,1.0,high_minus_low,interaction,-0.012368961399885303
meta-llama/Llama-3.3-70B-Instruct,pb_t008_17,random_high_minus_low,20261216,1.0,high_minus_low,interaction,-0.030207524470443375
meta-llama/Llama-3.3-70B-Instruct,pb_t008_20,random_high_minus_low,20261216,1.0,high_minus_low,interaction,-0.006023866195584716
meta-llama/Llama-3.3-70B-Instruct,pb_t009_07,random_high_minus_low,20261216,1.0,high_minus_low,interaction,0.007470477045617797
meta-llama/Llama-3.3-70B-Instruct,pb_t009_12,random_high_minus_low,20261216,1.0,high_minus_low,interaction,-0.02111185178814188
meta-llama/Llama-3.3-70B-Instruct,pb_t009_15,random_high_minus_low,20261216,1.0,high_minus_low,interaction,-0.005010171707288682
meta-llama/Llama-3.3-70B-Instruct,pb_t009_17,random_high_minus_low,20261216,1.0,high_minus_low,interaction,-0.012989867414703642
meta-llama/Llama-3.3-70B-Instruct,pb_t009_19,random_high_minus_low,20261216,1.0,high_minus_low,interaction,-0.025182179019258816
meta-llama/Llama-3.3-70B-Instruct,pb_t010_09,random_high_minus_low,20261216,1.0,high_minus_low,interaction,-0.0177963353352865
meta-llama/Llama-3.3-70B-Instruct,pb_t010_12,random_high_minus_low,20261216,1.0,high_minus_low,interaction,-0.039724214455110506
meta-llama/Llama-3.3-70B-Instruct,pb_t010_17,random_high_minus_low,20261216,1.0,high_minus_low,interaction,-0.018795297556046385
meta-llama/Llama-3.3-70B-Instruct,pb_t010_19,random_high_minus_low,20261216,1.0,high_minus_low,interaction,-0.013398958413586765
meta-llama/Llama-3.3-70B-Instruct,pb_t010_20,random_high_minus_low,20261216,1.0,high_minus_low,interaction,-0.0077418786840923355
meta-llama/Llama-3.3-70B-Instruct,pb_t016_09,random_high_minus_low,20261216,1.0,high_minus_low,interaction,-0.020607602875752428
meta-llama/Llama-3.3-70B-Instruct,pb_t016_10,random_high_minus_low,20261216,1.0,high_minus_low,interaction,-0.011432437158268935
meta-llama/Llama-3.3-70B-Instruct,pb_t016_12,random_high_minus_low,20261216,1.0,high_minus_low,interaction,-0.011286923369083672
meta-llama/Llama-3.3-70B-Instruct,pb_t016_17,random_high_minus_low,20261216,1.0,high_minus_low,interaction,-0.023108085604029865
meta-llama/Llama-3.3-70B-Instruct,pb_t016_20,random_high_minus_low,20261216,1.0,high_minus_low,interaction,-0.012898387681259966
meta-llama/Llama-3.3-70B-Instruct,pb_t018_08,random_high_minus_low,20261216,1.0,high_minus_low,interaction,-0.006566630783478142
meta-llama/Llama-3.3-70B-Instruct,pb_t018_10,random_high_minus_low,20261216,1.0,high_minus_low,interaction,-0.015014471276175546
meta-llama/Llama-3.3-70B-Instruct,pb_t018_11,random_high_minus_low,20261216,1.0,high_minus_low,interaction,-0.015633239213239863
meta-llama/Llama-3.3-70B-Instruct,pb_t018_14,random_high_minus_low,20261216,1.0,high_minus_low,interaction,-0.005442957663772301
meta-llama/Llama-3.3-70B-Instruct,pb_t018_18,random_high_minus_low,20261216,1.0,high_minus_low,interaction,-0.0019399571065054138
meta-llama/Llama-3.3-70B-Instruct,pb_t023_09,random_high_minus_low,20261216,1.0,high_minus_low,interaction,-0.011804960641020414
meta-llama/Llama-3.3-70B-Instruct,pb_t023_12,random_high_minus_low,20261216,1.0,high_minus_low,interaction,-0.020165402381706773
meta-llama/Llama-3.3-70B-Instruct,pb_t023_13,random_high_minus_low,20261216,1.0,high_minus_low,interaction,-0.017563998355155024
meta-llama/Llama-3.3-70B-Instruct,pb_t023_17,random_high_minus_low,20261216,1.0,high_minus_low,interaction,-0.01327360679853992
meta-llama/Llama-3.3-70B-Instruct,pb_t023_20,random_high_minus_low,20261216,1.0,high_minus_low,interaction,-0.024945908643509634
meta-llama/Llama-3.3-70B-Instruct,pb_t029_07,random_high_minus_low,20261216,1.0,high_minus_low,interaction,-0.020035645855339988
meta-llama/Llama-3.3-70B-Instruct,pb_t029_09,random_high_minus_low,20261216,1.0,high_minus_low,interaction,0.002528890065304536
meta-llama/Llama-3.3-70B-Instruct,pb_t029_10,random_high_minus_low,20261216,1.0,high_minus_low,interaction,-0.029616769132649424
meta-llama/Llama-3.3-70B-Instruct,pb_t029_11,random_high_minus_low,20261216,1.0,high_minus_low,interaction,-0.011106778740985585
meta-llama/Llama-3.3-70B-Instruct,pb_t029_12,random_high_minus_low,20261216,1.0,high_minus_low,interaction,-0.024939038655782186
meta-llama/Llama-3.3-70B-Instruct,pb_t031_06,random_high_minus_low,20261216,1.0,high_minus_low,interaction,-0.014177299770337668
meta-llama/Llama-3.3-70B-Instruct,pb_t031_09,random_high_minus_low,20261216,1.0,high_minus_low,interaction,-0.0075083206367548075
meta-llama/Llama-3.3-70B-Instruct,pb_t031_12,random_high_minus_low,20261216,1.0,high_minus_low,interaction,-0.027287513983934315
meta-llama/Llama-3.3-70B-Instruct,pb_t031_13,random_high_minus_low,20261216,1.0,high_minus_low,interaction,-0.01760742840328025
meta-llama/Llama-3.3-70B-Instruct,pb_t031_16,random_high_minus_low,20261216,1.0,high_minus_low,interaction,-0.04112948026092311
meta-llama/Llama-3.3-70B-Instruct,pb_t032_08,random_high_minus_low,20261216,1.0,high_minus_low,interaction,-0.017891182090730838
meta-llama/Llama-3.3-70B-Instruct,pb_t032_09,random_high_minus_low,20261216,1.0,high_minus_low,interaction,-0.012254451267969748
meta-llama/Llama-3.3-70B-Instruct,pb_t032_13,random_high_minus_low,20261216,1.0,high_minus_low,interaction,-0.033098055343778465
meta-llama/Llama-3.3-70B-Instruct,pb_t032_15,random_high_minus_low,20261216,1.0,high_minus_low,interaction,-0.026888815282812336
meta-llama/Llama-3.3-70B-Instruct,pb_t032_16,random_high_minus_low,20261216,1.0,high_minus_low,interaction,0.0024787291552359086
meta-llama/Llama-3.3-70B-Instruct,pb_t035_06,random_high_minus_low,20261216,1.0,high_minus_low,interaction,-0.018439936285385528
meta-llama/Llama-3.3-70B-Instruct,pb_t035_13,random_high_minus_low,20261216,1.0,high_minus_low,interaction,-0.022399149837552933
meta-llama/Llama-3.3-70B-Instruct,pb_t035_15,random_high_minus_low,20261216,1.0,high_minus_low,interaction,-0.012779471812348809
meta-llama/Llama-3.3-70B-Instruct,pb_t035_20,random_high_minus_low,20261216,1.0,high_minus_low,interaction,-0.027951150355303222
meta-llama/Llama-3.3-70B-Instruct,pb_t035_22,random_high_minus_low,20261216,1.0,high_minus_low,interaction,-0.002278488304243311
meta-llama/Llama-3.3-70B-Instruct,pb_t040_08,random_high_minus_low,20261216,1.0,high_minus_low,interaction,-0.028109166149105864
meta-llama/Llama-3.3-70B-Instruct,pb_t040_10,random_high_minus_low,20261216,1.0,high_minus_low,interaction,-0.014335803973462055
meta-llama/Llama-3.3-70B-Instruct,pb_t040_13,random_high_minus_low,20261216,1.0,high_minus_low,interaction,-0.03120001200646384
meta-llama/Llama-3.3-70B-Instruct,pb_t040_14,random_high_minus_low,20261216,1.0,high_minus_low,interaction,-0.019726206454500638
meta-llama/Llama-3.3-70B-Instruct,pb_t040_15,random_high_minus_low,20261216,1.0,high_minus_low,interaction,0.01868032784237971
meta-llama/Llama-3.3-70B-Instruct,pb_t001_08,random_high_minus_low,20261217,1.0,high_minus_low,interaction,-0.013033087873335179
meta-llama/Llama-3.3-70B-Instruct,pb_t001_10,random_high_minus_low,20261217,1.0,high_minus_low,interaction,-0.017320705695181286
meta-llama/Llama-3.3-70B-Instruct,pb_t001_11,random_high_minus_low,20261217,1.0,high_minus_low,interaction,-0.012408770551888007
meta-llama/Llama-3.3-70B-Instruct,pb_t001_12,random_high_minus_low,20261217,1.0,high_minus_low,interaction,-0.009548432173273403
meta-llama/Llama-3.3-70B-Instruct,pb_t001_15,random_high_minus_low,20261217,1.0,high_minus_low,interaction,-0.04018396674028109
meta-llama/Llama-3.3-70B-Instruct,pb_t002_08,random_high_minus_low,20261217,1.0,high_minus_low,interaction,-0.001552280688012385
meta-llama/Llama-3.3-70B-Instruct,pb_t002_16,random_high_minus_low,20261217,1.0,high_minus_low,interaction,-0.010608966677241673
meta-llama/Llama-3.3-70B-Instruct,pb_t002_17,random_high_minus_low,20261217,1.0,high_minus_low,interaction,-0.04553882132687099
meta-llama/Llama-3.3-70B-Instruct,pb_t002_18,random_high_minus_low,20261217,1.0,high_minus_low,interaction,-0.01635859761003082
meta-llama/Llama-3.3-70B-Instruct,pb_t002_20,random_high_minus_low,20261217,1.0,high_minus_low,interaction,-0.011046771479119581
meta-llama/Llama-3.3-70B-Instruct,pb_t004_10,random_high_minus_low,20261217,1.0,high_minus_low,interaction,-0.011039441581903113
meta-llama/Llama-3.3-70B-Instruct,pb_t004_11,random_high_minus_low,20261217,1.0,high_minus_low,interaction,-0.021389657771234888
meta-llama/Llama-3.3-70B-Instruct,pb_t004_13,random_high_minus_low,20261217,1.0,high_minus_low,interaction,-0.025411592431838156
meta-llama/Llama-3.3-70B-Instruct,pb_t004_17,random_high_minus_low,20261217,1.0,high_minus_low,interaction,0.004999377840982648
meta-llama/Llama-3.3-70B-Instruct,pb_t004_20,random_high_minus_low,20261217,1.0,high_minus_low,interaction,-0.040933796155081005
meta-llama/Llama-3.3-70B-Instruct,pb_t006_09,random_high_minus_low,20261217,1.0,high_minus_low,interaction,-0.01301296429388416
meta-llama/Llama-3.3-70B-Instruct,pb_t006_10,random_high_minus_low,20261217,1.0,high_minus_low,interaction,-0.04953761655374936
meta-llama/Llama-3.3-70B-Instruct,pb_t006_12,random_high_minus_low,20261217,1.0,high_minus_low,interaction,-0.02660126602382463
meta-llama/Llama-3.3-70B-Instruct,pb_t006_18,random_high_minus_low,20261217,1.0,high_minus_low,interaction,-0.017816265840767738
meta-llama/Llama-3.3-70B-Instruct,pb_t006_19,random_high_minus_low,20261217,1.0,high_minus_low,interaction,-0.024884881740815074
meta-llama/Llama-3.3-70B-Instruct,pb_t007_09,random_high_minus_low,20261217,1.0,high_minus_low,interaction,-0.008869542856525196
meta-llama/Llama-3.3-70B-Instruct,pb_t007_10,random_high_minus_low,20261217,1.0,high_minus_low,interaction,0.009020426315608851
meta-llama/Llama-3.3-70B-Instruct,pb_t007_16,random_high_minus_low,20261217,1.0,high_minus_low,interaction,-0.023382171008740828
meta-llama/Llama-3.3-70B-Instruct,pb_t007_17,random_high_minus_low,20261217,1.0,high_minus_low,interaction,-0.02271536482103274
meta-llama/Llama-3.3-70B-Instruct,pb_t007_19,random_high_minus_low,20261217,1.0,high_minus_low,interaction,0.001760839608831763
meta-llama/Llama-3.3-70B-Instruct,pb_t008_09,random_high_minus_low,20261217,1.0,high_minus_low,interaction,-0.03069069127471611
meta-llama/Llama-3.3-70B-Instruct,pb_t008_11,random_high_minus_low,20261217,1.0,high_minus_low,interaction,-0.025815535965358925
meta-llama/Llama-3.3-70B-Instruct,pb_t008_16,random_high_minus_low,20261217,1.0,high_minus_low,interaction,-0.01154319805884807
meta-llama/Llama-3.3-70B-Instruct,pb_t008_17,random_high_minus_low,20261217,1.0,high_minus_low,interaction,-0.014633674516041051
meta-llama/Llama-3.3-70B-Instruct,pb_t008_20,random_high_minus_low,20261217,1.0,high_minus_low,interaction,-0.01448005349065384
meta-llama/Llama-3.3-70B-Instruct,pb_t009_07,random_high_minus_low,20261217,1.0,high_minus_low,interaction,-0.03486804548569504
meta-llama/Llama-3.3-70B-Instruct,pb_t009_12,random_high_minus_low,20261217,1.0,high_minus_low,interaction,-0.01261629788595985
meta-llama/Llama-3.3-70B-Instruct,pb_t009_15,random_high_minus_low,20261217,1.0,high_minus_low,interaction,-0.030630626682103916
meta-llama/Llama-3.3-70B-Instruct,pb_t009_17,random_high_minus_low,20261217,1.0,high_minus_low,interaction,-0.0054397681714116325
meta-llama/Llama-3.3-70B-Instruct,pb_t009_19,random_high_minus_low,20261217,1.0,high_minus_low,interaction,-0.028725971280219625
meta-llama/Llama-3.3-70B-Instruct,pb_t010_09,random_high_minus_low,20261217,1.0,high_minus_low,interaction,-0.015453556210607719
meta-llama/Llama-3.3-70B-Instruct,pb_t010_12,random_high_minus_low,20261217,1.0,high_minus_low,interaction,-0.02891056662190951
meta-llama/Llama-3.3-70B-Instruct,pb_t010_17,random_high_minus_low,20261217,1.0,high_minus_low,interaction,-0.019504521006994915
meta-llama/Llama-3.3-70B-Instruct,pb_t010_19,random_high_minus_low,20261217,1.0,high_minus_low,interaction,-0.013956451251093172
meta-llama/Llama-3.3-70B-Instruct,pb_t010_20,random_high_minus_low,20261217,1.0,high_minus_low,interaction,-0.0283872320253725
meta-llama/Llama-3.3-70B-Instruct,pb_t016_09,random_high_minus_low,20261217,1.0,high_minus_low,interaction,-0.02290151832497188
meta-llama/Llama-3.3-70B-Instruct,pb_t016_10,random_high_minus_low,20261217,1.0,high_minus_low,interaction,-0.019953090853679092
meta-llama/Llama-3.3-70B-Instruct,pb_t016_12,random_high_minus_low,20261217,1.0,high_minus_low,interaction,-0.021997111834664237
meta-llama/Llama-3.3-70B-Instruct,pb_t016_17,random_high_minus_low,20261217,1.0,high_minus_low,interaction,-0.014565219412666256
meta-llama/Llama-3.3-70B-Instruct,pb_t016_20,random_high_minus_low,20261217,1.0,high_minus_low,interaction,-0.01259114501244402
meta-llama/Llama-3.3-70B-Instruct,pb_t018_08,random_high_minus_low,20261217,1.0,high_minus_low,interaction,0.013190225654283912
meta-llama/Llama-3.3-70B-Instruct,pb_t018_10,random_high_minus_low,20261217,1.0,high_minus_low,interaction,-0.018479223325439303
meta-llama/Llama-3.3-70B-Instruct,pb_t018_11,random_high_minus_low,20261217,1.0,high_minus_low,interaction,-0.015215436469640936
meta-llama/Llama-3.3-70B-Instruct,pb_t018_14,random_high_minus_low,20261217,1.0,high_minus_low,interaction,-0.02820106871546542
meta-llama/Llama-3.3-70B-Instruct,pb_t018_18,random_high_minus_low,20261217,1.0,high_minus_low,interaction,-0.018776401701174197
meta-llama/Llama-3.3-70B-Instruct,pb_t023_09,random_high_minus_low,20261217,1.0,high_minus_low,interaction,-0.01762017101495402
meta-llama/Llama-3.3-70B-Instruct,pb_t023_12,random_high_minus_low,20261217,1.0,high_minus_low,interaction,-0.019874716245517374
meta-llama/Llama-3.3-70B-Instruct,pb_t023_13,random_high_minus_low,20261217,1.0,high_minus_low,interaction,-0.009794647682325887
meta-llama/Llama-3.3-70B-Instruct,pb_t023_17,random_high_minus_low,20261217,1.0,high_minus_low,interaction,-0.015977897798460598
meta-llama/Llama-3.3-70B-Instruct,pb_t023_20,random_high_minus_low,20261217,1.0,high_minus_low,interaction,-0.01776001323181169
meta-llama/Llama-3.3-70B-Instruct,pb_t029_07,random_high_minus_low,20261217,1.0,high_minus_low,interaction,-0.025672335175665598
meta-llama/Llama-3.3-70B-Instruct,pb_t029_09,random_high_minus_low,20261217,1.0,high_minus_low,interaction,-0.032196960423489206
meta-llama/Llama-3.3-70B-Instruct,pb_t029_10,random_high_minus_low,20261217,1.0,high_minus_low,interaction,-0.014210399235973184
meta-llama/Llama-3.3-70B-Instruct,pb_t029_11,random_high_minus_low,20261217,1.0,high_minus_low,interaction,-0.02145718426124242
meta-llama/Llama-3.3-70B-Instruct,pb_t029_12,random_high_minus_low,20261217,1.0,high_minus_low,interaction,-0.018229824100914196
meta-llama/Llama-3.3-70B-Instruct,pb_t031_06,random_high_minus_low,20261217,1.0,high_minus_low,interaction,-0.006846880150734749
meta-llama/Llama-3.3-70B-Instruct,pb_t031_09,random_high_minus_low,20261217,1.0,high_minus_low,interaction,-0.018663147332047336
meta-llama/Llama-3.3-70B-Instruct,pb_t031_12,random_high_minus_low,20261217,1.0,high_minus_low,interaction,-0.00900589711871905
meta-llama/Llama-3.3-70B-Instruct,pb_t031_13,random_high_minus_low,20261217,1.0,high_minus_low,interaction,-0.005144147695434913
meta-llama/Llama-3.3-70B-Instruct,pb_t031_16,random_high_minus_low,20261217,1.0,high_minus_low,interaction,-0.018758860324493743
meta-llama/Llama-3.3-70B-Instruct,pb_t032_08,random_high_minus_low,20261217,1.0,high_minus_low,interaction,-0.021664474065287473
meta-llama/Llama-3.3-70B-Instruct,pb_t032_09,random_high_minus_low,20261217,1.0,high_minus_low,interaction,-0.005628086432323927
meta-llama/Llama-3.3-70B-Instruct,pb_t032_13,random_high_minus_low,20261217,1.0,high_minus_low,interaction,-0.02877992733940779
meta-llama/Llama-3.3-70B-Instruct,pb_t032_15,random_high_minus_low,20261217,1.0,high_minus_low,interaction,-0.011712747115755907
meta-llama/Llama-3.3-70B-Instruct,pb_t032_16,random_high_minus_low,20261217,1.0,high_minus_low,interaction,-0.017764679903531342
meta-llama/Llama-3.3-70B-Instruct,pb_t035_06,random_high_minus_low,20261217,1.0,high_minus_low,interaction,-0.017606854282501083
meta-llama/Llama-3.3-70B-Instruct,pb_t035_13,random_high_minus_low,20261217,1.0,high_minus_low,interaction,-0.019063591485557748
meta-llama/Llama-3.3-70B-Instruct,pb_t035_15,random_high_minus_low,20261217,1.0,high_minus_low,interaction,-0.01542231379171189
meta-llama/Llama-3.3-70B-Instruct,pb_t035_20,random_high_minus_low,20261217,1.0,high_minus_low,interaction,-0.011196518089651388
meta-llama/Llama-3.3-70B-Instruct,pb_t035_22,random_high_minus_low,20261217,1.0,high_minus_low,interaction,-0.0359465563419164
meta-llama/Llama-3.3-70B-Instruct,pb_t040_08,random_high_minus_low,20261217,1.0,high_minus_low,interaction,-0.020568715761526732
meta-llama/Llama-3.3-70B-Instruct,pb_t040_10,random_high_minus_low,20261217,1.0,high_minus_low,interaction,-0.011294445508506657
meta-llama/Llama-3.3-70B-Instruct,pb_t040_13,random_high_minus_low,20261217,1.0,high_minus_low,interaction,-0.011312195062622488
meta-llama/Llama-3.3-70B-Instruct,pb_t040_14,random_high_minus_low,20261217,1.0,high_minus_low,interaction,-0.008825443672919087
meta-llama/Llama-3.3-70B-Instruct,pb_t040_15,random_high_minus_low,20261217,1.0,high_minus_low,interaction,-0.03301772328291815
meta-llama/Llama-3.3-70B-Instruct,pb_t001_08,random_high_minus_low,20261218,1.0,high_minus_low,interaction,0.015481018746456332
meta-llama/Llama-3.3-70B-Instruct,pb_t001_10,random_high_minus_low,20261218,1.0,high_minus_low,interaction,-0.016443927713046563
meta-llama/Llama-3.3-70B-Instruct,pb_t001_11,random_high_minus_low,20261218,1.0,high_minus_low,interaction,-0.0037834754285296945
meta-llama/Llama-3.3-70B-Instruct,pb_t001_12,random_high_minus_low,20261218,1.0,high_minus_low,interaction,-0.0032421279174763874
meta-llama/Llama-3.3-70B-Instruct,pb_t001_15,random_high_minus_low,20261218,1.0,high_minus_low,interaction,-0.012194131657920432
meta-llama/Llama-3.3-70B-Instruct,pb_t002_08,random_high_minus_low,20261218,1.0,high_minus_low,interaction,0.003793768104410799
meta-llama/Llama-3.3-70B-Instruct,pb_t002_16,random_high_minus_low,20261218,1.0,high_minus_low,interaction,-0.023474451102511725
meta-llama/Llama-3.3-70B-Instruct,pb_t002_17,random_high_minus_low,20261218,1.0,high_minus_low,interaction,-0.0024147836961436603
meta-llama/Llama-3.3-70B-Instruct,pb_t002_18,random_high_minus_low,20261218,1.0,high_minus_low,interaction,0.022521908910529267
meta-llama/Llama-3.3-70B-Instruct,pb_t002_20,random_high_minus_low,20261218,1.0,high_minus_low,interaction,-0.010204354940509487
meta-llama/Llama-3.3-70B-Instruct,pb_t004_10,random_high_minus_low,20261218,1.0,high_minus_low,interaction,-0.010884826513004903
meta-llama/Llama-3.3-70B-Instruct,pb_t004_11,random_high_minus_low,20261218,1.0,high_minus_low,interaction,-0.011780247408692603
meta-llama/Llama-3.3-70B-Instruct,pb_t004_13,random_high_minus_low,20261218,1.0,high_minus_low,interaction,-0.006453354935136185
meta-llama/Llama-3.3-70B-Instruct,pb_t004_17,random_high_minus_low,20261218,1.0,high_minus_low,interaction,-0.023228305992051692
meta-llama/Llama-3.3-70B-Instruct,pb_t004_20,random_high_minus_low,20261218,1.0,high_minus_low,interaction,-0.00809209171896766
meta-llama/Llama-3.3-70B-Instruct,pb_t006_09,random_high_minus_low,20261218,1.0,high_minus_low,interaction,-0.00870824652837354
meta-llama/Llama-3.3-70B-Instruct,pb_t006_10,random_high_minus_low,20261218,1.0,high_minus_low,interaction,-0.01637623821975314
meta-llama/Llama-3.3-70B-Instruct,pb_t006_12,random_high_minus_low,20261218,1.0,high_minus_low,interaction,-0.02636121221722205
meta-llama/Llama-3.3-70B-Instruct,pb_t006_18,random_high_minus_low,20261218,1.0,high_minus_low,interaction,-0.01310024600399827
meta-llama/Llama-3.3-70B-Instruct,pb_t006_19,random_high_minus_low,20261218,1.0,high_minus_low,interaction,-0.005106305424155404
meta-llama/Llama-3.3-70B-Instruct,pb_t007_09,random_high_minus_low,20261218,1.0,high_minus_low,interaction,-0.0038160714215948605
meta-llama/Llama-3.3-70B-Instruct,pb_t007_10,random_high_minus_low,20261218,1.0,high_minus_low,interaction,0.007017290557446362
meta-llama/Llama-3.3-70B-Instruct,pb_t007_16,random_high_minus_low,20261218,1.0,high_minus_low,interaction,-0.02303131406929483
meta-llama/Llama-3.3-70B-Instruct,pb_t007_17,random_high_minus_low,20261218,1.0,high_minus_low,interaction,0.010875556131812413
meta-llama/Llama-3.3-70B-Instruct,pb_t007_19,random_high_minus_low,20261218,1.0,high_minus_low,interaction,-0.02807625080591649
meta-llama/Llama-3.3-70B-Instruct,pb_t008_09,random_high_minus_low,20261218,1.0,high_minus_low,interaction,-0.002258622846031092
meta-llama/Llama-3.3-70B-Instruct,pb_t008_11,random_high_minus_low,20261218,1.0,high_minus_low,interaction,-0.00650771575575298
meta-llama/Llama-3.3-70B-Instruct,pb_t008_16,random_high_minus_low,20261218,1.0,high_minus_low,interaction,-0.005924199770053998
meta-llama/Llama-3.3-70B-Instruct,pb_t008_17,random_high_minus_low,20261218,1.0,high_minus_low,interaction,0.021073573655530208
meta-llama/Llama-3.3-70B-Instruct,pb_t008_20,random_high_minus_low,20261218,1.0,high_minus_low,interaction,-0.0008986117711574995
meta-llama/Llama-3.3-70B-Instruct,pb_t009_07,random_high_minus_low,20261218,1.0,high_minus_low,interaction,-0.001955623064675338
meta-llama/Llama-3.3-70B-Instruct,pb_t009_12,random_high_minus_low,20261218,1.0,high_minus_low,interaction,-0.02609514690488007
meta-llama/Llama-3.3-70B-Instruct,pb_t009_15,random_high_minus_low,20261218,1.0,high_minus_low,interaction,-0.02078743821771635
meta-llama/Llama-3.3-70B-Instruct,pb_t009_17,random_high_minus_low,20261218,1.0,high_minus_low,interaction,-0.004393852086417751
meta-llama/Llama-3.3-70B-Instruct,pb_t009_19,random_high_minus_low,20261218,1.0,high_minus_low,interaction,0.011138811258330317
meta-llama/Llama-3.3-70B-Instruct,pb_t010_09,random_high_minus_low,20261218,1.0,high_minus_low,interaction,-0.0124956501292391
meta-llama/Llama-3.3-70B-Instruct,pb_t010_12,random_high_minus_low,20261218,1.0,high_minus_low,interaction,0.001751895971334766
meta-llama/Llama-3.3-70B-Instruct,pb_t010_17,random_high_minus_low,20261218,1.0,high_minus_low,interaction,0.005740281449732543
meta-llama/Llama-3.3-70B-Instruct,pb_t010_19,random_high_minus_low,20261218,1.0,high_minus_low,interaction,-0.009474203041906697
meta-llama/Llama-3.3-70B-Instruct,pb_t010_20,random_high_minus_low,20261218,1.0,high_minus_low,interaction,0.0026075983329760656
meta-llama/Llama-3.3-70B-Instruct,pb_t016_09,random_high_minus_low,20261218,1.0,high_minus_low,interaction,-0.013302345115408327
meta-llama/Llama-3.3-70B-Instruct,pb_t016_10,random_high_minus_low,20261218,1.0,high_minus_low,interaction,-0.022526293086561275
meta-llama/Llama-3.3-70B-Instruct,pb_t016_12,random_high_minus_low,20261218,1.0,high_minus_low,interaction,0.0023009765132971857
meta-llama/Llama-3.3-70B-Instruct,pb_t016_17,random_high_minus_low,20261218,1.0,high_minus_low,interaction,0.022223228131422045
meta-llama/Llama-3.3-70B-Instruct,pb_t016_20,random_high_minus_low,20261218,1.0,high_minus_low,interaction,-0.004270993920570703
meta-llama/Llama-3.3-70B-Instruct,pb_t018_08,random_high_minus_low,20261218,1.0,high_minus_low,interaction,-0.016660293750736722
meta-llama/Llama-3.3-70B-Instruct,pb_t018_10,random_high_minus_low,20261218,1.0,high_minus_low,interaction,0.00802793950587685
meta-llama/Llama-3.3-70B-Instruct,pb_t018_11,random_high_minus_low,20261218,1.0,high_minus_low,interaction,0.0015703740821676388
meta-llama/Llama-3.3-70B-Instruct,pb_t018_14,random_high_minus_low,20261218,1.0,high_minus_low,interaction,-0.009357425198603993
meta-llama/Llama-3.3-70B-Instruct,pb_t018_18,random_high_minus_low,20261218,1.0,high_minus_low,interaction,-0.0180710673250976
meta-llama/Llama-3.3-70B-Instruct,pb_t023_09,random_high_minus_low,20261218,1.0,high_minus_low,interaction,-0.0067935582355183165
meta-llama/Llama-3.3-70B-Instruct,pb_t023_12,random_high_minus_low,20261218,1.0,high_minus_low,interaction,-0.004123158134553264
meta-llama/Llama-3.3-70B-Instruct,pb_t023_13,random_high_minus_low,20261218,1.0,high_minus_low,interaction,-0.021116254033208
meta-llama/Llama-3.3-70B-Instruct,pb_t023_17,random_high_minus_low,20261218,1.0,high_minus_low,interaction,-0.012997950794497124
meta-llama/Llama-3.3-70B-Instruct,pb_t023_20,random_high_minus_low,20261218,1.0,high_minus_low,interaction,0.005141872508716766
meta-llama/Llama-3.3-70B-Instruct,pb_t029_07,random_high_minus_low,20261218,1.0,high_minus_low,interaction,0.003884256724157078
meta-llama/Llama-3.3-70B-Instruct,pb_t029_09,random_high_minus_low,20261218,1.0,high_minus_low,interaction,-0.01004218317253258
meta-llama/Llama-3.3-70B-Instruct,pb_t029_10,random_high_minus_low,20261218,1.0,high_minus_low,interaction,-0.012482479982284156
meta-llama/Llama-3.3-70B-Instruct,pb_t029_11,random_high_minus_low,20261218,1.0,high_minus_low,interaction,-0.01834785144667172
meta-llama/Llama-3.3-70B-Instruct,pb_t029_12,random_high_minus_low,20261218,1.0,high_minus_low,interaction,-0.007347789998974482
meta-llama/Llama-3.3-70B-Instruct,pb_t031_06,random_high_minus_low,20261218,1.0,high_minus_low,interaction,-0.00790951397664443
meta-llama/Llama-3.3-70B-Instruct,pb_t031_09,random_high_minus_low,20261218,1.0,high_minus_low,interaction,0.00808100078002399
meta-llama/Llama-3.3-70B-Instruct,pb_t031_12,random_high_minus_low,20261218,1.0,high_minus_low,interaction,-0.017154284207921734
meta-llama/Llama-3.3-70B-Instruct,pb_t031_13,random_high_minus_low,20261218,1.0,high_minus_low,interaction,-0.014061345041708008
meta-llama/Llama-3.3-70B-Instruct,pb_t031_16,random_high_minus_low,20261218,1.0,high_minus_low,interaction,0.012386498001647124
meta-llama/Llama-3.3-70B-Instruct,pb_t032_08,random_high_minus_low,20261218,1.0,high_minus_low,interaction,0.001064728997878231
meta-llama/Llama-3.3-70B-Instruct,pb_t032_09,random_high_minus_low,20261218,1.0,high_minus_low,interaction,-0.004172303180984609
meta-llama/Llama-3.3-70B-Instruct,pb_t032_13,random_high_minus_low,20261218,1.0,high_minus_low,interaction,-0.01682197141558663
meta-llama/Llama-3.3-70B-Instruct,pb_t032_15,random_high_minus_low,20261218,1.0,high_minus_low,interaction,-0.0283117636698662
meta-llama/Llama-3.3-70B-Instruct,pb_t032_16,random_high_minus_low,20261218,1.0,high_minus_low,interaction,-0.010490605012707788
meta-llama/Llama-3.3-70B-Instruct,pb_t035_06,random_high_minus_low,20261218,1.0,high_minus_low,interaction,-0.012603985316503962
meta-llama/Llama-3.3-70B-Instruct,pb_t035_13,random_high_minus_low,20261218,1.0,high_minus_low,interaction,0.01376279997488227
meta-llama/Llama-3.3-70B-Instruct,pb_t035_15,random_high_minus_low,20261218,1.0,high_minus_low,interaction,-0.012097189312097197
meta-llama/Llama-3.3-70B-Instruct,pb_t035_20,random_high_minus_low,20261218,1.0,high_minus_low,interaction,-0.02773289525446983
meta-llama/Llama-3.3-70B-Instruct,pb_t035_22,random_high_minus_low,20261218,1.0,high_minus_low,interaction,-0.00269031646108589
meta-llama/Llama-3.3-70B-Instruct,pb_t040_08,random_high_minus_low,20261218,1.0,high_minus_low,interaction,-0.028535633258920348
meta-llama/Llama-3.3-70B-Instruct,pb_t040_10,random_high_minus_low,20261218,1.0,high_minus_low,interaction,-0.0161698431533738
meta-llama/Llama-3.3-70B-Instruct,pb_t040_13,random_high_minus_low,20261218,1.0,high_minus_low,interaction,-0.0009015376475536969
meta-llama/Llama-3.3-70B-Instruct,pb_t040_14,random_high_minus_low,20261218,1.0,high_minus_low,interaction,-0.015270496526877779
meta-llama/Llama-3.3-70B-Instruct,pb_t040_15,random_high_minus_low,20261218,1.0,high_minus_low,interaction,-0.012755504294536495
meta-llama/Llama-3.3-70B-Instruct,pb_t001_08,random_high_minus_low,20261219,1.0,high_minus_low,interaction,0.02402405627589698
meta-llama/Llama-3.3-70B-Instruct,pb_t001_10,random_high_minus_low,20261219,1.0,high_minus_low,interaction,0.013809087276976087
meta-llama/Llama-3.3-70B-Instruct,pb_t001_11,random_high_minus_low,20261219,1.0,high_minus_low,interaction,0.027865087710865783
meta-llama/Llama-3.3-70B-Instruct,pb_t001_12,random_high_minus_low,20261219,1.0,high_minus_low,interaction,0.022212214082930396
meta-llama/Llama-3.3-70B-Instruct,pb_t001_15,random_high_minus_low,20261219,1.0,high_minus_low,interaction,0.05816231708152993
meta-llama/Llama-3.3-70B-Instruct,pb_t002_08,random_high_minus_low,20261219,1.0,high_minus_low,interaction,0.008112897514969793
meta-llama/Llama-3.3-70B-Instruct,pb_t002_16,random_high_minus_low,20261219,1.0,high_minus_low,interaction,0.011071444735960905
meta-llama/Llama-3.3-70B-Instruct,pb_t002_17,random_high_minus_low,20261219,1.0,high_minus_low,interaction,0.021107236662593266
meta-llama/Llama-3.3-70B-Instruct,pb_t002_18,random_high_minus_low,20261219,1.0,high_minus_low,interaction,0.02027463733304353
meta-llama/Llama-3.3-70B-Instruct,pb_t002_20,random_high_minus_low,20261219,1.0,high_minus_low,interaction,0.01309851132330358
meta-llama/Llama-3.3-70B-Instruct,pb_t004_10,random_high_minus_low,20261219,1.0,high_minus_low,interaction,0.019552434300522954
meta-llama/Llama-3.3-70B-Instruct,pb_t004_11,random_high_minus_low,20261219,1.0,high_minus_low,interaction,0.011759221498141348
meta-llama/Llama-3.3-70B-Instruct,pb_t004_13,random_high_minus_low,20261219,1.0,high_minus_low,interaction,0.014380640184669743
meta-llama/Llama-3.3-70B-Instruct,pb_t004_17,random_high_minus_low,20261219,1.0,high_minus_low,interaction,0.0128768590302732
meta-llama/Llama-3.3-70B-Instruct,pb_t004_20,random_high_minus_low,20261219,1.0,high_minus_low,interaction,0.028558055044209604
meta-llama/Llama-3.3-70B-Instruct,pb_t006_09,random_high_minus_low,20261219,1.0,high_minus_low,interaction,0.026927344321052267
meta-llama/Llama-3.3-70B-Instruct,pb_t006_10,random_high_minus_low,20261219,1.0,high_minus_low,interaction,0.03578182811696356
meta-llama/Llama-3.3-70B-Instruct,pb_t006_12,random_high_minus_low,20261219,1.0,high_minus_low,interaction,0.0007403112509918944
meta-llama/Llama-3.3-70B-Instruct,pb_t006_18,random_high_minus_low,20261219,1.0,high_minus_low,interaction,0.02051905506002063
meta-llama/Llama-3.3-70B-Instruct,pb_t006_19,random_high_minus_low,20261219,1.0,high_minus_low,interaction,0.002064586708648506
meta-llama/Llama-3.3-70B-Instruct,pb_t007_09,random_high_minus_low,20261219,1.0,high_minus_low,interaction,0.00953015167265278
meta-llama/Llama-3.3-70B-Instruct,pb_t007_10,random_high_minus_low,20261219,1.0,high_minus_low,interaction,0.017737871260659416
meta-llama/Llama-3.3-70B-Instruct,pb_t007_16,random_high_minus_low,20261219,1.0,high_minus_low,interaction,0.02269599125185829
meta-llama/Llama-3.3-70B-Instruct,pb_t007_17,random_high_minus_low,20261219,1.0,high_minus_low,interaction,0.00433348456232215
meta-llama/Llama-3.3-70B-Instruct,pb_t007_19,random_high_minus_low,20261219,1.0,high_minus_low,interaction,0.011709923627112699
meta-llama/Llama-3.3-70B-Instruct,pb_t008_09,random_high_minus_low,20261219,1.0,high_minus_low,interaction,0.017210690770650815
meta-llama/Llama-3.3-70B-Instruct,pb_t008_11,random_high_minus_low,20261219,1.0,high_minus_low,interaction,0.03626319195084406
meta-llama/Llama-3.3-70B-Instruct,pb_t008_16,random_high_minus_low,20261219,1.0,high_minus_low,interaction,0.017612222323734997
meta-llama/Llama-3.3-70B-Instruct,pb_t008_17,random_high_minus_low,20261219,1.0,high_minus_low,interaction,-0.009678284818643584
meta-llama/Llama-3.3-70B-Instruct,pb_t008_20,random_high_minus_low,20261219,1.0,high_minus_low,interaction,0.01947410545556684
meta-llama/Llama-3.3-70B-Instruct,pb_t009_07,random_high_minus_low,20261219,1.0,high_minus_low,interaction,0.02188256084014833
meta-llama/Llama-3.3-70B-Instruct,pb_t009_12,random_high_minus_low,20261219,1.0,high_minus_low,interaction,0.006764456992572126
meta-llama/Llama-3.3-70B-Instruct,pb_t009_15,random_high_minus_low,20261219,1.0,high_minus_low,interaction,0.010947235958713056
meta-llama/Llama-3.3-70B-Instruct,pb_t009_17,random_high_minus_low,20261219,1.0,high_minus_low,interaction,0.016456643326283424
meta-llama/Llama-3.3-70B-Instruct,pb_t009_19,random_high_minus_low,20261219,1.0,high_minus_low,interaction,0.011017627926715933
meta-llama/Llama-3.3-70B-Instruct,pb_t010_09,random_high_minus_low,20261219,1.0,high_minus_low,interaction,0.00665645157112079
meta-llama/Llama-3.3-70B-Instruct,pb_t010_12,random_high_minus_low,20261219,1.0,high_minus_low,interaction,0.0059661998085042914
meta-llama/Llama-3.3-70B-Instruct,pb_t010_17,random_high_minus_low,20261219,1.0,high_minus_low,interaction,0.00756582969249947
meta-llama/Llama-3.3-70B-Instruct,pb_t010_19,random_high_minus_low,20261219,1.0,high_minus_low,interaction,0.02960916819768977
meta-llama/Llama-3.3-70B-Instruct,pb_t010_20,random_high_minus_low,20261219,1.0,high_minus_low,interaction,0.030761654375138538
meta-llama/Llama-3.3-70B-Instruct,pb_t016_09,random_high_minus_low,20261219,1.0,high_minus_low,interaction,0.0073674522366562415
meta-llama/Llama-3.3-70B-Instruct,pb_t016_10,random_high_minus_low,20261219,1.0,high_minus_low,interaction,0.007360977746338848
meta-llama/Llama-3.3-70B-Instruct,pb_t016_12,random_high_minus_low,20261219,1.0,high_minus_low,interaction,0.026188962475187757
meta-llama/Llama-3.3-70B-Instruct,pb_t016_17,random_high_minus_low,20261219,1.0,high_minus_low,interaction,0.006659714899746425
meta-llama/Llama-3.3-70B-Instruct,pb_t016_20,random_high_minus_low,20261219,1.0,high_minus_low,interaction,0.026450458862790762
meta-llama/Llama-3.3-70B-Instruct,pb_t018_08,random_high_minus_low,20261219,1.0,high_minus_low,interaction,0.014765714545190574
meta-llama/Llama-3.3-70B-Instruct,pb_t018_10,random_high_minus_low,20261219,1.0,high_minus_low,interaction,0.02629575980681262
meta-llama/Llama-3.3-70B-Instruct,pb_t018_11,random_high_minus_low,20261219,1.0,high_minus_low,interaction,0.017714506697039563
meta-llama/Llama-3.3-70B-Instruct,pb_t018_14,random_high_minus_low,20261219,1.0,high_minus_low,interaction,0.03763003943922615
meta-llama/Llama-3.3-70B-Instruct,pb_t018_18,random_high_minus_low,20261219,1.0,high_minus_low,interaction,0.016160704523714813
meta-llama/Llama-3.3-70B-Instruct,pb_t023_09,random_high_minus_low,20261219,1.0,high_minus_low,interaction,0.022147889646374205
meta-llama/Llama-3.3-70B-Instruct,pb_t023_12,random_high_minus_low,20261219,1.0,high_minus_low,interaction,0.02084320629338268
meta-llama/Llama-3.3-70B-Instruct,pb_t023_13,random_high_minus_low,20261219,1.0,high_minus_low,interaction,0.01542584087342959
meta-llama/Llama-3.3-70B-Instruct,pb_t023_17,random_high_minus_low,20261219,1.0,high_minus_low,interaction,0.013830952105381784
meta-llama/Llama-3.3-70B-Instruct,pb_t023_20,random_high_minus_low,20261219,1.0,high_minus_low,interaction,0.015723130142489758
meta-llama/Llama-3.3-70B-Instruct,pb_t029_07,random_high_minus_low,20261219,1.0,high_minus_low,interaction,0.011310012142727921
meta-llama/Llama-3.3-70B-Instruct,pb_t029_09,random_high_minus_low,20261219,1.0,high_minus_low,interaction,0.011043458549780678
meta-llama/Llama-3.3-70B-Instruct,pb_t029_10,random_high_minus_low,20261219,1.0,high_minus_low,interaction,0.016699636777858604
meta-llama/Llama-3.3-70B-Instruct,pb_t029_11,random_high_minus_low,20261219,1.0,high_minus_low,interaction,0.014849648528740753
meta-llama/Llama-3.3-70B-Instruct,pb_t029_12,random_high_minus_low,20261219,1.0,high_minus_low,interaction,0.007424719351429569
meta-llama/Llama-3.3-70B-Instruct,pb_t031_06,random_high_minus_low,20261219,1.0,high_minus_low,interaction,0.02114369142254893
meta-llama/Llama-3.3-70B-Instruct,pb_t031_09,random_high_minus_low,20261219,1.0,high_minus_low,interaction,0.030536553826406583
meta-llama/Llama-3.3-70B-Instruct,pb_t031_12,random_high_minus_low,20261219,1.0,high_minus_low,interaction,0.018441574982308872
meta-llama/Llama-3.3-70B-Instruct,pb_t031_13,random_high_minus_low,20261219,1.0,high_minus_low,interaction,0.009768771171269607
meta-llama/Llama-3.3-70B-Instruct,pb_t031_16,random_high_minus_low,20261219,1.0,high_minus_low,interaction,0.009856304489147115
meta-llama/Llama-3.3-70B-Instruct,pb_t032_08,random_high_minus_low,20261219,1.0,high_minus_low,interaction,0.02524950518360719
meta-llama/Llama-3.3-70B-Instruct,pb_t032_09,random_high_minus_low,20261219,1.0,high_minus_low,interaction,0.009354118379169107
meta-llama/Llama-3.3-70B-Instruct,pb_t032_13,random_high_minus_low,20261219,1.0,high_minus_low,interaction,0.03546190526728416
meta-llama/Llama-3.3-70B-Instruct,pb_t032_15,random_high_minus_low,20261219,1.0,high_minus_low,interaction,0.001960068290267921
meta-llama/Llama-3.3-70B-Instruct,pb_t032_16,random_high_minus_low,20261219,1.0,high_minus_low,interaction,0.01664834503744923
meta-llama/Llama-3.3-70B-Instruct,pb_t035_06,random_high_minus_low,20261219,1.0,high_minus_low,interaction,0.0074045089194461206
meta-llama/Llama-3.3-70B-Instruct,pb_t035_13,random_high_minus_low,20261219,1.0,high_minus_low,interaction,0.019828536562650267
meta-llama/Llama-3.3-70B-Instruct,pb_t035_15,random_high_minus_low,20261219,1.0,high_minus_low,interaction,0.011747786675891615
meta-llama/Llama-3.3-70B-Instruct,pb_t035_20,random_high_minus_low,20261219,1.0,high_minus_low,interaction,0.014382490794388254
meta-llama/Llama-3.3-70B-Instruct,pb_t035_22,random_high_minus_low,20261219,1.0,high_minus_low,interaction,0.03506688078705344
meta-llama/Llama-3.3-70B-Instruct,pb_t040_08,random_high_minus_low,20261219,1.0,high_minus_low,interaction,0.01599856005437317
meta-llama/Llama-3.3-70B-Instruct,pb_t040_10,random_high_minus_low,20261219,1.0,high_minus_low,interaction,0.036363006456900306
meta-llama/Llama-3.3-70B-Instruct,pb_t040_13,random_high_minus_low,20261219,1.0,high_minus_low,interaction,0.03227279616699771
meta-llama/Llama-3.3-70B-Instruct,pb_t040_14,random_high_minus_low,20261219,1.0,high_minus_low,interaction,0.014916988757277424
meta-llama/Llama-3.3-70B-Instruct,pb_t040_15,random_high_minus_low,20261219,1.0,high_minus_low,interaction,0.032275290123308854
meta-llama/Llama-3.3-70B-Instruct,pb_t001_08,random_high_minus_low,20261220,1.0,high_minus_low,interaction,-0.039664764277212015
meta-llama/Llama-3.3-70B-Instruct,pb_t001_10,random_high_minus_low,20261220,1.0,high_minus_low,interaction,-0.01461906591284057
meta-llama/Llama-3.3-70B-Instruct,pb_t001_11,random_high_minus_low,20261220,1.0,high_minus_low,interaction,-0.029803182444852836
meta-llama/Llama-3.3-70B-Instruct,pb_t001_12,random_high_minus_low,20261220,1.0,high_minus_low,interaction,-0.029206295602599883
meta-llama/Llama-3.3-70B-Instruct,pb_t001_15,random_high_minus_low,20261220,1.0,high_minus_low,interaction,-0.03121878480636986
meta-llama/Llama-3.3-70B-Instruct,pb_t002_08,random_high_minus_low,20261220,1.0,high_minus_low,interaction,-0.028395394022874963
meta-llama/Llama-3.3-70B-Instruct,pb_t002_16,random_high_minus_low,20261220,1.0,high_minus_low,interaction,-0.0239929698569556
meta-llama/Llama-3.3-70B-Instruct,pb_t002_17,random_high_minus_low,20261220,1.0,high_minus_low,interaction,-0.026455586591950332
meta-llama/Llama-3.3-70B-Instruct,pb_t002_18,random_high_minus_low,20261220,1.0,high_minus_low,interaction,-0.03788432744400935
meta-llama/Llama-3.3-70B-Instruct,pb_t002_20,random_high_minus_low,20261220,1.0,high_minus_low,interaction,-0.0331382309051871
meta-llama/Llama-3.3-70B-Instruct,pb_t004_10,random_high_minus_low,20261220,1.0,high_minus_low,interaction,-0.04358285416547338
meta-llama/Llama-3.3-70B-Instruct,pb_t004_11,random_high_minus_low,20261220,1.0,high_minus_low,interaction,-0.04372057455924069
meta-llama/Llama-3.3-70B-Instruct,pb_t004_13,random_high_minus_low,20261220,1.0,high_minus_low,interaction,-0.03152880072750998
meta-llama/Llama-3.3-70B-Instruct,pb_t004_17,random_high_minus_low,20261220,1.0,high_minus_low,interaction,-0.02904645339684095
meta-llama/Llama-3.3-70B-Instruct,pb_t004_20,random_high_minus_low,20261220,1.0,high_minus_low,interaction,-0.02105851511682099
meta-llama/Llama-3.3-70B-Instruct,pb_t006_09,random_high_minus_low,20261220,1.0,high_minus_low,interaction,-0.0411952949100286
meta-llama/Llama-3.3-70B-Instruct,pb_t006_10,random_high_minus_low,20261220,1.0,high_minus_low,interaction,-0.03310698706757462
meta-llama/Llama-3.3-70B-Instruct,pb_t006_12,random_high_minus_low,20261220,1.0,high_minus_low,interaction,-0.035141521541905675
meta-llama/Llama-3.3-70B-Instruct,pb_t006_18,random_high_minus_low,20261220,1.0,high_minus_low,interaction,-0.015029383345574753
meta-llama/Llama-3.3-70B-Instruct,pb_t006_19,random_high_minus_low,20261220,1.0,high_minus_low,interaction,-0.04297990149896202
meta-llama/Llama-3.3-70B-Instruct,pb_t007_09,random_high_minus_low,20261220,1.0,high_minus_low,interaction,-0.03610410916623946
meta-llama/Llama-3.3-70B-Instruct,pb_t007_10,random_high_minus_low,20261220,1.0,high_minus_low,interaction,-0.01641311162902303
meta-llama/Llama-3.3-70B-Instruct,pb_t007_16,random_high_minus_low,20261220,1.0,high_minus_low,interaction,-0.043078085694975614
meta-llama/Llama-3.3-70B-Instruct,pb_t007_17,random_high_minus_low,20261220,1.0,high_minus_low,interaction,-0.04432008055261525
meta-llama/Llama-3.3-70B-Instruct,pb_t007_19,random_high_minus_low,20261220,1.0,high_minus_low,interaction,-0.014494265484084758
meta-llama/Llama-3.3-70B-Instruct,pb_t008_09,random_high_minus_low,20261220,1.0,high_minus_low,interaction,-0.0502258317431691
meta-llama/Llama-3.3-70B-Instruct,pb_t008_11,random_high_minus_low,20261220,1.0,high_minus_low,interaction,-0.034845751779696135
meta-llama/Llama-3.3-70B-Instruct,pb_t008_16,random_high_minus_low,20261220,1.0,high_minus_low,interaction,-0.02139243293265216
meta-llama/Llama-3.3-70B-Instruct,pb_t008_17,random_high_minus_low,20261220,1.0,high_minus_low,interaction,-0.04211745521609348
meta-llama/Llama-3.3-70B-Instruct,pb_t008_20,random_high_minus_low,20261220,1.0,high_minus_low,interaction,-0.030807358379449
meta-llama/Llama-3.3-70B-Instruct,pb_t009_07,random_high_minus_low,20261220,1.0,high_minus_low,interaction,-0.024051394989969537
meta-llama/Llama-3.3-70B-Instruct,pb_t009_12,random_high_minus_low,20261220,1.0,high_minus_low,interaction,-0.022688297966261154
meta-llama/Llama-3.3-70B-Instruct,pb_t009_15,random_high_minus_low,20261220,1.0,high_minus_low,interaction,-0.02437467535040116
meta-llama/Llama-3.3-70B-Instruct,pb_t009_17,random_high_minus_low,20261220,1.0,high_minus_low,interaction,-0.021398940603031616
meta-llama/Llama-3.3-70B-Instruct,pb_t009_19,random_high_minus_low,20261220,1.0,high_minus_low,interaction,-0.04624391008649706
meta-llama/Llama-3.3-70B-Instruct,pb_t010_09,random_high_minus_low,20261220,1.0,high_minus_low,interaction,-0.047484517167383056
meta-llama/Llama-3.3-70B-Instruct,pb_t010_12,random_high_minus_low,20261220,1.0,high_minus_low,interaction,-0.03303027627604992
meta-llama/Llama-3.3-70B-Instruct,pb_t010_17,random_high_minus_low,20261220,1.0,high_minus_low,interaction,-0.04848035481146472
meta-llama/Llama-3.3-70B-Instruct,pb_t010_19,random_high_minus_low,20261220,1.0,high_minus_low,interaction,-0.034105300343216884
meta-llama/Llama-3.3-70B-Instruct,pb_t010_20,random_high_minus_low,20261220,1.0,high_minus_low,interaction,-0.050790531941471255
meta-llama/Llama-3.3-70B-Instruct,pb_t016_09,random_high_minus_low,20261220,1.0,high_minus_low,interaction,-0.04472156292678835
meta-llama/Llama-3.3-70B-Instruct,pb_t016_10,random_high_minus_low,20261220,1.0,high_minus_low,interaction,-0.028309192663843415
meta-llama/Llama-3.3-70B-Instruct,pb_t016_12,random_high_minus_low,20261220,1.0,high_minus_low,interaction,-0.03062918457157923
meta-llama/Llama-3.3-70B-Instruct,pb_t016_17,random_high_minus_low,20261220,1.0,high_minus_low,interaction,-0.044586075914311595
meta-llama/Llama-3.3-70B-Instruct,pb_t016_20,random_high_minus_low,20261220,1.0,high_minus_low,interaction,-0.02959337225527504
meta-llama/Llama-3.3-70B-Instruct,pb_t018_08,random_high_minus_low,20261220,1.0,high_minus_low,interaction,-0.028408671840092103
meta-llama/Llama-3.3-70B-Instruct,pb_t018_10,random_high_minus_low,20261220,1.0,high_minus_low,interaction,-0.04878692563331494
meta-llama/Llama-3.3-70B-Instruct,pb_t018_11,random_high_minus_low,20261220,1.0,high_minus_low,interaction,-0.04059151173137907
meta-llama/Llama-3.3-70B-Instruct,pb_t018_14,random_high_minus_low,20261220,1.0,high_minus_low,interaction,-0.04175050619566673
meta-llama/Llama-3.3-70B-Instruct,pb_t018_18,random_high_minus_low,20261220,1.0,high_minus_low,interaction,-0.040751104086277155
meta-llama/Llama-3.3-70B-Instruct,pb_t023_09,random_high_minus_low,20261220,1.0,high_minus_low,interaction,-0.03182974910186127
meta-llama/Llama-3.3-70B-Instruct,pb_t023_12,random_high_minus_low,20261220,1.0,high_minus_low,interaction,-0.03710998021112976
meta-llama/Llama-3.3-70B-Instruct,pb_t023_13,random_high_minus_low,20261220,1.0,high_minus_low,interaction,-0.028493004628157296
meta-llama/Llama-3.3-70B-Instruct,pb_t023_17,random_high_minus_low,20261220,1.0,high_minus_low,interaction,-0.03204198108781375
meta-llama/Llama-3.3-70B-Instruct,pb_t023_20,random_high_minus_low,20261220,1.0,high_minus_low,interaction,-0.030833053423478436
meta-llama/Llama-3.3-70B-Instruct,pb_t029_07,random_high_minus_low,20261220,1.0,high_minus_low,interaction,-0.045101996854991826
meta-llama/Llama-3.3-70B-Instruct,pb_t029_09,random_high_minus_low,20261220,1.0,high_minus_low,interaction,-0.019083494006578137
meta-llama/Llama-3.3-70B-Instruct,pb_t029_10,random_high_minus_low,20261220,1.0,high_minus_low,interaction,-0.04538670369274622
meta-llama/Llama-3.3-70B-Instruct,pb_t029_11,random_high_minus_low,20261220,1.0,high_minus_low,interaction,-0.03642651264736575
meta-llama/Llama-3.3-70B-Instruct,pb_t029_12,random_high_minus_low,20261220,1.0,high_minus_low,interaction,-0.03641049558229395
meta-llama/Llama-3.3-70B-Instruct,pb_t031_06,random_high_minus_low,20261220,1.0,high_minus_low,interaction,-0.022063968683736404
meta-llama/Llama-3.3-70B-Instruct,pb_t031_09,random_high_minus_low,20261220,1.0,high_minus_low,interaction,-0.02329788077556483
meta-llama/Llama-3.3-70B-Instruct,pb_t031_12,random_high_minus_low,20261220,1.0,high_minus_low,interaction,-0.02470733854216987
meta-llama/Llama-3.3-70B-Instruct,pb_t031_13,random_high_minus_low,20261220,1.0,high_minus_low,interaction,-0.023186148556714452
meta-llama/Llama-3.3-70B-Instruct,pb_t031_16,random_high_minus_low,20261220,1.0,high_minus_low,interaction,-0.04995311997193531
meta-llama/Llama-3.3-70B-Instruct,pb_t032_08,random_high_minus_low,20261220,1.0,high_minus_low,interaction,-0.04659705116513045
meta-llama/Llama-3.3-70B-Instruct,pb_t032_09,random_high_minus_low,20261220,1.0,high_minus_low,interaction,-0.014230736677843525
meta-llama/Llama-3.3-70B-Instruct,pb_t032_13,random_high_minus_low,20261220,1.0,high_minus_low,interaction,-0.04397855704225608
meta-llama/Llama-3.3-70B-Instruct,pb_t032_15,random_high_minus_low,20261220,1.0,high_minus_low,interaction,-0.02996697396429674
meta-llama/Llama-3.3-70B-Instruct,pb_t032_16,random_high_minus_low,20261220,1.0,high_minus_low,interaction,-0.04632462047102049
meta-llama/Llama-3.3-70B-Instruct,pb_t035_06,random_high_minus_low,20261220,1.0,high_minus_low,interaction,-0.03633708929996763
meta-llama/Llama-3.3-70B-Instruct,pb_t035_13,random_high_minus_low,20261220,1.0,high_minus_low,interaction,-0.04383961915374036
meta-llama/Llama-3.3-70B-Instruct,pb_t035_15,random_high_minus_low,20261220,1.0,high_minus_low,interaction,-0.030382146488256434
meta-llama/Llama-3.3-70B-Instruct,pb_t035_20,random_high_minus_low,20261220,1.0,high_minus_low,interaction,-0.042416585813820074
meta-llama/Llama-3.3-70B-Instruct,pb_t035_22,random_high_minus_low,20261220,1.0,high_minus_low,interaction,-0.022188868222261376
meta-llama/Llama-3.3-70B-Instruct,pb_t040_08,random_high_minus_low,20261220,1.0,high_minus_low,interaction,-0.03672742084285412
meta-llama/Llama-3.3-70B-Instruct,pb_t040_10,random_high_minus_low,20261220,1.0,high_minus_low,interaction,-0.030557133718347826
meta-llama/Llama-3.3-70B-Instruct,pb_t040_13,random_high_minus_low,20261220,1.0,high_minus_low,interaction,-0.05692624855201767
meta-llama/Llama-3.3-70B-Instruct,pb_t040_14,random_high_minus_low,20261220,1.0,high_minus_low,interaction,-0.046101047986574877
meta-llama/Llama-3.3-70B-Instruct,pb_t040_15,random_high_minus_low,20261220,1.0,high_minus_low,interaction,-0.027599257281169107
meta-llama/Llama-3.3-70B-Instruct,pb_t001_08,random_high_minus_low,20261221,1.0,high_minus_low,interaction,0.017155247394764865
meta-llama/Llama-3.3-70B-Instruct,pb_t001_10,random_high_minus_low,20261221,1.0,high_minus_low,interaction,0.026951655558024246
meta-llama/Llama-3.3-70B-Instruct,pb_t001_11,random_high_minus_low,20261221,1.0,high_minus_low,interaction,0.013540237220424325
meta-llama/Llama-3.3-70B-Instruct,pb_t001_12,random_high_minus_low,20261221,1.0,high_minus_low,interaction,0.025315429450939436
meta-llama/Llama-3.3-70B-Instruct,pb_t001_15,random_high_minus_low,20261221,1.0,high_minus_low,interaction,0.028807164111467595
meta-llama/Llama-3.3-70B-Instruct,pb_t002_08,random_high_minus_low,20261221,1.0,high_minus_low,interaction,-0.0018365153124575034
meta-llama/Llama-3.3-70B-Instruct,pb_t002_16,random_high_minus_low,20261221,1.0,high_minus_low,interaction,0.01024936189683064
meta-llama/Llama-3.3-70B-Instruct,pb_t002_17,random_high_minus_low,20261221,1.0,high_minus_low,interaction,0.026061830791459968
meta-llama/Llama-3.3-70B-Instruct,pb_t002_18,random_high_minus_low,20261221,1.0,high_minus_low,interaction,0.023197953464492098
meta-llama/Llama-3.3-70B-Instruct,pb_t002_20,random_high_minus_low,20261221,1.0,high_minus_low,interaction,0.00946181287121835
meta-llama/Llama-3.3-70B-Instruct,pb_t004_10,random_high_minus_low,20261221,1.0,high_minus_low,interaction,0.030706678949027028
meta-llama/Llama-3.3-70B-Instruct,pb_t004_11,random_high_minus_low,20261221,1.0,high_minus_low,interaction,-0.021997703564883942
meta-llama/Llama-3.3-70B-Instruct,pb_t004_13,random_high_minus_low,20261221,1.0,high_minus_low,interaction,0.012272700989957482
meta-llama/Llama-3.3-70B-Instruct,pb_t004_17,random_high_minus_low,20261221,1.0,high_minus_low,interaction,0.010607548238796172
meta-llama/Llama-3.3-70B-Instruct,pb_t004_20,random_high_minus_low,20261221,1.0,high_minus_low,interaction,0.03321772722356075
meta-llama/Llama-3.3-70B-Instruct,pb_t006_09,random_high_minus_low,20261221,1.0,high_minus_low,interaction,0.03668516448250636
meta-llama/Llama-3.3-70B-Instruct,pb_t006_10,random_high_minus_low,20261221,1.0,high_minus_low,interaction,0.02230875811157475
meta-llama/Llama-3.3-70B-Instruct,pb_t006_12,random_high_minus_low,20261221,1.0,high_minus_low,interaction,0.012375261533218822
meta-llama/Llama-3.3-70B-Instruct,pb_t006_18,random_high_minus_low,20261221,1.0,high_minus_low,interaction,0.029279100679878146
meta-llama/Llama-3.3-70B-Instruct,pb_t006_19,random_high_minus_low,20261221,1.0,high_minus_low,interaction,0.03579600120372141
meta-llama/Llama-3.3-70B-Instruct,pb_t007_09,random_high_minus_low,20261221,1.0,high_minus_low,interaction,0.008655933286609964
meta-llama/Llama-3.3-70B-Instruct,pb_t007_10,random_high_minus_low,20261221,1.0,high_minus_low,interaction,0.03624814285428995
meta-llama/Llama-3.3-70B-Instruct,pb_t007_16,random_high_minus_low,20261221,1.0,high_minus_low,interaction,0.023373824315981732
meta-llama/Llama-3.3-70B-Instruct,pb_t007_17,random_high_minus_low,20261221,1.0,high_minus_low,interaction,0.01463768940311254
meta-llama/Llama-3.3-70B-Instruct,pb_t007_19,random_high_minus_low,20261221,1.0,high_minus_low,interaction,0.012060360767239067
meta-llama/Llama-3.3-70B-Instruct,pb_t008_09,random_high_minus_low,20261221,1.0,high_minus_low,interaction,0.031931466418919516
meta-llama/Llama-3.3-70B-Instruct,pb_t008_11,random_high_minus_low,20261221,1.0,high_minus_low,interaction,0.01786959917644127
meta-llama/Llama-3.3-70B-Instruct,pb_t008_16,random_high_minus_low,20261221,1.0,high_minus_low,interaction,0.006566737229088769
meta-llama/Llama-3.3-70B-Instruct,pb_t008_17,random_high_minus_low,20261221,1.0,high_minus_low,interaction,0.034405095346085504
meta-llama/Llama-3.3-70B-Instruct,pb_t008_20,random_high_minus_low,20261221,1.0,high_minus_low,interaction,-0.00011624799002349592
meta-llama/Llama-3.3-70B-Instruct,pb_t009_07,random_high_minus_low,20261221,1.0,high_minus_low,interaction,0.026809213585698162
meta-llama/Llama-3.3-70B-Instruct,pb_t009_12,random_high_minus_low,20261221,1.0,high_minus_low,interaction,0.02423813515061578
meta-llama/Llama-3.3-70B-Instruct,pb_t009_15,random_high_minus_low,20261221,1.0,high_minus_low,interaction,0.0328764929647857
meta-llama/Llama-3.3-70B-Instruct,pb_t009_17,random_high_minus_low,20261221,1.0,high_minus_low,interaction,0.024761142393763345
meta-llama/Llama-3.3-70B-Instruct,pb_t009_19,random_high_minus_low,20261221,1.0,high_minus_low,interaction,0.02495636647561985
meta-llama/Llama-3.3-70B-Instruct,pb_t010_09,random_high_minus_low,20261221,1.0,high_minus_low,interaction,0.016270102799332116
meta-llama/Llama-3.3-70B-Instruct,pb_t010_12,random_high_minus_low,20261221,1.0,high_minus_low,interaction,0.03433735283918967
meta-llama/Llama-3.3-70B-Instruct,pb_t010_17,random_high_minus_low,20261221,1.0,high_minus_low,interaction,0.026306746823733712
meta-llama/Llama-3.3-70B-Instruct,pb_t010_19,random_high_minus_low,20261221,1.0,high_minus_low,interaction,0.0297640873061206
meta-llama/Llama-3.3-70B-Instruct,pb_t010_20,random_high_minus_low,20261221,1.0,high_minus_low,interaction,0.04175023167968998
meta-llama/Llama-3.3-70B-Instruct,pb_t016_09,random_high_minus_low,20261221,1.0,high_minus_low,interaction,0.027656530626043393
meta-llama/Llama-3.3-70B-Instruct,pb_t016_10,random_high_minus_low,20261221,1.0,high_minus_low,interaction,0.042044698940031114
meta-llama/Llama-3.3-70B-Instruct,pb_t016_12,random_high_minus_low,20261221,1.0,high_minus_low,interaction,0.030006085261113754
meta-llama/Llama-3.3-70B-Instruct,pb_t016_17,random_high_minus_low,20261221,1.0,high_minus_low,interaction,0.01529752064260247
meta-llama/Llama-3.3-70B-Instruct,pb_t016_20,random_high_minus_low,20261221,1.0,high_minus_low,interaction,0.02544185542305195
meta-llama/Llama-3.3-70B-Instruct,pb_t018_08,random_high_minus_low,20261221,1.0,high_minus_low,interaction,0.021286398474044767
meta-llama/Llama-3.3-70B-Instruct,pb_t018_10,random_high_minus_low,20261221,1.0,high_minus_low,interaction,0.031498424681603625
meta-llama/Llama-3.3-70B-Instruct,pb_t018_11,random_high_minus_low,20261221,1.0,high_minus_low,interaction,0.007253563573835585
meta-llama/Llama-3.3-70B-Instruct,pb_t018_14,random_high_minus_low,20261221,1.0,high_minus_low,interaction,0.027381177568670034
meta-llama/Llama-3.3-70B-Instruct,pb_t018_18,random_high_minus_low,20261221,1.0,high_minus_low,interaction,0.01813777663655012
meta-llama/Llama-3.3-70B-Instruct,pb_t023_09,random_high_minus_low,20261221,1.0,high_minus_low,interaction,0.026420263695505174
meta-llama/Llama-3.3-70B-Instruct,pb_t023_12,random_high_minus_low,20261221,1.0,high_minus_low,interaction,0.02291355981400302
meta-llama/Llama-3.3-70B-Instruct,pb_t023_13,random_high_minus_low,20261221,1.0,high_minus_low,interaction,0.007012954504444743
meta-llama/Llama-3.3-70B-Instruct,pb_t023_17,random_high_minus_low,20261221,1.0,high_minus_low,interaction,0.020259914775895744
meta-llama/Llama-3.3-70B-Instruct,pb_t023_20,random_high_minus_low,20261221,1.0,high_minus_low,interaction,-0.0020974952187346463
meta-llama/Llama-3.3-70B-Instruct,pb_t029_07,random_high_minus_low,20261221,1.0,high_minus_low,interaction,0.03539486024673447
meta-llama/Llama-3.3-70B-Instruct,pb_t029_09,random_high_minus_low,20261221,1.0,high_minus_low,interaction,0.027255872662263467
meta-llama/Llama-3.3-70B-Instruct,pb_t029_10,random_high_minus_low,20261221,1.0,high_minus_low,interaction,0.014187190098400658
meta-llama/Llama-3.3-70B-Instruct,pb_t029_11,random_high_minus_low,20261221,1.0,high_minus_low,interaction,-0.002738094586881506
meta-llama/Llama-3.3-70B-Instruct,pb_t029_12,random_high_minus_low,20261221,1.0,high_minus_low,interaction,0.029324224580346392
meta-llama/Llama-3.3-70B-Instruct,pb_t031_06,random_high_minus_low,20261221,1.0,high_minus_low,interaction,-0.0011423247978498128
meta-llama/Llama-3.3-70B-Instruct,pb_t031_09,random_high_minus_low,20261221,1.0,high_minus_low,interaction,0.022422057056337638
meta-llama/Llama-3.3-70B-Instruct,pb_t031_12,random_high_minus_low,20261221,1.0,high_minus_low,interaction,0.02982779678518541
meta-llama/Llama-3.3-70B-Instruct,pb_t031_13,random_high_minus_low,20261221,1.0,high_minus_low,interaction,0.00759657845805697
meta-llama/Llama-3.3-70B-Instruct,pb_t031_16,random_high_minus_low,20261221,1.0,high_minus_low,interaction,0.017581314579711425
meta-llama/Llama-3.3-70B-Instruct,pb_t032_08,random_high_minus_low,20261221,1.0,high_minus_low,interaction,0.025079176429189123
meta-llama/Llama-3.3-70B-Instruct,pb_t032_09,random_high_minus_low,20261221,1.0,high_minus_low,interaction,-0.0013545322063331375
meta-llama/Llama-3.3-70B-Instruct,pb_t032_13,random_high_minus_low,20261221,1.0,high_minus_low,interaction,0.01941183553606587
meta-llama/Llama-3.3-70B-Instruct,pb_t032_15,random_high_minus_low,20261221,1.0,high_minus_low,interaction,0.018074473005759466
meta-llama/Llama-3.3-70B-Instruct,pb_t032_16,random_high_minus_low,20261221,1.0,high_minus_low,interaction,0.019122929727444775
meta-llama/Llama-3.3-70B-Instruct,pb_t035_06,random_high_minus_low,20261221,1.0,high_minus_low,interaction,0.017216931820932292
meta-llama/Llama-3.3-70B-Instruct,pb_t035_13,random_high_minus_low,20261221,1.0,high_minus_low,interaction,-0.0014778680423287865
meta-llama/Llama-3.3-70B-Instruct,pb_t035_15,random_high_minus_low,20261221,1.0,high_minus_low,interaction,0.022418131530866917
meta-llama/Llama-3.3-70B-Instruct,pb_t035_20,random_high_minus_low,20261221,1.0,high_minus_low,interaction,0.01710302768603319
meta-llama/Llama-3.3-70B-Instruct,pb_t035_22,random_high_minus_low,20261221,1.0,high_minus_low,interaction,0.017919201537213263
meta-llama/Llama-3.3-70B-Instruct,pb_t040_08,random_high_minus_low,20261221,1.0,high_minus_low,interaction,0.023033540719067096
meta-llama/Llama-3.3-70B-Instruct,pb_t040_10,random_high_minus_low,20261221,1.0,high_minus_low,interaction,0.024943062687694317
meta-llama/Llama-3.3-70B-Instruct,pb_t040_13,random_high_minus_low,20261221,1.0,high_minus_low,interaction,0.03557102529238154
meta-llama/Llama-3.3-70B-Instruct,pb_t040_14,random_high_minus_low,20261221,1.0,high_minus_low,interaction,0.03870597451196578
meta-llama/Llama-3.3-70B-Instruct,pb_t040_15,random_high_minus_low,20261221,1.0,high_minus_low,interaction,0.03145706647813254
meta-llama/Llama-3.3-70B-Instruct,pb_t001_08,random_high_minus_low,20261222,1.0,high_minus_low,interaction,-0.011482043788213728
meta-llama/Llama-3.3-70B-Instruct,pb_t001_10,random_high_minus_low,20261222,1.0,high_minus_low,interaction,-0.049318473253388076
meta-llama/Llama-3.3-70B-Instruct,pb_t001_11,random_high_minus_low,20261222,1.0,high_minus_low,interaction,-0.019332288003073628
meta-llama/Llama-3.3-70B-Instruct,pb_t001_12,random_high_minus_low,20261222,1.0,high_minus_low,interaction,-0.010145320077676752
meta-llama/Llama-3.3-70B-Instruct,pb_t001_15,random_high_minus_low,20261222,1.0,high_minus_low,interaction,-0.028376870408125365
meta-llama/Llama-3.3-70B-Instruct,pb_t002_08,random_high_minus_low,20261222,1.0,high_minus_low,interaction,0.0020467726278114774
meta-llama/Llama-3.3-70B-Instruct,pb_t002_16,random_high_minus_low,20261222,1.0,high_minus_low,interaction,-0.018060642186944562
meta-llama/Llama-3.3-70B-Instruct,pb_t002_17,random_high_minus_low,20261222,1.0,high_minus_low,interaction,-0.012436812331108292
meta-llama/Llama-3.3-70B-Instruct,pb_t002_18,random_high_minus_low,20261222,1.0,high_minus_low,interaction,-0.020293248823411707
meta-llama/Llama-3.3-70B-Instruct,pb_t002_20,random_high_minus_low,20261222,1.0,high_minus_low,interaction,-0.03728045719520406
meta-llama/Llama-3.3-70B-Instruct,pb_t004_10,random_high_minus_low,20261222,1.0,high_minus_low,interaction,-0.018505123093951435
meta-llama/Llama-3.3-70B-Instruct,pb_t004_11,random_high_minus_low,20261222,1.0,high_minus_low,interaction,-0.02334501970380967
meta-llama/Llama-3.3-70B-Instruct,pb_t004_13,random_high_minus_low,20261222,1.0,high_minus_low,interaction,-0.025860614555639563
meta-llama/Llama-3.3-70B-Instruct,pb_t004_17,random_high_minus_low,20261222,1.0,high_minus_low,interaction,-0.03595139374758491
meta-llama/Llama-3.3-70B-Instruct,pb_t004_20,random_high_minus_low,20261222,1.0,high_minus_low,interaction,-0.0250871382453374
meta-llama/Llama-3.3-70B-Instruct,pb_t006_09,random_high_minus_low,20261222,1.0,high_minus_low,interaction,-0.0058526662341064194
meta-llama/Llama-3.3-70B-Instruct,pb_t006_10,random_high_minus_low,20261222,1.0,high_minus_low,interaction,-0.027695195625802586
meta-llama/Llama-3.3-70B-Instruct,pb_t006_12,random_high_minus_low,20261222,1.0,high_minus_low,interaction,-0.049809197669072144
meta-llama/Llama-3.3-70B-Instruct,pb_t006_18,random_high_minus_low,20261222,1.0,high_minus_low,interaction,-0.007804242274103926
meta-llama/Llama-3.3-70B-Instruct,pb_t006_19,random_high_minus_low,20261222,1.0,high_minus_low,interaction,-0.013587085493307206
meta-llama/Llama-3.3-70B-Instruct,pb_t007_09,random_high_minus_low,20261222,1.0,high_minus_low,interaction,-0.00021963676756873302
meta-llama/Llama-3.3-70B-Instruct,pb_t007_10,random_high_minus_low,20261222,1.0,high_minus_low,interaction,-0.005500778889863105
meta-llama/Llama-3.3-70B-Instruct,pb_t007_16,random_high_minus_low,20261222,1.0,high_minus_low,interaction,-0.03519920988801834
meta-llama/Llama-3.3-70B-Instruct,pb_t007_17,random_high_minus_low,20261222,1.0,high_minus_low,interaction,-0.03138671078181679
meta-llama/Llama-3.3-70B-Instruct,pb_t007_19,random_high_minus_low,20261222,1.0,high_minus_low,interaction,-0.02605313310868878
meta-llama/Llama-3.3-70B-Instruct,pb_t008_09,random_high_minus_low,20261222,1.0,high_minus_low,interaction,0.006695756091892957
meta-llama/Llama-3.3-70B-Instruct,pb_t008_11,random_high_minus_low,20261222,1.0,high_minus_low,interaction,-0.02581743137416972
meta-llama/Llama-3.3-70B-Instruct,pb_t008_16,random_high_minus_low,20261222,1.0,high_minus_low,interaction,-0.030200871716463684
meta-llama/Llama-3.3-70B-Instruct,pb_t008_17,random_high_minus_low,20261222,1.0,high_minus_low,interaction,-0.01655555679631864
meta-llama/Llama-3.3-70B-Instruct,pb_t008_20,random_high_minus_low,20261222,1.0,high_minus_low,interaction,-0.004716593273459903
meta-llama/Llama-3.3-70B-Instruct,pb_t009_07,random_high_minus_low,20261222,1.0,high_minus_low,interaction,-0.011533760684780426
meta-llama/Llama-3.3-70B-Instruct,pb_t009_12,random_high_minus_low,20261222,1.0,high_minus_low,interaction,-0.02432044797951548
meta-llama/Llama-3.3-70B-Instruct,pb_t009_15,random_high_minus_low,20261222,1.0,high_minus_low,interaction,-0.002604841486589711
meta-llama/Llama-3.3-70B-Instruct,pb_t009_17,random_high_minus_low,20261222,1.0,high_minus_low,interaction,-0.007851054317660994
meta-llama/Llama-3.3-70B-Instruct,pb_t009_19,random_high_minus_low,20261222,1.0,high_minus_low,interaction,-0.015049601682040642
meta-llama/Llama-3.3-70B-Instruct,pb_t010_09,random_high_minus_low,20261222,1.0,high_minus_low,interaction,-0.03387655967158596
meta-llama/Llama-3.3-70B-Instruct,pb_t010_12,random_high_minus_low,20261222,1.0,high_minus_low,interaction,-0.0042930626389868845
meta-llama/Llama-3.3-70B-Instruct,pb_t010_17,random_high_minus_low,20261222,1.0,high_minus_low,interaction,-0.0060264351428976235
meta-llama/Llama-3.3-70B-Instruct,pb_t010_19,random_high_minus_low,20261222,1.0,high_minus_low,interaction,-0.0071674570143598106
meta-llama/Llama-3.3-70B-Instruct,pb_t010_20,random_high_minus_low,20261222,1.0,high_minus_low,interaction,-0.01910470284218921
meta-llama/Llama-3.3-70B-Instruct,pb_t016_09,random_high_minus_low,20261222,1.0,high_minus_low,interaction,-0.010802430434098176
meta-llama/Llama-3.3-70B-Instruct,pb_t016_10,random_high_minus_low,20261222,1.0,high_minus_low,interaction,-0.055519626365485394
meta-llama/Llama-3.3-70B-Instruct,pb_t016_12,random_high_minus_low,20261222,1.0,high_minus_low,interaction,-0.029904652072509315
meta-llama/Llama-3.3-70B-Instruct,pb_t016_17,random_high_minus_low,20261222,1.0,high_minus_low,interaction,-0.014328870376386886
meta-llama/Llama-3.3-70B-Instruct,pb_t016_20,random_high_minus_low,20261222,1.0,high_minus_low,interaction,-0.010090750672579661
meta-llama/Llama-3.3-70B-Instruct,pb_t018_08,random_high_minus_low,20261222,1.0,high_minus_low,interaction,-0.001240874140842845
meta-llama/Llama-3.3-70B-Instruct,pb_t018_10,random_high_minus_low,20261222,1.0,high_minus_low,interaction,-0.009388774813036316
meta-llama/Llama-3.3-70B-Instruct,pb_t018_11,random_high_minus_low,20261222,1.0,high_minus_low,interaction,-0.03944049527386717
meta-llama/Llama-3.3-70B-Instruct,pb_t018_14,random_high_minus_low,20261222,1.0,high_minus_low,interaction,-0.016073227730519942
meta-llama/Llama-3.3-70B-Instruct,pb_t018_18,random_high_minus_low,20261222,1.0,high_minus_low,interaction,-0.0003400354330033977
meta-llama/Llama-3.3-70B-Instruct,pb_t023_09,random_high_minus_low,20261222,1.0,high_minus_low,interaction,-0.019212566228029488
meta-llama/Llama-3.3-70B-Instruct,pb_t023_12,random_high_minus_low,20261222,1.0,high_minus_low,interaction,-0.012805660685582644
meta-llama/Llama-3.3-70B-Instruct,pb_t023_13,random_high_minus_low,20261222,1.0,high_minus_low,interaction,-0.029628773655839855
meta-llama/Llama-3.3-70B-Instruct,pb_t023_17,random_high_minus_low,20261222,1.0,high_minus_low,interaction,-0.011224628080216568
meta-llama/Llama-3.3-70B-Instruct,pb_t023_20,random_high_minus_low,20261222,1.0,high_minus_low,interaction,-0.008253694793213045
meta-llama/Llama-3.3-70B-Instruct,pb_t029_07,random_high_minus_low,20261222,1.0,high_minus_low,interaction,-0.02817480277539938
meta-llama/Llama-3.3-70B-Instruct,pb_t029_09,random_high_minus_low,20261222,1.0,high_minus_low,interaction,-0.015146012659236742
meta-llama/Llama-3.3-70B-Instruct,pb_t029_10,random_high_minus_low,20261222,1.0,high_minus_low,interaction,-0.030040047304176178
meta-llama/Llama-3.3-70B-Instruct,pb_t029_11,random_high_minus_low,20261222,1.0,high_minus_low,interaction,-0.04456965166733063
meta-llama/Llama-3.3-70B-Instruct,pb_t029_12,random_high_minus_low,20261222,1.0,high_minus_low,interaction,-0.025423688925885955
meta-llama/Llama-3.3-70B-Instruct,pb_t031_06,random_high_minus_low,20261222,1.0,high_minus_low,interaction,0.0004349000526607041
meta-llama/Llama-3.3-70B-Instruct,pb_t031_09,random_high_minus_low,20261222,1.0,high_minus_low,interaction,-0.012045692859983895
meta-llama/Llama-3.3-70B-Instruct,pb_t031_12,random_high_minus_low,20261222,1.0,high_minus_low,interaction,0.001275862657380035
meta-llama/Llama-3.3-70B-Instruct,pb_t031_13,random_high_minus_low,20261222,1.0,high_minus_low,interaction,-0.02454403421994892
meta-llama/Llama-3.3-70B-Instruct,pb_t031_16,random_high_minus_low,20261222,1.0,high_minus_low,interaction,-0.018458069090418232
meta-llama/Llama-3.3-70B-Instruct,pb_t032_08,random_high_minus_low,20261222,1.0,high_minus_low,interaction,-0.011030256983245501
meta-llama/Llama-3.3-70B-Instruct,pb_t032_09,random_high_minus_low,20261222,1.0,high_minus_low,interaction,0.0045954710337663095
meta-llama/Llama-3.3-70B-Instruct,pb_t032_13,random_high_minus_low,20261222,1.0,high_minus_low,interaction,-0.016969236640327755
meta-llama/Llama-3.3-70B-Instruct,pb_t032_15,random_high_minus_low,20261222,1.0,high_minus_low,interaction,-0.036317254186244784
meta-llama/Llama-3.3-70B-Instruct,pb_t032_16,random_high_minus_low,20261222,1.0,high_minus_low,interaction,-0.0005303080263524007
meta-llama/Llama-3.3-70B-Instruct,pb_t035_06,random_high_minus_low,20261222,1.0,high_minus_low,interaction,-0.040175701047533735
meta-llama/Llama-3.3-70B-Instruct,pb_t035_13,random_high_minus_low,20261222,1.0,high_minus_low,interaction,-0.007907618128076832
meta-llama/Llama-3.3-70B-Instruct,pb_t035_15,random_high_minus_low,20261222,1.0,high_minus_low,interaction,-0.0013868486152950692
meta-llama/Llama-3.3-70B-Instruct,pb_t035_20,random_high_minus_low,20261222,1.0,high_minus_low,interaction,-0.012689830395055413
meta-llama/Llama-3.3-70B-Instruct,pb_t035_22,random_high_minus_low,20261222,1.0,high_minus_low,interaction,-0.025312347746498105
meta-llama/Llama-3.3-70B-Instruct,pb_t040_08,random_high_minus_low,20261222,1.0,high_minus_low,interaction,-0.02032921263160652
meta-llama/Llama-3.3-70B-Instruct,pb_t040_10,random_high_minus_low,20261222,1.0,high_minus_low,interaction,-0.016509109564448586
meta-llama/Llama-3.3-70B-Instruct,pb_t040_13,random_high_minus_low,20261222,1.0,high_minus_low,interaction,-0.027142526122132485
meta-llama/Llama-3.3-70B-Instruct,pb_t040_14,random_high_minus_low,20261222,1.0,high_minus_low,interaction,-0.07306916699172672
meta-llama/Llama-3.3-70B-Instruct,pb_t040_15,random_high_minus_low,20261222,1.0,high_minus_low,interaction,-0.016040277319410438
meta-llama/Llama-3.3-70B-Instruct,pb_t001_08,random_high_minus_low,20261223,1.0,high_minus_low,interaction,-0.013700192896589846
meta-llama/Llama-3.3-70B-Instruct,pb_t001_10,random_high_minus_low,20261223,1.0,high_minus_low,interaction,-0.007519423742785841
meta-llama/Llama-3.3-70B-Instruct,pb_t001_11,random_high_minus_low,20261223,1.0,high_minus_low,interaction,-0.014699176008602504
meta-llama/Llama-3.3-70B-Instruct,pb_t001_12,random_high_minus_low,20261223,1.0,high_minus_low,interaction,-0.03276449146222142
meta-llama/Llama-3.3-70B-Instruct,pb_t001_15,random_high_minus_low,20261223,1.0,high_minus_low,interaction,-0.023888432168876924
meta-llama/Llama-3.3-70B-Instruct,pb_t002_08,random_high_minus_low,20261223,1.0,high_minus_low,interaction,-0.0434714123139352
meta-llama/Llama-3.3-70B-Instruct,pb_t002_16,random_high_minus_low,20261223,1.0,high_minus_low,interaction,-0.015792531639984942
meta-llama/Llama-3.3-70B-Instruct,pb_t002_17,random_high_minus_low,20261223,1.0,high_minus_low,interaction,-0.035448358030397545
meta-llama/Llama-3.3-70B-Instruct,pb_t002_18,random_high_minus_low,20261223,1.0,high_minus_low,interaction,-0.024509284392939132
meta-llama/Llama-3.3-70B-Instruct,pb_t002_20,random_high_minus_low,20261223,1.0,high_minus_low,interaction,-0.029379963977671945
meta-llama/Llama-3.3-70B-Instruct,pb_t004_10,random_high_minus_low,20261223,1.0,high_minus_low,interaction,-0.017058859577273818
meta-llama/Llama-3.3-70B-Instruct,pb_t004_11,random_high_minus_low,20261223,1.0,high_minus_low,interaction,-0.01462239881069313
meta-llama/Llama-3.3-70B-Instruct,pb_t004_13,random_high_minus_low,20261223,1.0,high_minus_low,interaction,-0.04081471981390845
meta-llama/Llama-3.3-70B-Instruct,pb_t004_17,random_high_minus_low,20261223,1.0,high_minus_low,interaction,-0.0251999785728416
meta-llama/Llama-3.3-70B-Instruct,pb_t004_20,random_high_minus_low,20261223,1.0,high_minus_low,interaction,-0.0294193834251403
meta-llama/Llama-3.3-70B-Instruct,pb_t006_09,random_high_minus_low,20261223,1.0,high_minus_low,interaction,-0.02413287250192815
meta-llama/Llama-3.3-70B-Instruct,pb_t006_10,random_high_minus_low,20261223,1.0,high_minus_low,interaction,-0.03570706214451602
meta-llama/Llama-3.3-70B-Instruct,pb_t006_12,random_high_minus_low,20261223,1.0,high_minus_low,interaction,-0.03576733488308582
meta-llama/Llama-3.3-70B-Instruct,pb_t006_18,random_high_minus_low,20261223,1.0,high_minus_low,interaction,-0.015505389005324645
meta-llama/Llama-3.3-70B-Instruct,pb_t006_19,random_high_minus_low,20261223,1.0,high_minus_low,interaction,-0.009846830798411255
meta-llama/Llama-3.3-70B-Instruct,pb_t007_09,random_high_minus_low,20261223,1.0,high_minus_low,interaction,-0.01396496063280418
meta-llama/Llama-3.3-70B-Instruct,pb_t007_10,random_high_minus_low,20261223,1.0,high_minus_low,interaction,-0.004067531793007958
meta-llama/Llama-3.3-70B-Instruct,pb_t007_16,random_high_minus_low,20261223,1.0,high_minus_low,interaction,-0.03972922192524316
meta-llama/Llama-3.3-70B-Instruct,pb_t007_17,random_high_minus_low,20261223,1.0,high_minus_low,interaction,-0.003365688050448207
meta-llama/Llama-3.3-70B-Instruct,pb_t007_19,random_high_minus_low,20261223,1.0,high_minus_low,interaction,-0.025256395081744765
meta-llama/Llama-3.3-70B-Instruct,pb_t008_09,random_high_minus_low,20261223,1.0,high_minus_low,interaction,-0.02284927605966704
meta-llama/Llama-3.3-70B-Instruct,pb_t008_11,random_high_minus_low,20261223,1.0,high_minus_low,interaction,-0.02317298829905668
meta-llama/Llama-3.3-70B-Instruct,pb_t008_16,random_high_minus_low,20261223,1.0,high_minus_low,interaction,-0.022210102724713576
meta-llama/Llama-3.3-70B-Instruct,pb_t008_17,random_high_minus_low,20261223,1.0,high_minus_low,interaction,-0.025825139403424176
meta-llama/Llama-3.3-70B-Instruct,pb_t008_20,random_high_minus_low,20261223,1.0,high_minus_low,interaction,-0.011972998732735707
meta-llama/Llama-3.3-70B-Instruct,pb_t009_07,random_high_minus_low,20261223,1.0,high_minus_low,interaction,-0.02111472316139634
meta-llama/Llama-3.3-70B-Instruct,pb_t009_12,random_high_minus_low,20261223,1.0,high_minus_low,interaction,-0.02339572637247763
meta-llama/Llama-3.3-70B-Instruct,pb_t009_15,random_high_minus_low,20261223,1.0,high_minus_low,interaction,-0.011802800445340662
meta-llama/Llama-3.3-70B-Instruct,pb_t009_17,random_high_minus_low,20261223,1.0,high_minus_low,interaction,0.005307848755883039
meta-llama/Llama-3.3-70B-Instruct,pb_t009_19,random_high_minus_low,20261223,1.0,high_minus_low,interaction,-0.011212436254240048
meta-llama/Llama-3.3-70B-Instruct,pb_t010_09,random_high_minus_low,20261223,1.0,high_minus_low,interaction,-0.03568439224480558
meta-llama/Llama-3.3-70B-Instruct,pb_t010_12,random_high_minus_low,20261223,1.0,high_minus_low,interaction,-0.024928980144052842
meta-llama/Llama-3.3-70B-Instruct,pb_t010_17,random_high_minus_low,20261223,1.0,high_minus_low,interaction,0.0008991212779020789
meta-llama/Llama-3.3-70B-Instruct,pb_t010_19,random_high_minus_low,20261223,1.0,high_minus_low,interaction,-0.014729089131130758
meta-llama/Llama-3.3-70B-Instruct,pb_t010_20,random_high_minus_low,20261223,1.0,high_minus_low,interaction,-0.017323339988654388
meta-llama/Llama-3.3-70B-Instruct,pb_t016_09,random_high_minus_low,20261223,1.0,high_minus_low,interaction,-0.006061922922453604
meta-llama/Llama-3.3-70B-Instruct,pb_t016_10,random_high_minus_low,20261223,1.0,high_minus_low,interaction,-0.024581348971644008
meta-llama/Llama-3.3-70B-Instruct,pb_t016_12,random_high_minus_low,20261223,1.0,high_minus_low,interaction,-0.015232668303975834
meta-llama/Llama-3.3-70B-Instruct,pb_t016_17,random_high_minus_low,20261223,1.0,high_minus_low,interaction,-0.0059991985917362475
meta-llama/Llama-3.3-70B-Instruct,pb_t016_20,random_high_minus_low,20261223,1.0,high_minus_low,interaction,-0.018428727982795958
meta-llama/Llama-3.3-70B-Instruct,pb_t018_08,random_high_minus_low,20261223,1.0,high_minus_low,interaction,-0.01062244708707875
meta-llama/Llama-3.3-70B-Instruct,pb_t018_10,random_high_minus_low,20261223,1.0,high_minus_low,interaction,-0.0019153950186463881
meta-llama/Llama-3.3-70B-Instruct,pb_t018_11,random_high_minus_low,20261223,1.0,high_minus_low,interaction,-0.02587634271924552
meta-llama/Llama-3.3-70B-Instruct,pb_t018_14,random_high_minus_low,20261223,1.0,high_minus_low,interaction,-0.01204940889797039
meta-llama/Llama-3.3-70B-Instruct,pb_t018_18,random_high_minus_low,20261223,1.0,high_minus_low,interaction,-0.006584640993157599
meta-llama/Llama-3.3-70B-Instruct,pb_t023_09,random_high_minus_low,20261223,1.0,high_minus_low,interaction,-0.010486249664543817
meta-llama/Llama-3.3-70B-Instruct,pb_t023_12,random_high_minus_low,20261223,1.0,high_minus_low,interaction,-0.02064594864905768
meta-llama/Llama-3.3-70B-Instruct,pb_t023_13,random_high_minus_low,20261223,1.0,high_minus_low,interaction,-0.006059872943685185
meta-llama/Llama-3.3-70B-Instruct,pb_t023_17,random_high_minus_low,20261223,1.0,high_minus_low,interaction,-0.004118780102902382
meta-llama/Llama-3.3-70B-Instruct,pb_t023_20,random_high_minus_low,20261223,1.0,high_minus_low,interaction,0.0063502625057529
meta-llama/Llama-3.3-70B-Instruct,pb_t029_07,random_high_minus_low,20261223,1.0,high_minus_low,interaction,0.012875947735102096
meta-llama/Llama-3.3-70B-Instruct,pb_t029_09,random_high_minus_low,20261223,1.0,high_minus_low,interaction,-0.017559540214148822
meta-llama/Llama-3.3-70B-Instruct,pb_t029_10,random_high_minus_low,20261223,1.0,high_minus_low,interaction,-0.0022176213651326155
meta-llama/Llama-3.3-70B-Instruct,pb_t029_11,random_high_minus_low,20261223,1.0,high_minus_low,interaction,-0.016393433433728056
meta-llama/Llama-3.3-70B-Instruct,pb_t029_12,random_high_minus_low,20261223,1.0,high_minus_low,interaction,-0.017402475812645847
meta-llama/Llama-3.3-70B-Instruct,pb_t031_06,random_high_minus_low,20261223,1.0,high_minus_low,interaction,-0.015777265892504732
meta-llama/Llama-3.3-70B-Instruct,pb_t031_09,random_high_minus_low,20261223,1.0,high_minus_low,interaction,-0.009053370255096655
meta-llama/Llama-3.3-70B-Instruct,pb_t031_12,random_high_minus_low,20261223,1.0,high_minus_low,interaction,-0.01237921294392278
meta-llama/Llama-3.3-70B-Instruct,pb_t031_13,random_high_minus_low,20261223,1.0,high_minus_low,interaction,-0.02230264695893242
meta-llama/Llama-3.3-70B-Instruct,pb_t031_16,random_high_minus_low,20261223,1.0,high_minus_low,interaction,-0.015115833116017016
meta-llama/Llama-3.3-70B-Instruct,pb_t032_08,random_high_minus_low,20261223,1.0,high_minus_low,interaction,-0.012353671617231545
meta-llama/Llama-3.3-70B-Instruct,pb_t032_09,random_high_minus_low,20261223,1.0,high_minus_low,interaction,-0.008851967632063364
meta-llama/Llama-3.3-70B-Instruct,pb_t032_13,random_high_minus_low,20261223,1.0,high_minus_low,interaction,-0.015915912679474817
meta-llama/Llama-3.3-70B-Instruct,pb_t032_15,random_high_minus_low,20261223,1.0,high_minus_low,interaction,-0.010914350213310183
meta-llama/Llama-3.3-70B-Instruct,pb_t032_16,random_high_minus_low,20261223,1.0,high_minus_low,interaction,-0.028431046638310385
meta-llama/Llama-3.3-70B-Instruct,pb_t035_06,random_high_minus_low,20261223,1.0,high_minus_low,interaction,-0.026229842468465915
meta-llama/Llama-3.3-70B-Instruct,pb_t035_13,random_high_minus_low,20261223,1.0,high_minus_low,interaction,-0.010039071691607912
meta-llama/Llama-3.3-70B-Instruct,pb_t035_15,random_high_minus_low,20261223,1.0,high_minus_low,interaction,-0.028543502565077837
meta-llama/Llama-3.3-70B-Instruct,pb_t035_20,random_high_minus_low,20261223,1.0,high_minus_low,interaction,-0.028206505210961658
meta-llama/Llama-3.3-70B-Instruct,pb_t035_22,random_high_minus_low,20261223,1.0,high_minus_low,interaction,-0.035666922364185755
meta-llama/Llama-3.3-70B-Instruct,pb_t040_08,random_high_minus_low,20261223,1.0,high_minus_low,interaction,-0.005554738655337015
meta-llama/Llama-3.3-70B-Instruct,pb_t040_10,random_high_minus_low,20261223,1.0,high_minus_low,interaction,-0.031687483791348545
meta-llama/Llama-3.3-70B-Instruct,pb_t040_13,random_high_minus_low,20261223,1.0,high_minus_low,interaction,-0.02112262322566696
meta-llama/Llama-3.3-70B-Instruct,pb_t040_14,random_high_minus_low,20261223,1.0,high_minus_low,interaction,-0.02229078415334106
meta-llama/Llama-3.3-70B-Instruct,pb_t040_15,random_high_minus_low,20261223,1.0,high_minus_low,interaction,-0.021308470045104264
meta-llama/Llama-3.3-70B-Instruct,pb_t001_08,random_high_minus_low,20261224,1.0,high_minus_low,interaction,-0.03518372207068262
meta-llama/Llama-3.3-70B-Instruct,pb_t001_10,random_high_minus_low,20261224,1.0,high_minus_low,interaction,-0.012005551213421709
meta-llama/Llama-3.3-70B-Instruct,pb_t001_11,random_high_minus_low,20261224,1.0,high_minus_low,interaction,-0.021047568193951233
meta-llama/Llama-3.3-70B-Instruct,pb_t001_12,random_high_minus_low,20261224,1.0,high_minus_low,interaction,-0.01870829073096861
meta-llama/Llama-3.3-70B-Instruct,pb_t001_15,random_high_minus_low,20261224,1.0,high_minus_low,interaction,-0.013678212392538733
meta-llama/Llama-3.3-70B-Instruct,pb_t002_08,random_high_minus_low,20261224,1.0,high_minus_low,interaction,-0.011643665834019625
meta-llama/Llama-3.3-70B-Instruct,pb_t002_16,random_high_minus_low,20261224,1.0,high_minus_low,interaction,-0.005528658159882478
meta-llama/Llama-3.3-70B-Instruct,pb_t002_17,random_high_minus_low,20261224,1.0,high_minus_low,interaction,-0.0010541891524698554
meta-llama/Llama-3.3-70B-Instruct,pb_t002_18,random_high_minus_low,20261224,1.0,high_minus_low,interaction,-0.03144620200335406
meta-llama/Llama-3.3-70B-Instruct,pb_t002_20,random_high_minus_low,20261224,1.0,high_minus_low,interaction,-0.014272414589149417
meta-llama/Llama-3.3-70B-Instruct,pb_t004_10,random_high_minus_low,20261224,1.0,high_minus_low,interaction,-0.02000113377061149
meta-llama/Llama-3.3-70B-Instruct,pb_t004_11,random_high_minus_low,20261224,1.0,high_minus_low,interaction,0.0010416833336345196
meta-llama/Llama-3.3-70B-Instruct,pb_t004_13,random_high_minus_low,20261224,1.0,high_minus_low,interaction,-0.011519438895533382
meta-llama/Llama-3.3-70B-Instruct,pb_t004_17,random_high_minus_low,20261224,1.0,high_minus_low,interaction,-0.0134017550597885
meta-llama/Llama-3.3-70B-Instruct,pb_t004_20,random_high_minus_low,20261224,1.0,high_minus_low,interaction,-0.0181559012266276
meta-llama/Llama-3.3-70B-Instruct,pb_t006_09,random_high_minus_low,20261224,1.0,high_minus_low,interaction,-0.013821352972610015
meta-llama/Llama-3.3-70B-Instruct,pb_t006_10,random_high_minus_low,20261224,1.0,high_minus_low,interaction,-0.014434670719700596
meta-llama/Llama-3.3-70B-Instruct,pb_t006_12,random_high_minus_low,20261224,1.0,high_minus_low,interaction,-0.027855111587918677
meta-llama/Llama-3.3-70B-Instruct,pb_t006_18,random_high_minus_low,20261224,1.0,high_minus_low,interaction,-0.008839339837340832
meta-llama/Llama-3.3-70B-Instruct,pb_t006_19,random_high_minus_low,20261224,1.0,high_minus_low,interaction,-0.011803623950337839
meta-llama/Llama-3.3-70B-Instruct,pb_t007_09,random_high_minus_low,20261224,1.0,high_minus_low,interaction,-0.013115885317800663
meta-llama/Llama-3.3-70B-Instruct,pb_t007_10,random_high_minus_low,20261224,1.0,high_minus_low,interaction,-0.013687633274009533
meta-llama/Llama-3.3-70B-Instruct,pb_t007_16,random_high_minus_low,20261224,1.0,high_minus_low,interaction,-0.005650479796456293
meta-llama/Llama-3.3-70B-Instruct,pb_t007_17,random_high_minus_low,20261224,1.0,high_minus_low,interaction,-0.029591724796169085
meta-llama/Llama-3.3-70B-Instruct,pb_t007_19,random_high_minus_low,20261224,1.0,high_minus_low,interaction,-0.0020561426362757764
meta-llama/Llama-3.3-70B-Instruct,pb_t008_09,random_high_minus_low,20261224,1.0,high_minus_low,interaction,-0.02383650066670503
meta-llama/Llama-3.3-70B-Instruct,pb_t008_11,random_high_minus_low,20261224,1.0,high_minus_low,interaction,-0.005634181080382725
meta-llama/Llama-3.3-70B-Instruct,pb_t008_16,random_high_minus_low,20261224,1.0,high_minus_low,interaction,-0.012945580051770576
meta-llama/Llama-3.3-70B-Instruct,pb_t008_17,random_high_minus_low,20261224,1.0,high_minus_low,interaction,-0.016920736917142416
meta-llama/Llama-3.3-70B-Instruct,pb_t008_20,random_high_minus_low,20261224,1.0,high_minus_low,interaction,-0.01495038732431108
meta-llama/Llama-3.3-70B-Instruct,pb_t009_07,random_high_minus_low,20261224,1.0,high_minus_low,interaction,0.0022926966045558584
meta-llama/Llama-3.3-70B-Instruct,pb_t009_12,random_high_minus_low,20261224,1.0,high_minus_low,interaction,-0.0037436971772313336
meta-llama/Llama-3.3-70B-Instruct,pb_t009_15,random_high_minus_low,20261224,1.0,high_minus_low,interaction,-0.022356152951334175
meta-llama/Llama-3.3-70B-Instruct,pb_t009_17,random_high_minus_low,20261224,1.0,high_minus_low,interaction,-0.00801628501710017
meta-llama/Llama-3.3-70B-Instruct,pb_t009_19,random_high_minus_low,20261224,1.0,high_minus_low,interaction,-0.02558419148025565
meta-llama/Llama-3.3-70B-Instruct,pb_t010_09,random_high_minus_low,20261224,1.0,high_minus_low,interaction,-0.011696566179718332
meta-llama/Llama-3.3-70B-Instruct,pb_t010_12,random_high_minus_low,20261224,1.0,high_minus_low,interaction,-0.0025623447448176323
meta-llama/Llama-3.3-70B-Instruct,pb_t010_17,random_high_minus_low,20261224,1.0,high_minus_low,interaction,-0.02957625494243221
meta-llama/Llama-3.3-70B-Instruct,pb_t010_19,random_high_minus_low,20261224,1.0,high_minus_low,interaction,-0.018782656836151095
meta-llama/Llama-3.3-70B-Instruct,pb_t010_20,random_high_minus_low,20261224,1.0,high_minus_low,interaction,-0.013425244510820137
meta-llama/Llama-3.3-70B-Instruct,pb_t016_09,random_high_minus_low,20261224,1.0,high_minus_low,interaction,-0.010380622977713395
meta-llama/Llama-3.3-70B-Instruct,pb_t016_10,random_high_minus_low,20261224,1.0,high_minus_low,interaction,-0.013720984252401506
meta-llama/Llama-3.3-70B-Instruct,pb_t016_12,random_high_minus_low,20261224,1.0,high_minus_low,interaction,-0.017718011197627104
meta-llama/Llama-3.3-70B-Instruct,pb_t016_17,random_high_minus_low,20261224,1.0,high_minus_low,interaction,-0.029874550370191943
meta-llama/Llama-3.3-70B-Instruct,pb_t016_20,random_high_minus_low,20261224,1.0,high_minus_low,interaction,-0.004449385948003455
meta-llama/Llama-3.3-70B-Instruct,pb_t018_08,random_high_minus_low,20261224,1.0,high_minus_low,interaction,-0.001008343225044867
meta-llama/Llama-3.3-70B-Instruct,pb_t018_10,random_high_minus_low,20261224,1.0,high_minus_low,interaction,-0.019969198009401647
meta-llama/Llama-3.3-70B-Instruct,pb_t018_11,random_high_minus_low,20261224,1.0,high_minus_low,interaction,-0.025886677552588624
meta-llama/Llama-3.3-70B-Instruct,pb_t018_14,random_high_minus_low,20261224,1.0,high_minus_low,interaction,-0.021069085884131568
meta-llama/Llama-3.3-70B-Instruct,pb_t018_18,random_high_minus_low,20261224,1.0,high_minus_low,interaction,-0.014733168730867281
meta-llama/Llama-3.3-70B-Instruct,pb_t023_09,random_high_minus_low,20261224,1.0,high_minus_low,interaction,-0.012241466721168954
meta-llama/Llama-3.3-70B-Instruct,pb_t023_12,random_high_minus_low,20261224,1.0,high_minus_low,interaction,0.006169023319742568
meta-llama/Llama-3.3-70B-Instruct,pb_t023_13,random_high_minus_low,20261224,1.0,high_minus_low,interaction,-0.013244385604049976
meta-llama/Llama-3.3-70B-Instruct,pb_t023_17,random_high_minus_low,20261224,1.0,high_minus_low,interaction,-0.005370942979197144
meta-llama/Llama-3.3-70B-Instruct,pb_t023_20,random_high_minus_low,20261224,1.0,high_minus_low,interaction,-0.026002803847140106
meta-llama/Llama-3.3-70B-Instruct,pb_t029_07,random_high_minus_low,20261224,1.0,high_minus_low,interaction,-0.012232493469665465
meta-llama/Llama-3.3-70B-Instruct,pb_t029_09,random_high_minus_low,20261224,1.0,high_minus_low,interaction,-0.029025981307312106
meta-llama/Llama-3.3-70B-Instruct,pb_t029_10,random_high_minus_low,20261224,1.0,high_minus_low,interaction,-0.011652517125274596
meta-llama/Llama-3.3-70B-Instruct,pb_t029_11,random_high_minus_low,20261224,1.0,high_minus_low,interaction,-0.005498976637652411
meta-llama/Llama-3.3-70B-Instruct,pb_t029_12,random_high_minus_low,20261224,1.0,high_minus_low,interaction,-0.01699195940417558
meta-llama/Llama-3.3-70B-Instruct,pb_t031_06,random_high_minus_low,20261224,1.0,high_minus_low,interaction,-0.0184086395225031
meta-llama/Llama-3.3-70B-Instruct,pb_t031_09,random_high_minus_low,20261224,1.0,high_minus_low,interaction,-0.005052964465346992
meta-llama/Llama-3.3-70B-Instruct,pb_t031_12,random_high_minus_low,20261224,1.0,high_minus_low,interaction,-0.018609066272773152
meta-llama/Llama-3.3-70B-Instruct,pb_t031_13,random_high_minus_low,20261224,1.0,high_minus_low,interaction,-0.010087140141646777
meta-llama/Llama-3.3-70B-Instruct,pb_t031_16,random_high_minus_low,20261224,1.0,high_minus_low,interaction,-0.007584677268943359
meta-llama/Llama-3.3-70B-Instruct,pb_t032_08,random_high_minus_low,20261224,1.0,high_minus_low,interaction,-0.016880832964762213
meta-llama/Llama-3.3-70B-Instruct,pb_t032_09,random_high_minus_low,20261224,1.0,high_minus_low,interaction,-0.02097002745082697
meta-llama/Llama-3.3-70B-Instruct,pb_t032_13,random_high_minus_low,20261224,1.0,high_minus_low,interaction,-0.007425222922823089
meta-llama/Llama-3.3-70B-Instruct,pb_t032_15,random_high_minus_low,20261224,1.0,high_minus_low,interaction,-0.016009794030673354
meta-llama/Llama-3.3-70B-Instruct,pb_t032_16,random_high_minus_low,20261224,1.0,high_minus_low,interaction,-0.024740828999051653
meta-llama/Llama-3.3-70B-Instruct,pb_t035_06,random_high_minus_low,20261224,1.0,high_minus_low,interaction,-0.027401078713170397
meta-llama/Llama-3.3-70B-Instruct,pb_t035_13,random_high_minus_low,20261224,1.0,high_minus_low,interaction,-0.018595685877202613
meta-llama/Llama-3.3-70B-Instruct,pb_t035_15,random_high_minus_low,20261224,1.0,high_minus_low,interaction,-0.007511950879353647
meta-llama/Llama-3.3-70B-Instruct,pb_t035_20,random_high_minus_low,20261224,1.0,high_minus_low,interaction,-0.0035461312323089795
meta-llama/Llama-3.3-70B-Instruct,pb_t035_22,random_high_minus_low,20261224,1.0,high_minus_low,interaction,-0.022524828775369623
meta-llama/Llama-3.3-70B-Instruct,pb_t040_08,random_high_minus_low,20261224,1.0,high_minus_low,interaction,-0.0379046429238252
meta-llama/Llama-3.3-70B-Instruct,pb_t040_10,random_high_minus_low,20261224,1.0,high_minus_low,interaction,-0.005046499146135775
meta-llama/Llama-3.3-70B-Instruct,pb_t040_13,random_high_minus_low,20261224,1.0,high_minus_low,interaction,-0.03608488212573787
meta-llama/Llama-3.3-70B-Instruct,pb_t040_14,random_high_minus_low,20261224,1.0,high_minus_low,interaction,-0.01675997608213533
meta-llama/Llama-3.3-70B-Instruct,pb_t040_15,random_high_minus_low,20261224,1.0,high_minus_low,interaction,-0.007524374897538584
meta-llama/Llama-3.3-70B-Instruct,pb_t001_08,random_high_minus_low,20261225,1.0,high_minus_low,interaction,-0.006701358949767852
meta-llama/Llama-3.3-70B-Instruct,pb_t001_10,random_high_minus_low,20261225,1.0,high_minus_low,interaction,-0.013599453173220592
meta-llama/Llama-3.3-70B-Instruct,pb_t001_11,random_high_minus_low,20261225,1.0,high_minus_low,interaction,-0.021512736004197175
meta-llama/Llama-3.3-70B-Instruct,pb_t001_12,random_high_minus_low,20261225,1.0,high_minus_low,interaction,-0.019606888852478892
meta-llama/Llama-3.3-70B-Instruct,pb_t001_15,random_high_minus_low,20261225,1.0,high_minus_low,interaction,-0.021571740891727417
meta-llama/Llama-3.3-70B-Instruct,pb_t002_08,random_high_minus_low,20261225,1.0,high_minus_low,interaction,-0.006490346790701745
meta-llama/Llama-3.3-70B-Instruct,pb_t002_16,random_high_minus_low,20261225,1.0,high_minus_low,interaction,-0.02069090997018277
meta-llama/Llama-3.3-70B-Instruct,pb_t002_17,random_high_minus_low,20261225,1.0,high_minus_low,interaction,-0.0350314850029459
meta-llama/Llama-3.3-70B-Instruct,pb_t002_18,random_high_minus_low,20261225,1.0,high_minus_low,interaction,-0.046295577936340364
meta-llama/Llama-3.3-70B-Instruct,pb_t002_20,random_high_minus_low,20261225,1.0,high_minus_low,interaction,-0.01876912687503539
meta-llama/Llama-3.3-70B-Instruct,pb_t004_10,random_high_minus_low,20261225,1.0,high_minus_low,interaction,-0.011478858621437675
meta-llama/Llama-3.3-70B-Instruct,pb_t004_11,random_high_minus_low,20261225,1.0,high_minus_low,interaction,-0.037458283852168955
meta-llama/Llama-3.3-70B-Instruct,pb_t004_13,random_high_minus_low,20261225,1.0,high_minus_low,interaction,-0.018611938905231655
meta-llama/Llama-3.3-70B-Instruct,pb_t004_17,random_high_minus_low,20261225,1.0,high_minus_low,interaction,-0.023249250862276093
meta-llama/Llama-3.3-70B-Instruct,pb_t004_20,random_high_minus_low,20261225,1.0,high_minus_low,interaction,-0.01754875304400638
meta-llama/Llama-3.3-70B-Instruct,pb_t006_09,random_high_minus_low,20261225,1.0,high_minus_low,interaction,-0.024319674170004454
meta-llama/Llama-3.3-70B-Instruct,pb_t006_10,random_high_minus_low,20261225,1.0,high_minus_low,interaction,-0.04223336574805215
meta-llama/Llama-3.3-70B-Instruct,pb_t006_12,random_high_minus_low,20261225,1.0,high_minus_low,interaction,-0.019794184143876195
meta-llama/Llama-3.3-70B-Instruct,pb_t006_18,random_high_minus_low,20261225,1.0,high_minus_low,interaction,-0.019027348030403825
meta-llama/Llama-3.3-70B-Instruct,pb_t006_19,random_high_minus_low,20261225,1.0,high_minus_low,interaction,-0.018094018621638928
meta-llama/Llama-3.3-70B-Instruct,pb_t007_09,random_high_minus_low,20261225,1.0,high_minus_low,interaction,-0.006032279485987644
meta-llama/Llama-3.3-70B-Instruct,pb_t007_10,random_high_minus_low,20261225,1.0,high_minus_low,interaction,-0.009868236343962146
meta-llama/Llama-3.3-70B-Instruct,pb_t007_16,random_high_minus_low,20261225,1.0,high_minus_low,interaction,0.005952926310974007
meta-llama/Llama-3.3-70B-Instruct,pb_t007_17,random_high_minus_low,20261225,1.0,high_minus_low,interaction,-0.021079382131409526
meta-llama/Llama-3.3-70B-Instruct,pb_t007_19,random_high_minus_low,20261225,1.0,high_minus_low,interaction,-0.019812589695585702
meta-llama/Llama-3.3-70B-Instruct,pb_t008_09,random_high_minus_low,20261225,1.0,high_minus_low,interaction,-0.016694001183125282
meta-llama/Llama-3.3-70B-Instruct,pb_t008_11,random_high_minus_low,20261225,1.0,high_minus_low,interaction,-0.008225043040357894
meta-llama/Llama-3.3-70B-Instruct,pb_t008_16,random_high_minus_low,20261225,1.0,high_minus_low,interaction,-0.01913796339002598
meta-llama/Llama-3.3-70B-Instruct,pb_t008_17,random_high_minus_low,20261225,1.0,high_minus_low,interaction,-0.014767137307486107
meta-llama/Llama-3.3-70B-Instruct,pb_t008_20,random_high_minus_low,20261225,1.0,high_minus_low,interaction,-0.01236426627445583
meta-llama/Llama-3.3-70B-Instruct,pb_t009_07,random_high_minus_low,20261225,1.0,high_minus_low,interaction,-0.031193707274132242
meta-llama/Llama-3.3-70B-Instruct,pb_t009_12,random_high_minus_low,20261225,1.0,high_minus_low,interaction,-0.009529152598412225
meta-llama/Llama-3.3-70B-Instruct,pb_t009_15,random_high_minus_low,20261225,1.0,high_minus_low,interaction,-0.018523327405936117
meta-llama/Llama-3.3-70B-Instruct,pb_t009_17,random_high_minus_low,20261225,1.0,high_minus_low,interaction,-0.013815583616429894
meta-llama/Llama-3.3-70B-Instruct,pb_t009_19,random_high_minus_low,20261225,1.0,high_minus_low,interaction,-0.011301985779965707
meta-llama/Llama-3.3-70B-Instruct,pb_t010_09,random_high_minus_low,20261225,1.0,high_minus_low,interaction,-0.005500581617241485
meta-llama/Llama-3.3-70B-Instruct,pb_t010_12,random_high_minus_low,20261225,1.0,high_minus_low,interaction,-0.019511729081267467
meta-llama/Llama-3.3-70B-Instruct,pb_t010_17,random_high_minus_low,20261225,1.0,high_minus_low,interaction,-0.007176324029029748
meta-llama/Llama-3.3-70B-Instruct,pb_t010_19,random_high_minus_low,20261225,1.0,high_minus_low,interaction,0.0021197684266044668
meta-llama/Llama-3.3-70B-Instruct,pb_t010_20,random_high_minus_low,20261225,1.0,high_minus_low,interaction,0.0002600036398274696
meta-llama/Llama-3.3-70B-Instruct,pb_t016_09,random_high_minus_low,20261225,1.0,high_minus_low,interaction,-0.02447097869175053
meta-llama/Llama-3.3-70B-Instruct,pb_t016_10,random_high_minus_low,20261225,1.0,high_minus_low,interaction,-0.023766657971720704
meta-llama/Llama-3.3-70B-Instruct,pb_t016_12,random_high_minus_low,20261225,1.0,high_minus_low,interaction,-0.007061943380710817
meta-llama/Llama-3.3-70B-Instruct,pb_t016_17,random_high_minus_low,20261225,1.0,high_minus_low,interaction,-0.0082194638603581
meta-llama/Llama-3.3-70B-Instruct,pb_t016_20,random_high_minus_low,20261225,1.0,high_minus_low,interaction,-0.00980139967039142
meta-llama/Llama-3.3-70B-Instruct,pb_t018_08,random_high_minus_low,20261225,1.0,high_minus_low,interaction,-0.0049788933573193615
meta-llama/Llama-3.3-70B-Instruct,pb_t018_10,random_high_minus_low,20261225,1.0,high_minus_low,interaction,-0.01799774496801819
meta-llama/Llama-3.3-70B-Instruct,pb_t018_11,random_high_minus_low,20261225,1.0,high_minus_low,interaction,0.0021432361934624424
meta-llama/Llama-3.3-70B-Instruct,pb_t018_14,random_high_minus_low,20261225,1.0,high_minus_low,interaction,-0.011223424922772176
meta-llama/Llama-3.3-70B-Instruct,pb_t018_18,random_high_minus_low,20261225,1.0,high_minus_low,interaction,-0.025139247154017753
meta-llama/Llama-3.3-70B-Instruct,pb_t023_09,random_high_minus_low,20261225,1.0,high_minus_low,interaction,-0.0153291196186601
meta-llama/Llama-3.3-70B-Instruct,pb_t023_12,random_high_minus_low,20261225,1.0,high_minus_low,interaction,-0.007187172788891024
meta-llama/Llama-3.3-70B-Instruct,pb_t023_13,random_high_minus_low,20261225,1.0,high_minus_low,interaction,-0.0032761999999019647
meta-llama/Llama-3.3-70B-Instruct,pb_t023_17,random_high_minus_low,20261225,1.0,high_minus_low,interaction,-0.01781235728951182
meta-llama/Llama-3.3-70B-Instruct,pb_t023_20,random_high_minus_low,20261225,1.0,high_minus_low,interaction,-0.007507178421107453
meta-llama/Llama-3.3-70B-Instruct,pb_t029_07,random_high_minus_low,20261225,1.0,high_minus_low,interaction,-0.028111986930657355
meta-llama/Llama-3.3-70B-Instruct,pb_t029_09,random_high_minus_low,20261225,1.0,high_minus_low,interaction,-0.016007566785999888
meta-llama/Llama-3.3-70B-Instruct,pb_t029_10,random_high_minus_low,20261225,1.0,high_minus_low,interaction,-0.00020108881806840087
meta-llama/Llama-3.3-70B-Instruct,pb_t029_11,random_high_minus_low,20261225,1.0,high_minus_low,interaction,-0.01155504809629698
meta-llama/Llama-3.3-70B-Instruct,pb_t029_12,random_high_minus_low,20261225,1.0,high_minus_low,interaction,-0.020258735417493297
meta-llama/Llama-3.3-70B-Instruct,pb_t031_06,random_high_minus_low,20261225,1.0,high_minus_low,interaction,0.0002741692420568033
meta-llama/Llama-3.3-70B-Instruct,pb_t031_09,random_high_minus_low,20261225,1.0,high_minus_low,interaction,0.011580969678519413
meta-llama/Llama-3.3-70B-Instruct,pb_t031_12,random_high_minus_low,20261225,1.0,high_minus_low,interaction,-0.006868263426531513
meta-llama/Llama-3.3-70B-Instruct,pb_t031_13,random_high_minus_low,20261225,1.0,high_minus_low,interaction,-0.005485660742246194
meta-llama/Llama-3.3-70B-Instruct,pb_t031_16,random_high_minus_low,20261225,1.0,high_minus_low,interaction,-0.018044146760766603
meta-llama/Llama-3.3-70B-Instruct,pb_t032_08,random_high_minus_low,20261225,1.0,high_minus_low,interaction,-0.018079025983265
meta-llama/Llama-3.3-70B-Instruct,pb_t032_09,random_high_minus_low,20261225,1.0,high_minus_low,interaction,-0.005362327136366621
meta-llama/Llama-3.3-70B-Instruct,pb_t032_13,random_high_minus_low,20261225,1.0,high_minus_low,interaction,0.01176298225736346
meta-llama/Llama-3.3-70B-Instruct,pb_t032_15,random_high_minus_low,20261225,1.0,high_minus_low,interaction,0.0022843808216993174
meta-llama/Llama-3.3-70B-Instruct,pb_t032_16,random_high_minus_low,20261225,1.0,high_minus_low,interaction,0.0031640941117517564
meta-llama/Llama-3.3-70B-Instruct,pb_t035_06,random_high_minus_low,20261225,1.0,high_minus_low,interaction,-0.012200796995825502
meta-llama/Llama-3.3-70B-Instruct,pb_t035_13,random_high_minus_low,20261225,1.0,high_minus_low,interaction,-0.0028491127706673906
meta-llama/Llama-3.3-70B-Instruct,pb_t035_15,random_high_minus_low,20261225,1.0,high_minus_low,interaction,-0.020277863399094112
meta-llama/Llama-3.3-70B-Instruct,pb_t035_20,random_high_minus_low,20261225,1.0,high_minus_low,interaction,-0.01167025917404463
meta-llama/Llama-3.3-70B-Instruct,pb_t035_22,random_high_minus_low,20261225,1.0,high_minus_low,interaction,-0.005961502750466444
meta-llama/Llama-3.3-70B-Instruct,pb_t040_08,random_high_minus_low,20261225,1.0,high_minus_low,interaction,0.0034461034351187837
meta-llama/Llama-3.3-70B-Instruct,pb_t040_10,random_high_minus_low,20261225,1.0,high_minus_low,interaction,-0.012929516734843364
meta-llama/Llama-3.3-70B-Instruct,pb_t040_13,random_high_minus_low,20261225,1.0,high_minus_low,interaction,-0.03102449384049816
meta-llama/Llama-3.3-70B-Instruct,pb_t040_14,random_high_minus_low,20261225,1.0,high_minus_low,interaction,-0.020329568411695052
meta-llama/Llama-3.3-70B-Instruct,pb_t040_15,random_high_minus_low,20261225,1.0,high_minus_low,interaction,-0.012906663410709514
meta-llama/Llama-3.3-70B-Instruct,pb_t001_08,random_high_minus_low,20261226,1.0,high_minus_low,interaction,0.031460064302438286
meta-llama/Llama-3.3-70B-Instruct,pb_t001_10,random_high_minus_low,20261226,1.0,high_minus_low,interaction,0.005188846671170849
meta-llama/Llama-3.3-70B-Instruct,pb_t001_11,random_high_minus_low,20261226,1.0,high_minus_low,interaction,0.01910548984202023
meta-llama/Llama-3.3-70B-Instruct,pb_t001_12,random_high_minus_low,20261226,1.0,high_minus_low,interaction,0.018607774789070386
meta-llama/Llama-3.3-70B-Instruct,pb_t001_15,random_high_minus_low,20261226,1.0,high_minus_low,interaction,0.012599802880811981
meta-llama/Llama-3.3-70B-Instruct,pb_t002_08,random_high_minus_low,20261226,1.0,high_minus_low,interaction,0.022457445124109417
meta-llama/Llama-3.3-70B-Instruct,pb_t002_16,random_high_minus_low,20261226,1.0,high_minus_low,interaction,0.01301224297943895
meta-llama/Llama-3.3-70B-Instruct,pb_t002_17,random_high_minus_low,20261226,1.0,high_minus_low,interaction,0.011772754505163739
meta-llama/Llama-3.3-70B-Instruct,pb_t002_18,random_high_minus_low,20261226,1.0,high_minus_low,interaction,0.027568088939608815
meta-llama/Llama-3.3-70B-Instruct,pb_t002_20,random_high_minus_low,20261226,1.0,high_minus_low,interaction,0.00566020740461592
meta-llama/Llama-3.3-70B-Instruct,pb_t004_10,random_high_minus_low,20261226,1.0,high_minus_low,interaction,-0.0018020236245368131
meta-llama/Llama-3.3-70B-Instruct,pb_t004_11,random_high_minus_low,20261226,1.0,high_minus_low,interaction,0.020000849249827535
meta-llama/Llama-3.3-70B-Instruct,pb_t004_13,random_high_minus_low,20261226,1.0,high_minus_low,interaction,-0.0007210111131301493
meta-llama/Llama-3.3-70B-Instruct,pb_t004_17,random_high_minus_low,20261226,1.0,high_minus_low,interaction,0.01584946552775658
meta-llama/Llama-3.3-70B-Instruct,pb_t004_20,random_high_minus_low,20261226,1.0,high_minus_low,interaction,0.018439686086369488
meta-llama/Llama-3.3-70B-Instruct,pb_t006_09,random_high_minus_low,20261226,1.0,high_minus_low,interaction,-0.023283151453254228
meta-llama/Llama-3.3-70B-Instruct,pb_t006_10,random_high_minus_low,20261226,1.0,high_minus_low,interaction,0.003952388909068144
meta-llama/Llama-3.3-70B-Instruct,pb_t006_12,random_high_minus_low,20261226,1.0,high_minus_low,interaction,-0.007978240725786477
meta-llama/Llama-3.3-70B-Instruct,pb_t006_18,random_high_minus_low,20261226,1.0,high_minus_low,interaction,0.0027222264951292613
meta-llama/Llama-3.3-70B-Instruct,pb_t006_19,random_high_minus_low,20261226,1.0,high_minus_low,interaction,0.01827610361226173
meta-llama/Llama-3.3-70B-Instruct,pb_t007_09,random_high_minus_low,20261226,1.0,high_minus_low,interaction,0.0193012606953687
meta-llama/Llama-3.3-70B-Instruct,pb_t007_10,random_high_minus_low,20261226,1.0,high_minus_low,interaction,0.010126581497709203
meta-llama/Llama-3.3-70B-Instruct,pb_t007_16,random_high_minus_low,20261226,1.0,high_minus_low,interaction,-0.011189718126283815
meta-llama/Llama-3.3-70B-Instruct,pb_t007_17,random_high_minus_low,20261226,1.0,high_minus_low,interaction,0.02349506303335783
meta-llama/Llama-3.3-70B-Instruct,pb_t007_19,random_high_minus_low,20261226,1.0,high_minus_low,interaction,0.0025143632064346063
meta-llama/Llama-3.3-70B-Instruct,pb_t008_09,random_high_minus_low,20261226,1.0,high_minus_low,interaction,-0.01384358887070498
meta-llama/Llama-3.3-70B-Instruct,pb_t008_11,random_high_minus_low,20261226,1.0,high_minus_low,interaction,0.014425269339520453
meta-llama/Llama-3.3-70B-Instruct,pb_t008_16,random_high_minus_low,20261226,1.0,high_minus_low,interaction,0.0016848091042070993
meta-llama/Llama-3.3-70B-Instruct,pb_t008_17,random_high_minus_low,20261226,1.0,high_minus_low,interaction,0.02447587634108458
meta-llama/Llama-3.3-70B-Instruct,pb_t008_20,random_high_minus_low,20261226,1.0,high_minus_low,interaction,0.021119636278348102
meta-llama/Llama-3.3-70B-Instruct,pb_t009_07,random_high_minus_low,20261226,1.0,high_minus_low,interaction,-0.0010282863278884254
meta-llama/Llama-3.3-70B-Instruct,pb_t009_12,random_high_minus_low,20261226,1.0,high_minus_low,interaction,0.006442339554128524
meta-llama/Llama-3.3-70B-Instruct,pb_t009_15,random_high_minus_low,20261226,1.0,high_minus_low,interaction,-0.012877227364139949
meta-llama/Llama-3.3-70B-Instruct,pb_t009_17,random_high_minus_low,20261226,1.0,high_minus_low,interaction,-0.0051296630075136854
meta-llama/Llama-3.3-70B-Instruct,pb_t009_19,random_high_minus_low,20261226,1.0,high_minus_low,interaction,0.0350023973655996
meta-llama/Llama-3.3-70B-Instruct,pb_t010_09,random_high_minus_low,20261226,1.0,high_minus_low,interaction,0.0032649811885791177
meta-llama/Llama-3.3-70B-Instruct,pb_t010_12,random_high_minus_low,20261226,1.0,high_minus_low,interaction,0.015748092484568363
meta-llama/Llama-3.3-70B-Instruct,pb_t010_17,random_high_minus_low,20261226,1.0,high_minus_low,interaction,0.007936494365749407
meta-llama/Llama-3.3-70B-Instruct,pb_t010_19,random_high_minus_low,20261226,1.0,high_minus_low,interaction,0.003988169346329949
meta-llama/Llama-3.3-70B-Instruct,pb_t010_20,random_high_minus_low,20261226,1.0,high_minus_low,interaction,-0.004716057901927879
meta-llama/Llama-3.3-70B-Instruct,pb_t016_09,random_high_minus_low,20261226,1.0,high_minus_low,interaction,0.00876933685798336
meta-llama/Llama-3.3-70B-Instruct,pb_t016_10,random_high_minus_low,20261226,1.0,high_minus_low,interaction,-0.013558507252900028
meta-llama/Llama-3.3-70B-Instruct,pb_t016_12,random_high_minus_low,20261226,1.0,high_minus_low,interaction,-0.0015143539206608526
meta-llama/Llama-3.3-70B-Instruct,pb_t016_17,random_high_minus_low,20261226,1.0,high_minus_low,interaction,0.0057617098051803844
meta-llama/Llama-3.3-70B-Instruct,pb_t016_20,random_high_minus_low,20261226,1.0,high_minus_low,interaction,0.006281893008573037
meta-llama/Llama-3.3-70B-Instruct,pb_t018_08,random_high_minus_low,20261226,1.0,high_minus_low,interaction,0.010461328347145374
meta-llama/Llama-3.3-70B-Instruct,pb_t018_10,random_high_minus_low,20261226,1.0,high_minus_low,interaction,0.03851823259604576
meta-llama/Llama-3.3-70B-Instruct,pb_t018_11,random_high_minus_low,20261226,1.0,high_minus_low,interaction,0.014024830281604563
meta-llama/Llama-3.3-70B-Instruct,pb_t018_14,random_high_minus_low,20261226,1.0,high_minus_low,interaction,0.006867377846318574
meta-llama/Llama-3.3-70B-Instruct,pb_t018_18,random_high_minus_low,20261226,1.0,high_minus_low,interaction,0.02950040083431922
meta-llama/Llama-3.3-70B-Instruct,pb_t023_09,random_high_minus_low,20261226,1.0,high_minus_low,interaction,0.004904447167237988
meta-llama/Llama-3.3-70B-Instruct,pb_t023_12,random_high_minus_low,20261226,1.0,high_minus_low,interaction,0.01241730940266675
meta-llama/Llama-3.3-70B-Instruct,pb_t023_13,random_high_minus_low,20261226,1.0,high_minus_low,interaction,0.011955138463845504
meta-llama/Llama-3.3-70B-Instruct,pb_t023_17,random_high_minus_low,20261226,1.0,high_minus_low,interaction,0.011762851348577118
meta-llama/Llama-3.3-70B-Instruct,pb_t023_20,random_high_minus_low,20261226,1.0,high_minus_low,interaction,0.013274669771204806
meta-llama/Llama-3.3-70B-Instruct,pb_t029_07,random_high_minus_low,20261226,1.0,high_minus_low,interaction,0.017490442786401102
meta-llama/Llama-3.3-70B-Instruct,pb_t029_09,random_high_minus_low,20261226,1.0,high_minus_low,interaction,0.010228757869715525
meta-llama/Llama-3.3-70B-Instruct,pb_t029_10,random_high_minus_low,20261226,1.0,high_minus_low,interaction,0.024765670053825732
meta-llama/Llama-3.3-70B-Instruct,pb_t029_11,random_high_minus_low,20261226,1.0,high_minus_low,interaction,0.02041852222244321
meta-llama/Llama-3.3-70B-Instruct,pb_t029_12,random_high_minus_low,20261226,1.0,high_minus_low,interaction,-0.0020592005030119695
meta-llama/Llama-3.3-70B-Instruct,pb_t031_06,random_high_minus_low,20261226,1.0,high_minus_low,interaction,0.011484073767846784
meta-llama/Llama-3.3-70B-Instruct,pb_t031_09,random_high_minus_low,20261226,1.0,high_minus_low,interaction,0.010633755030422317
meta-llama/Llama-3.3-70B-Instruct,pb_t031_12,random_high_minus_low,20261226,1.0,high_minus_low,interaction,0.024222284967331417
meta-llama/Llama-3.3-70B-Instruct,pb_t031_13,random_high_minus_low,20261226,1.0,high_minus_low,interaction,0.0053157146494385975
meta-llama/Llama-3.3-70B-Instruct,pb_t031_16,random_high_minus_low,20261226,1.0,high_minus_low,interaction,0.01650587526196876
meta-llama/Llama-3.3-70B-Instruct,pb_t032_08,random_high_minus_low,20261226,1.0,high_minus_low,interaction,0.02830950330414153
meta-llama/Llama-3.3-70B-Instruct,pb_t032_09,random_high_minus_low,20261226,1.0,high_minus_low,interaction,0.011599152423302119
meta-llama/Llama-3.3-70B-Instruct,pb_t032_13,random_high_minus_low,20261226,1.0,high_minus_low,interaction,0.01808151962338387
meta-llama/Llama-3.3-70B-Instruct,pb_t032_15,random_high_minus_low,20261226,1.0,high_minus_low,interaction,-0.0008198048153286951
meta-llama/Llama-3.3-70B-Instruct,pb_t032_16,random_high_minus_low,20261226,1.0,high_minus_low,interaction,0.007211659973394577
meta-llama/Llama-3.3-70B-Instruct,pb_t035_06,random_high_minus_low,20261226,1.0,high_minus_low,interaction,0.003306378005473881
meta-llama/Llama-3.3-70B-Instruct,pb_t035_13,random_high_minus_low,20261226,1.0,high_minus_low,interaction,0.024290929102053323
meta-llama/Llama-3.3-70B-Instruct,pb_t035_15,random_high_minus_low,20261226,1.0,high_minus_low,interaction,0.00030461274429820673
meta-llama/Llama-3.3-70B-Instruct,pb_t035_20,random_high_minus_low,20261226,1.0,high_minus_low,interaction,0.015539459179550161
meta-llama/Llama-3.3-70B-Instruct,pb_t035_22,random_high_minus_low,20261226,1.0,high_minus_low,interaction,0.016905912243954838
meta-llama/Llama-3.3-70B-Instruct,pb_t040_08,random_high_minus_low,20261226,1.0,high_minus_low,interaction,0.013017665476460737
meta-llama/Llama-3.3-70B-Instruct,pb_t040_10,random_high_minus_low,20261226,1.0,high_minus_low,interaction,0.024857950613554156
meta-llama/Llama-3.3-70B-Instruct,pb_t040_13,random_high_minus_low,20261226,1.0,high_minus_low,interaction,0.028631070841021487
meta-llama/Llama-3.3-70B-Instruct,pb_t040_14,random_high_minus_low,20261226,1.0,high_minus_low,interaction,0.002461527458383328
meta-llama/Llama-3.3-70B-Instruct,pb_t040_15,random_high_minus_low,20261226,1.0,high_minus_low,interaction,0.0023724528571476026
meta-llama/Llama-3.3-70B-Instruct,pb_t001_08,random_high_minus_low,20261227,1.0,high_minus_low,interaction,0.002888713752120381
meta-llama/Llama-3.3-70B-Instruct,pb_t001_10,random_high_minus_low,20261227,1.0,high_minus_low,interaction,0.00276842568324071
meta-llama/Llama-3.3-70B-Instruct,pb_t001_11,random_high_minus_low,20261227,1.0,high_minus_low,interaction,-0.007891107021701855
meta-llama/Llama-3.3-70B-Instruct,pb_t001_12,random_high_minus_low,20261227,1.0,high_minus_low,interaction,0.020222555799205764
meta-llama/Llama-3.3-70B-Instruct,pb_t001_15,random_high_minus_low,20261227,1.0,high_minus_low,interaction,0.0015074006531972384
meta-llama/Llama-3.3-70B-Instruct,pb_t002_08,random_high_minus_low,20261227,1.0,high_minus_low,interaction,0.020806998369021844
meta-llama/Llama-3.3-70B-Instruct,pb_t002_16,random_high_minus_low,20261227,1.0,high_minus_low,interaction,0.015244458093349785
meta-llama/Llama-3.3-70B-Instruct,pb_t002_17,random_high_minus_low,20261227,1.0,high_minus_low,interaction,0.0021515989625897902
meta-llama/Llama-3.3-70B-Instruct,pb_t002_18,random_high_minus_low,20261227,1.0,high_minus_low,interaction,0.003931585656204543
meta-llama/Llama-3.3-70B-Instruct,pb_t002_20,random_high_minus_low,20261227,1.0,high_minus_low,interaction,0.016642569098202897
meta-llama/Llama-3.3-70B-Instruct,pb_t004_10,random_high_minus_low,20261227,1.0,high_minus_low,interaction,-0.0086555471937974
meta-llama/Llama-3.3-70B-Instruct,pb_t004_11,random_high_minus_low,20261227,1.0,high_minus_low,interaction,0.03449528919115014
meta-llama/Llama-3.3-70B-Instruct,pb_t004_13,random_high_minus_low,20261227,1.0,high_minus_low,interaction,0.04019952174675408
meta-llama/Llama-3.3-70B-Instruct,pb_t004_17,random_high_minus_low,20261227,1.0,high_minus_low,interaction,0.01697715484592672
meta-llama/Llama-3.3-70B-Instruct,pb_t004_20,random_high_minus_low,20261227,1.0,high_minus_low,interaction,-0.007787838900428371
meta-llama/Llama-3.3-70B-Instruct,pb_t006_09,random_high_minus_low,20261227,1.0,high_minus_low,interaction,-0.005965280073846007
meta-llama/Llama-3.3-70B-Instruct,pb_t006_10,random_high_minus_low,20261227,1.0,high_minus_low,interaction,-0.001543847900859159
meta-llama/Llama-3.3-70B-Instruct,pb_t006_12,random_high_minus_low,20261227,1.0,high_minus_low,interaction,0.026771113322775025
meta-llama/Llama-3.3-70B-Instruct,pb_t006_18,random_high_minus_low,20261227,1.0,high_minus_low,interaction,0.010231246305842474
meta-llama/Llama-3.3-70B-Instruct,pb_t006_19,random_high_minus_low,20261227,1.0,high_minus_low,interaction,0.02189502519496528
meta-llama/Llama-3.3-70B-Instruct,pb_t007_09,random_high_minus_low,20261227,1.0,high_minus_low,interaction,0.01724310944053472
meta-llama/Llama-3.3-70B-Instruct,pb_t007_10,random_high_minus_low,20261227,1.0,high_minus_low,interaction,0.017512707108972025
meta-llama/Llama-3.3-70B-Instruct,pb_t007_16,random_high_minus_low,20261227,1.0,high_minus_low,interaction,0.006641964720559471
meta-llama/Llama-3.3-70B-Instruct,pb_t007_17,random_high_minus_low,20261227,1.0,high_minus_low,interaction,0.0018840901228838656
meta-llama/Llama-3.3-70B-Instruct,pb_t007_19,random_high_minus_low,20261227,1.0,high_minus_low,interaction,0.0187065785633554
meta-llama/Llama-3.3-70B-Instruct,pb_t008_09,random_high_minus_low,20261227,1.0,high_minus_low,interaction,0.013673301746160112
meta-llama/Llama-3.3-70B-Instruct,pb_t008_11,random_high_minus_low,20261227,1.0,high_minus_low,interaction,0.006134633348017303
meta-llama/Llama-3.3-70B-Instruct,pb_t008_16,random_high_minus_low,20261227,1.0,high_minus_low,interaction,0.013810630752603446
meta-llama/Llama-3.3-70B-Instruct,pb_t008_17,random_high_minus_low,20261227,1.0,high_minus_low,interaction,0.003929027270838992
meta-llama/Llama-3.3-70B-Instruct,pb_t008_20,random_high_minus_low,20261227,1.0,high_minus_low,interaction,0.0199768660470309
meta-llama/Llama-3.3-70B-Instruct,pb_t009_07,random_high_minus_low,20261227,1.0,high_minus_low,interaction,-0.0036754367016363647
meta-llama/Llama-3.3-70B-Instruct,pb_t009_12,random_high_minus_low,20261227,1.0,high_minus_low,interaction,0.012433326629862894
meta-llama/Llama-3.3-70B-Instruct,pb_t009_15,random_high_minus_low,20261227,1.0,high_minus_low,interaction,-0.00043501796771853193
meta-llama/Llama-3.3-70B-Instruct,pb_t009_17,random_high_minus_low,20261227,1.0,high_minus_low,interaction,0.016719206836430557
meta-llama/Llama-3.3-70B-Instruct,pb_t009_19,random_high_minus_low,20261227,1.0,high_minus_low,interaction,0.015542777784978626
meta-llama/Llama-3.3-70B-Instruct,pb_t010_09,random_high_minus_low,20261227,1.0,high_minus_low,interaction,0.01119932435272173
meta-llama/Llama-3.3-70B-Instruct,pb_t010_12,random_high_minus_low,20261227,1.0,high_minus_low,interaction,0.022540162081555928
meta-llama/Llama-3.3-70B-Instruct,pb_t010_17,random_high_minus_low,20261227,1.0,high_minus_low,interaction,0.009608082751631986
meta-llama/Llama-3.3-70B-Instruct,pb_t010_19,random_high_minus_low,20261227,1.0,high_minus_low,interaction,0.010016516691540195
meta-llama/Llama-3.3-70B-Instruct,pb_t010_20,random_high_minus_low,20261227,1.0,high_minus_low,interaction,0.02602052689096099
meta-llama/Llama-3.3-70B-Instruct,pb_t016_09,random_high_minus_low,20261227,1.0,high_minus_low,interaction,0.0017842657792350647
meta-llama/Llama-3.3-70B-Instruct,pb_t016_10,random_high_minus_low,20261227,1.0,high_minus_low,interaction,0.01915443274308968
meta-llama/Llama-3.3-70B-Instruct,pb_t016_12,random_high_minus_low,20261227,1.0,high_minus_low,interaction,0.0033571688729387957
meta-llama/Llama-3.3-70B-Instruct,pb_t016_17,random_high_minus_low,20261227,1.0,high_minus_low,interaction,0.01769931493640298
meta-llama/Llama-3.3-70B-Instruct,pb_t016_20,random_high_minus_low,20261227,1.0,high_minus_low,interaction,0.007142886607482982
meta-llama/Llama-3.3-70B-Instruct,pb_t018_08,random_high_minus_low,20261227,1.0,high_minus_low,interaction,0.006605513249281138
meta-llama/Llama-3.3-70B-Instruct,pb_t018_10,random_high_minus_low,20261227,1.0,high_minus_low,interaction,0.0029155861120596467
meta-llama/Llama-3.3-70B-Instruct,pb_t018_11,random_high_minus_low,20261227,1.0,high_minus_low,interaction,0.003982389791177694
meta-llama/Llama-3.3-70B-Instruct,pb_t018_14,random_high_minus_low,20261227,1.0,high_minus_low,interaction,-0.003918867350480483
meta-llama/Llama-3.3-70B-Instruct,pb_t018_18,random_high_minus_low,20261227,1.0,high_minus_low,interaction,0.01195453295758805
meta-llama/Llama-3.3-70B-Instruct,pb_t023_09,random_high_minus_low,20261227,1.0,high_minus_low,interaction,0.008945903012874845
meta-llama/Llama-3.3-70B-Instruct,pb_t023_12,random_high_minus_low,20261227,1.0,high_minus_low,interaction,0.03245618153103391
meta-llama/Llama-3.3-70B-Instruct,pb_t023_13,random_high_minus_low,20261227,1.0,high_minus_low,interaction,0.02159485046218348
meta-llama/Llama-3.3-70B-Instruct,pb_t023_17,random_high_minus_low,20261227,1.0,high_minus_low,interaction,0.0029478504069966626
meta-llama/Llama-3.3-70B-Instruct,pb_t023_20,random_high_minus_low,20261227,1.0,high_minus_low,interaction,0.025631962996957587
meta-llama/Llama-3.3-70B-Instruct,pb_t029_07,random_high_minus_low,20261227,1.0,high_minus_low,interaction,0.020053240145677942
meta-llama/Llama-3.3-70B-Instruct,pb_t029_09,random_high_minus_low,20261227,1.0,high_minus_low,interaction,0.0005747057617925728
meta-llama/Llama-3.3-70B-Instruct,pb_t029_10,random_high_minus_low,20261227,1.0,high_minus_low,interaction,0.027897036941142806
meta-llama/Llama-3.3-70B-Instruct,pb_t029_11,random_high_minus_low,20261227,1.0,high_minus_low,interaction,0.019692079206533722
meta-llama/Llama-3.3-70B-Instruct,pb_t029_12,random_high_minus_low,20261227,1.0,high_minus_low,interaction,0.03514529527145403
meta-llama/Llama-3.3-70B-Instruct,pb_t031_06,random_high_minus_low,20261227,1.0,high_minus_low,interaction,0.019892614507094245
meta-llama/Llama-3.3-70B-Instruct,pb_t031_09,random_high_minus_low,20261227,1.0,high_minus_low,interaction,-0.004544655753282368
meta-llama/Llama-3.3-70B-Instruct,pb_t031_12,random_high_minus_low,20261227,1.0,high_minus_low,interaction,0.0033570482816580273
meta-llama/Llama-3.3-70B-Instruct,pb_t031_13,random_high_minus_low,20261227,1.0,high_minus_low,interaction,0.013120987964928832
meta-llama/Llama-3.3-70B-Instruct,pb_t031_16,random_high_minus_low,20261227,1.0,high_minus_low,interaction,0.026518209952656423
meta-llama/Llama-3.3-70B-Instruct,pb_t032_08,random_high_minus_low,20261227,1.0,high_minus_low,interaction,0.002950990376141681
meta-llama/Llama-3.3-70B-Instruct,pb_t032_09,random_high_minus_low,20261227,1.0,high_minus_low,interaction,0.015422025709269994
meta-llama/Llama-3.3-70B-Instruct,pb_t032_13,random_high_minus_low,20261227,1.0,high_minus_low,interaction,-0.004519669191817677
meta-llama/Llama-3.3-70B-Instruct,pb_t032_15,random_high_minus_low,20261227,1.0,high_minus_low,interaction,0.014532042882732561
meta-llama/Llama-3.3-70B-Instruct,pb_t032_16,random_high_minus_low,20261227,1.0,high_minus_low,interaction,-0.0017851582655452176
meta-llama/Llama-3.3-70B-Instruct,pb_t035_06,random_high_minus_low,20261227,1.0,high_minus_low,interaction,0.02520215143258603
meta-llama/Llama-3.3-70B-Instruct,pb_t035_13,random_high_minus_low,20261227,1.0,high_minus_low,interaction,0.017481221061422456
meta-llama/Llama-3.3-70B-Instruct,pb_t035_15,random_high_minus_low,20261227,1.0,high_minus_low,interaction,0.01966400913266822
meta-llama/Llama-3.3-70B-Instruct,pb_t035_20,random_high_minus_low,20261227,1.0,high_minus_low,interaction,0.016169694503320252
meta-llama/Llama-3.3-70B-Instruct,pb_t035_22,random_high_minus_low,20261227,1.0,high_minus_low,interaction,-0.0011324166555378903
meta-llama/Llama-3.3-70B-Instruct,pb_t040_08,random_high_minus_low,20261227,1.0,high_minus_low,interaction,0.020793336152376586
meta-llama/Llama-3.3-70B-Instruct,pb_t040_10,random_high_minus_low,20261227,1.0,high_minus_low,interaction,-0.00034452444141408
meta-llama/Llama-3.3-70B-Instruct,pb_t040_13,random_high_minus_low,20261227,1.0,high_minus_low,interaction,0.02093442689687364
meta-llama/Llama-3.3-70B-Instruct,pb_t040_14,random_high_minus_low,20261227,1.0,high_minus_low,interaction,0.023621146306009734
meta-llama/Llama-3.3-70B-Instruct,pb_t040_15,random_high_minus_low,20261227,1.0,high_minus_low,interaction,0.004295137960677759
meta-llama/Llama-3.3-70B-Instruct,pb_t001_08,random_high_minus_low,20261228,1.0,high_minus_low,interaction,-0.021624499907227656
meta-llama/Llama-3.3-70B-Instruct,pb_t001_10,random_high_minus_low,20261228,1.0,high_minus_low,interaction,-0.02081317806212507
meta-llama/Llama-3.3-70B-Instruct,pb_t001_11,random_high_minus_low,20261228,1.0,high_minus_low,interaction,-0.025453466166090795
meta-llama/Llama-3.3-70B-Instruct,pb_t001_12,random_high_minus_low,20261228,1.0,high_minus_low,interaction,-0.02450205267583002
meta-llama/Llama-3.3-70B-Instruct,pb_t001_15,random_high_minus_low,20261228,1.0,high_minus_low,interaction,-0.009236728607676515
meta-llama/Llama-3.3-70B-Instruct,pb_t002_08,random_high_minus_low,20261228,1.0,high_minus_low,interaction,-0.02670732627763885
meta-llama/Llama-3.3-70B-Instruct,pb_t002_16,random_high_minus_low,20261228,1.0,high_minus_low,interaction,-0.0291259490349334
meta-llama/Llama-3.3-70B-Instruct,pb_t002_17,random_high_minus_low,20261228,1.0,high_minus_low,interaction,-0.004477327696856152
meta-llama/Llama-3.3-70B-Instruct,pb_t002_18,random_high_minus_low,20261228,1.0,high_minus_low,interaction,-0.0020633740790515845
meta-llama/Llama-3.3-70B-Instruct,pb_t002_20,random_high_minus_low,20261228,1.0,high_minus_low,interaction,-0.019709834579092964
meta-llama/Llama-3.3-70B-Instruct,pb_t004_10,random_high_minus_low,20261228,1.0,high_minus_low,interaction,0.01063431569658202
meta-llama/Llama-3.3-70B-Instruct,pb_t004_11,random_high_minus_low,20261228,1.0,high_minus_low,interaction,-0.00524199119053278
meta-llama/Llama-3.3-70B-Instruct,pb_t004_13,random_high_minus_low,20261228,1.0,high_minus_low,interaction,-0.020071721214383494
meta-llama/Llama-3.3-70B-Instruct,pb_t004_17,random_high_minus_low,20261228,1.0,high_minus_low,interaction,-0.020182210535467756
meta-llama/Llama-3.3-70B-Instruct,pb_t004_20,random_high_minus_low,20261228,1.0,high_minus_low,interaction,-0.02572262398296242
meta-llama/Llama-3.3-70B-Instruct,pb_t006_09,random_high_minus_low,20261228,1.0,high_minus_low,interaction,0.006681813710453926
meta-llama/Llama-3.3-70B-Instruct,pb_t006_10,random_high_minus_low,20261228,1.0,high_minus_low,interaction,0.007571603411419272
meta-llama/Llama-3.3-70B-Instruct,pb_t006_12,random_high_minus_low,20261228,1.0,high_minus_low,interaction,-0.02059836771797097
meta-llama/Llama-3.3-70B-Instruct,pb_t006_18,random_high_minus_low,20261228,1.0,high_minus_low,interaction,-0.011487104849419933
meta-llama/Llama-3.3-70B-Instruct,pb_t006_19,random_high_minus_low,20261228,1.0,high_minus_low,interaction,0.004279118047080674
meta-llama/Llama-3.3-70B-Instruct,pb_t007_09,random_high_minus_low,20261228,1.0,high_minus_low,interaction,-0.01480384214112713
meta-llama/Llama-3.3-70B-Instruct,pb_t007_10,random_high_minus_low,20261228,1.0,high_minus_low,interaction,0.012605207772147912
meta-llama/Llama-3.3-70B-Instruct,pb_t007_16,random_high_minus_low,20261228,1.0,high_minus_low,interaction,0.0001203622739220111
meta-llama/Llama-3.3-70B-Instruct,pb_t007_17,random_high_minus_low,20261228,1.0,high_minus_low,interaction,-0.008671529382819718
meta-llama/Llama-3.3-70B-Instruct,pb_t007_19,random_high_minus_low,20261228,1.0,high_minus_low,interaction,-0.016554512368530498
meta-llama/Llama-3.3-70B-Instruct,pb_t008_09,random_high_minus_low,20261228,1.0,high_minus_low,interaction,0.0021693920877184523
meta-llama/Llama-3.3-70B-Instruct,pb_t008_11,random_high_minus_low,20261228,1.0,high_minus_low,interaction,-0.0057955750759569
meta-llama/Llama-3.3-70B-Instruct,pb_t008_16,random_high_minus_low,20261228,1.0,high_minus_low,interaction,-0.01300348387647941
meta-llama/Llama-3.3-70B-Instruct,pb_t008_17,random_high_minus_low,20261228,1.0,high_minus_low,interaction,-0.01097146162801017
meta-llama/Llama-3.3-70B-Instruct,pb_t008_20,random_high_minus_low,20261228,1.0,high_minus_low,interaction,-0.018606669475649637
meta-llama/Llama-3.3-70B-Instruct,pb_t009_07,random_high_minus_low,20261228,1.0,high_minus_low,interaction,-0.007009563710392373
meta-llama/Llama-3.3-70B-Instruct,pb_t009_12,random_high_minus_low,20261228,1.0,high_minus_low,interaction,-0.021428614784250427
meta-llama/Llama-3.3-70B-Instruct,pb_t009_15,random_high_minus_low,20261228,1.0,high_minus_low,interaction,-0.008138943243606195
meta-llama/Llama-3.3-70B-Instruct,pb_t009_17,random_high_minus_low,20261228,1.0,high_minus_low,interaction,-0.007530274792594685
meta-llama/Llama-3.3-70B-Instruct,pb_t009_19,random_high_minus_low,20261228,1.0,high_minus_low,interaction,-0.038510818251996703
meta-llama/Llama-3.3-70B-Instruct,pb_t010_09,random_high_minus_low,20261228,1.0,high_minus_low,interaction,-0.02195682428022935
meta-llama/Llama-3.3-70B-Instruct,pb_t010_12,random_high_minus_low,20261228,1.0,high_minus_low,interaction,-0.009962311186537797
meta-llama/Llama-3.3-70B-Instruct,pb_t010_17,random_high_minus_low,20261228,1.0,high_minus_low,interaction,-0.005881892520123494
meta-llama/Llama-3.3-70B-Instruct,pb_t010_19,random_high_minus_low,20261228,1.0,high_minus_low,interaction,-0.02203359930336367
meta-llama/Llama-3.3-70B-Instruct,pb_t010_20,random_high_minus_low,20261228,1.0,high_minus_low,interaction,0.0034996951703982365
meta-llama/Llama-3.3-70B-Instruct,pb_t016_09,random_high_minus_low,20261228,1.0,high_minus_low,interaction,-0.017339473224948797
meta-llama/Llama-3.3-70B-Instruct,pb_t016_10,random_high_minus_low,20261228,1.0,high_minus_low,interaction,-0.005000747423147606
meta-llama/Llama-3.3-70B-Instruct,pb_t016_12,random_high_minus_low,20261228,1.0,high_minus_low,interaction,-0.013039176333751618
meta-llama/Llama-3.3-70B-Instruct,pb_t016_17,random_high_minus_low,20261228,1.0,high_minus_low,interaction,-0.009597306982193512
meta-llama/Llama-3.3-70B-Instruct,pb_t016_20,random_high_minus_low,20261228,1.0,high_minus_low,interaction,-0.019114770843662074
meta-llama/Llama-3.3-70B-Instruct,pb_t018_08,random_high_minus_low,20261228,1.0,high_minus_low,interaction,0.009957394013704846
meta-llama/Llama-3.3-70B-Instruct,pb_t018_10,random_high_minus_low,20261228,1.0,high_minus_low,interaction,-0.02304638282840225
meta-llama/Llama-3.3-70B-Instruct,pb_t018_11,random_high_minus_low,20261228,1.0,high_minus_low,interaction,-0.012889254483261007
meta-llama/Llama-3.3-70B-Instruct,pb_t018_14,random_high_minus_low,20261228,1.0,high_minus_low,interaction,-0.013214470217947017
meta-llama/Llama-3.3-70B-Instruct,pb_t018_18,random_high_minus_low,20261228,1.0,high_minus_low,interaction,-0.010821983644767939
meta-llama/Llama-3.3-70B-Instruct,pb_t023_09,random_high_minus_low,20261228,1.0,high_minus_low,interaction,-0.007000079868552961
meta-llama/Llama-3.3-70B-Instruct,pb_t023_12,random_high_minus_low,20261228,1.0,high_minus_low,interaction,-0.009806745394791212
meta-llama/Llama-3.3-70B-Instruct,pb_t023_13,random_high_minus_low,20261228,1.0,high_minus_low,interaction,-0.02881935138221331
meta-llama/Llama-3.3-70B-Instruct,pb_t023_17,random_high_minus_low,20261228,1.0,high_minus_low,interaction,-0.022749229861690323
meta-llama/Llama-3.3-70B-Instruct,pb_t023_20,random_high_minus_low,20261228,1.0,high_minus_low,interaction,-0.01255207647954166
meta-llama/Llama-3.3-70B-Instruct,pb_t029_07,random_high_minus_low,20261228,1.0,high_minus_low,interaction,-0.008611065338003127
meta-llama/Llama-3.3-70B-Instruct,pb_t029_09,random_high_minus_low,20261228,1.0,high_minus_low,interaction,-0.024519740385107628
meta-llama/Llama-3.3-70B-Instruct,pb_t029_10,random_high_minus_low,20261228,1.0,high_minus_low,interaction,-0.00835863188244869
meta-llama/Llama-3.3-70B-Instruct,pb_t029_11,random_high_minus_low,20261228,1.0,high_minus_low,interaction,-0.02561423817520904
meta-llama/Llama-3.3-70B-Instruct,pb_t029_12,random_high_minus_low,20261228,1.0,high_minus_low,interaction,-0.005438056981783654
meta-llama/Llama-3.3-70B-Instruct,pb_t031_06,random_high_minus_low,20261228,1.0,high_minus_low,interaction,-0.010852338540234454
meta-llama/Llama-3.3-70B-Instruct,pb_t031_09,random_high_minus_low,20261228,1.0,high_minus_low,interaction,-0.017816926957466735
meta-llama/Llama-3.3-70B-Instruct,pb_t031_12,random_high_minus_low,20261228,1.0,high_minus_low,interaction,-0.023009781454027593
meta-llama/Llama-3.3-70B-Instruct,pb_t031_13,random_high_minus_low,20261228,1.0,high_minus_low,interaction,-0.020636482617509434
meta-llama/Llama-3.3-70B-Instruct,pb_t031_16,random_high_minus_low,20261228,1.0,high_minus_low,interaction,-0.009753242892793225
meta-llama/Llama-3.3-70B-Instruct,pb_t032_08,random_high_minus_low,20261228,1.0,high_minus_low,interaction,-0.018427576191832197
meta-llama/Llama-3.3-70B-Instruct,pb_t032_09,random_high_minus_low,20261228,1.0,high_minus_low,interaction,-0.02569090218331134
meta-llama/Llama-3.3-70B-Instruct,pb_t032_13,random_high_minus_low,20261228,1.0,high_minus_low,interaction,-0.011031625445320055
meta-llama/Llama-3.3-70B-Instruct,pb_t032_15,random_high_minus_low,20261228,1.0,high_minus_low,interaction,-0.024397566695497006
meta-llama/Llama-3.3-70B-Instruct,pb_t032_16,random_high_minus_low,20261228,1.0,high_minus_low,interaction,0.010057229734210651
meta-llama/Llama-3.3-70B-Instruct,pb_t035_06,random_high_minus_low,20261228,1.0,high_minus_low,interaction,-0.0026547184682533254
meta-llama/Llama-3.3-70B-Instruct,pb_t035_13,random_high_minus_low,20261228,1.0,high_minus_low,interaction,-0.013639492746120339
meta-llama/Llama-3.3-70B-Instruct,pb_t035_15,random_high_minus_low,20261228,1.0,high_minus_low,interaction,-0.003099286897652399
meta-llama/Llama-3.3-70B-Instruct,pb_t035_20,random_high_minus_low,20261228,1.0,high_minus_low,interaction,-0.002777292462370477
meta-llama/Llama-3.3-70B-Instruct,pb_t035_22,random_high_minus_low,20261228,1.0,high_minus_low,interaction,-0.0012217219162526868
meta-llama/Llama-3.3-70B-Instruct,pb_t040_08,random_high_minus_low,20261228,1.0,high_minus_low,interaction,-0.006445438829833318
meta-llama/Llama-3.3-70B-Instruct,pb_t040_10,random_high_minus_low,20261228,1.0,high_minus_low,interaction,-0.01883480034461944
meta-llama/Llama-3.3-70B-Instruct,pb_t040_13,random_high_minus_low,20261228,1.0,high_minus_low,interaction,-0.008199592232629437
meta-llama/Llama-3.3-70B-Instruct,pb_t040_14,random_high_minus_low,20261228,1.0,high_minus_low,interaction,-0.004588696779245766
meta-llama/Llama-3.3-70B-Instruct,pb_t040_15,random_high_minus_low,20261228,1.0,high_minus_low,interaction,-0.00609446875700477
meta-llama/Llama-3.3-70B-Instruct,pb_t001_08,random_high_minus_low,20261229,1.0,high_minus_low,interaction,-0.009274777995800843
meta-llama/Llama-3.3-70B-Instruct,pb_t001_10,random_high_minus_low,20261229,1.0,high_minus_low,interaction,-0.0203505751061245
meta-llama/Llama-3.3-70B-Instruct,pb_t001_11,random_high_minus_low,20261229,1.0,high_minus_low,interaction,-0.021808654237307837
meta-llama/Llama-3.3-70B-Instruct,pb_t001_12,random_high_minus_low,20261229,1.0,high_minus_low,interaction,-0.0075866409141270245
meta-llama/Llama-3.3-70B-Instruct,pb_t001_15,random_high_minus_low,20261229,1.0,high_minus_low,interaction,-0.025635539096629904
meta-llama/Llama-3.3-70B-Instruct,pb_t002_08,random_high_minus_low,20261229,1.0,high_minus_low,interaction,-0.015084949107740659
meta-llama/Llama-3.3-70B-Instruct,pb_t002_16,random_high_minus_low,20261229,1.0,high_minus_low,interaction,-0.012479218218039368
meta-llama/Llama-3.3-70B-Instruct,pb_t002_17,random_high_minus_low,20261229,1.0,high_minus_low,interaction,-0.015385661780903982
meta-llama/Llama-3.3-70B-Instruct,pb_t002_18,random_high_minus_low,20261229,1.0,high_minus_low,interaction,-0.004323747230202577
meta-llama/Llama-3.3-70B-Instruct,pb_t002_20,random_high_minus_low,20261229,1.0,high_minus_low,interaction,-0.012199575942480353
meta-llama/Llama-3.3-70B-Instruct,pb_t004_10,random_high_minus_low,20261229,1.0,high_minus_low,interaction,-0.03431162757394466
meta-llama/Llama-3.3-70B-Instruct,pb_t004_11,random_high_minus_low,20261229,1.0,high_minus_low,interaction,-0.002684343888707673
meta-llama/Llama-3.3-70B-Instruct,pb_t004_13,random_high_minus_low,20261229,1.0,high_minus_low,interaction,-0.015783719998206307
meta-llama/Llama-3.3-70B-Instruct,pb_t004_17,random_high_minus_low,20261229,1.0,high_minus_low,interaction,-0.01191306700524354
meta-llama/Llama-3.3-70B-Instruct,pb_t004_20,random_high_minus_low,20261229,1.0,high_minus_low,interaction,-0.013620355597172442
meta-llama/Llama-3.3-70B-Instruct,pb_t006_09,random_high_minus_low,20261229,1.0,high_minus_low,interaction,0.00479221064390388
meta-llama/Llama-3.3-70B-Instruct,pb_t006_10,random_high_minus_low,20261229,1.0,high_minus_low,interaction,-0.002339494740148336
meta-llama/Llama-3.3-70B-Instruct,pb_t006_12,random_high_minus_low,20261229,1.0,high_minus_low,interaction,-0.020414541634794475
meta-llama/Llama-3.3-70B-Instruct,pb_t006_18,random_high_minus_low,20261229,1.0,high_minus_low,interaction,-0.024817893063196404
meta-llama/Llama-3.3-70B-Instruct,pb_t006_19,random_high_minus_low,20261229,1.0,high_minus_low,interaction,-0.016084854160253206
meta-llama/Llama-3.3-70B-Instruct,pb_t007_09,random_high_minus_low,20261229,1.0,high_minus_low,interaction,-0.0032709136337165192
meta-llama/Llama-3.3-70B-Instruct,pb_t007_10,random_high_minus_low,20261229,1.0,high_minus_low,interaction,-0.015217845107214287
meta-llama/Llama-3.3-70B-Instruct,pb_t007_16,random_high_minus_low,20261229,1.0,high_minus_low,interaction,-0.029405588786709486
meta-llama/Llama-3.3-70B-Instruct,pb_t007_17,random_high_minus_low,20261229,1.0,high_minus_low,interaction,-0.011136973197639347
meta-llama/Llama-3.3-70B-Instruct,pb_t007_19,random_high_minus_low,20261229,1.0,high_minus_low,interaction,-0.0372451365300693
meta-llama/Llama-3.3-70B-Instruct,pb_t008_09,random_high_minus_low,20261229,1.0,high_minus_low,interaction,-0.014465912833518826
meta-llama/Llama-3.3-70B-Instruct,pb_t008_11,random_high_minus_low,20261229,1.0,high_minus_low,interaction,-0.01099149998031287
meta-llama/Llama-3.3-70B-Instruct,pb_t008_16,random_high_minus_low,20261229,1.0,high_minus_low,interaction,-0.01961283277833598
meta-llama/Llama-3.3-70B-Instruct,pb_t008_17,random_high_minus_low,20261229,1.0,high_minus_low,interaction,-0.01723426064013003
meta-llama/Llama-3.3-70B-Instruct,pb_t008_20,random_high_minus_low,20261229,1.0,high_minus_low,interaction,-0.0007921737707033696
meta-llama/Llama-3.3-70B-Instruct,pb_t009_07,random_high_minus_low,20261229,1.0,high_minus_low,interaction,-0.03129954948779306
meta-llama/Llama-3.3-70B-Instruct,pb_t009_12,random_high_minus_low,20261229,1.0,high_minus_low,interaction,-0.010437415324961464
meta-llama/Llama-3.3-70B-Instruct,pb_t009_15,random_high_minus_low,20261229,1.0,high_minus_low,interaction,-0.017704331948932357
meta-llama/Llama-3.3-70B-Instruct,pb_t009_17,random_high_minus_low,20261229,1.0,high_minus_low,interaction,0.0029457368103566702
meta-llama/Llama-3.3-70B-Instruct,pb_t009_19,random_high_minus_low,20261229,1.0,high_minus_low,interaction,-0.00997916247474915
meta-llama/Llama-3.3-70B-Instruct,pb_t010_09,random_high_minus_low,20261229,1.0,high_minus_low,interaction,-0.02840842452046203
meta-llama/Llama-3.3-70B-Instruct,pb_t010_12,random_high_minus_low,20261229,1.0,high_minus_low,interaction,-0.01701072514086007
meta-llama/Llama-3.3-70B-Instruct,pb_t010_17,random_high_minus_low,20261229,1.0,high_minus_low,interaction,-0.01838768761416247
meta-llama/Llama-3.3-70B-Instruct,pb_t010_19,random_high_minus_low,20261229,1.0,high_minus_low,interaction,-0.024395652383538694
meta-llama/Llama-3.3-70B-Instruct,pb_t010_20,random_high_minus_low,20261229,1.0,high_minus_low,interaction,-0.018792607004504143
meta-llama/Llama-3.3-70B-Instruct,pb_t016_09,random_high_minus_low,20261229,1.0,high_minus_low,interaction,-0.0018790977941551077
meta-llama/Llama-3.3-70B-Instruct,pb_t016_10,random_high_minus_low,20261229,1.0,high_minus_low,interaction,-0.02948794001238955
meta-llama/Llama-3.3-70B-Instruct,pb_t016_12,random_high_minus_low,20261229,1.0,high_minus_low,interaction,-0.014484975342455153
meta-llama/Llama-3.3-70B-Instruct,pb_t016_17,random_high_minus_low,20261229,1.0,high_minus_low,interaction,-0.01947262536124759
meta-llama/Llama-3.3-70B-Instruct,pb_t016_20,random_high_minus_low,20261229,1.0,high_minus_low,interaction,-0.013874730068794121
meta-llama/Llama-3.3-70B-Instruct,pb_t018_08,random_high_minus_low,20261229,1.0,high_minus_low,interaction,-0.009649317508925738
meta-llama/Llama-3.3-70B-Instruct,pb_t018_10,random_high_minus_low,20261229,1.0,high_minus_low,interaction,-0.004034512431016759
meta-llama/Llama-3.3-70B-Instruct,pb_t018_11,random_high_minus_low,20261229,1.0,high_minus_low,interaction,-0.020930816473576093
meta-llama/Llama-3.3-70B-Instruct,pb_t018_14,random_high_minus_low,20261229,1.0,high_minus_low,interaction,-0.01219166562308471
meta-llama/Llama-3.3-70B-Instruct,pb_t018_18,random_high_minus_low,20261229,1.0,high_minus_low,interaction,-0.010505635475348917
meta-llama/Llama-3.3-70B-Instruct,pb_t023_09,random_high_minus_low,20261229,1.0,high_minus_low,interaction,-0.015699849319586907
meta-llama/Llama-3.3-70B-Instruct,pb_t023_12,random_high_minus_low,20261229,1.0,high_minus_low,interaction,-0.017793886279291606
meta-llama/Llama-3.3-70B-Instruct,pb_t023_13,random_high_minus_low,20261229,1.0,high_minus_low,interaction,-0.01700973865301729
meta-llama/Llama-3.3-70B-Instruct,pb_t023_17,random_high_minus_low,20261229,1.0,high_minus_low,interaction,-0.009426695346051851
meta-llama/Llama-3.3-70B-Instruct,pb_t023_20,random_high_minus_low,20261229,1.0,high_minus_low,interaction,-0.012086497275318206
meta-llama/Llama-3.3-70B-Instruct,pb_t029_07,random_high_minus_low,20261229,1.0,high_minus_low,interaction,-0.013741971015974339
meta-llama/Llama-3.3-70B-Instruct,pb_t029_09,random_high_minus_low,20261229,1.0,high_minus_low,interaction,-0.01700085953512093
meta-llama/Llama-3.3-70B-Instruct,pb_t029_10,random_high_minus_low,20261229,1.0,high_minus_low,interaction,-0.025621330525898024
meta-llama/Llama-3.3-70B-Instruct,pb_t029_11,random_high_minus_low,20261229,1.0,high_minus_low,interaction,-0.025003708749041984
meta-llama/Llama-3.3-70B-Instruct,pb_t029_12,random_high_minus_low,20261229,1.0,high_minus_low,interaction,-0.020010929130707695
meta-llama/Llama-3.3-70B-Instruct,pb_t031_06,random_high_minus_low,20261229,1.0,high_minus_low,interaction,-0.0034126041029003927
meta-llama/Llama-3.3-70B-Instruct,pb_t031_09,random_high_minus_low,20261229,1.0,high_minus_low,interaction,-0.008045714840091993
meta-llama/Llama-3.3-70B-Instruct,pb_t031_12,random_high_minus_low,20261229,1.0,high_minus_low,interaction,-0.01889956378331037
meta-llama/Llama-3.3-70B-Instruct,pb_t031_13,random_high_minus_low,20261229,1.0,high_minus_low,interaction,-0.018548430036878342
meta-llama/Llama-3.3-70B-Instruct,pb_t031_16,random_high_minus_low,20261229,1.0,high_minus_low,interaction,-0.015947528537175525
meta-llama/Llama-3.3-70B-Instruct,pb_t032_08,random_high_minus_low,20261229,1.0,high_minus_low,interaction,-0.00975812625319983
meta-llama/Llama-3.3-70B-Instruct,pb_t032_09,random_high_minus_low,20261229,1.0,high_minus_low,interaction,0.0030011260996333335
meta-llama/Llama-3.3-70B-Instruct,pb_t032_13,random_high_minus_low,20261229,1.0,high_minus_low,interaction,-0.006504202954077616
meta-llama/Llama-3.3-70B-Instruct,pb_t032_15,random_high_minus_low,20261229,1.0,high_minus_low,interaction,-0.0016845388253626387
meta-llama/Llama-3.3-70B-Instruct,pb_t032_16,random_high_minus_low,20261229,1.0,high_minus_low,interaction,-0.01372550830587389
meta-llama/Llama-3.3-70B-Instruct,pb_t035_06,random_high_minus_low,20261229,1.0,high_minus_low,interaction,-0.02093149132717654
meta-llama/Llama-3.3-70B-Instruct,pb_t035_13,random_high_minus_low,20261229,1.0,high_minus_low,interaction,-0.020137477527975085
meta-llama/Llama-3.3-70B-Instruct,pb_t035_15,random_high_minus_low,20261229,1.0,high_minus_low,interaction,-0.019673736104769288
meta-llama/Llama-3.3-70B-Instruct,pb_t035_20,random_high_minus_low,20261229,1.0,high_minus_low,interaction,-0.020151673736938016
meta-llama/Llama-3.3-70B-Instruct,pb_t035_22,random_high_minus_low,20261229,1.0,high_minus_low,interaction,-0.015988483151949156
meta-llama/Llama-3.3-70B-Instruct,pb_t040_08,random_high_minus_low,20261229,1.0,high_minus_low,interaction,-0.00429599682484283
meta-llama/Llama-3.3-70B-Instruct,pb_t040_10,random_high_minus_low,20261229,1.0,high_minus_low,interaction,-0.005019802068982911
meta-llama/Llama-3.3-70B-Instruct,pb_t040_13,random_high_minus_low,20261229,1.0,high_minus_low,interaction,-0.010849426575403859
meta-llama/Llama-3.3-70B-Instruct,pb_t040_14,random_high_minus_low,20261229,1.0,high_minus_low,interaction,-0.020671227347294575
meta-llama/Llama-3.3-70B-Instruct,pb_t040_15,random_high_minus_low,20261229,1.0,high_minus_low,interaction,-0.004173546786225913
meta-llama/Llama-3.3-70B-Instruct,pb_t001_08,random_high_minus_low,20261230,1.0,high_minus_low,interaction,-0.006130087026205893
meta-llama/Llama-3.3-70B-Instruct,pb_t001_10,random_high_minus_low,20261230,1.0,high_minus_low,interaction,-0.006616589271420008
meta-llama/Llama-3.3-70B-Instruct,pb_t001_11,random_high_minus_low,20261230,1.0,high_minus_low,interaction,-0.0011691216031440809
meta-llama/Llama-3.3-70B-Instruct,pb_t001_12,random_high_minus_low,20261230,1.0,high_minus_low,interaction,-0.007102963861765981
meta-llama/Llama-3.3-70B-Instruct,pb_t001_15,random_high_minus_low,20261230,1.0,high_minus_low,interaction,0.003664488548528737
meta-llama/Llama-3.3-70B-Instruct,pb_t002_08,random_high_minus_low,20261230,1.0,high_minus_low,interaction,-0.00545472571815038
meta-llama/Llama-3.3-70B-Instruct,pb_t002_16,random_high_minus_low,20261230,1.0,high_minus_low,interaction,-0.011615795616213826
meta-llama/Llama-3.3-70B-Instruct,pb_t002_17,random_high_minus_low,20261230,1.0,high_minus_low,interaction,0.005290254730593869
meta-llama/Llama-3.3-70B-Instruct,pb_t002_18,random_high_minus_low,20261230,1.0,high_minus_low,interaction,-0.0019166226091566704
meta-llama/Llama-3.3-70B-Instruct,pb_t002_20,random_high_minus_low,20261230,1.0,high_minus_low,interaction,-0.009107107220606217
meta-llama/Llama-3.3-70B-Instruct,pb_t004_10,random_high_minus_low,20261230,1.0,high_minus_low,interaction,-0.011758444744089849
meta-llama/Llama-3.3-70B-Instruct,pb_t004_11,random_high_minus_low,20261230,1.0,high_minus_low,interaction,0.011694278973156079
meta-llama/Llama-3.3-70B-Instruct,pb_t004_13,random_high_minus_low,20261230,1.0,high_minus_low,interaction,-0.005566152012817194
meta-llama/Llama-3.3-70B-Instruct,pb_t004_17,random_high_minus_low,20261230,1.0,high_minus_low,interaction,-0.01767411201849995
meta-llama/Llama-3.3-70B-Instruct,pb_t004_20,random_high_minus_low,20261230,1.0,high_minus_low,interaction,0.003318508109502589
meta-llama/Llama-3.3-70B-Instruct,pb_t006_09,random_high_minus_low,20261230,1.0,high_minus_low,interaction,-0.008089920052214138
meta-llama/Llama-3.3-70B-Instruct,pb_t006_10,random_high_minus_low,20261230,1.0,high_minus_low,interaction,0.01814356077363059
meta-llama/Llama-3.3-70B-Instruct,pb_t006_12,random_high_minus_low,20261230,1.0,high_minus_low,interaction,0.008370478997446064
meta-llama/Llama-3.3-70B-Instruct,pb_t006_18,random_high_minus_low,20261230,1.0,high_minus_low,interaction,-0.020433604006800582
meta-llama/Llama-3.3-70B-Instruct,pb_t006_19,random_high_minus_low,20261230,1.0,high_minus_low,interaction,-0.004543712149498946
meta-llama/Llama-3.3-70B-Instruct,pb_t007_09,random_high_minus_low,20261230,1.0,high_minus_low,interaction,0.0010980082142902463
meta-llama/Llama-3.3-70B-Instruct,pb_t007_10,random_high_minus_low,20261230,1.0,high_minus_low,interaction,-0.004831447843104237
meta-llama/Llama-3.3-70B-Instruct,pb_t007_16,random_high_minus_low,20261230,1.0,high_minus_low,interaction,0.010653013992742877
meta-llama/Llama-3.3-70B-Instruct,pb_t007_17,random_high_minus_low,20261230,1.0,high_minus_low,interaction,0.0007574130581970076
meta-llama/Llama-3.3-70B-Instruct,pb_t007_19,random_high_minus_low,20261230,1.0,high_minus_low,interaction,-0.019586803879241884
meta-llama/Llama-3.3-70B-Instruct,pb_t008_09,random_high_minus_low,20261230,1.0,high_minus_low,interaction,0.002726576075776937
meta-llama/Llama-3.3-70B-Instruct,pb_t008_11,random_high_minus_low,20261230,1.0,high_minus_low,interaction,0.0049869926126819945
meta-llama/Llama-3.3-70B-Instruct,pb_t008_16,random_high_minus_low,20261230,1.0,high_minus_low,interaction,-0.013257883515088345
meta-llama/Llama-3.3-70B-Instruct,pb_t008_17,random_high_minus_low,20261230,1.0,high_minus_low,interaction,0.001716211056167575
meta-llama/Llama-3.3-70B-Instruct,pb_t008_20,random_high_minus_low,20261230,1.0,high_minus_low,interaction,0.010858956511698289
meta-llama/Llama-3.3-70B-Instruct,pb_t009_07,random_high_minus_low,20261230,1.0,high_minus_low,interaction,0.009850460727784461
meta-llama/Llama-3.3-70B-Instruct,pb_t009_12,random_high_minus_low,20261230,1.0,high_minus_low,interaction,-0.02316805566846669
meta-llama/Llama-3.3-70B-Instruct,pb_t009_15,random_high_minus_low,20261230,1.0,high_minus_low,interaction,-0.0027041017305455706
meta-llama/Llama-3.3-70B-Instruct,pb_t009_17,random_high_minus_low,20261230,1.0,high_minus_low,interaction,0.008453240084753915
meta-llama/Llama-3.3-70B-Instruct,pb_t009_19,random_high_minus_low,20261230,1.0,high_minus_low,interaction,-0.003150738338798198
meta-llama/Llama-3.3-70B-Instruct,pb_t010_09,random_high_minus_low,20261230,1.0,high_minus_low,interaction,-0.007472961909133843
meta-llama/Llama-3.3-70B-Instruct,pb_t010_12,random_high_minus_low,20261230,1.0,high_minus_low,interaction,0.0025665535922739465
meta-llama/Llama-3.3-70B-Instruct,pb_t010_17,random_high_minus_low,20261230,1.0,high_minus_low,interaction,0.003291633931433874
meta-llama/Llama-3.3-70B-Instruct,pb_t010_19,random_high_minus_low,20261230,1.0,high_minus_low,interaction,-0.0049389770621071595
meta-llama/Llama-3.3-70B-Instruct,pb_t010_20,random_high_minus_low,20261230,1.0,high_minus_low,interaction,0.0007969866315766896
meta-llama/Llama-3.3-70B-Instruct,pb_t016_09,random_high_minus_low,20261230,1.0,high_minus_low,interaction,0.009021043803672886
meta-llama/Llama-3.3-70B-Instruct,pb_t016_10,random_high_minus_low,20261230,1.0,high_minus_low,interaction,-0.012093743434617443
meta-llama/Llama-3.3-70B-Instruct,pb_t016_12,random_high_minus_low,20261230,1.0,high_minus_low,interaction,-0.013437518563704991
meta-llama/Llama-3.3-70B-Instruct,pb_t016_17,random_high_minus_low,20261230,1.0,high_minus_low,interaction,0.00948403245979733
meta-llama/Llama-3.3-70B-Instruct,pb_t016_20,random_high_minus_low,20261230,1.0,high_minus_low,interaction,-0.006581456407383338
meta-llama/Llama-3.3-70B-Instruct,pb_t018_08,random_high_minus_low,20261230,1.0,high_minus_low,interaction,-0.0035393905306199507
meta-llama/Llama-3.3-70B-Instruct,pb_t018_10,random_high_minus_low,20261230,1.0,high_minus_low,interaction,0.003823402821953902
meta-llama/Llama-3.3-70B-Instruct,pb_t018_11,random_high_minus_low,20261230,1.0,high_minus_low,interaction,-0.022579477203512346
meta-llama/Llama-3.3-70B-Instruct,pb_t018_14,random_high_minus_low,20261230,1.0,high_minus_low,interaction,0.004461493607481835
meta-llama/Llama-3.3-70B-Instruct,pb_t018_18,random_high_minus_low,20261230,1.0,high_minus_low,interaction,0.004988245347384535
meta-llama/Llama-3.3-70B-Instruct,pb_t023_09,random_high_minus_low,20261230,1.0,high_minus_low,interaction,0.014698423603360128
meta-llama/Llama-3.3-70B-Instruct,pb_t023_12,random_high_minus_low,20261230,1.0,high_minus_low,interaction,-0.008871422316900766
meta-llama/Llama-3.3-70B-Instruct,pb_t023_13,random_high_minus_low,20261230,1.0,high_minus_low,interaction,-0.004975367633368357
meta-llama/Llama-3.3-70B-Instruct,pb_t023_17,random_high_minus_low,20261230,1.0,high_minus_low,interaction,0.0007441293399180773
meta-llama/Llama-3.3-70B-Instruct,pb_t023_20,random_high_minus_low,20261230,1.0,high_minus_low,interaction,0.013531727541073584
meta-llama/Llama-3.3-70B-Instruct,pb_t029_07,random_high_minus_low,20261230,1.0,high_minus_low,interaction,-0.001012044621073592
meta-llama/Llama-3.3-70B-Instruct,pb_t029_09,random_high_minus_low,20261230,1.0,high_minus_low,interaction,0.001198819169734221
meta-llama/Llama-3.3-70B-Instruct,pb_t029_10,random_high_minus_low,20261230,1.0,high_minus_low,interaction,0.0037229200843002124
meta-llama/Llama-3.3-70B-Instruct,pb_t029_11,random_high_minus_low,20261230,1.0,high_minus_low,interaction,-0.021644412004792665
meta-llama/Llama-3.3-70B-Instruct,pb_t029_12,random_high_minus_low,20261230,1.0,high_minus_low,interaction,-0.015444210273567549
meta-llama/Llama-3.3-70B-Instruct,pb_t031_06,random_high_minus_low,20261230,1.0,high_minus_low,interaction,0.0067757586282425186
meta-llama/Llama-3.3-70B-Instruct,pb_t031_09,random_high_minus_low,20261230,1.0,high_minus_low,interaction,-0.00833045040393007
meta-llama/Llama-3.3-70B-Instruct,pb_t031_12,random_high_minus_low,20261230,1.0,high_minus_low,interaction,-0.005274888253901593
meta-llama/Llama-3.3-70B-Instruct,pb_t031_13,random_high_minus_low,20261230,1.0,high_minus_low,interaction,-0.019045552721950937
meta-llama/Llama-3.3-70B-Instruct,pb_t031_16,random_high_minus_low,20261230,1.0,high_minus_low,interaction,-0.011095396695626012
meta-llama/Llama-3.3-70B-Instruct,pb_t032_08,random_high_minus_low,20261230,1.0,high_minus_low,interaction,-0.0002632337347901816
meta-llama/Llama-3.3-70B-Instruct,pb_t032_09,random_high_minus_low,20261230,1.0,high_minus_low,interaction,-0.004096639566778785
meta-llama/Llama-3.3-70B-Instruct,pb_t032_13,random_high_minus_low,20261230,1.0,high_minus_low,interaction,0.01204486316802998
meta-llama/Llama-3.3-70B-Instruct,pb_t032_15,random_high_minus_low,20261230,1.0,high_minus_low,interaction,-0.013960789789694618
meta-llama/Llama-3.3-70B-Instruct,pb_t032_16,random_high_minus_low,20261230,1.0,high_minus_low,interaction,-0.009158764052347513
meta-llama/Llama-3.3-70B-Instruct,pb_t035_06,random_high_minus_low,20261230,1.0,high_minus_low,interaction,-0.017953104596586722
meta-llama/Llama-3.3-70B-Instruct,pb_t035_13,random_high_minus_low,20261230,1.0,high_minus_low,interaction,0.0003315997936641872
meta-llama/Llama-3.3-70B-Instruct,pb_t035_15,random_high_minus_low,20261230,1.0,high_minus_low,interaction,-0.0114483526324389
meta-llama/Llama-3.3-70B-Instruct,pb_t035_20,random_high_minus_low,20261230,1.0,high_minus_low,interaction,0.011721951003517
meta-llama/Llama-3.3-70B-Instruct,pb_t035_22,random_high_minus_low,20261230,1.0,high_minus_low,interaction,-0.0036207714022426485
meta-llama/Llama-3.3-70B-Instruct,pb_t040_08,random_high_minus_low,20261230,1.0,high_minus_low,interaction,-0.007925858440272925
meta-llama/Llama-3.3-70B-Instruct,pb_t040_10,random_high_minus_low,20261230,1.0,high_minus_low,interaction,-0.0009643513095040069
meta-llama/Llama-3.3-70B-Instruct,pb_t040_13,random_high_minus_low,20261230,1.0,high_minus_low,interaction,0.006046581901414587
meta-llama/Llama-3.3-70B-Instruct,pb_t040_14,random_high_minus_low,20261230,1.0,high_minus_low,interaction,-0.024491083667914373
meta-llama/Llama-3.3-70B-Instruct,pb_t040_15,random_high_minus_low,20261230,1.0,high_minus_low,interaction,-0.0028799082026620265
meta-llama/Llama-3.3-70B-Instruct,pb_t001_08,random_high_minus_low,20261231,1.0,high_minus_low,interaction,0.024797174255228253
meta-llama/Llama-3.3-70B-Instruct,pb_t001_10,random_high_minus_low,20261231,1.0,high_minus_low,interaction,0.016211879448269052
meta-llama/Llama-3.3-70B-Instruct,pb_t001_11,random_high_minus_low,20261231,1.0,high_minus_low,interaction,0.027132775102221514
meta-llama/Llama-3.3-70B-Instruct,pb_t001_12,random_high_minus_low,20261231,1.0,high_minus_low,interaction,0.03429262814066364
meta-llama/Llama-3.3-70B-Instruct,pb_t001_15,random_high_minus_low,20261231,1.0,high_minus_low,interaction,0.03396369399959029
meta-llama/Llama-3.3-70B-Instruct,pb_t002_08,random_high_minus_low,20261231,1.0,high_minus_low,interaction,0.035438856222458154
meta-llama/Llama-3.3-70B-Instruct,pb_t002_16,random_high_minus_low,20261231,1.0,high_minus_low,interaction,0.02699935335123009
meta-llama/Llama-3.3-70B-Instruct,pb_t002_17,random_high_minus_low,20261231,1.0,high_minus_low,interaction,0.028275100489764844
meta-llama/Llama-3.3-70B-Instruct,pb_t002_18,random_high_minus_low,20261231,1.0,high_minus_low,interaction,0.021592955315405105
meta-llama/Llama-3.3-70B-Instruct,pb_t002_20,random_high_minus_low,20261231,1.0,high_minus_low,interaction,0.03454442379002945
meta-llama/Llama-3.3-70B-Instruct,pb_t004_10,random_high_minus_low,20261231,1.0,high_minus_low,interaction,0.05171309776747627
meta-llama/Llama-3.3-70B-Instruct,pb_t004_11,random_high_minus_low,20261231,1.0,high_minus_low,interaction,0.02340956643166027
meta-llama/Llama-3.3-70B-Instruct,pb_t004_13,random_high_minus_low,20261231,1.0,high_minus_low,interaction,0.034275780569305844
meta-llama/Llama-3.3-70B-Instruct,pb_t004_17,random_high_minus_low,20261231,1.0,high_minus_low,interaction,0.04549682520895989
meta-llama/Llama-3.3-70B-Instruct,pb_t004_20,random_high_minus_low,20261231,1.0,high_minus_low,interaction,0.0392547009046641
meta-llama/Llama-3.3-70B-Instruct,pb_t006_09,random_high_minus_low,20261231,1.0,high_minus_low,interaction,0.04699242551798083
meta-llama/Llama-3.3-70B-Instruct,pb_t006_10,random_high_minus_low,20261231,1.0,high_minus_low,interaction,0.0337215841214804
meta-llama/Llama-3.3-70B-Instruct,pb_t006_12,random_high_minus_low,20261231,1.0,high_minus_low,interaction,0.013115101438273437
meta-llama/Llama-3.3-70B-Instruct,pb_t006_18,random_high_minus_low,20261231,1.0,high_minus_low,interaction,0.0230919047006711
meta-llama/Llama-3.3-70B-Instruct,pb_t006_19,random_high_minus_low,20261231,1.0,high_minus_low,interaction,0.014198726647429279
meta-llama/Llama-3.3-70B-Instruct,pb_t007_09,random_high_minus_low,20261231,1.0,high_minus_low,interaction,0.04358567774247562
meta-llama/Llama-3.3-70B-Instruct,pb_t007_10,random_high_minus_low,20261231,1.0,high_minus_low,interaction,0.03609193034316726
meta-llama/Llama-3.3-70B-Instruct,pb_t007_16,random_high_minus_low,20261231,1.0,high_minus_low,interaction,0.03511600973318294
meta-llama/Llama-3.3-70B-Instruct,pb_t007_17,random_high_minus_low,20261231,1.0,high_minus_low,interaction,0.019840238241108147
meta-llama/Llama-3.3-70B-Instruct,pb_t007_19,random_high_minus_low,20261231,1.0,high_minus_low,interaction,0.04506377183783649
meta-llama/Llama-3.3-70B-Instruct,pb_t008_09,random_high_minus_low,20261231,1.0,high_minus_low,interaction,0.04615382789410236
meta-llama/Llama-3.3-70B-Instruct,pb_t008_11,random_high_minus_low,20261231,1.0,high_minus_low,interaction,0.03855207952596296
meta-llama/Llama-3.3-70B-Instruct,pb_t008_16,random_high_minus_low,20261231,1.0,high_minus_low,interaction,0.03077295450433842
meta-llama/Llama-3.3-70B-Instruct,pb_t008_17,random_high_minus_low,20261231,1.0,high_minus_low,interaction,0.016816769682923813
meta-llama/Llama-3.3-70B-Instruct,pb_t008_20,random_high_minus_low,20261231,1.0,high_minus_low,interaction,0.02091856407750714
meta-llama/Llama-3.3-70B-Instruct,pb_t009_07,random_high_minus_low,20261231,1.0,high_minus_low,interaction,0.031053336826810374
meta-llama/Llama-3.3-70B-Instruct,pb_t009_12,random_high_minus_low,20261231,1.0,high_minus_low,interaction,0.032910774529998965
meta-llama/Llama-3.3-70B-Instruct,pb_t009_15,random_high_minus_low,20261231,1.0,high_minus_low,interaction,0.0397031649995746
meta-llama/Llama-3.3-70B-Instruct,pb_t009_17,random_high_minus_low,20261231,1.0,high_minus_low,interaction,0.01492348391011154
meta-llama/Llama-3.3-70B-Instruct,pb_t009_19,random_high_minus_low,20261231,1.0,high_minus_low,interaction,0.019752170812905055
meta-llama/Llama-3.3-70B-Instruct,pb_t010_09,random_high_minus_low,20261231,1.0,high_minus_low,interaction,0.03510198713998998
meta-llama/Llama-3.3-70B-Instruct,pb_t010_12,random_high_minus_low,20261231,1.0,high_minus_low,interaction,0.04279691972244464
meta-llama/Llama-3.3-70B-Instruct,pb_t010_17,random_high_minus_low,20261231,1.0,high_minus_low,interaction,0.019655765913091802
meta-llama/Llama-3.3-70B-Instruct,pb_t010_19,random_high_minus_low,20261231,1.0,high_minus_low,interaction,0.017483066842166092
meta-llama/Llama-3.3-70B-Instruct,pb_t010_20,random_high_minus_low,20261231,1.0,high_minus_low,interaction,0.030773478261344592
meta-llama/Llama-3.3-70B-Instruct,pb_t016_09,random_high_minus_low,20261231,1.0,high_minus_low,interaction,0.036563987302246366
meta-llama/Llama-3.3-70B-Instruct,pb_t016_10,random_high_minus_low,20261231,1.0,high_minus_low,interaction,0.03349887741076795
meta-llama/Llama-3.3-70B-Instruct,pb_t016_12,random_high_minus_low,20261231,1.0,high_minus_low,interaction,0.018621272368143628
meta-llama/Llama-3.3-70B-Instruct,pb_t016_17,random_high_minus_low,20261231,1.0,high_minus_low,interaction,0.026104153003235257
meta-llama/Llama-3.3-70B-Instruct,pb_t016_20,random_high_minus_low,20261231,1.0,high_minus_low,interaction,0.03296851837056347
meta-llama/Llama-3.3-70B-Instruct,pb_t018_08,random_high_minus_low,20261231,1.0,high_minus_low,interaction,0.01284744045067304
meta-llama/Llama-3.3-70B-Instruct,pb_t018_10,random_high_minus_low,20261231,1.0,high_minus_low,interaction,0.031525721522786584
meta-llama/Llama-3.3-70B-Instruct,pb_t018_11,random_high_minus_low,20261231,1.0,high_minus_low,interaction,0.040319778877993956
meta-llama/Llama-3.3-70B-Instruct,pb_t018_14,random_high_minus_low,20261231,1.0,high_minus_low,interaction,0.02886881330209403
meta-llama/Llama-3.3-70B-Instruct,pb_t018_18,random_high_minus_low,20261231,1.0,high_minus_low,interaction,0.037637406093675364
meta-llama/Llama-3.3-70B-Instruct,pb_t023_09,random_high_minus_low,20261231,1.0,high_minus_low,interaction,0.03364685177604587
meta-llama/Llama-3.3-70B-Instruct,pb_t023_12,random_high_minus_low,20261231,1.0,high_minus_low,interaction,0.040515030455068234
meta-llama/Llama-3.3-70B-Instruct,pb_t023_13,random_high_minus_low,20261231,1.0,high_minus_low,interaction,0.029815089984486565
meta-llama/Llama-3.3-70B-Instruct,pb_t023_17,random_high_minus_low,20261231,1.0,high_minus_low,interaction,0.028752245980525955
meta-llama/Llama-3.3-70B-Instruct,pb_t023_20,random_high_minus_low,20261231,1.0,high_minus_low,interaction,0.012721847922081062
meta-llama/Llama-3.3-70B-Instruct,pb_t029_07,random_high_minus_low,20261231,1.0,high_minus_low,interaction,0.04008428421365433
meta-llama/Llama-3.3-70B-Instruct,pb_t029_09,random_high_minus_low,20261231,1.0,high_minus_low,interaction,0.028995375127887045
meta-llama/Llama-3.3-70B-Instruct,pb_t029_10,random_high_minus_low,20261231,1.0,high_minus_low,interaction,0.03882963931515311
meta-llama/Llama-3.3-70B-Instruct,pb_t029_11,random_high_minus_low,20261231,1.0,high_minus_low,interaction,0.029703907892664284
meta-llama/Llama-3.3-70B-Instruct,pb_t029_12,random_high_minus_low,20261231,1.0,high_minus_low,interaction,0.03812628895476555
meta-llama/Llama-3.3-70B-Instruct,pb_t031_06,random_high_minus_low,20261231,1.0,high_minus_low,interaction,0.025284528698062938
meta-llama/Llama-3.3-70B-Instruct,pb_t031_09,random_high_minus_low,20261231,1.0,high_minus_low,interaction,0.017634446229713382
meta-llama/Llama-3.3-70B-Instruct,pb_t031_12,random_high_minus_low,20261231,1.0,high_minus_low,interaction,0.042293113983285655
meta-llama/Llama-3.3-70B-Instruct,pb_t031_13,random_high_minus_low,20261231,1.0,high_minus_low,interaction,0.030833344569897364
meta-llama/Llama-3.3-70B-Instruct,pb_t031_16,random_high_minus_low,20261231,1.0,high_minus_low,interaction,0.034326505844898006
meta-llama/Llama-3.3-70B-Instruct,pb_t032_08,random_high_minus_low,20261231,1.0,high_minus_low,interaction,0.025521555963058398
meta-llama/Llama-3.3-70B-Instruct,pb_t032_09,random_high_minus_low,20261231,1.0,high_minus_low,interaction,0.028060575085808406
meta-llama/Llama-3.3-70B-Instruct,pb_t032_13,random_high_minus_low,20261231,1.0,high_minus_low,interaction,0.025788771875068183
meta-llama/Llama-3.3-70B-Instruct,pb_t032_15,random_high_minus_low,20261231,1.0,high_minus_low,interaction,0.029730927640071323
meta-llama/Llama-3.3-70B-Instruct,pb_t032_16,random_high_minus_low,20261231,1.0,high_minus_low,interaction,0.04076656470310901
meta-llama/Llama-3.3-70B-Instruct,pb_t035_06,random_high_minus_low,20261231,1.0,high_minus_low,interaction,0.04697124778621774
meta-llama/Llama-3.3-70B-Instruct,pb_t035_13,random_high_minus_low,20261231,1.0,high_minus_low,interaction,0.035179471737886055
meta-llama/Llama-3.3-70B-Instruct,pb_t035_15,random_high_minus_low,20261231,1.0,high_minus_low,interaction,0.029108343011936866
meta-llama/Llama-3.3-70B-Instruct,pb_t035_20,random_high_minus_low,20261231,1.0,high_minus_low,interaction,0.03145220218268433
meta-llama/Llama-3.3-70B-Instruct,pb_t035_22,random_high_minus_low,20261231,1.0,high_minus_low,interaction,0.029690283526224718
meta-llama/Llama-3.3-70B-Instruct,pb_t040_08,random_high_minus_low,20261231,1.0,high_minus_low,interaction,0.04067423412113241
meta-llama/Llama-3.3-70B-Instruct,pb_t040_10,random_high_minus_low,20261231,1.0,high_minus_low,interaction,0.027787975247746573
meta-llama/Llama-3.3-70B-Instruct,pb_t040_13,random_high_minus_low,20261231,1.0,high_minus_low,interaction,0.018437591045685417
meta-llama/Llama-3.3-70B-Instruct,pb_t040_14,random_high_minus_low,20261231,1.0,high_minus_low,interaction,0.02692677803188308
meta-llama/Llama-3.3-70B-Instruct,pb_t040_15,random_high_minus_low,20261231,1.0,high_minus_low,interaction,0.03279483794455789
meta-llama/Llama-3.3-70B-Instruct,pb_t001_08,random_high_minus_low,20261232,1.0,high_minus_low,interaction,0.0005065128557888826
meta-llama/Llama-3.3-70B-Instruct,pb_t001_10,random_high_minus_low,20261232,1.0,high_minus_low,interaction,-0.008023725970366784
meta-llama/Llama-3.3-70B-Instruct,pb_t001_11,random_high_minus_low,20261232,1.0,high_minus_low,interaction,-0.004263636509456101
meta-llama/Llama-3.3-70B-Instruct,pb_t001_12,random_high_minus_low,20261232,1.0,high_minus_low,interaction,-0.003354486224918299
meta-llama/Llama-3.3-70B-Instruct,pb_t001_15,random_high_minus_low,20261232,1.0,high_minus_low,interaction,-0.016429765977215266
meta-llama/Llama-3.3-70B-Instruct,pb_t002_08,random_high_minus_low,20261232,1.0,high_minus_low,interaction,-0.006178806385922677
meta-llama/Llama-3.3-70B-Instruct,pb_t002_16,random_high_minus_low,20261232,1.0,high_minus_low,interaction,0.015398963848481263
meta-llama/Llama-3.3-70B-Instruct,pb_t002_17,random_high_minus_low,20261232,1.0,high_minus_low,interaction,-0.004695268068173481
meta-llama/Llama-3.3-70B-Instruct,pb_t002_18,random_high_minus_low,20261232,1.0,high_minus_low,interaction,0.0029083280863986963
meta-llama/Llama-3.3-70B-Instruct,pb_t002_20,random_high_minus_low,20261232,1.0,high_minus_low,interaction,-0.0005416539533990503
meta-llama/Llama-3.3-70B-Instruct,pb_t004_10,random_high_minus_low,20261232,1.0,high_minus_low,interaction,0.013636146989963419
meta-llama/Llama-3.3-70B-Instruct,pb_t004_11,random_high_minus_low,20261232,1.0,high_minus_low,interaction,0.006212049020605001
meta-llama/Llama-3.3-70B-Instruct,pb_t004_13,random_high_minus_low,20261232,1.0,high_minus_low,interaction,0.004821139695096714
meta-llama/Llama-3.3-70B-Instruct,pb_t004_17,random_high_minus_low,20261232,1.0,high_minus_low,interaction,0.00782677263296122
meta-llama/Llama-3.3-70B-Instruct,pb_t004_20,random_high_minus_low,20261232,1.0,high_minus_low,interaction,-0.0021729025950737056
meta-llama/Llama-3.3-70B-Instruct,pb_t006_09,random_high_minus_low,20261232,1.0,high_minus_low,interaction,0.017729346835464527
meta-llama/Llama-3.3-70B-Instruct,pb_t006_10,random_high_minus_low,20261232,1.0,high_minus_low,interaction,0.007573194831671583
meta-llama/Llama-3.3-70B-Instruct,pb_t006_12,random_high_minus_low,20261232,1.0,high_minus_low,interaction,-0.003968148541060774
meta-llama/Llama-3.3-70B-Instruct,pb_t006_18,random_high_minus_low,20261232,1.0,high_minus_low,interaction,0.013165354331511742
meta-llama/Llama-3.3-70B-Instruct,pb_t006_19,random_high_minus_low,20261232,1.0,high_minus_low,interaction,0.012943108770407392
meta-llama/Llama-3.3-70B-Instruct,pb_t007_09,random_high_minus_low,20261232,1.0,high_minus_low,interaction,0.0006304789670525274
meta-llama/Llama-3.3-70B-Instruct,pb_t007_10,random_high_minus_low,20261232,1.0,high_minus_low,interaction,0.02300645955084561
meta-llama/Llama-3.3-70B-Instruct,pb_t007_16,random_high_minus_low,20261232,1.0,high_minus_low,interaction,-0.0038589538416342294
meta-llama/Llama-3.3-70B-Instruct,pb_t007_17,random_high_minus_low,20261232,1.0,high_minus_low,interaction,-0.007327452125083322
meta-llama/Llama-3.3-70B-Instruct,pb_t007_19,random_high_minus_low,20261232,1.0,high_minus_low,interaction,-0.007902670552078633
meta-llama/Llama-3.3-70B-Instruct,pb_t008_09,random_high_minus_low,20261232,1.0,high_minus_low,interaction,-0.00025773872120398713
meta-llama/Llama-3.3-70B-Instruct,pb_t008_11,random_high_minus_low,20261232,1.0,high_minus_low,interaction,0.008984487490472539
meta-llama/Llama-3.3-70B-Instruct,pb_t008_16,random_high_minus_low,20261232,1.0,high_minus_low,interaction,-0.0017378062707832237
meta-llama/Llama-3.3-70B-Instruct,pb_t008_17,random_high_minus_low,20261232,1.0,high_minus_low,interaction,0.004257448023804121
meta-llama/Llama-3.3-70B-Instruct,pb_t008_20,random_high_minus_low,20261232,1.0,high_minus_low,interaction,0.021581318329639252
meta-llama/Llama-3.3-70B-Instruct,pb_t009_07,random_high_minus_low,20261232,1.0,high_minus_low,interaction,-0.007451082846745254
meta-llama/Llama-3.3-70B-Instruct,pb_t009_12,random_high_minus_low,20261232,1.0,high_minus_low,interaction,0.014360890814393632
meta-llama/Llama-3.3-70B-Instruct,pb_t009_15,random_high_minus_low,20261232,1.0,high_minus_low,interaction,0.011925194170608196
meta-llama/Llama-3.3-70B-Instruct,pb_t009_17,random_high_minus_low,20261232,1.0,high_minus_low,interaction,0.021250717564621786
meta-llama/Llama-3.3-70B-Instruct,pb_t009_19,random_high_minus_low,20261232,1.0,high_minus_low,interaction,0.011028047075672478
meta-llama/Llama-3.3-70B-Instruct,pb_t010_09,random_high_minus_low,20261232,1.0,high_minus_low,interaction,-0.013528805872629272
meta-llama/Llama-3.3-70B-Instruct,pb_t010_12,random_high_minus_low,20261232,1.0,high_minus_low,interaction,0.01417780775044877
meta-llama/Llama-3.3-70B-Instruct,pb_t010_17,random_high_minus_low,20261232,1.0,high_minus_low,interaction,-0.005001906244505597
meta-llama/Llama-3.3-70B-Instruct,pb_t010_19,random_high_minus_low,20261232,1.0,high_minus_low,interaction,0.024739638575564497
meta-llama/Llama-3.3-70B-Instruct,pb_t010_20,random_high_minus_low,20261232,1.0,high_minus_low,interaction,0.004140439968293622
meta-llama/Llama-3.3-70B-Instruct,pb_t016_09,random_high_minus_low,20261232,1.0,high_minus_low,interaction,0.0033642605414349242
meta-llama/Llama-3.3-70B-Instruct,pb_t016_10,random_high_minus_low,20261232,1.0,high_minus_low,interaction,-0.030021302131255406
meta-llama/Llama-3.3-70B-Instruct,pb_t016_12,random_high_minus_low,20261232,1.0,high_minus_low,interaction,2.6140859643031256e-05
meta-llama/Llama-3.3-70B-Instruct,pb_t016_17,random_high_minus_low,20261232,1.0,high_minus_low,interaction,-0.003396979335701098
meta-llama/Llama-3.3-70B-Instruct,pb_t016_20,random_high_minus_low,20261232,1.0,high_minus_low,interaction,0.021512662042430433
meta-llama/Llama-3.3-70B-Instruct,pb_t018_08,random_high_minus_low,20261232,1.0,high_minus_low,interaction,0.01731441127559007
meta-llama/Llama-3.3-70B-Instruct,pb_t018_10,random_high_minus_low,20261232,1.0,high_minus_low,interaction,0.004965426769402777
meta-llama/Llama-3.3-70B-Instruct,pb_t018_11,random_high_minus_low,20261232,1.0,high_minus_low,interaction,-0.0071058108005612
meta-llama/Llama-3.3-70B-Instruct,pb_t018_14,random_high_minus_low,20261232,1.0,high_minus_low,interaction,-0.016772391535408385
meta-llama/Llama-3.3-70B-Instruct,pb_t018_18,random_high_minus_low,20261232,1.0,high_minus_low,interaction,-0.002013897498596026
meta-llama/Llama-3.3-70B-Instruct,pb_t023_09,random_high_minus_low,20261232,1.0,high_minus_low,interaction,-0.007913415198558586
meta-llama/Llama-3.3-70B-Instruct,pb_t023_12,random_high_minus_low,20261232,1.0,high_minus_low,interaction,0.0010212189041762774
meta-llama/Llama-3.3-70B-Instruct,pb_t023_13,random_high_minus_low,20261232,1.0,high_minus_low,interaction,0.006282292769932782
meta-llama/Llama-3.3-70B-Instruct,pb_t023_17,random_high_minus_low,20261232,1.0,high_minus_low,interaction,0.012405746699016982
meta-llama/Llama-3.3-70B-Instruct,pb_t023_20,random_high_minus_low,20261232,1.0,high_minus_low,interaction,0.000297125389962414
meta-llama/Llama-3.3-70B-Instruct,pb_t029_07,random_high_minus_low,20261232,1.0,high_minus_low,interaction,-0.00483730087710456
meta-llama/Llama-3.3-70B-Instruct,pb_t029_09,random_high_minus_low,20261232,1.0,high_minus_low,interaction,-0.022229000394987205
meta-llama/Llama-3.3-70B-Instruct,pb_t029_10,random_high_minus_low,20261232,1.0,high_minus_low,interaction,0.009597852060478307
meta-llama/Llama-3.3-70B-Instruct,pb_t029_11,random_high_minus_low,20261232,1.0,high_minus_low,interaction,-0.0023052433396789766
meta-llama/Llama-3.3-70B-Instruct,pb_t029_12,random_high_minus_low,20261232,1.0,high_minus_low,interaction,-0.006433456687340879
meta-llama/Llama-3.3-70B-Instruct,pb_t031_06,random_high_minus_low,20261232,1.0,high_minus_low,interaction,0.018294910425512116
meta-llama/Llama-3.3-70B-Instruct,pb_t031_09,random_high_minus_low,20261232,1.0,high_minus_low,interaction,0.013419840013774591
meta-llama/Llama-3.3-70B-Instruct,pb_t031_12,random_high_minus_low,20261232,1.0,high_minus_low,interaction,0.0035310010646076627
meta-llama/Llama-3.3-70B-Instruct,pb_t031_13,random_high_minus_low,20261232,1.0,high_minus_low,interaction,0.004489591395248606
meta-llama/Llama-3.3-70B-Instruct,pb_t031_16,random_high_minus_low,20261232,1.0,high_minus_low,interaction,0.00781630839208184
meta-llama/Llama-3.3-70B-Instruct,pb_t032_08,random_high_minus_low,20261232,1.0,high_minus_low,interaction,0.004416248436081017
meta-llama/Llama-3.3-70B-Instruct,pb_t032_09,random_high_minus_low,20261232,1.0,high_minus_low,interaction,0.010071844933727004
meta-llama/Llama-3.3-70B-Instruct,pb_t032_13,random_high_minus_low,20261232,1.0,high_minus_low,interaction,0.0007411083436861452
meta-llama/Llama-3.3-70B-Instruct,pb_t032_15,random_high_minus_low,20261232,1.0,high_minus_low,interaction,0.0043664084868886505
meta-llama/Llama-3.3-70B-Instruct,pb_t032_16,random_high_minus_low,20261232,1.0,high_minus_low,interaction,0.005542517052608515
meta-llama/Llama-3.3-70B-Instruct,pb_t035_06,random_high_minus_low,20261232,1.0,high_minus_low,interaction,-0.0031527008430020636
meta-llama/Llama-3.3-70B-Instruct,pb_t035_13,random_high_minus_low,20261232,1.0,high_minus_low,interaction,0.004361626273304747
meta-llama/Llama-3.3-70B-Instruct,pb_t035_15,random_high_minus_low,20261232,1.0,high_minus_low,interaction,0.013620945613632758
meta-llama/Llama-3.3-70B-Instruct,pb_t035_20,random_high_minus_low,20261232,1.0,high_minus_low,interaction,0.010969673749418188
meta-llama/Llama-3.3-70B-Instruct,pb_t035_22,random_high_minus_low,20261232,1.0,high_minus_low,interaction,-0.008684426917785364
meta-llama/Llama-3.3-70B-Instruct,pb_t040_08,random_high_minus_low,20261232,1.0,high_minus_low,interaction,0.008839949908086427
meta-llama/Llama-3.3-70B-Instruct,pb_t040_10,random_high_minus_low,20261232,1.0,high_minus_low,interaction,0.007365985113708671
meta-llama/Llama-3.3-70B-Instruct,pb_t040_13,random_high_minus_low,20261232,1.0,high_minus_low,interaction,-0.00796515292996881
meta-llama/Llama-3.3-70B-Instruct,pb_t040_14,random_high_minus_low,20261232,1.0,high_minus_low,interaction,-0.00683939486307066
meta-llama/Llama-3.3-70B-Instruct,pb_t040_15,random_high_minus_low,20261232,1.0,high_minus_low,interaction,0.0030329308212764684
meta-llama/Llama-3.3-70B-Instruct,pb_t001_08,C,,1.0,high_interaction,shared,0.2350622964992091
meta-llama/Llama-3.3-70B-Instruct,pb_t001_08,C,,1.0,low_interaction,shared,-0.0011893380164804724
meta-llama/Llama-3.3-70B-Instruct,pb_t001_08,C_high_minus_low,,1.0,high_minus_low,shared,0.23625163451568956
meta-llama/Llama-3.3-70B-Instruct,pb_t001_10,C,,1.0,high_interaction,shared,0.30423618791734214
meta-llama/Llama-3.3-70B-Instruct,pb_t001_10,C,,1.0,low_interaction,shared,-0.003598497080880017
meta-llama/Llama-3.3-70B-Instruct,pb_t001_10,C_high_minus_low,,1.0,high_minus_low,shared,0.30783468499822214
meta-llama/Llama-3.3-70B-Instruct,pb_t001_11,C,,1.0,high_interaction,shared,0.30481674118523655
meta-llama/Llama-3.3-70B-Instruct,pb_t001_11,C,,1.0,low_interaction,shared,-0.0036942326415873076
meta-llama/Llama-3.3-70B-Instruct,pb_t001_11,C_high_minus_low,,1.0,high_minus_low,shared,0.30851097382682385
meta-llama/Llama-3.3-70B-Instruct,pb_t001_12,C,,1.0,high_interaction,shared,0.22452515595784237
meta-llama/Llama-3.3-70B-Instruct,pb_t001_12,C,,1.0,low_interaction,shared,0.0021075690129768038
meta-llama/Llama-3.3-70B-Instruct,pb_t001_12,C_high_minus_low,,1.0,high_minus_low,shared,0.22241758694486558
meta-llama/Llama-3.3-70B-Instruct,pb_t001_15,C,,1.0,high_interaction,shared,0.3392114210838897
meta-llama/Llama-3.3-70B-Instruct,pb_t001_15,C,,1.0,low_interaction,shared,0.001022686501984509
meta-llama/Llama-3.3-70B-Instruct,pb_t001_15,C_high_minus_low,,1.0,high_minus_low,shared,0.3381887345819052
meta-llama/Llama-3.3-70B-Instruct,pb_t002_08,C,,1.0,high_interaction,shared,0.14036570326609996
meta-llama/Llama-3.3-70B-Instruct,pb_t002_08,C,,1.0,low_interaction,shared,-0.003907834288241679
meta-llama/Llama-3.3-70B-Instruct,pb_t002_08,C_high_minus_low,,1.0,high_minus_low,shared,0.14427353755434164
meta-llama/Llama-3.3-70B-Instruct,pb_t002_16,C,,1.0,high_interaction,shared,0.23337943723127477
meta-llama/Llama-3.3-70B-Instruct,pb_t002_16,C,,1.0,low_interaction,shared,0.00214779376984194
meta-llama/Llama-3.3-70B-Instruct,pb_t002_16,C_high_minus_low,,1.0,high_minus_low,shared,0.23123164346143282
meta-llama/Llama-3.3-70B-Instruct,pb_t002_17,C,,1.0,high_interaction,shared,0.34687374684451616
meta-llama/Llama-3.3-70B-Instruct,pb_t002_17,C,,1.0,low_interaction,shared,0.0005683079510669722
meta-llama/Llama-3.3-70B-Instruct,pb_t002_17,C_high_minus_low,,1.0,high_minus_low,shared,0.34630543889344917
meta-llama/Llama-3.3-70B-Instruct,pb_t002_18,C,,1.0,high_interaction,shared,0.2591056334743828
meta-llama/Llama-3.3-70B-Instruct,pb_t002_18,C,,1.0,low_interaction,shared,0.0009367946381237113
meta-llama/Llama-3.3-70B-Instruct,pb_t002_18,C_high_minus_low,,1.0,high_minus_low,shared,0.2581688388362591
meta-llama/Llama-3.3-70B-Instruct,pb_t002_20,C,,1.0,high_interaction,shared,0.2561962052644348
meta-llama/Llama-3.3-70B-Instruct,pb_t002_20,C,,1.0,low_interaction,shared,-0.0015253366170463675
meta-llama/Llama-3.3-70B-Instruct,pb_t002_20,C_high_minus_low,,1.0,high_minus_low,shared,0.25772154188148116
meta-llama/Llama-3.3-70B-Instruct,pb_t004_10,C,,1.0,high_interaction,shared,0.27517689244380655
meta-llama/Llama-3.3-70B-Instruct,pb_t004_10,C,,1.0,low_interaction,shared,-0.0009639814507148431
meta-llama/Llama-3.3-70B-Instruct,pb_t004_10,C_high_minus_low,,1.0,high_minus_low,shared,0.2761408738945214
meta-llama/Llama-3.3-70B-Instruct,pb_t004_11,C,,1.0,high_interaction,shared,0.18508549772420033
meta-llama/Llama-3.3-70B-Instruct,pb_t004_11,C,,1.0,low_interaction,shared,0.0010779886966073016
meta-llama/Llama-3.3-70B-Instruct,pb_t004_11,C_high_minus_low,,1.0,high_minus_low,shared,0.18400750902759302
meta-llama/Llama-3.3-70B-Instruct,pb_t004_13,C,,1.0,high_interaction,shared,0.18024740778537454
meta-llama/Llama-3.3-70B-Instruct,pb_t004_13,C,,1.0,low_interaction,shared,0.0008077909826002585
meta-llama/Llama-3.3-70B-Instruct,pb_t004_13,C_high_minus_low,,1.0,high_minus_low,shared,0.1794396168027743
meta-llama/Llama-3.3-70B-Instruct,pb_t004_17,C,,1.0,high_interaction,shared,0.25407748453179174
meta-llama/Llama-3.3-70B-Instruct,pb_t004_17,C,,1.0,low_interaction,shared,0.00293469991069061
meta-llama/Llama-3.3-70B-Instruct,pb_t004_17,C_high_minus_low,,1.0,high_minus_low,shared,0.2511427846211011
meta-llama/Llama-3.3-70B-Instruct,pb_t004_20,C,,1.0,high_interaction,shared,0.2759960593878836
meta-llama/Llama-3.3-70B-Instruct,pb_t004_20,C,,1.0,low_interaction,shared,0.0017156394720439828
meta-llama/Llama-3.3-70B-Instruct,pb_t004_20,C_high_minus_low,,1.0,high_minus_low,shared,0.27428041991583957
meta-llama/Llama-3.3-70B-Instruct,pb_t006_09,C,,1.0,high_interaction,shared,0.2986053909149728
meta-llama/Llama-3.3-70B-Instruct,pb_t006_09,C,,1.0,low_interaction,shared,0.003075920617941897
meta-llama/Llama-3.3-70B-Instruct,pb_t006_09,C_high_minus_low,,1.0,high_minus_low,shared,0.2955294702970309
meta-llama/Llama-3.3-70B-Instruct,pb_t006_10,C,,1.0,high_interaction,shared,0.3471952603188326
meta-llama/Llama-3.3-70B-Instruct,pb_t006_10,C,,1.0,low_interaction,shared,-0.0009849207227778007
meta-llama/Llama-3.3-70B-Instruct,pb_t006_10,C_high_minus_low,,1.0,high_minus_low,shared,0.34818018104161036
meta-llama/Llama-3.3-70B-Instruct,pb_t006_12,C,,1.0,high_interaction,shared,0.23334706722095389
meta-llama/Llama-3.3-70B-Instruct,pb_t006_12,C,,1.0,low_interaction,shared,-0.003131990903525316
meta-llama/Llama-3.3-70B-Instruct,pb_t006_12,C_high_minus_low,,1.0,high_minus_low,shared,0.2364790581244792
meta-llama/Llama-3.3-70B-Instruct,pb_t006_18,C,,1.0,high_interaction,shared,0.18513968612216966
meta-llama/Llama-3.3-70B-Instruct,pb_t006_18,C,,1.0,low_interaction,shared,-0.00038980746883614595
meta-llama/Llama-3.3-70B-Instruct,pb_t006_18,C_high_minus_low,,1.0,high_minus_low,shared,0.18552949359100582
meta-llama/Llama-3.3-70B-Instruct,pb_t006_19,C,,1.0,high_interaction,shared,0.27672970535492947
meta-llama/Llama-3.3-70B-Instruct,pb_t006_19,C,,1.0,low_interaction,shared,-0.00016155897666318697
meta-llama/Llama-3.3-70B-Instruct,pb_t006_19,C_high_minus_low,,1.0,high_minus_low,shared,0.27689126433159267
meta-llama/Llama-3.3-70B-Instruct,pb_t007_09,C,,1.0,high_interaction,shared,0.23668822474268303
meta-llama/Llama-3.3-70B-Instruct,pb_t007_09,C,,1.0,low_interaction,shared,-0.000277016288270638
meta-llama/Llama-3.3-70B-Instruct,pb_t007_09,C_high_minus_low,,1.0,high_minus_low,shared,0.23696524103095368
meta-llama/Llama-3.3-70B-Instruct,pb_t007_10,C,,1.0,high_interaction,shared,0.24416355892326616
meta-llama/Llama-3.3-70B-Instruct,pb_t007_10,C,,1.0,low_interaction,shared,-0.003100148914321236
meta-llama/Llama-3.3-70B-Instruct,pb_t007_10,C_high_minus_low,,1.0,high_minus_low,shared,0.2472637078375874
meta-llama/Llama-3.3-70B-Instruct,pb_t007_16,C,,1.0,high_interaction,shared,0.23391004799739157
meta-llama/Llama-3.3-70B-Instruct,pb_t007_16,C,,1.0,low_interaction,shared,-0.00042979971258796354
meta-llama/Llama-3.3-70B-Instruct,pb_t007_16,C_high_minus_low,,1.0,high_minus_low,shared,0.23433984770997954
meta-llama/Llama-3.3-70B-Instruct,pb_t007_17,C,,1.0,high_interaction,shared,0.22971557498182707
meta-llama/Llama-3.3-70B-Instruct,pb_t007_17,C,,1.0,low_interaction,shared,-8.092770359107214e-05
meta-llama/Llama-3.3-70B-Instruct,pb_t007_17,C_high_minus_low,,1.0,high_minus_low,shared,0.22979650268541815
meta-llama/Llama-3.3-70B-Instruct,pb_t007_19,C,,1.0,high_interaction,shared,0.22423774347162093
meta-llama/Llama-3.3-70B-Instruct,pb_t007_19,C,,1.0,low_interaction,shared,-0.0023492361103658785
meta-llama/Llama-3.3-70B-Instruct,pb_t007_19,C_high_minus_low,,1.0,high_minus_low,shared,0.2265869795819868
meta-llama/Llama-3.3-70B-Instruct,pb_t008_09,C,,1.0,high_interaction,shared,0.2971271601890187
meta-llama/Llama-3.3-70B-Instruct,pb_t008_09,C,,1.0,low_interaction,shared,-0.002929894157005409
meta-llama/Llama-3.3-70B-Instruct,pb_t008_09,C_high_minus_low,,1.0,high_minus_low,shared,0.3000570543460241
meta-llama/Llama-3.3-70B-Instruct,pb_t008_11,C,,1.0,high_interaction,shared,0.22611021996223615
meta-llama/Llama-3.3-70B-Instruct,pb_t008_11,C,,1.0,low_interaction,shared,-5.121747249784434e-05
meta-llama/Llama-3.3-70B-Instruct,pb_t008_11,C_high_minus_low,,1.0,high_minus_low,shared,0.226161437434734
meta-llama/Llama-3.3-70B-Instruct,pb_t008_16,C,,1.0,high_interaction,shared,0.18917425144707137
meta-llama/Llama-3.3-70B-Instruct,pb_t008_16,C,,1.0,low_interaction,shared,-0.00015280459979418828
meta-llama/Llama-3.3-70B-Instruct,pb_t008_16,C_high_minus_low,,1.0,high_minus_low,shared,0.18932705604686556
meta-llama/Llama-3.3-70B-Instruct,pb_t008_17,C,,1.0,high_interaction,shared,0.2264006428256292
meta-llama/Llama-3.3-70B-Instruct,pb_t008_17,C,,1.0,low_interaction,shared,-0.0029646625291710575
meta-llama/Llama-3.3-70B-Instruct,pb_t008_17,C_high_minus_low,,1.0,high_minus_low,shared,0.22936530535480024
meta-llama/Llama-3.3-70B-Instruct,pb_t008_20,C,,1.0,high_interaction,shared,0.160269150707265
meta-llama/Llama-3.3-70B-Instruct,pb_t008_20,C,,1.0,low_interaction,shared,-0.003922798081608843
meta-llama/Llama-3.3-70B-Instruct,pb_t008_20,C_high_minus_low,,1.0,high_minus_low,shared,0.16419194878887383
meta-llama/Llama-3.3-70B-Instruct,pb_t009_07,C,,1.0,high_interaction,shared,0.29124916604704576
meta-llama/Llama-3.3-70B-Instruct,pb_t009_07,C,,1.0,low_interaction,shared,-0.003850576057019046
meta-llama/Llama-3.3-70B-Instruct,pb_t009_07,C_high_minus_low,,1.0,high_minus_low,shared,0.2950997421040648
meta-llama/Llama-3.3-70B-Instruct,pb_t009_12,C,,1.0,high_interaction,shared,0.2626337849098456
meta-llama/Llama-3.3-70B-Instruct,pb_t009_12,C,,1.0,low_interaction,shared,0.0005537021502334399
meta-llama/Llama-3.3-70B-Instruct,pb_t009_12,C_high_minus_low,,1.0,high_minus_low,shared,0.2620800827596122
meta-llama/Llama-3.3-70B-Instruct,pb_t009_15,C,,1.0,high_interaction,shared,0.2988974460138996
meta-llama/Llama-3.3-70B-Instruct,pb_t009_15,C,,1.0,low_interaction,shared,-0.0005054727385879141
meta-llama/Llama-3.3-70B-Instruct,pb_t009_15,C_high_minus_low,,1.0,high_minus_low,shared,0.29940291875248753
meta-llama/Llama-3.3-70B-Instruct,pb_t009_17,C,,1.0,high_interaction,shared,0.1732634458465346
meta-llama/Llama-3.3-70B-Instruct,pb_t009_17,C,,1.0,low_interaction,shared,0.0022665412116479335
meta-llama/Llama-3.3-70B-Instruct,pb_t009_17,C_high_minus_low,,1.0,high_minus_low,shared,0.17099690463488668
meta-llama/Llama-3.3-70B-Instruct,pb_t009_19,C,,1.0,high_interaction,shared,0.22983327414465307
meta-llama/Llama-3.3-70B-Instruct,pb_t009_19,C,,1.0,low_interaction,shared,-0.004668677513131072
meta-llama/Llama-3.3-70B-Instruct,pb_t009_19,C_high_minus_low,,1.0,high_minus_low,shared,0.23450195165778415
meta-llama/Llama-3.3-70B-Instruct,pb_t010_09,C,,1.0,high_interaction,shared,0.24389491525114435
meta-llama/Llama-3.3-70B-Instruct,pb_t010_09,C,,1.0,low_interaction,shared,0.004100393177879421
meta-llama/Llama-3.3-70B-Instruct,pb_t010_09,C_high_minus_low,,1.0,high_minus_low,shared,0.23979452207326493
meta-llama/Llama-3.3-70B-Instruct,pb_t010_12,C,,1.0,high_interaction,shared,0.3174479703766635
meta-llama/Llama-3.3-70B-Instruct,pb_t010_12,C,,1.0,low_interaction,shared,0.0013680665405309104
meta-llama/Llama-3.3-70B-Instruct,pb_t010_12,C_high_minus_low,,1.0,high_minus_low,shared,0.3160799038361326
meta-llama/Llama-3.3-70B-Instruct,pb_t010_17,C,,1.0,high_interaction,shared,0.2626390400348735
meta-llama/Llama-3.3-70B-Instruct,pb_t010_17,C,,1.0,low_interaction,shared,-0.003025507743578397
meta-llama/Llama-3.3-70B-Instruct,pb_t010_17,C_high_minus_low,,1.0,high_minus_low,shared,0.2656645477784519
meta-llama/Llama-3.3-70B-Instruct,pb_t010_19,C,,1.0,high_interaction,shared,0.1652503367513108
meta-llama/Llama-3.3-70B-Instruct,pb_t010_19,C,,1.0,low_interaction,shared,-0.004795752032192831
meta-llama/Llama-3.3-70B-Instruct,pb_t010_19,C_high_minus_low,,1.0,high_minus_low,shared,0.1700460887835036
meta-llama/Llama-3.3-70B-Instruct,pb_t010_20,C,,1.0,high_interaction,shared,0.2666860695674903
meta-llama/Llama-3.3-70B-Instruct,pb_t010_20,C,,1.0,low_interaction,shared,0.0010235668119067687
meta-llama/Llama-3.3-70B-Instruct,pb_t010_20,C_high_minus_low,,1.0,high_minus_low,shared,0.2656625027555835
meta-llama/Llama-3.3-70B-Instruct,pb_t016_09,C,,1.0,high_interaction,shared,0.2627164147359424
meta-llama/Llama-3.3-70B-Instruct,pb_t016_09,C,,1.0,low_interaction,shared,0.006714269378747154
meta-llama/Llama-3.3-70B-Instruct,pb_t016_09,C_high_minus_low,,1.0,high_minus_low,shared,0.2560021453571953
meta-llama/Llama-3.3-70B-Instruct,pb_t016_10,C,,1.0,high_interaction,shared,0.26650440383886703
meta-llama/Llama-3.3-70B-Instruct,pb_t016_10,C,,1.0,low_interaction,shared,0.0024627040753015896
meta-llama/Llama-3.3-70B-Instruct,pb_t016_10,C_high_minus_low,,1.0,high_minus_low,shared,0.26404169976356545
meta-llama/Llama-3.3-70B-Instruct,pb_t016_12,C,,1.0,high_interaction,shared,0.2282086053330957
meta-llama/Llama-3.3-70B-Instruct,pb_t016_12,C,,1.0,low_interaction,shared,0.0035298804975858896
meta-llama/Llama-3.3-70B-Instruct,pb_t016_12,C_high_minus_low,,1.0,high_minus_low,shared,0.2246787248355098
meta-llama/Llama-3.3-70B-Instruct,pb_t016_17,C,,1.0,high_interaction,shared,0.25881014936980096
meta-llama/Llama-3.3-70B-Instruct,pb_t016_17,C,,1.0,low_interaction,shared,0.0015933480610154
meta-llama/Llama-3.3-70B-Instruct,pb_t016_17,C_high_minus_low,,1.0,high_minus_low,shared,0.25721680130878555
meta-llama/Llama-3.3-70B-Instruct,pb_t016_20,C,,1.0,high_interaction,shared,0.15673249296247976
meta-llama/Llama-3.3-70B-Instruct,pb_t016_20,C,,1.0,low_interaction,shared,-0.0037109474051041993
meta-llama/Llama-3.3-70B-Instruct,pb_t016_20,C_high_minus_low,,1.0,high_minus_low,shared,0.16044344036758396
meta-llama/Llama-3.3-70B-Instruct,pb_t018_08,C,,1.0,high_interaction,shared,0.21033616644742947
meta-llama/Llama-3.3-70B-Instruct,pb_t018_08,C,,1.0,low_interaction,shared,-0.002110842750762338
meta-llama/Llama-3.3-70B-Instruct,pb_t018_08,C_high_minus_low,,1.0,high_minus_low,shared,0.21244700919819182
meta-llama/Llama-3.3-70B-Instruct,pb_t018_10,C,,1.0,high_interaction,shared,0.26074757888198774
meta-llama/Llama-3.3-70B-Instruct,pb_t018_10,C,,1.0,low_interaction,shared,-0.0038212269144448988
meta-llama/Llama-3.3-70B-Instruct,pb_t018_10,C_high_minus_low,,1.0,high_minus_low,shared,0.26456880579643266
meta-llama/Llama-3.3-70B-Instruct,pb_t018_11,C,,1.0,high_interaction,shared,0.2761903604132875
meta-llama/Llama-3.3-70B-Instruct,pb_t018_11,C,,1.0,low_interaction,shared,-0.0001795035009308629
meta-llama/Llama-3.3-70B-Instruct,pb_t018_11,C_high_minus_low,,1.0,high_minus_low,shared,0.27636986391421836
meta-llama/Llama-3.3-70B-Instruct,pb_t018_14,C,,1.0,high_interaction,shared,0.2895302134293806
meta-llama/Llama-3.3-70B-Instruct,pb_t018_14,C,,1.0,low_interaction,shared,-0.0011449840208856467
meta-llama/Llama-3.3-70B-Instruct,pb_t018_14,C_high_minus_low,,1.0,high_minus_low,shared,0.29067519745026626
meta-llama/Llama-3.3-70B-Instruct,pb_t018_18,C,,1.0,high_interaction,shared,0.29319969062108175
meta-llama/Llama-3.3-70B-Instruct,pb_t018_18,C,,1.0,low_interaction,shared,-0.0016588014428070817
meta-llama/Llama-3.3-70B-Instruct,pb_t018_18,C_high_minus_low,,1.0,high_minus_low,shared,0.2948584920638888
meta-llama/Llama-3.3-70B-Instruct,pb_t023_09,C,,1.0,high_interaction,shared,0.30621331447411154
meta-llama/Llama-3.3-70B-Instruct,pb_t023_09,C,,1.0,low_interaction,shared,-0.0033111281516114747
meta-llama/Llama-3.3-70B-Instruct,pb_t023_09,C_high_minus_low,,1.0,high_minus_low,shared,0.30952444262572304
meta-llama/Llama-3.3-70B-Instruct,pb_t023_12,C,,1.0,high_interaction,shared,0.19029182632121536
meta-llama/Llama-3.3-70B-Instruct,pb_t023_12,C,,1.0,low_interaction,shared,-0.0035134108121575116
meta-llama/Llama-3.3-70B-Instruct,pb_t023_12,C_high_minus_low,,1.0,high_minus_low,shared,0.19380523713337286
meta-llama/Llama-3.3-70B-Instruct,pb_t023_13,C,,1.0,high_interaction,shared,0.2546843055697445
meta-llama/Llama-3.3-70B-Instruct,pb_t023_13,C,,1.0,low_interaction,shared,0.002162397036765106
meta-llama/Llama-3.3-70B-Instruct,pb_t023_13,C_high_minus_low,,1.0,high_minus_low,shared,0.25252190853297934
meta-llama/Llama-3.3-70B-Instruct,pb_t023_17,C,,1.0,high_interaction,shared,0.26523706192207874
meta-llama/Llama-3.3-70B-Instruct,pb_t023_17,C,,1.0,low_interaction,shared,-0.0018610697569123372
meta-llama/Llama-3.3-70B-Instruct,pb_t023_17,C_high_minus_low,,1.0,high_minus_low,shared,0.2670981316789911
meta-llama/Llama-3.3-70B-Instruct,pb_t023_20,C,,1.0,high_interaction,shared,0.2732129279088172
meta-llama/Llama-3.3-70B-Instruct,pb_t023_20,C,,1.0,low_interaction,shared,0.0022015308540737494
meta-llama/Llama-3.3-70B-Instruct,pb_t023_20,C_high_minus_low,,1.0,high_minus_low,shared,0.2710113970547434
meta-llama/Llama-3.3-70B-Instruct,pb_t029_07,C,,1.0,high_interaction,shared,0.24961335834918316
meta-llama/Llama-3.3-70B-Instruct,pb_t029_07,C,,1.0,low_interaction,shared,-0.00016856992584304611
meta-llama/Llama-3.3-70B-Instruct,pb_t029_07,C_high_minus_low,,1.0,high_minus_low,shared,0.2497819282750262
meta-llama/Llama-3.3-70B-Instruct,pb_t029_09,C,,1.0,high_interaction,shared,0.280947422666626
meta-llama/Llama-3.3-70B-Instruct,pb_t029_09,C,,1.0,low_interaction,shared,-0.0018082727105715342
meta-llama/Llama-3.3-70B-Instruct,pb_t029_09,C_high_minus_low,,1.0,high_minus_low,shared,0.2827556953771975
meta-llama/Llama-3.3-70B-Instruct,pb_t029_10,C,,1.0,high_interaction,shared,0.24906066911755873
meta-llama/Llama-3.3-70B-Instruct,pb_t029_10,C,,1.0,low_interaction,shared,0.0004479095133676757
meta-llama/Llama-3.3-70B-Instruct,pb_t029_10,C_high_minus_low,,1.0,high_minus_low,shared,0.24861275960419105
meta-llama/Llama-3.3-70B-Instruct,pb_t029_11,C,,1.0,high_interaction,shared,0.2539224754871383
meta-llama/Llama-3.3-70B-Instruct,pb_t029_11,C,,1.0,low_interaction,shared,-0.002659993302753966
meta-llama/Llama-3.3-70B-Instruct,pb_t029_11,C_high_minus_low,,1.0,high_minus_low,shared,0.25658246878989227
meta-llama/Llama-3.3-70B-Instruct,pb_t029_12,C,,1.0,high_interaction,shared,0.21711347141157997
meta-llama/Llama-3.3-70B-Instruct,pb_t029_12,C,,1.0,low_interaction,shared,0.0018379729512191523
meta-llama/Llama-3.3-70B-Instruct,pb_t029_12,C_high_minus_low,,1.0,high_minus_low,shared,0.21527549846036081
meta-llama/Llama-3.3-70B-Instruct,pb_t031_06,C,,1.0,high_interaction,shared,0.16040170690989197
meta-llama/Llama-3.3-70B-Instruct,pb_t031_06,C,,1.0,low_interaction,shared,-0.0008289003483841767
meta-llama/Llama-3.3-70B-Instruct,pb_t031_06,C_high_minus_low,,1.0,high_minus_low,shared,0.16123060725827615
meta-llama/Llama-3.3-70B-Instruct,pb_t031_09,C,,1.0,high_interaction,shared,0.22986261563384444
meta-llama/Llama-3.3-70B-Instruct,pb_t031_09,C,,1.0,low_interaction,shared,-0.0004827294614379897
meta-llama/Llama-3.3-70B-Instruct,pb_t031_09,C_high_minus_low,,1.0,high_minus_low,shared,0.23034534509528243
meta-llama/Llama-3.3-70B-Instruct,pb_t031_12,C,,1.0,high_interaction,shared,0.27103129098753503
meta-llama/Llama-3.3-70B-Instruct,pb_t031_12,C,,1.0,low_interaction,shared,-0.0010099649010188404
meta-llama/Llama-3.3-70B-Instruct,pb_t031_12,C_high_minus_low,,1.0,high_minus_low,shared,0.2720412558885539
meta-llama/Llama-3.3-70B-Instruct,pb_t031_13,C,,1.0,high_interaction,shared,0.26456828242189484
meta-llama/Llama-3.3-70B-Instruct,pb_t031_13,C,,1.0,low_interaction,shared,0.0006341176333158187
meta-llama/Llama-3.3-70B-Instruct,pb_t031_13,C_high_minus_low,,1.0,high_minus_low,shared,0.263934164788579
meta-llama/Llama-3.3-70B-Instruct,pb_t031_16,C,,1.0,high_interaction,shared,0.2750109499499751
meta-llama/Llama-3.3-70B-Instruct,pb_t031_16,C,,1.0,low_interaction,shared,-0.0009459314693497159
meta-llama/Llama-3.3-70B-Instruct,pb_t031_16,C_high_minus_low,,1.0,high_minus_low,shared,0.27595688141932484
meta-llama/Llama-3.3-70B-Instruct,pb_t032_08,C,,1.0,high_interaction,shared,0.24974547839558328
meta-llama/Llama-3.3-70B-Instruct,pb_t032_08,C,,1.0,low_interaction,shared,-1.4910917074267217e-05
meta-llama/Llama-3.3-70B-Instruct,pb_t032_08,C_high_minus_low,,1.0,high_minus_low,shared,0.24976038931265754
meta-llama/Llama-3.3-70B-Instruct,pb_t032_09,C,,1.0,high_interaction,shared,0.14716167827817336
meta-llama/Llama-3.3-70B-Instruct,pb_t032_09,C,,1.0,low_interaction,shared,-0.002303277016049437
meta-llama/Llama-3.3-70B-Instruct,pb_t032_09,C_high_minus_low,,1.0,high_minus_low,shared,0.1494649552942228
meta-llama/Llama-3.3-70B-Instruct,pb_t032_13,C,,1.0,high_interaction,shared,0.2470232621956753
meta-llama/Llama-3.3-70B-Instruct,pb_t032_13,C,,1.0,low_interaction,shared,0.0015669428847086854
meta-llama/Llama-3.3-70B-Instruct,pb_t032_13,C_high_minus_low,,1.0,high_minus_low,shared,0.24545631931096662
meta-llama/Llama-3.3-70B-Instruct,pb_t032_15,C,,1.0,high_interaction,shared,0.24964490434243766
meta-llama/Llama-3.3-70B-Instruct,pb_t032_15,C,,1.0,low_interaction,shared,-0.002798475577852693
meta-llama/Llama-3.3-70B-Instruct,pb_t032_15,C_high_minus_low,,1.0,high_minus_low,shared,0.25244337992029037
meta-llama/Llama-3.3-70B-Instruct,pb_t032_16,C,,1.0,high_interaction,shared,0.22617285551410415
meta-llama/Llama-3.3-70B-Instruct,pb_t032_16,C,,1.0,low_interaction,shared,0.0006650084476522757
meta-llama/Llama-3.3-70B-Instruct,pb_t032_16,C_high_minus_low,,1.0,high_minus_low,shared,0.22550784706645188
meta-llama/Llama-3.3-70B-Instruct,pb_t035_06,C,,1.0,high_interaction,shared,0.23556152941811392
meta-llama/Llama-3.3-70B-Instruct,pb_t035_06,C,,1.0,low_interaction,shared,-0.0012351621466912682
meta-llama/Llama-3.3-70B-Instruct,pb_t035_06,C_high_minus_low,,1.0,high_minus_low,shared,0.2367966915648052
meta-llama/Llama-3.3-70B-Instruct,pb_t035_13,C,,1.0,high_interaction,shared,0.25772073858045225
meta-llama/Llama-3.3-70B-Instruct,pb_t035_13,C,,1.0,low_interaction,shared,0.0025118152575362243
meta-llama/Llama-3.3-70B-Instruct,pb_t035_13,C_high_minus_low,,1.0,high_minus_low,shared,0.255208923322916
meta-llama/Llama-3.3-70B-Instruct,pb_t035_15,C,,1.0,high_interaction,shared,0.1523165577217219
meta-llama/Llama-3.3-70B-Instruct,pb_t035_15,C,,1.0,low_interaction,shared,-0.0018327259514128124
meta-llama/Llama-3.3-70B-Instruct,pb_t035_15,C_high_minus_low,,1.0,high_minus_low,shared,0.1541492836731347
meta-llama/Llama-3.3-70B-Instruct,pb_t035_20,C,,1.0,high_interaction,shared,0.28306612980089935
meta-llama/Llama-3.3-70B-Instruct,pb_t035_20,C,,1.0,low_interaction,shared,-0.0009852622258003732
meta-llama/Llama-3.3-70B-Instruct,pb_t035_20,C_high_minus_low,,1.0,high_minus_low,shared,0.2840513920266997
meta-llama/Llama-3.3-70B-Instruct,pb_t035_22,C,,1.0,high_interaction,shared,0.2797349539864449
meta-llama/Llama-3.3-70B-Instruct,pb_t035_22,C,,1.0,low_interaction,shared,-0.0013345277784819292
meta-llama/Llama-3.3-70B-Instruct,pb_t035_22,C_high_minus_low,,1.0,high_minus_low,shared,0.2810694817649268
meta-llama/Llama-3.3-70B-Instruct,pb_t040_08,C,,1.0,high_interaction,shared,0.22561474852500987
meta-llama/Llama-3.3-70B-Instruct,pb_t040_08,C,,1.0,low_interaction,shared,0.0015392922375245994
meta-llama/Llama-3.3-70B-Instruct,pb_t040_08,C_high_minus_low,,1.0,high_minus_low,shared,0.22407545628748526
meta-llama/Llama-3.3-70B-Instruct,pb_t040_10,C,,1.0,high_interaction,shared,0.16669860371545572
meta-llama/Llama-3.3-70B-Instruct,pb_t040_10,C,,1.0,low_interaction,shared,-0.0018378180196472835
meta-llama/Llama-3.3-70B-Instruct,pb_t040_10,C_high_minus_low,,1.0,high_minus_low,shared,0.168536421735103
meta-llama/Llama-3.3-70B-Instruct,pb_t040_13,C,,1.0,high_interaction,shared,0.31801994423021246
meta-llama/Llama-3.3-70B-Instruct,pb_t040_13,C,,1.0,low_interaction,shared,-9.263360813952885e-05
meta-llama/Llama-3.3-70B-Instruct,pb_t040_13,C_high_minus_low,,1.0,high_minus_low,shared,0.318112577838352
meta-llama/Llama-3.3-70B-Instruct,pb_t040_14,C,,1.0,high_interaction,shared,0.25953917483339967
meta-llama/Llama-3.3-70B-Instruct,pb_t040_14,C,,1.0,low_interaction,shared,-0.00017193702467338824
meta-llama/Llama-3.3-70B-Instruct,pb_t040_14,C_high_minus_low,,1.0,high_minus_low,shared,0.25971111185807305
meta-llama/Llama-3.3-70B-Instruct,pb_t040_15,C,,1.0,high_interaction,shared,0.19664534724458824
meta-llama/Llama-3.3-70B-Instruct,pb_t040_15,C,,1.0,low_interaction,shared,6.40085494959805e-05
meta-llama/Llama-3.3-70B-Instruct,pb_t040_15,C_high_minus_low,,1.0,high_minus_low,shared,0.19658133869509226
meta-llama/Llama-3.3-70B-Instruct,pb_t001_08,C,,1.0,high_interaction,format,-0.017811454533166692
meta-llama/Llama-3.3-70B-Instruct,pb_t001_08,C,,1.0,low_interaction,format,1.8270041123971622e-06
meta-llama/Llama-3.3-70B-Instruct,pb_t001_08,C_high_minus_low,,1.0,high_minus_low,format,-0.01781328153727909
meta-llama/Llama-3.3-70B-Instruct,pb_t001_10,C,,1.0,high_interaction,format,-0.019104783396322798
meta-llama/Llama-3.3-70B-Instruct,pb_t001_10,C,,1.0,low_interaction,format,-5.578587573165921e-05
meta-llama/Llama-3.3-70B-Instruct,pb_t001_10,C_high_minus_low,,1.0,high_minus_low,format,-0.019048997520591138
meta-llama/Llama-3.3-70B-Instruct,pb_t001_11,C,,1.0,high_interaction,format,-0.020303600569199765
meta-llama/Llama-3.3-70B-Instruct,pb_t001_11,C,,1.0,low_interaction,format,-0.0002317787177845029
meta-llama/Llama-3.3-70B-Instruct,pb_t001_11,C_high_minus_low,,1.0,high_minus_low,format,-0.02007182185141526
meta-llama/Llama-3.3-70B-Instruct,pb_t001_12,C,,1.0,high_interaction,format,-0.018949262860258293
meta-llama/Llama-3.3-70B-Instruct,pb_t001_12,C,,1.0,low_interaction,format,1.3146150196523707e-05
meta-llama/Llama-3.3-70B-Instruct,pb_t001_12,C_high_minus_low,,1.0,high_minus_low,format,-0.018962409010454817
meta-llama/Llama-3.3-70B-Instruct,pb_t001_15,C,,1.0,high_interaction,format,-0.020328945481096206
meta-llama/Llama-3.3-70B-Instruct,pb_t001_15,C,,1.0,low_interaction,format,-0.0002535155924966506
meta-llama/Llama-3.3-70B-Instruct,pb_t001_15,C_high_minus_low,,1.0,high_minus_low,format,-0.020075429888599554
meta-llama/Llama-3.3-70B-Instruct,pb_t002_08,C,,1.0,high_interaction,format,-0.017782680878097475
meta-llama/Llama-3.3-70B-Instruct,pb_t002_08,C,,1.0,low_interaction,format,-0.00010609911539800188
meta-llama/Llama-3.3-70B-Instruct,pb_t002_08,C_high_minus_low,,1.0,high_minus_low,format,-0.017676581762699473
meta-llama/Llama-3.3-70B-Instruct,pb_t002_16,C,,1.0,high_interaction,format,-0.01858657149730999
meta-llama/Llama-3.3-70B-Instruct,pb_t002_16,C,,1.0,low_interaction,format,-0.00015411456981294074
meta-llama/Llama-3.3-70B-Instruct,pb_t002_16,C_high_minus_low,,1.0,high_minus_low,format,-0.01843245692749705
meta-llama/Llama-3.3-70B-Instruct,pb_t002_17,C,,1.0,high_interaction,format,-0.020000270597016236
meta-llama/Llama-3.3-70B-Instruct,pb_t002_17,C,,1.0,low_interaction,format,0.00019434160921101288
meta-llama/Llama-3.3-70B-Instruct,pb_t002_17,C_high_minus_low,,1.0,high_minus_low,format,-0.020194612206227248
meta-llama/Llama-3.3-70B-Instruct,pb_t002_18,C,,1.0,high_interaction,format,-0.020566470172821965
meta-llama/Llama-3.3-70B-Instruct,pb_t002_18,C,,1.0,low_interaction,format,-3.517045296337099e-05
meta-llama/Llama-3.3-70B-Instruct,pb_t002_18,C_high_minus_low,,1.0,high_minus_low,format,-0.020531299719858592
meta-llama/Llama-3.3-70B-Instruct,pb_t002_20,C,,1.0,high_interaction,format,-0.019378402861218228
meta-llama/Llama-3.3-70B-Instruct,pb_t002_20,C,,1.0,low_interaction,format,-1.3938074471960514e-05
meta-llama/Llama-3.3-70B-Instruct,pb_t002_20,C_high_minus_low,,1.0,high_minus_low,format,-0.019364464786746267
meta-llama/Llama-3.3-70B-Instruct,pb_t004_10,C,,1.0,high_interaction,format,-0.019953006493219436
meta-llama/Llama-3.3-70B-Instruct,pb_t004_10,C,,1.0,low_interaction,format,-0.0003310635147193682
meta-llama/Llama-3.3-70B-Instruct,pb_t004_10,C_high_minus_low,,1.0,high_minus_low,format,-0.01962194297850007
meta-llama/Llama-3.3-70B-Instruct,pb_t004_11,C,,1.0,high_interaction,format,-0.01954984787403126
meta-llama/Llama-3.3-70B-Instruct,pb_t004_11,C,,1.0,low_interaction,format,-6.091310252608807e-05
meta-llama/Llama-3.3-70B-Instruct,pb_t004_11,C_high_minus_low,,1.0,high_minus_low,format,-0.01948893477150517
meta-llama/Llama-3.3-70B-Instruct,pb_t004_13,C,,1.0,high_interaction,format,-0.01752208119042915
meta-llama/Llama-3.3-70B-Instruct,pb_t004_13,C,,1.0,low_interaction,format,-0.00037222078315059986
meta-llama/Llama-3.3-70B-Instruct,pb_t004_13,C_high_minus_low,,1.0,high_minus_low,format,-0.01714986040727855
meta-llama/Llama-3.3-70B-Instruct,pb_t004_17,C,,1.0,high_interaction,format,-0.019733494846844366
meta-llama/Llama-3.3-70B-Instruct,pb_t004_17,C,,1.0,low_interaction,format,0.00018708141588460377
meta-llama/Llama-3.3-70B-Instruct,pb_t004_17,C_high_minus_low,,1.0,high_minus_low,format,-0.01992057626272897
meta-llama/Llama-3.3-70B-Instruct,pb_t004_20,C,,1.0,high_interaction,format,-0.019890859619016935
meta-llama/Llama-3.3-70B-Instruct,pb_t004_20,C,,1.0,low_interaction,format,8.75835500131746e-05
meta-llama/Llama-3.3-70B-Instruct,pb_t004_20,C_high_minus_low,,1.0,high_minus_low,format,-0.01997844316903011
meta-llama/Llama-3.3-70B-Instruct,pb_t006_09,C,,1.0,high_interaction,format,-0.021212717373979506
meta-llama/Llama-3.3-70B-Instruct,pb_t006_09,C,,1.0,low_interaction,format,-0.0004887558734410677
meta-llama/Llama-3.3-70B-Instruct,pb_t006_09,C_high_minus_low,,1.0,high_minus_low,format,-0.02072396150053844
meta-llama/Llama-3.3-70B-Instruct,pb_t006_10,C,,1.0,high_interaction,format,-0.023002756966943223
meta-llama/Llama-3.3-70B-Instruct,pb_t006_10,C,,1.0,low_interaction,format,-0.00013243146055135575
meta-llama/Llama-3.3-70B-Instruct,pb_t006_10,C_high_minus_low,,1.0,high_minus_low,format,-0.022870325506391866
meta-llama/Llama-3.3-70B-Instruct,pb_t006_12,C,,1.0,high_interaction,format,-0.021779230058058135
meta-llama/Llama-3.3-70B-Instruct,pb_t006_12,C,,1.0,low_interaction,format,0.00024945549146458034
meta-llama/Llama-3.3-70B-Instruct,pb_t006_12,C_high_minus_low,,1.0,high_minus_low,format,-0.022028685549522715
meta-llama/Llama-3.3-70B-Instruct,pb_t006_18,C,,1.0,high_interaction,format,-0.020284898925103493
meta-llama/Llama-3.3-70B-Instruct,pb_t006_18,C,,1.0,low_interaction,format,-0.000634168883509924
meta-llama/Llama-3.3-70B-Instruct,pb_t006_18,C_high_minus_low,,1.0,high_minus_low,format,-0.01965073004159357
meta-llama/Llama-3.3-70B-Instruct,pb_t006_19,C,,1.0,high_interaction,format,-0.019980924724381996
meta-llama/Llama-3.3-70B-Instruct,pb_t006_19,C,,1.0,low_interaction,format,0.000258451113851806
meta-llama/Llama-3.3-70B-Instruct,pb_t006_19,C_high_minus_low,,1.0,high_minus_low,format,-0.020239375838233802
meta-llama/Llama-3.3-70B-Instruct,pb_t007_09,C,,1.0,high_interaction,format,-0.017620064262859423
meta-llama/Llama-3.3-70B-Instruct,pb_t007_09,C,,1.0,low_interaction,format,-0.00044124340425099213
meta-llama/Llama-3.3-70B-Instruct,pb_t007_09,C_high_minus_low,,1.0,high_minus_low,format,-0.017178820858608432
meta-llama/Llama-3.3-70B-Instruct,pb_t007_10,C,,1.0,high_interaction,format,-0.01865162545558278
meta-llama/Llama-3.3-70B-Instruct,pb_t007_10,C,,1.0,low_interaction,format,2.3595612853305546e-05
meta-llama/Llama-3.3-70B-Instruct,pb_t007_10,C_high_minus_low,,1.0,high_minus_low,format,-0.018675221068436085
meta-llama/Llama-3.3-70B-Instruct,pb_t007_16,C,,1.0,high_interaction,format,-0.014710879743488772
meta-llama/Llama-3.3-70B-Instruct,pb_t007_16,C,,1.0,low_interaction,format,-8.016183473499268e-05
meta-llama/Llama-3.3-70B-Instruct,pb_t007_16,C_high_minus_low,,1.0,high_minus_low,format,-0.014630717908753779
meta-llama/Llama-3.3-70B-Instruct,pb_t007_17,C,,1.0,high_interaction,format,-0.01945860400459165
meta-llama/Llama-3.3-70B-Instruct,pb_t007_17,C,,1.0,low_interaction,format,-0.00036213475669566057
meta-llama/Llama-3.3-70B-Instruct,pb_t007_17,C_high_minus_low,,1.0,high_minus_low,format,-0.01909646924789599
meta-llama/Llama-3.3-70B-Instruct,pb_t007_19,C,,1.0,high_interaction,format,-0.01922303210380725
meta-llama/Llama-3.3-70B-Instruct,pb_t007_19,C,,1.0,low_interaction,format,-0.0006924217273582865
meta-llama/Llama-3.3-70B-Instruct,pb_t007_19,C_high_minus_low,,1.0,high_minus_low,format,-0.01853061037644896
meta-llama/Llama-3.3-70B-Instruct,pb_t008_09,C,,1.0,high_interaction,format,-0.021711381247166758
meta-llama/Llama-3.3-70B-Instruct,pb_t008_09,C,,1.0,low_interaction,format,3.2287888432011896e-05
meta-llama/Llama-3.3-70B-Instruct,pb_t008_09,C_high_minus_low,,1.0,high_minus_low,format,-0.02174366913559877
meta-llama/Llama-3.3-70B-Instruct,pb_t008_11,C,,1.0,high_interaction,format,-0.016787991737615044
meta-llama/Llama-3.3-70B-Instruct,pb_t008_11,C,,1.0,low_interaction,format,1.2332584219091316e-06
meta-llama/Llama-3.3-70B-Instruct,pb_t008_11,C_high_minus_low,,1.0,high_minus_low,format,-0.016789224996036953
meta-llama/Llama-3.3-70B-Instruct,pb_t008_16,C,,1.0,high_interaction,format,-0.018669091011559124
meta-llama/Llama-3.3-70B-Instruct,pb_t008_16,C,,1.0,low_interaction,format,7.29965498497068e-05
meta-llama/Llama-3.3-70B-Instruct,pb_t008_16,C_high_minus_low,,1.0,high_minus_low,format,-0.01874208756140883
meta-llama/Llama-3.3-70B-Instruct,pb_t008_17,C,,1.0,high_interaction,format,-0.01954573595308304
meta-llama/Llama-3.3-70B-Instruct,pb_t008_17,C,,1.0,low_interaction,format,-0.00011062661693810739
meta-llama/Llama-3.3-70B-Instruct,pb_t008_17,C_high_minus_low,,1.0,high_minus_low,format,-0.019435109336144934
meta-llama/Llama-3.3-70B-Instruct,pb_t008_20,C,,1.0,high_interaction,format,-0.01883627030486719
meta-llama/Llama-3.3-70B-Instruct,pb_t008_20,C,,1.0,low_interaction,format,-7.668224502697564e-06
meta-llama/Llama-3.3-70B-Instruct,pb_t008_20,C_high_minus_low,,1.0,high_minus_low,format,-0.018828602080364493
meta-llama/Llama-3.3-70B-Instruct,pb_t009_07,C,,1.0,high_interaction,format,-0.018408962161207635
meta-llama/Llama-3.3-70B-Instruct,pb_t009_07,C,,1.0,low_interaction,format,0.0004754223332274741
meta-llama/Llama-3.3-70B-Instruct,pb_t009_07,C_high_minus_low,,1.0,high_minus_low,format,-0.018884384494435108
meta-llama/Llama-3.3-70B-Instruct,pb_t009_12,C,,1.0,high_interaction,format,-0.018822423054419977
meta-llama/Llama-3.3-70B-Instruct,pb_t009_12,C,,1.0,low_interaction,format,2.0418308651172962e-05
meta-llama/Llama-3.3-70B-Instruct,pb_t009_12,C_high_minus_low,,1.0,high_minus_low,format,-0.01884284136307115
meta-llama/Llama-3.3-70B-Instruct,pb_t009_15,C,,1.0,high_interaction,format,-0.020653824953311428
meta-llama/Llama-3.3-70B-Instruct,pb_t009_15,C,,1.0,low_interaction,format,-1.3829995281582625e-05
meta-llama/Llama-3.3-70B-Instruct,pb_t009_15,C_high_minus_low,,1.0,high_minus_low,format,-0.020639994958029845
meta-llama/Llama-3.3-70B-Instruct,pb_t009_17,C,,1.0,high_interaction,format,-0.016407935143874473
meta-llama/Llama-3.3-70B-Instruct,pb_t009_17,C,,1.0,low_interaction,format,0.00018023260998042186
meta-llama/Llama-3.3-70B-Instruct,pb_t009_17,C_high_minus_low,,1.0,high_minus_low,format,-0.016588167753854896
meta-llama/Llama-3.3-70B-Instruct,pb_t009_19,C,,1.0,high_interaction,format,-0.018360698341017313
meta-llama/Llama-3.3-70B-Instruct,pb_t009_19,C,,1.0,low_interaction,format,-0.000257914622161742
meta-llama/Llama-3.3-70B-Instruct,pb_t009_19,C_high_minus_low,,1.0,high_minus_low,format,-0.01810278371885557
meta-llama/Llama-3.3-70B-Instruct,pb_t010_09,C,,1.0,high_interaction,format,-0.02012512685310849
meta-llama/Llama-3.3-70B-Instruct,pb_t010_09,C,,1.0,low_interaction,format,-0.0002214478507649891
meta-llama/Llama-3.3-70B-Instruct,pb_t010_09,C_high_minus_low,,1.0,high_minus_low,format,-0.0199036790023435
meta-llama/Llama-3.3-70B-Instruct,pb_t010_12,C,,1.0,high_interaction,format,-0.020154015150565058
meta-llama/Llama-3.3-70B-Instruct,pb_t010_12,C,,1.0,low_interaction,format,5.429308375336893e-05
meta-llama/Llama-3.3-70B-Instruct,pb_t010_12,C_high_minus_low,,1.0,high_minus_low,format,-0.020208308234318427
meta-llama/Llama-3.3-70B-Instruct,pb_t010_17,C,,1.0,high_interaction,format,-0.019703120675990556
meta-llama/Llama-3.3-70B-Instruct,pb_t010_17,C,,1.0,low_interaction,format,0.00013813942378236463
meta-llama/Llama-3.3-70B-Instruct,pb_t010_17,C_high_minus_low,,1.0,high_minus_low,format,-0.019841260099772922
meta-llama/Llama-3.3-70B-Instruct,pb_t010_19,C,,1.0,high_interaction,format,-0.02066558498214786
meta-llama/Llama-3.3-70B-Instruct,pb_t010_19,C,,1.0,low_interaction,format,-0.00012191475867196545
meta-llama/Llama-3.3-70B-Instruct,pb_t010_19,C_high_minus_low,,1.0,high_minus_low,format,-0.020543670223475894
meta-llama/Llama-3.3-70B-Instruct,pb_t010_20,C,,1.0,high_interaction,format,-0.02211121788825265
meta-llama/Llama-3.3-70B-Instruct,pb_t010_20,C,,1.0,low_interaction,format,-5.2414794337489675e-05
meta-llama/Llama-3.3-70B-Instruct,pb_t010_20,C_high_minus_low,,1.0,high_minus_low,format,-0.022058803093915162
meta-llama/Llama-3.3-70B-Instruct,pb_t016_09,C,,1.0,high_interaction,format,-0.01998971710711792
meta-llama/Llama-3.3-70B-Instruct,pb_t016_09,C,,1.0,low_interaction,format,0.0001156576123400791
meta-llama/Llama-3.3-70B-Instruct,pb_t016_09,C_high_minus_low,,1.0,high_minus_low,format,-0.020105374719458
meta-llama/Llama-3.3-70B-Instruct,pb_t016_10,C,,1.0,high_interaction,format,-0.01773333390378456
meta-llama/Llama-3.3-70B-Instruct,pb_t016_10,C,,1.0,low_interaction,format,-0.0004177266929363445
meta-llama/Llama-3.3-70B-Instruct,pb_t016_10,C_high_minus_low,,1.0,high_minus_low,format,-0.017315607210848218
meta-llama/Llama-3.3-70B-Instruct,pb_t016_12,C,,1.0,high_interaction,format,-0.01643695686451244
meta-llama/Llama-3.3-70B-Instruct,pb_t016_12,C,,1.0,low_interaction,format,-0.00010088924494043988
meta-llama/Llama-3.3-70B-Instruct,pb_t016_12,C_high_minus_low,,1.0,high_minus_low,format,-0.016336067619572
meta-llama/Llama-3.3-70B-Instruct,pb_t016_17,C,,1.0,high_interaction,format,-0.016041447933376748
meta-llama/Llama-3.3-70B-Instruct,pb_t016_17,C,,1.0,low_interaction,format,-0.0003640314832909541
meta-llama/Llama-3.3-70B-Instruct,pb_t016_17,C_high_minus_low,,1.0,high_minus_low,format,-0.015677416450085795
meta-llama/Llama-3.3-70B-Instruct,pb_t016_20,C,,1.0,high_interaction,format,-0.018225727322962643
meta-llama/Llama-3.3-70B-Instruct,pb_t016_20,C,,1.0,low_interaction,format,0.00013903056653622305
meta-llama/Llama-3.3-70B-Instruct,pb_t016_20,C_high_minus_low,,1.0,high_minus_low,format,-0.018364757889498866
meta-llama/Llama-3.3-70B-Instruct,pb_t018_08,C,,1.0,high_interaction,format,-0.022566938105523463
meta-llama/Llama-3.3-70B-Instruct,pb_t018_08,C,,1.0,low_interaction,format,3.45743612536654e-05
meta-llama/Llama-3.3-70B-Instruct,pb_t018_08,C_high_minus_low,,1.0,high_minus_low,format,-0.022601512466777128
meta-llama/Llama-3.3-70B-Instruct,pb_t018_10,C,,1.0,high_interaction,format,-0.01896474176266481
meta-llama/Llama-3.3-70B-Instruct,pb_t018_10,C,,1.0,low_interaction,format,-0.00018711772158818134
meta-llama/Llama-3.3-70B-Instruct,pb_t018_10,C_high_minus_low,,1.0,high_minus_low,format,-0.018777624041076628
meta-llama/Llama-3.3-70B-Instruct,pb_t018_11,C,,1.0,high_interaction,format,-0.018225796150157656
meta-llama/Llama-3.3-70B-Instruct,pb_t018_11,C,,1.0,low_interaction,format,-0.00022379352693535312
meta-llama/Llama-3.3-70B-Instruct,pb_t018_11,C_high_minus_low,,1.0,high_minus_low,format,-0.018002002623222303
meta-llama/Llama-3.3-70B-Instruct,pb_t018_14,C,,1.0,high_interaction,format,-0.01990194393952106
meta-llama/Llama-3.3-70B-Instruct,pb_t018_14,C,,1.0,low_interaction,format,0.0005006621338939085
meta-llama/Llama-3.3-70B-Instruct,pb_t018_14,C_high_minus_low,,1.0,high_minus_low,format,-0.02040260607341497
meta-llama/Llama-3.3-70B-Instruct,pb_t018_18,C,,1.0,high_interaction,format,-0.019524797867825874
meta-llama/Llama-3.3-70B-Instruct,pb_t018_18,C,,1.0,low_interaction,format,0.00020953900799068454
meta-llama/Llama-3.3-70B-Instruct,pb_t018_18,C_high_minus_low,,1.0,high_minus_low,format,-0.01973433687581656
meta-llama/Llama-3.3-70B-Instruct,pb_t023_09,C,,1.0,high_interaction,format,-0.017324460039000508
meta-llama/Llama-3.3-70B-Instruct,pb_t023_09,C,,1.0,low_interaction,format,-0.0002025007288616051
meta-llama/Llama-3.3-70B-Instruct,pb_t023_09,C_high_minus_low,,1.0,high_minus_low,format,-0.017121959310138903
meta-llama/Llama-3.3-70B-Instruct,pb_t023_12,C,,1.0,high_interaction,format,-0.018357198853530387
meta-llama/Llama-3.3-70B-Instruct,pb_t023_12,C,,1.0,low_interaction,format,0.00012383863909973803
meta-llama/Llama-3.3-70B-Instruct,pb_t023_12,C_high_minus_low,,1.0,high_minus_low,format,-0.018481037492630126
meta-llama/Llama-3.3-70B-Instruct,pb_t023_13,C,,1.0,high_interaction,format,-0.020982439204929444
meta-llama/Llama-3.3-70B-Instruct,pb_t023_13,C,,1.0,low_interaction,format,-0.0001765867154155348
meta-llama/Llama-3.3-70B-Instruct,pb_t023_13,C_high_minus_low,,1.0,high_minus_low,format,-0.020805852489513908
meta-llama/Llama-3.3-70B-Instruct,pb_t023_17,C,,1.0,high_interaction,format,-0.01689925932322189
meta-llama/Llama-3.3-70B-Instruct,pb_t023_17,C,,1.0,low_interaction,format,-0.00025352136683627586
meta-llama/Llama-3.3-70B-Instruct,pb_t023_17,C_high_minus_low,,1.0,high_minus_low,format,-0.016645737956385614
meta-llama/Llama-3.3-70B-Instruct,pb_t023_20,C,,1.0,high_interaction,format,-0.017849170735930914
meta-llama/Llama-3.3-70B-Instruct,pb_t023_20,C,,1.0,low_interaction,format,-2.814739988094165e-05
meta-llama/Llama-3.3-70B-Instruct,pb_t023_20,C_high_minus_low,,1.0,high_minus_low,format,-0.017821023336049974
meta-llama/Llama-3.3-70B-Instruct,pb_t029_07,C,,1.0,high_interaction,format,-0.021092654754131895
meta-llama/Llama-3.3-70B-Instruct,pb_t029_07,C,,1.0,low_interaction,format,6.574094391366277e-05
meta-llama/Llama-3.3-70B-Instruct,pb_t029_07,C_high_minus_low,,1.0,high_minus_low,format,-0.02115839569804556
meta-llama/Llama-3.3-70B-Instruct,pb_t029_09,C,,1.0,high_interaction,format,-0.019420238448536346
meta-llama/Llama-3.3-70B-Instruct,pb_t029_09,C,,1.0,low_interaction,format,-0.0003177851556283786
meta-llama/Llama-3.3-70B-Instruct,pb_t029_09,C_high_minus_low,,1.0,high_minus_low,format,-0.019102453292907967
meta-llama/Llama-3.3-70B-Instruct,pb_t029_10,C,,1.0,high_interaction,format,-0.018249267778048597
meta-llama/Llama-3.3-70B-Instruct,pb_t029_10,C,,1.0,low_interaction,format,-0.0004945199782212808
meta-llama/Llama-3.3-70B-Instruct,pb_t029_10,C_high_minus_low,,1.0,high_minus_low,format,-0.017754747799827317
meta-llama/Llama-3.3-70B-Instruct,pb_t029_11,C,,1.0,high_interaction,format,-0.018627176454457255
meta-llama/Llama-3.3-70B-Instruct,pb_t029_11,C,,1.0,low_interaction,format,-6.097301415240473e-05
meta-llama/Llama-3.3-70B-Instruct,pb_t029_11,C_high_minus_low,,1.0,high_minus_low,format,-0.01856620344030485
meta-llama/Llama-3.3-70B-Instruct,pb_t029_12,C,,1.0,high_interaction,format,-0.018991536468540512
meta-llama/Llama-3.3-70B-Instruct,pb_t029_12,C,,1.0,low_interaction,format,-0.00016535037917959612
meta-llama/Llama-3.3-70B-Instruct,pb_t029_12,C_high_minus_low,,1.0,high_minus_low,format,-0.018826186089360916
meta-llama/Llama-3.3-70B-Instruct,pb_t031_06,C,,1.0,high_interaction,format,-0.017298999831714748
meta-llama/Llama-3.3-70B-Instruct,pb_t031_06,C,,1.0,low_interaction,format,-0.00019352408147826168
meta-llama/Llama-3.3-70B-Instruct,pb_t031_06,C_high_minus_low,,1.0,high_minus_low,format,-0.017105475750236486
meta-llama/Llama-3.3-70B-Instruct,pb_t031_09,C,,1.0,high_interaction,format,-0.018753947592986698
meta-llama/Llama-3.3-70B-Instruct,pb_t031_09,C,,1.0,low_interaction,format,0.0003437974367122416
meta-llama/Llama-3.3-70B-Instruct,pb_t031_09,C_high_minus_low,,1.0,high_minus_low,format,-0.01909774502969894
meta-llama/Llama-3.3-70B-Instruct,pb_t031_12,C,,1.0,high_interaction,format,-0.02127242544537954
meta-llama/Llama-3.3-70B-Instruct,pb_t031_12,C,,1.0,low_interaction,format,0.0005049624222407244
meta-llama/Llama-3.3-70B-Instruct,pb_t031_12,C_high_minus_low,,1.0,high_minus_low,format,-0.021777387867620263
meta-llama/Llama-3.3-70B-Instruct,pb_t031_13,C,,1.0,high_interaction,format,-0.018622386556403327
meta-llama/Llama-3.3-70B-Instruct,pb_t031_13,C,,1.0,low_interaction,format,0.00041567770253372486
meta-llama/Llama-3.3-70B-Instruct,pb_t031_13,C_high_minus_low,,1.0,high_minus_low,format,-0.019038064258937053
meta-llama/Llama-3.3-70B-Instruct,pb_t031_16,C,,1.0,high_interaction,format,-0.019532713805786594
meta-llama/Llama-3.3-70B-Instruct,pb_t031_16,C,,1.0,low_interaction,format,9.447419304270558e-05
meta-llama/Llama-3.3-70B-Instruct,pb_t031_16,C_high_minus_low,,1.0,high_minus_low,format,-0.019627187998829298
meta-llama/Llama-3.3-70B-Instruct,pb_t032_08,C,,1.0,high_interaction,format,-0.019820731905994978
meta-llama/Llama-3.3-70B-Instruct,pb_t032_08,C,,1.0,low_interaction,format,3.2728119340567074e-05
meta-llama/Llama-3.3-70B-Instruct,pb_t032_08,C_high_minus_low,,1.0,high_minus_low,format,-0.019853460025335546
meta-llama/Llama-3.3-70B-Instruct,pb_t032_09,C,,1.0,high_interaction,format,-0.018348431515803353
meta-llama/Llama-3.3-70B-Instruct,pb_t032_09,C,,1.0,low_interaction,format,-1.0645859439108773e-05
meta-llama/Llama-3.3-70B-Instruct,pb_t032_09,C_high_minus_low,,1.0,high_minus_low,format,-0.018337785656364243
meta-llama/Llama-3.3-70B-Instruct,pb_t032_13,C,,1.0,high_interaction,format,-0.019575884929917003
meta-llama/Llama-3.3-70B-Instruct,pb_t032_13,C,,1.0,low_interaction,format,9.122964292479687e-05
meta-llama/Llama-3.3-70B-Instruct,pb_t032_13,C_high_minus_low,,1.0,high_minus_low,format,-0.0196671145728418
meta-llama/Llama-3.3-70B-Instruct,pb_t032_15,C,,1.0,high_interaction,format,-0.02044622816818688
meta-llama/Llama-3.3-70B-Instruct,pb_t032_15,C,,1.0,low_interaction,format,-1.98929855304829e-05
meta-llama/Llama-3.3-70B-Instruct,pb_t032_15,C_high_minus_low,,1.0,high_minus_low,format,-0.020426335182656397
meta-llama/Llama-3.3-70B-Instruct,pb_t032_16,C,,1.0,high_interaction,format,-0.020673088898255556
meta-llama/Llama-3.3-70B-Instruct,pb_t032_16,C,,1.0,low_interaction,format,-0.00011710600760966022
meta-llama/Llama-3.3-70B-Instruct,pb_t032_16,C_high_minus_low,,1.0,high_minus_low,format,-0.020555982890645894
meta-llama/Llama-3.3-70B-Instruct,pb_t035_06,C,,1.0,high_interaction,format,-0.017172159973337386
meta-llama/Llama-3.3-70B-Instruct,pb_t035_06,C,,1.0,low_interaction,format,-0.00013671449554965732
meta-llama/Llama-3.3-70B-Instruct,pb_t035_06,C_high_minus_low,,1.0,high_minus_low,format,-0.01703544547778773
meta-llama/Llama-3.3-70B-Instruct,pb_t035_13,C,,1.0,high_interaction,format,-0.020121581160677537
meta-llama/Llama-3.3-70B-Instruct,pb_t035_13,C,,1.0,low_interaction,format,-0.0001151434239675024
meta-llama/Llama-3.3-70B-Instruct,pb_t035_13,C_high_minus_low,,1.0,high_minus_low,format,-0.020006437736710035
meta-llama/Llama-3.3-70B-Instruct,pb_t035_15,C,,1.0,high_interaction,format,-0.020425472599909993
meta-llama/Llama-3.3-70B-Instruct,pb_t035_15,C,,1.0,low_interaction,format,-9.723531468238101e-05
meta-llama/Llama-3.3-70B-Instruct,pb_t035_15,C_high_minus_low,,1.0,high_minus_low,format,-0.02032823728522761
meta-llama/Llama-3.3-70B-Instruct,pb_t035_20,C,,1.0,high_interaction,format,-0.02006584739572504
meta-llama/Llama-3.3-70B-Instruct,pb_t035_20,C,,1.0,low_interaction,format,-0.00010010848758938099
meta-llama/Llama-3.3-70B-Instruct,pb_t035_20,C_high_minus_low,,1.0,high_minus_low,format,-0.01996573890813566
meta-llama/Llama-3.3-70B-Instruct,pb_t035_22,C,,1.0,high_interaction,format,-0.019467356796571984
meta-llama/Llama-3.3-70B-Instruct,pb_t035_22,C,,1.0,low_interaction,format,-0.0001417794998782616
meta-llama/Llama-3.3-70B-Instruct,pb_t035_22,C_high_minus_low,,1.0,high_minus_low,format,-0.01932557729669372
meta-llama/Llama-3.3-70B-Instruct,pb_t040_08,C,,1.0,high_interaction,format,-0.018484434940230814
meta-llama/Llama-3.3-70B-Instruct,pb_t040_08,C,,1.0,low_interaction,format,-0.00018679633714093423
meta-llama/Llama-3.3-70B-Instruct,pb_t040_08,C_high_minus_low,,1.0,high_minus_low,format,-0.01829763860308988
meta-llama/Llama-3.3-70B-Instruct,pb_t040_10,C,,1.0,high_interaction,format,-0.021639652902288874
meta-llama/Llama-3.3-70B-Instruct,pb_t040_10,C,,1.0,low_interaction,format,-0.00020580831464666626
meta-llama/Llama-3.3-70B-Instruct,pb_t040_10,C_high_minus_low,,1.0,high_minus_low,format,-0.02143384458764221
meta-llama/Llama-3.3-70B-Instruct,pb_t040_13,C,,1.0,high_interaction,format,-0.02034585474669176
meta-llama/Llama-3.3-70B-Instruct,pb_t040_13,C,,1.0,low_interaction,format,0.0007914339853994923
meta-llama/Llama-3.3-70B-Instruct,pb_t040_13,C_high_minus_low,,1.0,high_minus_low,format,-0.021137288732091253
meta-llama/Llama-3.3-70B-Instruct,pb_t040_14,C,,1.0,high_interaction,format,-0.01679635009434836
meta-llama/Llama-3.3-70B-Instruct,pb_t040_14,C,,1.0,low_interaction,format,-0.0005766989397784117
meta-llama/Llama-3.3-70B-Instruct,pb_t040_14,C_high_minus_low,,1.0,high_minus_low,format,-0.01621965115456995
meta-llama/Llama-3.3-70B-Instruct,pb_t040_15,C,,1.0,high_interaction,format,-0.02149620226142369
meta-llama/Llama-3.3-70B-Instruct,pb_t040_15,C,,1.0,low_interaction,format,-7.648025773384071e-05
meta-llama/Llama-3.3-70B-Instruct,pb_t040_15,C_high_minus_low,,1.0,high_minus_low,format,-0.02141972200368985
